code,y,p_baseline,p_knn_25,support_knn_25,p_knn_50,support_knn_50,p_knn_100,support_knn_100,p_knn_200,support_knn_200,p_knn_400,support_knn_400,p_cbknn_10,support_cbknn_10,p_cbknn_25,support_cbknn_25,p_cbknn_50,support_cbknn_50,p_cbknn_100,support_cbknn_100
28010102990_B12,0,0.0364714533088014,0.15896649848548983,16.29400466918945,0.17933472866610536,16.56606258392334,0.21874949957772624,16.83569454193115,0.21424992783033142,17.097806949615478,0.2025175512963684,17.3613582611084,0.18400549085313905,16.31997060775757,0.1848097567772192,16.653382606506348,0.1854879270874061,16.915547466278078,0.18588738201286098,17.17949719429016
28010102990_D11,0,0.026528721387002286,0.3195271182594175,11.24466022491455,0.31996991717658413,11.46052366256714,0.3296745798690801,11.678913831710815,0.27577756419636845,11.904873933792114,0.23133184238001936,12.162867076396942,0.18844091431015486,11.196711778640747,0.18883094923524704,11.487249603271485,0.1887980654228912,11.705665998458862,0.18811393128577328,11.962384009361266
28010102990_D9,0,0.049350674771983176,0.205555199436474,14.163242645263672,0.14373103940367873,14.373573436737061,0.2307456424487993,14.59289306640625,0.20081999688734115,14.815236597061157,0.17339686143694924,15.077860391139984,0.19027717282846882,14.16948380470276,0.18842646849204797,14.441536083221436,0.18735352928637306,14.663688707351685,0.1862496727823261,14.93538004398346
28010105020_C3,0,0.001278490514293922,0.24091987445762789,10.686266098022461,0.20116946126441446,10.917613315582276,0.20068252447097237,11.163933868408202,0.18078071243371907,11.419288702011109,0.195189549439089,11.708535826206207,0.18785591615341035,10.679378747940063,0.1869721421858311,10.999875812530517,0.18630917717546908,11.257757291793823,0.185514246876912,11.534634623527527
28010201730_F9,0,0.0027222367154944166,0.039948839195783126,17.70505931854248,0.1120698708484714,19.076189556121825,0.1617197146812722,20.080697717666627,0.18959163825372485,20.717222571372986,0.1632935029409976,21.140772726535797,0.1470752815655515,18.239196920394896,0.15824987244000246,19.324647235870362,0.16971950618528853,20.171544027328494,0.17752236959142864,20.80336583614349
28010202660_A3,0,0.024587410278335522,0.31869090117001003,11.732076988220214,0.2406019545630645,11.99814800262451,0.27948414131421245,12.267119188308715,0.28937182707128306,12.52689655303955,0.2381079198914089,12.787403082847595,0.18735160227773232,11.7065185546875,0.187174477088511,12.052009258270264,0.18724868483751106,12.310431547164917,0.18739735555354528,12.57916672706604
28010205600_E3,0,0.00024620454936661066,0.11888787855325998,9.998941764831542,0.158969185838494,10.191163215637207,0.13968270038451427,10.404608840942382,0.1496919400205501,10.661570873260498,0.1816695291632343,10.949641420841218,0.1859231995646144,10.088581323623657,0.1848816674476019,10.320047931671143,0.1844550670260525,10.551694135665894,0.18413537909737487,10.801383347511292
28010305960_A5,0,0.002248058439624829,0.03772697573402954,14.59928867340088,0.11635449243304642,15.075551319122315,0.14692823750199904,15.539221534729004,0.20691628045486885,15.891582040786743,0.2060505824638401,16.209657883644105,0.17073908300291435,14.741205406188964,0.17663762429183247,15.274440422058106,0.18037223059944676,15.629470806121827,0.18313283115100054,15.979138259887696
28010309840_B3,0,0.004260837599667501,0.32288398855992523,14.382176895141601,0.24328940837867055,14.629132099151612,0.23195827597379617,14.867502117156983,0.24064572808011164,15.111282839775086,0.20091823617982058,15.384183864593506,0.19036808984411452,14.312987470626831,0.1889180561755314,14.676804637908937,0.1880271017145435,14.931523551940918,0.18680232165447797,15.207379426956177
28010312660_A10,0,0.0013645449594897026,0.11866171923421615,9.860275840759277,0.15857646848668153,10.077255764007568,0.1885838167995549,10.34609938621521,0.18919520586256292,10.634361634254455,0.18448390021534705,10.931842825412751,0.1842268188791065,9.931083059310913,0.18420049787380863,10.208439693450927,0.18415742502819596,10.463173532485962,0.1842096589884952,10.760813875198364
28010312830_A8,0,0.0006015648066135104,0.0,19.715218467712404,0.056466842511967485,20.702844829559325,0.10511867936326288,21.495926427841187,0.09799118715637421,22.026616196632386,0.1329660508145781,22.410964138507843,0.1496586040775392,20.081585264205934,0.16253367616111672,21.033054904937742,0.1711745725104445,21.6601610660553,0.17777691553745006,22.163293442726136
28010312830_A9,0,0.0021365010360479093,0.3168043515401281,17.48310386657715,0.31827728730718374,17.797888069152833,0.318858368098241,18.11808967590332,0.23170027181588546,18.433813161849976,0.22101314061849112,18.75829595565796,0.18502969444441147,17.408377361297607,0.1865900973002514,17.834490013122558,0.1868902346536364,18.16491174697876,0.18632318890348307,18.520278720855714
28010401850_B6,0,0.04477344470487057,0.23929603833872673,15.618180923461914,0.2790805902705107,15.803818130493164,0.24013064463306708,16.004897422790528,0.21057586392526328,16.23171772956848,0.19310449740406352,16.462857661247252,0.18745785052469768,15.60078959465027,0.1878661545684601,15.8480051612854,0.1874638888669474,16.068713436126707,0.18702590779652947,16.307803325653076
28010411300_C4,0,0.0021184196094960407,0.0,26.39528007507324,0.0726591523028278,27.66049873352051,0.17779277752801748,28.64605281829834,0.15988939189412454,29.300714721679686,0.18172204936854477,29.760809197425843,0.14361428554777533,26.996807670593263,0.1572124229283831,27.978046684265138,0.16789819020556251,28.773469905853272,0.17622456094684738,29.404618701934815
28010413780_B1,0,0.0065748762367358925,0.3992617668227909,16.69605667114258,0.3997551731116289,17.1498974609375,0.34220589327935846,17.590394344329834,0.26312354207890165,17.94897116661072,0.2348097729464141,18.27341103076935,0.18852361644673382,16.588661479949952,0.18850147919528812,17.164826469421385,0.18845276920376508,17.6186777305603,0.18787661147383003,18.006870880126954
28010505890_A10,0,0.005980478622036384,0.16942575903845725,18.50036231994629,0.24210799122734034,18.993956871032715,0.22123065360970678,19.395943450927735,0.19148869887071948,19.752688302993775,0.19073765320496733,20.078982887268065,0.1849813348401778,18.456705188751222,0.18437971770335265,19.079737739562987,0.18468673652840428,19.496670646667482,0.1849656640516077,19.85670593261719
28010510170_C10,0,0.0004923168172280461,0.11868127325912829,9.854943428039551,0.11930229123764953,10.141977691650391,0.1294033318143646,10.407368602752685,0.15917643104201135,10.658063015937806,0.1718984923903886,10.9230238199234,0.181363435748726,9.941207265853881,0.1830414123261896,10.273250904083252,0.18415233802013264,10.521678314208984,0.1844303403377177,10.78463089466095
28010510180_A2,0,0.16231110563289058,0.48495369085811274,13.972599029541016,0.4626722321136643,14.215773429870605,0.3631800183176345,14.438212690353394,0.29761194119896994,14.642491464614869,0.2250038433564003,14.863169558048249,0.19480515995097278,13.888971042633056,0.19257438201157182,14.21721450805664,0.19141614392178327,14.449726514816284,0.18990819259784,14.688099260330201
28010604540_C6,0,0.03377789892155255,0.2454023519513699,12.190185966491699,0.2427642821363638,12.380346775054932,0.172313186530368,12.552934875488281,0.20570585502578512,12.746268606185913,0.20053621582249787,12.973176667690277,0.19146345270360274,12.149692821502686,0.1895690993424983,12.43078748703003,0.1884564997657067,12.626913375854492,0.18741682701338136,12.827308869361877
28010809230_B6,0,0.05510712915431806,0.4812713633523286,11.053560333251953,0.3627500990751129,11.280677795410156,0.2140488704635442,11.533972826004028,0.21195240514600336,11.797094464302063,0.2012752257537198,12.094718954563142,0.1920397444262026,10.97562804222107,0.19035392862558603,11.327815418243409,0.18833987833166072,11.613142185211181,0.18682933562632598,11.900427656173706
28010809230_B7,0,0.015956667014626336,0.48723695290907226,10.697987060546875,0.3467520427797364,10.979061737060547,0.3039534489994741,11.266443319320679,0.263024035152732,11.56231454849243,0.21499147898489104,11.867467179298401,0.19648189686043543,10.593282079696655,0.19232273297763655,11.01231559753418,0.18990029093667754,11.305529632568359,0.18805658576521417,11.639794673919678
28010811270_E4,0,0.00935036655583154,0.2810727555360004,18.111524658203123,0.20193861696600246,18.32022590637207,0.22051800614242592,18.56037094116211,0.2055520235276811,18.803273401260377,0.21996259966057433,19.059565715789795,0.18904461431158337,18.08216037750244,0.18754732514547376,18.39910259246826,0.18695042041806584,18.632892360687258,0.1866496908765467,18.883276500701903
28010811340_E8,0,0.005477784164441271,0.1587560115902622,12.501709403991699,0.10011861633560604,12.65660566329956,0.11962059395171962,12.847462396621705,0.1494925024722077,13.068000831604003,0.16448505176818132,13.306524448394775,0.1856502913103652,12.578186988830566,0.18544925919006897,12.795054874420167,0.18526468058528164,12.974590311050415,0.18502730132666037,13.189641008377075
28010811340_E9,0,0.0018762831993926312,0.15776635066609654,10.373462677001953,0.13942190969578158,10.660988368988036,0.18874878071469475,10.943209505081176,0.19915127503599842,11.19794855594635,0.20204024050436667,11.464181957244874,0.18314171633981777,10.465890550613402,0.18381288338985752,10.760700035095216,0.1848943453925416,11.022158956527711,0.18543934952824095,11.288853754997254
28010904980_C10,0,0.016255051265308535,0.39821980339097596,12.984120292663574,0.3404666758829379,13.186990737915039,0.24195300753044688,13.393632497787475,0.23613558811665306,13.603033514022828,0.23554306598006192,13.819129977226257,0.18916877259896883,12.938764524459838,0.18952208523521463,13.209784393310546,0.18882901040543165,13.43438735961914,0.18831789181630518,13.658642234802247
28010910430_C6,0,0.028844991205825492,0.0,10.663365898132325,0.03905188083110269,10.96367431640625,0.06907678349410634,11.314386796951293,0.1034904674859491,11.712926487922669,0.16521112794846443,12.081222043037414,0.1771809708313051,11.001389217376708,0.17729188593147985,11.314884967803955,0.17857844225503391,11.572250852584839,0.18030327781945232,11.876099648475646
28010913110_A2,0,0.0010749664101481278,0.19923046475535533,7.6013780784606935,0.12070330333046037,7.778436889648438,0.14987742155431236,7.975328750610352,0.18940176642265324,8.23670114994049,0.19223137093831838,8.54308622121811,0.18663877901009443,7.649096417427063,0.1860358277148224,7.893815269470215,0.18546732011511347,8.10130277633667,0.18447910302465692,8.364969630241394
28011005160_B7,0,0.027063633909707584,0.28171142316296177,8.791837120056153,0.3794638537982959,8.959397563934326,0.3207950840230026,9.146473903656005,0.3056009500860439,9.366090903282165,0.23648651141304025,9.628142356872559,0.19013242497344127,8.758962917327882,0.18992069675398515,8.96901870727539,0.18949646239719645,9.171572847366333,0.18841912791215992,9.422470779418944
28011106890_C8,0,0.00034112199314725796,0.03976798918739125,11.323540306091308,0.13757876846637934,11.59878870010376,0.14856877253439557,11.846860628128052,0.17883222996302803,12.090717201232911,0.1991418618147612,12.352821140289306,0.1808382757366463,11.42554178237915,0.18326368807214757,11.708369235992432,0.18450747688706107,11.948411188125611,0.18499665462961606,12.19002034664154
28011503430_C10,0,0.007612866585565585,0.11825099234338532,10.553982772827148,0.17861984656579594,10.726362228393555,0.18913674044372866,10.925617008209228,0.19452320681522203,11.135752968788147,0.22417203945447167,11.395219957828521,0.1858769333322097,10.600753736495971,0.18608335729851944,10.80479633331299,0.18628480135063216,11.006556425094605,0.18611020465708047,11.230592455863952
28011503430_D10,0,0.002820773925317672,0.11863745192228023,10.911499214172363,0.15927242124708235,11.12713758468628,0.17910220879626682,11.374124879837035,0.17463737274492666,11.61414580821991,0.17487441195949363,11.876223764419557,0.1850644298632599,10.981662893295288,0.1848408146301238,11.237172565460206,0.18533238768847596,11.468398027420044,0.18510638403774793,11.734776692390442
28011503680_D11,0,0.007258643787557508,0.20179160461285187,11.46208667755127,0.2204997515700152,11.732544918060302,0.17108965014615085,12.013665256500245,0.1756251412981837,12.268982434272766,0.20462450225133388,12.541001784801484,0.18705556619294303,11.466531705856323,0.18586372095508463,11.83721263885498,0.18576580729130374,12.101255464553834,0.18566727316456186,12.377675628662109
28011509420_F7,0,0.029464060279667338,0.11771612057447912,17.024407081604004,0.1769686191039487,17.400294933319092,0.18822673641441096,17.747028093338013,0.19423651504455708,18.052917113304137,0.18980454822824142,18.334296844005586,0.1790071284152276,17.102661848068237,0.181587535829229,17.508869571685793,0.18356143468382885,17.831586256027222,0.18470194070756457,18.1445605134964
28011509420_F8,0,0.030466401918116576,0.19828046780852315,14.24689540863037,0.2580325720470196,14.50036003112793,0.31764020380475655,14.791756401062012,0.27483035067714806,15.089420714378356,0.26516910277978567,15.380515539646149,0.1854249996476111,14.25046286582947,0.18583904427656953,14.555238952636719,0.18658798518634775,14.83064682006836,0.18702466813033142,15.133791770935058
28011511860_C11,0,0.010489950589610735,0.2401237394186387,11.715577812194825,0.2992781547143321,11.921196308135986,0.24069094396996324,12.12843867301941,0.24037128517580017,12.342875399589538,0.22049842641776907,12.594056050777436,0.1879926883199361,11.69980082511902,0.1881807478182008,11.951990203857422,0.18805166780954202,12.176359815597534,0.18730104100036893,12.419134345054626
28011513230_B9,0,0.006992228556584293,0.3186099907577014,11.767473106384278,0.2995566344192349,11.899987201690674,0.2702416192424757,12.063750162124634,0.250494391661253,12.282037887573242,0.23793699940372015,12.538357758522034,0.18884230681799205,11.738617038726806,0.1892501545953786,11.925821819305419,0.188385362616048,12.109362707138061,0.18761652771016363,12.35004741191864
28011513930_E10,0,0.05233519127880077,0.11951789649659475,13.078053436279298,0.15946321010915945,13.30965072631836,0.15961355462434118,13.529308042526246,0.17465768759310824,13.755878496170045,0.18227490040518676,13.989472451210021,0.18425149101200314,13.105154180526734,0.18518016735400247,13.401708507537842,0.18573087011350983,13.623795709609986,0.18584255826096124,13.848860416412354
28011513930_E6,0,0.04696398354115107,0.2791314494019515,10.09608154296875,0.22072751347666533,10.30691167831421,0.24989990343783502,10.5313733959198,0.2105967720864733,10.738341913223266,0.2224180713833505,10.990752105712891,0.18793819197354827,10.073631954193115,0.18755455994160136,10.357617588043212,0.1875973624121344,10.582393035888671,0.1869601292046049,10.8295419216156
28011513950_F2,0,0.0901613736021316,0.3224266457921661,9.005642776489259,0.24275506258065604,9.214283752441407,0.23140275926441747,9.423827819824218,0.22573355915294088,9.666478815078735,0.20574239251870674,9.938143026828765,0.19049809884637184,8.949097299575806,0.18902331463827,9.26289659500122,0.1878888883941841,9.499268608093262,0.18681751280209208,9.754897713661194
28011601630_E1,1,0.08771513899258963,0.1584412339010117,15.189471740722656,0.2565092755754861,15.522974529266357,0.17976964103778453,15.76607201576233,0.19960779451420557,15.983070225715638,0.21229777922283963,16.210754902362822,0.1801363153383568,15.12604479789734,0.18470483362570506,15.567338523864745,0.1862758852624075,15.831058006286622,0.18664900632931594,16.053252186775207
28011601630_E4,1,0.008341528904297709,0.2772839143334965,13.203338470458984,0.23956295060065705,13.518404922485352,0.2301581335361593,13.823663530349732,0.23968862499344595,14.1062664270401,0.23744225473320155,14.390307371616364,0.18558920919611313,13.198410892486573,0.18537378456617767,13.571358966827393,0.1860805042993736,13.889496326446533,0.18641520455707755,14.175385389328003
28011608910_F3,0,0.08067908426800643,0.23788603035751665,12.468832168579102,0.17981478285921812,12.694014492034912,0.18946056153128335,12.923513946533204,0.17497087323741073,13.15833676815033,0.18728396713343307,13.405841073989869,0.18533714251461444,12.46829252243042,0.18570290916041157,12.791088676452636,0.18588242200928168,13.014934844970703,0.18574749880346214,13.26199239730835
28011610930_E11,0,0.002413933761766127,0.15790057880004657,10.068048286437989,0.17834494953495317,10.254971408843994,0.19888917578603788,10.445503540039063,0.22398225658910892,10.652499346733093,0.20980127219017702,10.898666808605194,0.18481091283356701,10.097548961639404,0.1861361797091356,10.331178455352784,0.18655262646280754,10.513252782821656,0.18632000900187973,10.73743344306946
28011612740_D6,0,0.0028928711997272994,0.20001116959919174,13.389958992004395,0.14144429620024518,13.70322790145874,0.1700830418644939,14.018064670562744,0.14564369381451409,14.349912600517273,0.14771256321216467,14.68486743927002,0.1839610090337582,13.424881124496459,0.18347339321841863,13.84122714996338,0.18303349014876782,14.18738501548767,0.1826164181724616,14.528625383377076
28011707170_F9,0,0.0026335704741913845,0.2436290003595825,7.933841037750244,0.16308406547707338,8.140237970352173,0.14199274620660773,8.34779724597931,0.17033156534526644,8.56920746564865,0.18981675289407104,8.840435973405839,0.1902027871488054,7.941831374168396,0.18750287828514547,8.240946989059449,0.18663270916622868,8.46120663166046,0.1855380818052045,8.702319118976593
28011802980_C3,0,0.0005377205867389961,0.11778621235983647,10.440091934204101,0.11923206744781495,10.731451587677002,0.10029069350844248,11.064070568084716,0.13421267635218376,11.373221082687378,0.16396577754289593,11.70188891172409,0.18060076616407605,10.538678884506226,0.18094751328493047,10.942957592010497,0.18186960565236604,11.229995641708374,0.18258544635601737,11.539923071861267
28011909270_B10,0,0.14640128295976343,0.07777467005043498,11.1538236618042,0.19644901567098666,11.45664577484131,0.2082363509679967,11.726993513107299,0.1990023486706302,11.98721134185791,0.19700584780240585,12.252995080947876,0.1794258963877415,11.156626844406128,0.1834367563365529,11.529278049468996,0.18467571170488045,11.811280307769776,0.18526121487156688,12.083684182167053
28011909830_F4,0,0.0018727050863522217,0.19894251064823368,11.139244041442872,0.17955243713099758,11.364460124969483,0.16991861690844903,11.595511865615844,0.1504005073001173,11.833653373718262,0.15263623950885977,12.091405248641967,0.18532165940699444,11.155531978607177,0.18566228989759304,11.46229127883911,0.18523956141443274,11.711522989273071,0.18467443744532322,11.983094868659974
28011909830_F5,0,0.004246149111794198,0.11974027755042224,13.364368362426758,0.19836483990154102,13.593119239807129,0.15983958951811617,13.83078495979309,0.15498062024533374,14.083315391540527,0.14511295617916467,14.344748916625976,0.1847027827363624,13.403835773468018,0.1848530245551358,13.706181907653809,0.18471379025892312,13.957776212692261,0.18445146974957646,14.22555959224701
28011910160_D12,0,0.0026438019227045147,0.28160585406826855,8.972249870300294,0.2612128916862093,9.148945903778076,0.20131920200744519,9.348530750274659,0.19592151825009652,9.571873087882995,0.22233747407218118,9.84475747346878,0.18981749791418834,8.930835914611816,0.1885930663049888,9.209253978729247,0.18757036364111054,9.42813373565674,0.18657659779462138,9.670331811904907
28012004610_C7,0,0.054919498763642216,0.24102897754741315,12.886238822937012,0.2402739162815025,13.144642353057861,0.19113278234502157,13.393404712677002,0.18570801773070197,13.66249162197113,0.18048812738669623,13.956607737541198,0.1871579205257949,12.86535348892212,0.18672609468161533,13.21999216079712,0.18608058055773535,13.495862369537353,0.18537493854765852,13.7815105342865
28012103010_E5,0,0.044367150069900246,0.32077177743079255,13.826543693542481,0.34005928931556584,14.026783905029298,0.32014061816706707,14.225886220932006,0.265755685775301,14.438664956092834,0.26545884851309914,14.675182867050172,0.18934309627667215,13.77213397026062,0.1893818200164042,14.048716411590576,0.18896041696357033,14.259340810775758,0.18846068300283808,14.483137707710267
28012205590_C3,0,0.0038035919926036384,0.2825526624661522,17.2041104888916,0.2620090305726488,17.532660484313965,0.2903538570634069,17.8015922164917,0.28046430338445216,18.059559202194215,0.26554158676589695,18.330650987625123,0.18813867970866963,17.148030090332032,0.18794981600816074,17.56598587036133,0.18811561127557305,17.836003952026367,0.18790241193366436,18.107139167785647
28012205610_C5,0,0.05026553395754107,0.24453236534475553,11.655996589660644,0.2808124368723125,11.961571063995361,0.28051797649110055,12.234434576034547,0.2655629608875168,12.52424698829651,0.2483445208349949,12.832832860946656,0.1892249685965541,11.646076869964599,0.18796534844369853,11.999227008819581,0.18759746888803674,12.28689691543579,0.18710723398008194,12.581529388427734
28012206170_E3,0,0.013595960275379572,0.04282634567482051,13.965515441894532,0.06074351866331106,14.801039905548096,0.0794328180142576,15.421227359771729,0.14267428304897364,15.848781032562256,0.18530136693482785,16.174965229034424,0.16408425950992395,14.390843009948732,0.1702010688767557,15.032800254821776,0.17688023604694433,15.546536197662352,0.18131731630386674,15.944821920394897
28012206250_E5,0,0.012075570025469119,0.32065071144754576,13.821531829833985,0.2416992266069381,14.048575763702393,0.2900921537203275,14.259767208099365,0.24074134657747243,14.47184720993042,0.20604034192861115,14.710710496902466,0.18864824920473344,13.752727651596068,0.188741306595758,14.084536876678467,0.18840102056198096,14.30061689376831,0.18764656907703017,14.545331001281738
28012209900_A1,0,0.0369799968752048,0.1583945568809564,9.624499244689941,0.19823212411307312,9.936222858428955,0.22862634398903592,10.224112482070923,0.27349570614599317,10.491429300308228,0.24254381484745577,10.775344769954682,0.18308873519457425,9.681484317779542,0.1843800905559923,10.006829223632813,0.1857707435961396,10.27184781074524,0.18645571113604495,10.54720530986786
28012304040_A7,0,0.006918405791672326,0.0,11.656130981445312,0.09436752964011266,12.33223461151123,0.07866812176942234,12.99616213798523,0.11261628684986075,13.53751338481903,0.1477195611359937,13.956077284812928,0.16359418214254542,12.077311563491822,0.1679101357399524,12.749709033966063,0.17285237065375178,13.228345441818238,0.17775435976740814,13.697518668174745
28012309730_A12,0,0.013720213286810742,0.11929321215702636,16.120693855285644,0.19768806469943964,16.40420099258423,0.20862494495744824,16.63943865776062,0.17494099736887098,16.85304361820221,0.20950459175099576,17.069808633327483,0.18167622921442067,16.127007150650023,0.1848004967486968,16.467500553131103,0.18595616746239707,16.706814699172973,0.18662453719701352,16.924493727684023
28012402400_B5,0,0.06647642037469209,0.32385097023575266,15.670729293823243,0.2821571802936788,15.870094585418702,0.3003442031815931,16.098361101150513,0.2709145636081682,16.35718635082245,0.24344524137687137,16.61790857553482,0.19171500263517324,15.632517766952514,0.1894198609728542,15.917053127288819,0.18846771964284892,16.1380136013031,0.18791701770675073,16.406680550575256
28012402430_B6,0,0.0020515706593036945,0.15943203659092559,14.655237464904785,0.23822556151359311,14.913808612823486,0.22909991633974033,15.129558353424072,0.24425926444473886,15.343262405395508,0.24459050243785346,15.56433895111084,0.18291049279902674,14.595159482955932,0.18607917908168867,14.962653617858887,0.1869822458958422,15.18326979637146,0.18728071510324856,15.395202040672302
28012603470_C2,0,0.010477130430197637,0.32198903038617016,17.054875259399413,0.3015021290949863,17.272363433837892,0.25138853560194213,17.501563796997072,0.26554687329865756,17.743226680755615,0.27997307350955714,18.00734483718872,0.18969448898296154,16.985040378570556,0.1890262886741414,17.313982696533202,0.18842804547450384,17.548710498809815,0.1878578136309486,17.79076887130737
28012608340_D9,0,0.00043007039456453676,0.0793719981816687,10.964552001953125,0.09895423339917327,11.279448051452636,0.08959431778953308,11.585667991638184,0.08978517600600618,11.887651920318604,0.11165602870469599,12.217337877750397,0.1784289217107332,11.104756021499634,0.17980494532546082,11.52979263305664,0.18017540219126288,11.839170322418212,0.1805615991294117,12.141560006141663
28012612620_G9,0,0.025632121099607524,0.16281051239100036,10.97313877105713,0.18126201533241726,11.169459400177002,0.23984183529433198,11.361487579345702,0.23009000996737383,11.562684812545776,0.2106040393836904,11.796491901874543,0.18882616079829284,10.995437288284302,0.18791161149918786,11.218582363128661,0.1878604522282534,11.413736858367919,0.18732269386307088,11.635533857345582
28012612620_A10,0,0.19321216137667446,0.5648934607846029,16.96625228881836,0.5442885861136966,17.51864616394043,0.4271417029543328,18.07097370147705,0.3225141771310879,18.556736478805544,0.25592994201180513,18.979799537658693,0.19733599807239643,16.80634641647339,0.1956072786274425,17.521385269165037,0.19310889270045575,18.081917819976805,0.19045008674516284,18.601421213150026
28012612620_A11,0,0.5664022698320189,0.6794625568052276,16.384758796691894,0.6422635348510687,16.898838443756105,0.5084088570112092,17.581030492782592,0.3610838936319871,18.20347119808197,0.29517170774127993,18.656764609813692,0.19737167338997158,16.28185887336731,0.1980743052172093,16.957097721099853,0.1966739738305782,17.581030492782595,0.1930630203907427,18.224622473716735
28012612620_A12,0,0.055201300295229946,0.5209483635614245,22.178771591186525,0.4052699307381105,22.78058795928955,0.4417458089689156,23.36678810119629,0.34016081005417864,23.90303949356079,0.2721735483986592,24.321428661346435,0.19277082615641017,22.001560401916507,0.1910130650721139,22.799173507690426,0.1904032885996814,23.374009857177732,0.18950311298224315,23.932454986572267
28012612630_G10,0,0.0727396521835009,0.405325085825329,12.773780784606934,0.36442107854827005,13.17372392654419,0.3229384917325614,13.545120124816895,0.2776625770676354,13.900945839881897,0.2445875802225328,14.224496579170227,0.1926928664586625,12.649845457077026,0.19044206275823752,13.197514572143554,0.18884842633050983,13.585551233291625,0.1879453324472029,13.953936648368835
28012612630_B1,0,0.642793334807006,0.5991507433536588,11.317028541564941,0.5612094870908981,11.872236957550049,0.4274246167039823,12.491926879882813,0.3420035680713047,13.003066401481629,0.2778741635278559,13.424676885604859,0.19391942395194306,11.187515687942504,0.1946781488252342,11.88336524963379,0.19303252453776543,12.500724306106566,0.19066852639174242,13.039479556083679
28012612630_B2,0,0.09016470418080827,0.6072600881926442,17.953768844604493,0.5661552059629076,18.5782958984375,0.4384964986645769,19.094191722869873,0.32797953433146915,19.518272914886474,0.2922859824602004,19.890224523544312,0.20021999439986315,17.821785259246827,0.19749337125744115,18.581132583618164,0.19458130649849517,19.09862169265747,0.19155461327186726,19.55539372444153
28012612630_B3,0,0.024692122370962008,0.48462850125354057,20.701970596313476,0.4628733398227608,21.256128234863283,0.44295055381721005,21.86816827774048,0.35101009855943804,22.49889977455139,0.27095934068828986,23.00769811630249,0.1938961478103467,20.56617612838745,0.1916868909227738,21.259821052551267,0.19080530546422575,21.879258708953856,0.18923946567042402,22.53465642929077
28012701910_E3,0,0.02094262746223169,0.1518288171331189,15.900882377624512,0.2908028740951967,16.390644512176515,0.26633954615525685,16.83343508720398,0.21468662379012923,17.171421780586243,0.19042685305666104,17.47547196149826,0.17314088315533557,15.855563879013062,0.17971742481237807,16.45138719558716,0.1833306531911923,16.88205853462219,0.1847427881229827,17.26045838832855
28012702220_E8,0,0.01076321012453763,0.3592261120140496,10.466288566589355,0.24153191046265335,10.699525299072265,0.2506469951307986,10.921355628967286,0.23070210103975788,11.159786219596862,0.20586510326621957,11.419709453582763,0.18841281941346485,10.40206413269043,0.18841498310489188,10.746610946655274,0.18783705051635952,10.980379695892333,0.18690677111070825,11.243561549186706
28012702220_E9,0,0.004752472054018431,0.28038752783105375,14.10190544128418,0.26058771517201484,14.425400199890136,0.211314437365422,14.692139034271241,0.22541721569224726,14.931135330200195,0.2081054178640641,15.179284648895264,0.18647015215973323,14.046127462387084,0.18679879150005152,14.465005435943603,0.18729779855875328,14.750525789260864,0.18701902303725604,15.004951853752136
28012702670_E11,0,0.14879814920653367,0.32098400365400953,13.937242279052734,0.37897217348066187,14.303004226684571,0.3894306421822821,14.62292715072632,0.32133571104272146,14.912595748901367,0.29368961681875355,15.19383661031723,0.18787617587255903,13.867785549163818,0.18830272786989372,14.315582160949706,0.18904240705383293,14.633897857666016,0.18892281709056993,14.944048142433166
28012703350_F7,0,0.06018653692977824,0.3224349204328232,15.138316650390625,0.3214019259225165,15.551122016906739,0.3207653016909633,15.911925201416016,0.3059079520434843,16.235325107574464,0.2761349199545095,16.54341483592987,0.18811784390568273,15.039447116851807,0.1877149820047896,15.579874763488771,0.18803014696830692,15.936576709747314,0.18801553224081705,16.27344537734985
28012703350_B5,0,0.012097246514265716,0.07853314994307506,14.398289337158204,0.11826754929482954,14.68352445602417,0.119232437544407,14.919388246536254,0.13438213400597612,15.163263268470764,0.16405834579537107,15.417869346141815,0.180676268851407,14.48626537322998,0.18279228243228918,14.808647670745849,0.18387721926492967,15.05979112625122,0.18437323454688415,15.28890193939209
28012704350_G9,0,0.03502552298881891,0.2848079679308572,12.902458992004394,0.20537099133740594,13.3820361328125,0.2611146379940139,13.774804067611694,0.21647121581942824,14.104001240730286,0.23288308184215376,14.39470307826996,0.18628290344043338,12.800827646255494,0.18602796683552295,13.450661678314209,0.1860855774101966,13.840433483123778,0.18654191072718104,14.170084600448607
28012904720_G12,0,0.0020406481174802906,0.162692287520182,12.208834457397462,0.161278178865536,12.48507719039917,0.1601955165314577,12.75034215927124,0.1649294195561413,13.038214077949524,0.17228128483670493,13.337873833179474,0.18554783965017174,12.241469860076904,0.1847171635842135,12.623466835021972,0.18448798655289753,12.89388786315918,0.18425720337670193,13.169225726127625
28012906070_A7,0,0.0017342993361966603,0.11948488619866442,9.312091369628906,0.21851167472474747,9.483769912719726,0.17972220050419682,9.666692914962768,0.2143053402059937,9.877600779533386,0.21459246535913304,10.12830946445465,0.18668635712628256,9.3464834690094,0.18660755104895066,9.554107666015625,0.18681113025970705,9.74994423866272,0.18628291658412674,9.966837882995605
28012906350_B1,0,0.004353028090388555,0.15998577701771396,13.924771385192871,0.19843335858971253,14.440392780303956,0.20898006708574693,14.837685604095459,0.21944690153569438,15.16447024345398,0.20996970196434994,15.454588980674744,0.1773735077649681,13.91016526222229,0.18140568192401418,14.524246139526367,0.1840002395290076,14.903582077026368,0.1852525633446843,15.236244993209839
28012909350_B8,0,0.08779888180750238,0.1199758303827576,10.558972396850585,0.15918573158184127,10.795601425170899,0.19893505013694918,11.039745635986328,0.23386667862100674,11.279807424545288,0.22227951105013952,11.554536211490632,0.18505384305194428,10.644453430175782,0.18520643832977915,10.882346553802492,0.18593666243629714,11.107043790817261,0.18602336329311636,11.35858320236206
28013005400_A9,0,0.014343341900623646,0.24083166437857947,10.002026100158691,0.2798392460755307,10.139226779937744,0.22087416985625924,10.326698970794677,0.2055637157804122,10.532619190216064,0.21026320347729896,10.78269543170929,0.1900399927249841,10.0007155418396,0.1886552024028245,10.187813510894776,0.18781378483440658,10.395102005004883,0.1869790517994838,10.621911907196044
28013005820_C12,0,0.0007381358482382384,0.0,17.120631446838377,0.07652158683305182,17.594103832244873,0.13630149633933117,18.032229261398314,0.2014077962690344,18.36752254009247,0.20561143423131914,18.64653524160385,0.1716764552464508,17.43311171531677,0.1762962493538848,17.81305948257446,0.18023565885117035,18.124810667037963,0.18339619748230765,18.44281056880951
28013008780_B3,0,0.04094156439967413,0.15872740662891835,9.428776245117188,0.27795144132204186,9.606921501159668,0.22989202848601745,9.822280139923096,0.2397476916242115,10.05803936958313,0.23011304010998557,10.331950476169586,0.18694218449557864,9.456434774398804,0.18711837153583563,9.654888172149658,0.1870802758089392,9.880902042388916,0.18671527050297987,10.135591950416565
28013008780_B5,0,0.00490506508952801,0.3214411946339344,13.745555305480957,0.32102286854829876,13.953759784698486,0.21249147022092815,14.17978458404541,0.20133692701562644,14.408608493804932,0.1909852807632656,14.660278520584107,0.18989329882027142,13.691052293777465,0.1890849347619971,13.994200325012207,0.1880524800256325,14.249378337860108,0.18703517859781374,14.502783417701721
28013009980_G5,1,0.05379473894137978,0.522267894558789,15.951198387145997,0.46237722739431336,16.205609302520752,0.4415442958987449,16.458489179611206,0.34746681222100134,16.709226756095887,0.2823617866883109,16.95229228258133,0.19357330252742122,15.866357946395873,0.19230848715263413,16.20690340042114,0.19150303672462687,16.46231011390686,0.1904721784234523,16.730891280174255
28013009980_A2,1,0.6349919238670256,0.6844366440991551,11.71147274017334,0.5274174252971255,12.085403804779054,0.46588330047084103,12.462014331817628,0.3655990862016808,12.848639979362488,0.3143480760098044,13.21645679473877,0.1992392392658894,11.643845987319946,0.1965547282892961,12.086242103576659,0.19408856232938268,12.46510437965393,0.19155182612064406,12.869503397941589
28013010330_B6,0,0.0024102545710464568,0.24052458534289156,13.038539772033692,0.3377541629098776,13.315673236846925,0.2612370782835463,13.61207260131836,0.2558059598379606,13.915225162506104,0.24807402465379955,14.207210597991944,0.1868309390028933,13.00673451423645,0.18733630368626306,13.343715705871581,0.18718170893994984,13.662133131027222,0.1871146947158676,13.97169888496399
28013010860_A4,0,0.0404990385390743,0.3173613909673513,13.423456840515136,0.3579816951357175,13.769148960113526,0.33958334167271964,14.113647623062134,0.3204081872159179,14.435701093673707,0.26658077541094966,14.772698545455933,0.18527821683043294,13.345752382278441,0.1871551606635283,13.792446346282958,0.18786214274060087,14.133251085281373,0.187757902324183,14.478207597732544
28013012980_F10,0,0.0016358266174200916,0.3156767938371391,13.680158729553222,0.2977246142129179,13.930960865020753,0.2594323335085685,14.161671495437622,0.2498217984132033,14.372712483406067,0.19812635026142053,14.591485764980316,0.1852220494624418,13.639223623275758,0.18681069802836017,13.96767957687378,0.18757914014944904,14.201255731582641,0.18732309420609675,14.443528966903687
28013102900_D1,0,0.004475623412110784,0.23926287483891084,14.719535751342773,0.3376508397290307,14.949559078216552,0.3093555147902494,15.173061599731446,0.2507415823657774,15.419284253120422,0.22598983214992063,15.687857251167298,0.18661307534377836,14.696805667877197,0.18782659871039697,14.970082035064697,0.18796204799137475,15.214154949188233,0.1874400657228611,15.479896783828735
28013102900_D2,0,0.003111237871882067,0.20141557740962074,10.937405128479003,0.220585903742083,11.102657012939453,0.17092267303332892,11.2978316116333,0.18026487426103677,11.515874495506287,0.15074809773473727,11.76896830558777,0.18903388911373956,10.927303647994995,0.1875477637119058,11.185957832336426,0.1867354819081472,11.399771862030029,0.18549331716954423,11.651850953102112
28013106160_D7,0,0.0029003336270656166,0.5226551470567321,10.967413330078125,0.42296657004877797,11.213974533081055,0.3329149737613771,11.426638994216919,0.2824077129409179,11.636794714927673,0.2491428631787785,11.8674405503273,0.19391834419615617,10.89119372367859,0.19209656005887654,11.217701015472413,0.190950757186163,11.44497091293335,0.1895088791141719,11.683603944778444
28013109040_D12,0,0.0016717228675581868,0.11924618718409959,10.244022674560547,0.13935408004605293,10.49001932144165,0.1295744850927558,10.717849225997925,0.18406628425639582,10.94640516281128,0.18207174900297163,11.205366406440735,0.18293302973556796,10.306536293029785,0.18444154779129346,10.601127796173095,0.18524006931851417,10.820236482620238,0.18506400202224846,11.06288866519928
28013109040_E1,0,0.008731771756344438,0.4814624596484039,12.062618637084961,0.4612787415112528,12.316913604736328,0.39204981009972095,12.599288892745971,0.3620958347961367,12.886006150245667,0.2825654749987418,13.164468066692352,0.19231157798116458,11.976999616622926,0.19162168390412096,12.321052761077881,0.1907907164141336,12.605705947875975,0.1901207090785353,12.907042593955993
28020104360_G3,0,0.005431839203546023,0.11680115099797003,13.513227233886719,0.09919080105032632,13.994628810882569,0.11905540844931782,14.444889259338378,0.17802121192255863,14.82358389377594,0.1961525118874433,15.14204781293869,0.1743975577302522,13.691329669952392,0.1773573113238494,14.201359901428223,0.1803834181205988,14.56793475151062,0.18283134160658224,14.915202579498292
28020104550_G4,0,0.0013135505714581925,0.28447533776104855,8.451747131347656,0.3209528743881424,8.648487434387206,0.22199719134303675,8.8583323097229,0.18644468820301513,9.074714217185974,0.20778845884291453,9.324285762310028,0.1914116762967986,8.4167818069458,0.18938431694256525,8.695185623168946,0.18806176695020133,8.93753586769104,0.18706302671106217,9.173249621391296
28020107750_F3,0,0.011927598061976316,0.358269294455102,15.625460815429687,0.26234673332058245,15.981367683410644,0.21237246114749553,16.332178230285646,0.23066883793616327,16.660333337783815,0.2108190488599939,16.957701878547667,0.1877778248094885,15.568977022171019,0.18641852158483696,16.061882629394532,0.18613070645303467,16.411618785858153,0.18607928341762048,16.738294143676757
28020111030_C7,0,0.0007717068944226338,0.07982159919803275,7.92367805480957,0.15840644961478523,8.175554523468017,0.18866331360584634,8.425355405807496,0.1944569828167874,8.691888194084168,0.18751368259453455,8.99066831588745,0.1830745935227609,7.992297983169555,0.18440058713701446,8.270497035980224,0.18499088847610584,8.519878959655763,0.18468781063095221,8.810305061340332
28020112140_F8,0,0.19139787975456085,0.7219616099318426,19.76819755554199,0.6827338645512293,20.38990711212158,0.6068684012665394,21.18402542114258,0.40552956948715313,21.966752405166627,0.3044226212131278,22.522745380401613,0.20070268404803882,19.742223548889157,0.2018646976743374,20.476626205444337,0.2011431137274109,21.207987232208254,0.19620129421499843,21.98042223930359
28020112140_G3,0,0.21018112613227496,0.44856716996923696,17.207666206359864,0.5587936164947187,17.82288969039917,0.5306535610721177,18.388432664871218,0.38081780324969305,18.882679209709167,0.31232879741305114,19.2823495221138,0.19542566733348313,17.051007127761842,0.19321345940705398,17.827691440582274,0.1929968603611141,18.388915147781372,0.19145556797519422,18.900402417182924
28020112140_G4,0,0.37194803249811337,0.15340437945378738,27.310291900634766,0.2899374894342153,27.950522956848143,0.35168280252139206,28.58309186935425,0.3318411957907366,29.111742334365843,0.2849961289340172,29.52767493724823,0.17180355441192824,27.318538856506347,0.17719895653804382,28.04181667327881,0.18142639640257613,28.612024536132814,0.18466034867319397,29.13627862930298
28020203520_A8,0,0.0006703632222217464,0.27690015680644625,12.939515571594239,0.258892057418142,13.124706802368165,0.22980367321337478,13.323157691955567,0.2151542097142604,13.54040370464325,0.21759207583039883,13.781531357765198,0.18667056335786997,12.921291732788085,0.1873903958087617,13.173667201995851,0.1873596745323204,13.38736596107483,0.186989640836375,13.615545287132264
28020301940_G5,0,0.015331807852076742,0.03925297400873626,9.82493927001953,0.07856193776850633,10.106705989837646,0.06946897294640365,10.385009889602662,0.10408650590948657,10.646009650230408,0.16081726423424558,10.91506447315216,0.17933849609239239,10.046227407455444,0.18077994276971432,10.318931465148925,0.18218780261250908,10.553624277114867,0.183060447037265,10.804487442970277
28020403780_D6,0,0.0006406028980801144,0.07906708909570752,13.261586418151856,0.08002742154799058,13.619454479217529,0.0897050480911118,14.0012601852417,0.15330338944291727,14.330860862731933,0.17122909868174488,14.64230155467987,0.17688182142081696,13.440452432632448,0.1791978682669892,13.84909517288208,0.18103436404831655,14.152078590393067,0.182592240789832,14.465360507965087
28020604130_B8,0,0.0024071488549792905,0.08073586181569081,15.862482376098633,0.09950885770408725,16.313846511840822,0.1675149384366174,16.73874298095703,0.2077490343740708,17.111386833190917,0.19661736481546993,17.422943329811098,0.1765429900073533,16.0389319896698,0.1788392575498011,16.50539310455322,0.18130643475617678,16.845830841064455,0.18338920078431925,17.195270395278932
28020605530_C11,1,0.23123593743757564,0.7637945604713517,14.768025245666504,0.62557650981495,15.125770626068116,0.5351166653802668,15.421837339401245,0.40009408468609137,15.67801420211792,0.34592327644655585,15.937410759925843,0.20127831016093814,14.711709260940552,0.19761667337298464,15.135841751098633,0.19517874699330676,15.422294883728028,0.19286603743657305,15.688582601547242
28020607200_C2,0,0.00033982361918890957,0.07949840887395039,10.615536003112792,0.05987454368642873,10.799361267089843,0.10923483547104593,11.024734182357788,0.13407559585133033,11.274225749969482,0.15913675913831812,11.53235428571701,0.18410323408045504,10.774249982833862,0.18355216000856564,10.988278999328614,0.183784025183516,11.1746387386322,0.18408265877147004,11.407019200325013
28020609610_C3,0,0.0002511290485181819,0.11619003779127904,18.270969772338866,0.11847393701986708,18.625116539001464,0.10971091139238633,18.94337287902832,0.1294732404443652,19.21080219268799,0.18624669823170498,19.47031632423401,0.17935169716054028,18.399094867706296,0.18093802793794825,18.773214454650876,0.1829765111157666,19.059448375701905,0.1844998050360377,19.31711979866028
28020609610_C4,0,0.0006835462173539129,0.0358379758844791,25.85100387573242,0.07441212123042266,26.88988067626953,0.11427505234101139,27.70613597869873,0.10272348713612225,28.262102212905884,0.1524406148399627,28.648875279426576,0.1483145420436711,26.23245220184326,0.16159394941741764,27.225704498291016,0.17078401283837413,27.863076057434082,0.1779019925539518,28.370092973709106
28020613100_D7,0,0.0020794582043008047,0.44167762135114164,8.880785102844237,0.32243786696126414,9.069200897216797,0.2621953280421979,9.267762212753295,0.24147013626879316,9.522390069961547,0.2065783353744215,9.834722051620483,0.19203714100819927,8.824322128295897,0.19056430596978707,9.09349193572998,0.18881448153074748,9.333568811416626,0.18668448325317336,9.626022605895997
28020702020_D9,0,0.005531477570867342,0.2786280640220071,14.262636184692383,0.25954575429540583,14.507876987457275,0.19085952510394283,14.734627370834351,0.21501226048093972,14.948303651809692,0.21507223290072378,15.191342453956604,0.18712082649920486,14.25400094985962,0.1870292689461656,14.560671005249024,0.18725738737552727,14.798846406936645,0.18692274601355047,15.02893488407135
28020706990_F10,0,0.035618452166860534,0.3210231297877045,11.6221537399292,0.36007486862534877,11.90121322631836,0.3794254894712626,12.223912925720215,0.3262695100243195,12.570210542678833,0.2771686040581717,12.930293228626251,0.18844622009410986,11.545333242416383,0.18875221873458725,11.924060230255126,0.18857600741146202,12.2428506565094,0.18821238368172952,12.606427202224731
28020706990_F8,0,0.005622149478554422,0.07881794315257386,10.91870491027832,0.11872789029278263,11.15005802154541,0.1782644912851613,11.408339681625366,0.22827395436638787,11.676553564071655,0.19235074000000785,11.970383825302124,0.18284671344475753,11.012600708007813,0.18395898302440664,11.27406572341919,0.1847281746207374,11.492651023864745,0.1847019866321412,11.784861268997192
28020706990_F9,0,0.006271238787689551,0.15867864199087864,10.650359230041504,0.17896947391799473,10.968083438873292,0.19910273748040777,11.243239402770996,0.2094370076449655,11.523229961395264,0.18536879287861477,11.830937287807465,0.1819854333357169,10.662246465682983,0.1841700272795211,11.041340389251708,0.1850899721083027,11.335141334533692,0.18479233731945452,11.636598629951477
28020707160_A7,0,0.02997308672895068,0.23940124410079902,9.232662506103516,0.27932033641083986,9.407449836730956,0.3094290589619311,9.62856110572815,0.2657496778427715,9.886079258918762,0.2236901979619204,10.163896420001983,0.1881629950550046,9.211752653121948,0.18813544541036634,9.442252960205078,0.18809895208215252,9.665167140960694,0.18737871080527818,9.951853418350218
28020707160_B8,0,0.011975545397970725,0.23716953998876045,9.052513694763183,0.2581748695955417,9.255689487457275,0.23920139397527626,9.468397436141968,0.23965325592289544,9.71034592628479,0.22519302370365826,9.987582249641418,0.18626922281060942,9.071780824661255,0.18682163871008411,9.313012332916259,0.18685979669950556,9.529254884719847,0.18649728948896918,9.789216332435608
28020709380_G9,0,0.002424025109960203,0.03863242963153516,22.151421966552736,0.13230303957006959,23.145069885253907,0.2007768915597501,24.083395919799806,0.1767227159813256,24.725384521484376,0.19290594765873526,25.176243090629576,0.15745465903956363,22.58206729888916,0.16395052618685574,23.467615127563477,0.17148648119963855,24.191213607788086,0.17832996640764373,24.81000541687012
28020711190_E7,0,0.11150839688097298,0.2788726756280531,12.651063499450684,0.279399689866369,12.800531444549561,0.3191405330269494,12.962645502090455,0.3244820227278942,13.145232467651367,0.2608571354596771,13.379833073616028,0.18817484862180034,12.616621780395509,0.1888570457720196,12.824604415893553,0.18892231990801847,12.98289755821228,0.18869701038319794,13.183407311439513
28020806800_E4,0,0.07256503250683981,0.285642607025172,13.731075630187988,0.22455877034858793,14.279610271453857,0.23188255670816135,14.797528095245362,0.2068374626947699,15.228319849967956,0.18884260734164912,15.576807067394256,0.18623670439611922,13.67951512336731,0.18364383830634345,14.401927242279053,0.18396611652060552,14.887116498947144,0.18465230583353992,15.31907082080841
28020813800_D4,0,0.002463915977198304,0.03818417507585414,12.253254890441895,0.05833977411295255,12.691485919952392,0.10745964884316615,13.064595470428467,0.16708993101025268,13.413916053771972,0.18551487616065368,13.763485214710236,0.17294812719133243,12.522579526901247,0.1771166675284284,12.909580364227295,0.1800411551143436,13.233800497055054,0.1815946535850787,13.557946057319642
28020906540_E1,0,0.015882408525768048,0.27925283629706454,13.199098358154297,0.3191622053525272,13.37537197113037,0.30974097874054646,13.560990295410157,0.2851682708963586,13.764350104331971,0.25314319036569743,13.985723786354065,0.18781919916771614,13.149445629119873,0.18887368885612413,13.397171745300293,0.18881262860416484,13.590849313735962,0.18849606455540202,13.80313994884491
28020912310_C2,0,0.0014648180537514567,0.11764568337534798,14.8859232711792,0.0992861692738588,15.173382568359376,0.12911469112369978,15.44221713066101,0.13940374517399806,15.717096009254455,0.14460523996226166,15.99108547925949,0.18061823641184885,14.984564018249511,0.18231841042502867,15.321347789764404,0.18317535230757828,15.591258840560913,0.18349322446054595,15.867481813430786
28021003720_C6,0,0.06633904293943728,0.5919658638279316,17.04898139953613,0.5958927404173245,17.635488433837892,0.46495242885279503,18.281690673828123,0.3670109861835373,18.865919704437257,0.2885860786403272,19.322791390419006,0.1889945465247035,16.901327323913574,0.19334488349848733,17.648128280639646,0.19293044998630388,18.28453125,0.19096413636699572,18.88864290237427
28021102900_G4,0,0.00014643149442270336,0.03980975556713933,11.99041530609131,0.09867820424167359,12.171458568572998,0.13851141354914503,12.385603723526001,0.12950962370783226,12.629381675720214,0.16653118615539178,12.89684011220932,0.18404230232789753,12.139441680908202,0.18410015337609817,12.332481498718263,0.18396084342549981,12.534562435150146,0.1840363164447163,12.769877781867981
28021102900_G5,0,0.00030210528047623956,0.0,12.477057685852051,0.039091360023162054,12.841047000885009,0.049454040242957666,13.206952896118164,0.10795905813009461,13.570386443138123,0.15046278184095851,13.922169003486633,0.17339369570131416,12.791921281814574,0.17641089002250238,13.166773757934571,0.17864568467946812,13.446089839935302,0.1804522195630268,13.750753540992736
28021103830_D9,0,0.040577841239713947,0.12017525057129601,13.04637882232666,0.08136346956223467,13.430534286499023,0.09982487973378305,13.839300470352173,0.1484689268676585,14.259940247535706,0.16151434583789243,14.609176242351532,0.17820946235948187,13.270699167251587,0.17834117488737466,13.721596508026124,0.17971842972513924,14.043298435211181,0.18128306030788285,14.38577871799469
28021208530_A5,0,0.0033992450067752825,0.0,17.349783973693846,0.056707728206950435,18.09725927352905,0.08664960597966996,18.76211953163147,0.12636780969121034,19.316667075157167,0.1620497485243212,19.75388913869858,0.15921940853253025,17.82431378364563,0.16632876506210756,18.510713253021237,0.17227539730427072,19.00785412788391,0.17722651790681537,19.46615954875946
28021212000_F7,0,0.0010377103062959125,0.0,12.19832534790039,0.019594133495295308,12.445601196289063,0.059046602296716946,12.709538259506225,0.11360495143074116,13.000171632766724,0.1557248801650431,13.318498129844665,0.17872729727451103,12.43786187171936,0.18060379192764225,12.693374824523925,0.18121780628316414,12.924581079483033,0.18197260939502927,13.175128145217895
28021212000_A9,0,0.00044653184920193724,0.0,15.908076934814453,0.038369358578095564,16.435263252258302,0.048824772496368164,16.895588989257813,0.044350769788861134,17.380545263290404,0.09273928758240256,17.846154046058654,0.16491409691392886,16.42311382293701,0.16846773612110114,16.977017097473144,0.17220759759886373,17.348914470672607,0.1755079180170619,17.67573411941528
28021306740_D2,0,0.00014983824943114806,0.0,17.05032741546631,0.019187401583383577,17.373923664093017,0.03899437013650337,17.76388409614563,0.054050540986716356,18.114445853233338,0.07648138545160212,18.441840546131132,0.1733919477223679,17.514728593826295,0.17508454445637,17.804603900909424,0.17663746721369358,18.069034776687623,0.1788031477425707,18.375845818519593
28021306770_D7,0,0.005393808498161735,0.23888362451046719,11.704135665893554,0.18072018996167652,11.98731466293335,0.20980781749235164,12.252090635299682,0.2294937185855888,12.513553848266602,0.22971714777937832,12.790215950012207,0.1852300046063855,11.705106687545776,0.1857149945899819,12.064196949005126,0.18612332502522988,12.32455075263977,0.18615839013953697,12.588803124427795
28021310310_E3,0,0.0024743208411734294,0.039829527873135116,8.487633266448974,0.07904179662724184,8.731149091720582,0.1284325525438892,9.009436659812927,0.18311210663893052,9.334632966518402,0.20372618545763932,9.663892418146133,0.18155065446836127,8.660945725440978,0.18207126941466312,8.92705590248108,0.18262959345894553,9.160806517601014,0.18327616897405952,9.442279827594756
28021408120_E9,0,0.0009231108230316923,0.11989871692260148,11.964058837890626,0.1004937308067669,12.288946552276611,0.1783068801038885,12.606108627319337,0.15953833294841535,12.922006645202636,0.14983855873258528,13.245343091487884,0.18098026883655596,12.066116619110108,0.18233958883804763,12.441872596740723,0.18258772435956008,12.756834945678712,0.18281824362014934,13.086097235679627
28021408650_D8,0,0.019726173414904808,0.2398252595156553,14.645806999206544,0.2208498664050669,14.994623298645019,0.26929542660377553,15.369759931564332,0.24525914740672547,15.712446208000182,0.2109125368191811,16.04153650522232,0.18503390221968977,14.607323026657106,0.18505834729679507,15.075739059448242,0.18541840356530093,15.426516056060791,0.18565295795428358,15.795868620872497
28021508990_G5,0,0.004780601451639133,0.24066838814523708,11.933666152954101,0.2597761045127681,12.199563426971435,0.1912822141434857,12.463717908859254,0.17112113711084556,12.725315160751343,0.17301481783878458,13.017902646064758,0.18631195893937874,11.875455617904663,0.18654573224034268,12.270517044067383,0.1860409998445532,12.563957567214965,0.18508880462849436,12.863524937629698
28021510270_E7,0,0.0017735391662262617,0.31571090562903414,12.355775413513184,0.33753252500372327,12.539716167449951,0.2697392598859768,12.731901960372925,0.2502254791246414,12.956761016845704,0.23530488454930631,13.21475558757782,0.18663983515752589,12.34596643447876,0.1879615455628124,12.562050266265869,0.18795619210290807,12.779520797729493,0.18731223907233752,13.024094700813293
28021510270_E9,0,0.008188451327999181,0.0821095941278468,10.086335411071778,0.10051540716117253,10.449829902648926,0.10037305217125365,10.837512826919555,0.11942448530530408,11.205957703590393,0.14868736940534957,11.586576504707336,0.1790365805010911,10.232693576812743,0.17909835098446306,10.726416149139403,0.1795623492798914,11.072291326522826,0.18046883029466437,11.42490198135376
28021510520_G6,0,0.31412275749913027,0.3234655952501639,16.325988121032715,0.34145208203995936,16.56356355667114,0.29166678699892007,16.80411473274231,0.30064344750008165,17.038777928352356,0.2585303873026768,17.28069262266159,0.19106447380290903,16.2678343296051,0.1898332391817961,16.58484380722046,0.1891787444246744,16.83536633491516,0.18870978469911884,17.079605021476745
28021609090_A5,0,0.009613895437430516,0.2414775758345746,10.143407897949219,0.2403511584176873,10.398674087524414,0.19094995280366633,10.670654039382935,0.1857975774751334,10.96194580078125,0.18290235768232588,11.285605249404908,0.18727430669715023,10.123625993728638,0.18645508994156695,10.494553031921386,0.18539815100735846,10.780354804992676,0.18478700511034626,11.09161684513092
28021702160_C5,0,0.010631092827096438,0.2574815819925203,16.70055130004883,0.19317538805586748,17.432793159484863,0.18680809019987477,17.90467447280884,0.20290207802983384,18.235377378463745,0.20636637843337707,18.509790663719176,0.160572662430531,16.45145254135132,0.1752071877122001,17.498875007629394,0.18115667194354726,17.973402442932127,0.18407395252879893,18.305812902450562
28021703920_C12,0,0.0056366928586576125,0.1994858634563565,12.96138786315918,0.160066310224762,13.100125694274903,0.24913113777202409,13.25701003074646,0.2199931388832755,13.434842348098755,0.19043963945912754,13.632456724643708,0.18773322213176563,12.972833585739135,0.18810926685733922,13.150345420837404,0.18793868124606303,13.303677291870116,0.18744482345606336,13.512286348342895
28021803690_D1,0,0.0014949193897039535,0.2801345967430992,13.964738960266112,0.26058735420195417,14.187318267822265,0.28978851432397507,14.426007204055786,0.2160932104986096,14.641322555541992,0.21307196974031514,14.867228350639344,0.188928307996895,13.947440671920777,0.18790496034278212,14.227536125183105,0.18803370308306339,14.467444229125977,0.18763406004553812,14.710050878524779
28021907500_E3,0,0.05104414441432746,0.28014594509918983,12.457032890319825,0.28014806640223894,12.696744823455811,0.2700672783579838,12.968048210144042,0.2554176447526954,13.274012937545777,0.2504328018411576,13.589384067058564,0.18836661676156014,12.442212581634521,0.18747201903795438,12.747803077697753,0.18696072692425972,13.03129295349121,0.18669828656769688,13.33697431564331
28021907510_E6,0,0.00844187715574266,0.20601240490464642,14.300669326782227,0.1446270661732696,14.609134044647217,0.2106717500230713,14.89409418106079,0.19080119387131703,15.228355116844178,0.22710154417328393,15.553904926776886,0.18821168606920485,14.297265625,0.18645628606812772,14.715281772613526,0.18525281553757286,15.023893957138062,0.18506048369010955,15.315563097000123
28021909350_C4,0,0.059029483979251625,0.40714066043567576,10.308238983154297,0.28562467620582477,10.573228034973145,0.2730231956987957,10.819413690567016,0.2862129199515082,11.079623036384582,0.2438443239032694,11.359113969802856,0.19492805591490633,10.221915769577027,0.191083490808028,10.607624073028564,0.18938169842780928,10.861986322402954,0.1881568596689212,11.137945556640624
28021910050_E10,0,0.008181344494711178,0.35840818012199077,9.645506896972655,0.3794325852229332,9.78900873184204,0.320364578860807,9.948812112808227,0.27077821203432917,10.116314840316772,0.25303927437905477,10.33027276277542,0.18933416913507028,9.618469142913819,0.18985733970218163,9.798977432250977,0.1897680098992418,9.97135355949402,0.1888238452920426,10.168806829452514
28021913820_F8,0,0.00014699279526318238,0.158284469667808,8.054303436279296,0.17874647577038744,8.201904926300049,0.13988564987574928,8.365653476715089,0.17460037262606987,8.564149341583253,0.1624269835437156,8.825626158714295,0.18623038593863897,8.079744863510133,0.186550529071313,8.29050745010376,0.1862380516414088,8.474453287124634,0.18485630282608598,8.720762085914611
28022012050_F6,0,0.004117436334232194,0.0795506739823568,13.11909381866455,0.07977575104819914,13.424830360412598,0.0797374950372725,13.708653898239136,0.0993474758576122,13.986647610664368,0.13150917726844094,14.265239036083221,0.17981731299765957,13.32339973449707,0.18060740066471523,13.647370948791504,0.18187786455921812,13.904890022277833,0.18248932120654837,14.1664221906662
28022012050_F7,0,0.00252587234283043,0.32264245171776895,8.143088779449464,0.2621911379773241,8.272916955947876,0.21169779900698185,8.445649695396423,0.21089563213606013,8.66860340833664,0.24001021366542277,8.925513390302658,0.1920899204969791,8.119960236549378,0.18980222913673708,8.328475942611693,0.18817977016645757,8.523788819313049,0.1872799966823428,8.741110904216766
28022110330_F10,0,0.0048495602271168455,0.3993729204023214,11.46174861907959,0.3406250730712316,11.657322063446045,0.2813373531737751,11.850898942947389,0.2458985156205876,12.069401903152466,0.1987315812615103,12.303889429569244,0.1898113303184341,11.4065842628479,0.18980601872840258,11.672108688354491,0.18886855048138027,11.90407681465149,0.18765245974454964,12.147497081756592
28022112330_B1,0,0.002497741330394876,0.03627424108077629,25.294278259277345,0.13188665104118574,26.139975280761718,0.13565568614018314,26.870235595703125,0.19036962859968387,27.408946771621704,0.20718741894147816,27.794172291755675,0.1605200752484642,25.670260524749757,0.16710654910742748,26.4203609085083,0.17410921724858913,27.005702800750733,0.17980016449914502,27.487003202438355
28022207130_F5,0,0.007082156706499891,0.08057365544070288,17.140583724975585,0.1774821610591379,17.551855354309083,0.24660880038384836,17.95710144042969,0.2142541124455025,18.343277883529662,0.24154596321709543,18.690278458595277,0.17913605661071932,17.233234786987303,0.1811068177861153,17.66607738494873,0.18263808355309843,18.048987503051755,0.1842538596285186,18.415730981826783
28022209310_C12,0,0.019101203452100354,0.43864699462747675,12.592902717590333,0.3604566925491838,12.76718662261963,0.3013058966792511,12.970729179382325,0.29558260532393577,13.20340196609497,0.24642747350385483,13.475318238735198,0.18991952315691268,12.545378303527833,0.19002667970108306,12.780260276794433,0.18925158892205995,13.006872119903566,0.18831825994653056,13.251419916152955
28022209320_D3,0,0.008384041615169514,0.3198238517493637,14.188709564208985,0.28028865069414355,14.329898433685303,0.299949447105674,14.485609197616578,0.29025519626749846,14.702760910987854,0.26797081521803034,14.9408158659935,0.18980224208883958,14.166865062713622,0.18949648985700637,14.35276065826416,0.18891622972620062,14.523389558792115,0.1883989590390311,14.741592311859131
28022209900_F3,0,0.0005654328603054991,0.19991242604439263,12.506103134155273,0.16063020554025007,12.701361560821534,0.15039922962772748,12.919901094436646,0.1698041262872249,13.136920809745789,0.16508083634272008,13.39701699733734,0.18680249071897026,12.520142126083375,0.1861837372746485,12.811131992340087,0.18589163629535632,13.021736183166503,0.1851863198396598,13.27523868083954
28022304000_C1,0,0.0011761482198693212,0.041629629682151635,10.006588592529297,0.07965706060532704,10.403112602233886,0.14811918964848655,10.729498052597046,0.14415841926388426,11.017349915504456,0.15198701827163705,11.296824190616608,0.17554029908244198,10.073003673553465,0.1805010382210784,10.550357608795165,0.1824454542838553,10.857086582183838,0.1832614195009689,11.161509289741517
28022304000_C2,0,0.0014722958506628418,0.03903587678713137,11.393637008666992,0.17681123722412456,11.650111484527589,0.17835173631747506,11.890950317382812,0.19398334301043907,12.11279733657837,0.21164402632865975,12.350558619499207,0.18132554060906825,11.454237174987792,0.1838875131145911,11.738823623657227,0.18525621358085198,11.966176385879518,0.18589491728005283,12.196894702911377
28022304000_C6,0,0.0032439642018930273,0.042288540877327016,12.278809738159179,0.14946035052226583,13.41274814605713,0.18269227215526804,14.197249870300293,0.2006444550221576,14.715656666755676,0.19075037525472338,15.098369884490968,0.15711015020804783,12.790452432632446,0.16542278875565192,13.59124231338501,0.17434260025646847,14.282273941040039,0.18009491992100182,14.801283955574036
28022304000_C7,0,0.003059158606899484,0.0826833986517748,15.144416236877442,0.10100672561066124,15.41846580505371,0.10066839315827694,15.706623811721801,0.12465464991447626,15.992349619865417,0.16403613051729637,16.298327100276946,0.1826246037348611,15.224934530258178,0.18252464706291163,15.623535575866699,0.18280096019144643,15.87883297920227,0.18326989789820933,16.149192910194397
28022406190_D7,1,0.03720745465205305,0.07816411829464902,17.735125007629396,0.1363383070113359,18.22369775772095,0.16661762055722124,18.78027222633362,0.16334791963964757,19.241673035621645,0.18120395247801538,19.625668499469757,0.17359734111916095,17.959019231796265,0.1754126048591963,18.503374385833737,0.17791809295497094,18.929307813644407,0.1809390078149878,19.365745511054993
28022503510_E4,0,0.0018270665561584704,0.07972494099926188,12.71568332672119,0.11924962007997442,12.964934902191162,0.18795846724101162,13.277774248123169,0.15943229807647394,13.581468944549561,0.15478919129945753,13.891787486076355,0.18301688383620002,12.840288972854616,0.18276601148280316,13.1331854057312,0.1828409162217649,13.410693426132202,0.18319999605721263,13.73555941581726
28022609510_F1,0,0.0006633586272242063,0.19855150058745366,7.04076322555542,0.17934608910426794,7.217325468063354,0.18955764369842837,7.412495141029358,0.15544303474876914,7.632927911281586,0.17732202004389372,7.954553607702255,0.18671552087354853,7.082743930816651,0.18661501684162513,7.297751274108887,0.18572089563467517,7.533940472602844,0.1843012969274174,7.810669603347779
28022611380_D12,0,0.10037515098167468,0.15827063379902734,12.751575965881347,0.13966975994785089,12.966658020019532,0.16932890880567203,13.19340534210205,0.1746778963901883,13.476545305252076,0.1821361079844568,13.78438304901123,0.18480899937706718,12.808327865600585,0.18506170199542019,13.073969287872314,0.18458172165334688,13.330436906814576,0.18413534810323315,13.605883045196533
28022713450_B8,0,0.05722088041662094,0.0,21.661614608764648,0.1727872587744972,22.180910835266115,0.21511882506157,22.647434539794922,0.25657963075395573,23.05465742111206,0.24116168954241626,23.410593619346617,0.1708196396375944,21.80176095962524,0.176907255946889,22.3198579788208,0.18069754587041395,22.718560695648193,0.18338973682350682,23.117416372299196
28022811400_F4,0,0.0035001429645691367,0.07740502193939268,14.903197097778321,0.05926712344014022,15.3740643119812,0.10767664638372551,15.88853964805603,0.1184893345662737,16.35361690044403,0.13865687403156368,16.77203205347061,0.172606750441577,15.277975034713744,0.1739641852232975,15.730368595123291,0.17610254991838345,16.130458154678344,0.17862312645728298,16.550080456733703
28022813710_F6,0,0.2860679755342123,0.19819566306697942,12.43393081665039,0.31630177198439197,12.749054946899413,0.2692840481326579,13.024071397781372,0.2550730967795169,13.284594507217408,0.23553899257094274,13.566744349002839,0.182949091819252,12.396734714508057,0.18578452919000182,12.775937271118163,0.1869312914693623,13.06206566810608,0.18693371334626338,13.347406396865846
28022813780_E1,0,0.0021631553377621606,0.35918573276444554,9.33507942199707,0.2219451611966232,9.548750247955322,0.15220306606744782,9.772514839172363,0.15594640172553648,10.016628942489625,0.16290457500398642,10.322139194011688,0.18929978418717702,9.291374683380127,0.1873971061348994,9.646786136627197,0.18605548353384263,9.904593629837036,0.18462154019061838,10.185860347747802
28030110660_G4,0,0.00030405684692641076,0.11854757884267571,11.903602294921875,0.08016535228073969,12.1616770362854,0.09957006567746109,12.429075670242309,0.11434178486592453,12.719270658493041,0.15123416373322227,13.036357307434082,0.18071209208347888,12.008617305755616,0.18165892813103518,12.382152462005616,0.18196304770199886,12.637322082519532,0.1822820998474381,12.90322410106659
28030110950_B5,0,0.0010640232482535814,0.07999771317066583,9.287820701599122,0.08004771994847108,9.4693798828125,0.1389898241752734,9.671213855743408,0.16413362524038178,9.923479194641112,0.1646018012597642,10.215078046321869,0.18475222465484673,9.384936094284058,0.18482842165790178,9.610505714416504,0.18456252558236327,9.81402653694153,0.18382278710097646,10.075457892417909
28030112010_A12,0,0.5575116557324076,0.8003418428952722,15.532922019958496,0.7432651846847653,16.087522144317628,0.6098306231430607,16.805836973190306,0.41946432660224836,17.457894196510313,0.33041697863750696,17.946787674427032,0.20328625703936293,15.575207567214965,0.204262678919547,16.233460178375243,0.20210485669963568,16.822237615585326,0.19682598687104905,17.465149731636046
28030208990_C7,0,0.07964299673600914,0.1999340979378606,15.701918792724609,0.2199818173832307,16.066725730895996,0.22990123624389477,16.558137760162353,0.18645099344829066,16.998276624679566,0.19558327565261988,17.35961974143982,0.1846736469145386,15.700674104690552,0.1825960566059318,16.210284004211424,0.18261803684046013,16.666376132965087,0.18391547636678196,17.09208843231201
28030210960_C5,0,0.16266979422711716,0.03697956735707975,29.602321853637694,0.12977863520422975,30.706843872070312,0.23601650306716032,31.70082344055176,0.27601099655126127,32.425172843933105,0.2540956612579992,32.95667336463928,0.14841289252434747,29.877063560485837,0.16100465382829857,31.014399757385256,0.17007976588677023,31.782605171203613,0.17763368863282136,32.47751262664795
28030210960_D10,0,0.610654882221082,0.6776141442409521,10.979660453796386,0.6053074108149313,11.539094524383545,0.5074441473172093,12.168047466278075,0.40734289735932594,12.652569637298583,0.32121026325010943,13.060804567337037,0.19461620709168084,10.959438896179199,0.19856173482311948,11.588906497955321,0.19608202479971867,12.168047466278075,0.19307295138862843,12.665565505027772
28030213700_C12,0,0.07845164317995167,0.0,18.663091506958008,0.035275609355547834,19.792461700439453,0.17636063408538138,20.78560028076172,0.1973501687852933,21.410036964416506,0.20369296415108262,21.84970462322235,0.14833043093481255,19.595729923248292,0.15842906080212524,20.222122344970703,0.16835748183421692,20.867615127563475,0.1770046795596316,21.48647819519043
28030508420_A11,0,0.053290095811619066,0.19492353445860164,15.778210525512696,0.1588299183666677,16.18491725921631,0.19845489788863074,16.50360275268555,0.2284420034564084,16.79503897666931,0.2414593576947552,17.070866689682006,0.17693921717332656,15.722605419158935,0.18227513186840333,16.26988540649414,0.1843449895065985,16.58403781890869,0.18553849196991362,16.861031141281128
28030508930_B1,0,0.0003781108390213759,0.03901152863309888,12.129388847351073,0.13766314150429354,12.370174884796143,0.12902329216253516,12.63871039390564,0.14433968142571185,12.925400152206421,0.16659736082029047,13.220574762821197,0.18149472243048315,12.231758642196656,0.1826248517564431,12.532399368286132,0.18300040744735993,12.788363018035888,0.1831954740295511,13.077571091651915
28030508930_C9,0,0.0004552509006589037,0.03953230738223834,8.987999496459961,0.05948229135755665,9.195388488769531,0.05979227801069609,9.39532865524292,0.09439289832048965,9.615457434654235,0.11187446218769691,9.885349893569947,0.18200715443601925,9.148967266082764,0.18280943331375485,9.388266849517823,0.18291350678096902,9.60422441482544,0.18234652334020254,9.847493019104004
28030510540_B10,0,0.015201183448439935,0.27881514962698234,11.023683395385742,0.14120296503434981,11.193588829040527,0.22932331471865355,11.381428766250611,0.2296958500850788,11.594741563796997,0.23232321799838812,11.851980757713317,0.18787421179323777,11.038070344924925,0.18753855222493135,11.264852733612061,0.18730449675616495,11.443956813812257,0.1868599343534694,11.671242198944093
28030510540_B9,0,0.0014941062865271477,0.11756610658259249,14.928462905883789,0.1573191000351523,15.398301277160645,0.18750137845625497,15.75169535636902,0.22281451092442178,16.037360587120055,0.21661510312964447,16.303577091693878,0.17293287909417848,14.903158092498778,0.18002139228132616,15.501846542358399,0.18330819836994197,15.82702145576477,0.1850340413060849,16.107162680625915
28030511090_C1,0,0.001779606576281243,0.03794600958867322,13.67988613128662,0.01976863485608676,14.212933540344238,0.0290515232363064,14.880872859954835,0.13896476369278568,15.52636791229248,0.18535944022672862,16.039965982437135,0.1609362987398774,14.386660480499266,0.16610951982888203,14.870575523376464,0.17014071806797668,15.233285551071168,0.17489473850007775,15.68586814403534
28030511090_C2,0,0.0008766578047935778,0.08011054395293042,14.126299438476563,0.11912302815739335,14.396203708648681,0.129335612323732,14.631569271087647,0.1689520684901968,14.895813617706299,0.1915721851164362,15.182740330696106,0.18321300791494682,14.266966152191163,0.18360764753179043,14.518167266845703,0.18418818427228514,14.767885084152221,0.18429484521288902,15.013725771903992
28030511090_C3,0,0.0013563475227274199,0.07890901915252556,10.530218048095703,0.17829815851411193,10.698778762817383,0.2186653924872068,10.884172019958497,0.20465379420910296,11.087897939682007,0.21475148920018786,11.347064371109008,0.18498139903304148,10.551181364059449,0.18644468942201967,10.763514385223388,0.18672485152914362,10.950550451278687,0.18636506803151284,11.179265937805177
28030511090_C4,0,0.027015909847434218,0.03901474128102255,14.379203605651856,0.020319397354539158,14.919999122619629,0.05751570947729047,15.58776297569275,0.13485455116707987,16.221606307029724,0.19768525858609903,16.74101135492325,0.16340927485147644,15.072591876983642,0.16706535882483736,15.539678115844726,0.17067131986609804,15.923615074157714,0.1754576669320617,16.37529745578766
28030511270_C10,0,0.0021947363037009755,0.0,17.4829780960083,0.019258491624135527,18.341780414581297,0.019377298591909065,19.284884538650513,0.06619793160937923,20.187959361076356,0.1367921763295889,20.884124615192412,0.14342209242697565,18.484766530990598,0.15315106925814376,19.31190828323364,0.15988981100772776,19.86742980003357,0.16744903526558103,20.45338620662689
28030511270_C11,0,0.0014283658017372016,0.035513205847441706,17.786937637329103,0.019266116805283746,18.827112884521483,0.019471388890168216,19.89859624862671,0.05182203451299594,20.943322620391847,0.12834875458724404,21.744990940093995,0.13559449436542345,18.92753095626831,0.1466647501521416,19.95531894683838,0.15480984885418378,20.612356700897216,0.1636478444938969,21.256888284683228
28030511270_C12,0,0.0011314168058266488,0.0,13.905281715393066,0.0,14.379051818847657,0.05825174289776018,14.76656771659851,0.1224215629862748,15.099622354507446,0.15801631385642406,15.38783344745636,0.16999981604882855,14.27095136642456,0.17535482968213031,14.642272300720215,0.17931776854921622,14.940659103393555,0.18186963604800094,15.226934394836427
28030511270_D1,0,0.0016653601856237506,0.20345612176738903,13.896597290039063,0.16289940290350646,14.193392753601074,0.16194530263485507,14.48532826423645,0.1952672071713112,14.76366651058197,0.1633610146889699,15.054574494361878,0.18646960065729923,13.864726400375366,0.1858549813420407,14.297343196868898,0.18559571749479184,14.580084381103514,0.18498357221857273,14.891945180892943
28030511270_D2,0,0.0008894289518172418,0.19995595372068628,11.683045387268066,0.16057007442591004,11.876143646240234,0.1995484815801527,12.108988275527954,0.20952017670419057,12.348593587875365,0.20736651440654402,12.597807314395904,0.18670028133271452,11.695835781097411,0.186301152598134,11.977515392303467,0.18616548805786123,12.187313814163208,0.18624460154233416,12.430587396621704
28030511270_D3,0,0.001572175101349738,0.16016327780521553,15.392892112731934,0.10118291426078842,15.638992824554443,0.20866504960107493,15.887413940429688,0.25848227847747124,16.120707969665528,0.2444756808803894,16.36564142227173,0.18423966980442025,15.447434806823729,0.1852643438921844,15.736446266174317,0.18610810659142418,15.941807727813721,0.18670503604123537,16.17588480949402
28030511270_D4,0,0.002381883262070086,0.19911902724213013,12.232391624450683,0.19923249976122193,12.44057502746582,0.1895664712741681,12.66027575492859,0.2043583899811718,12.91469226360321,0.21934337000985518,13.184175112247466,0.18597193332779352,12.248046255111694,0.1859419878280983,12.532662925720215,0.18576348437789456,12.760698490142822,0.1857571252149774,12.99984917163849
28030511270_D5,0,0.001133766323723922,0.0,14.609576339721679,0.01952748370575681,15.032039394378662,0.05759091855027705,15.598042593002319,0.1305325040966285,16.213826174736024,0.1855715507396072,16.72219564676285,0.16666622562184355,15.207567596435547,0.16969133208050058,15.622283420562745,0.17187427387978627,15.964976921081544,0.17561988666425576,16.37890166759491
28030511270_A6,0,0.016797909226749855,0.03960350665368342,14.786322708129882,0.0206987192192025,15.382394351959228,0.04819851152374604,16.098691968917848,0.1582927377575898,16.785763211250305,0.2073201978476779,17.334472362995147,0.16158669086498303,15.561970663070678,0.16550659539618714,16.034923629760744,0.16965434691571762,16.443612222671508,0.1746911502867882,16.928137888908388
28030603940_F7,0,0.0016389350715408958,0.07975204318531454,16.0131477355957,0.060230227422252425,16.258328742980957,0.1285833011238803,16.5310320854187,0.1489075357713763,16.795799331665037,0.17149267210264246,17.081314635276794,0.18119971110714547,16.154624652862548,0.18262177327381132,16.442472534179686,0.18329961149584692,16.666379394531248,0.1836850173940349,16.93545594215393
28030611750_G10,0,0.10511570191559358,0.200985454894294,14.787212448120117,0.161362015937775,15.20126796722412,0.2192816596338205,15.545071144104003,0.1609681667313329,15.842126698493958,0.1946461073698871,16.135019800662995,0.182832034769799,14.844149780273437,0.18367507151594178,15.286195087432862,0.18438265401978662,15.645717372894287,0.18495201790173654,15.95138840198517
28030611750_G11,0,0.015028516250834383,0.24124158300868312,12.579067649841308,0.24072482549909177,12.941973285675049,0.25989642267587004,13.265850172042846,0.21118403966584764,13.568819389343261,0.19346422013656378,13.861120676994323,0.18602235238629117,12.552440357208251,0.1858466245440452,12.999415130615233,0.186194569044272,13.33242473602295,0.18602060622019428,13.654981188774109
28030611750_C3,0,0.5326129594310668,0.36237439960753837,10.505263900756836,0.3025156986044112,10.724643726348877,0.2719931497987406,10.950460748672485,0.22657032979334468,11.188672318458558,0.2306663476258727,11.461431901454926,0.19139499570097984,10.454675340652464,0.19001992310833382,10.747606716156007,0.18864449730651223,11.008071899414062,0.18753834640931133,11.272454347610473
28030611750_C4,0,0.795272638725787,0.3667745007542863,11.382783050537109,0.3245675410351849,11.708525886535645,0.33201008318822883,12.025233755111694,0.25280690490598684,12.322384200096131,0.26117009995238916,12.619532432556152,0.1934207355675357,11.298292303085328,0.19023533646135277,11.73581916809082,0.18915019975731698,12.058962182998657,0.18816901347726425,12.38014751434326
28030611820_H3,0,0.018849415735874543,0.3273105500713248,14.93058307647705,0.3042268926113142,15.175751037597657,0.2824196408910767,15.451943979263305,0.28111386779325825,15.734882955551148,0.24147591003421046,16.01978718280792,0.19378088618504113,14.866756296157837,0.19023104451532677,15.218444137573243,0.18879970576604607,15.500832080841064,0.18795773695560924,15.785543308258056
28030611820_C5,0,0.13488740051467937,0.2675024248359467,15.191017799377441,0.2184516659515781,16.199381732940672,0.21905332277192502,16.969274072647096,0.24825135558260936,17.538215899467467,0.24420657000738813,17.967653477191924,0.16722910959036874,15.03993172645569,0.17386160600044134,16.32858076095581,0.17889800923689994,17.058191270828246,0.18239150486409353,17.60223482608795
28030709850_B4,0,0.0003601126706794427,0.0,11.954891700744628,0.057653481008009204,12.412047653198242,0.08808048098091796,12.739100141525268,0.10374668052122715,13.001733226776123,0.13627175485548934,13.25089076280594,0.16817938220279077,12.004125213623047,0.1774252193817147,12.573640613555908,0.18113360109675516,12.880902509689331,0.18290035566846868,13.150571269989014
28030711870_A2,0,0.017372847413478543,0.19987346197355707,16.18022472381592,0.19949551661054948,16.372301120758056,0.2687163350821032,16.606269674301146,0.22018082028341981,16.861965985298156,0.22249929031021856,17.13336596250534,0.1869305097925459,16.20573172569275,0.1869323978279686,16.441919574737547,0.1865461862836007,16.672326040267944,0.18644612039882585,16.94160337924957
28030713200_D9,0,0.00014354300016707213,0.03925527332013264,8.190531539916993,0.05910905364090831,8.490700073242188,0.08873727763320265,8.779130029678345,0.12849639789967834,9.06871503829956,0.15623865676900203,9.364967703819275,0.1778417718224292,8.384470319747924,0.1803089821080048,8.707280082702637,0.18181342992404734,8.95145661354065,0.18259223062533836,9.22314688205719
28030714930_A1,0,0.6499832385779855,0.7238435134306068,13.875937118530274,0.6059750277908051,14.35248399734497,0.5646932902806787,14.868282403945923,0.4900968610323407,15.327846660614014,0.388055688734801,15.72161821603775,0.20104345137589147,13.809876775741579,0.19854525148204705,14.364619770050048,0.1962841152724699,14.873083143234254,0.1942232227353092,15.328072471618652
28030805700_D12,0,0.012473962875486012,0.3203893689035451,12.551199340820313,0.3002845661841561,12.740350933074952,0.29051550737306425,12.963844881057739,0.24112060362595392,13.217254467010498,0.21838832192222923,13.504543886184692,0.18974064789233447,12.517773294448853,0.1889141268895985,12.767984161376955,0.18811123533217367,13.012586460113525,0.18702644347810363,13.304880480766297
28030810270_C1,0,0.029285796081312994,0.15927356234467893,15.41012939453125,0.1980560251110309,15.711253776550294,0.277285204716304,16.09400505065918,0.25926457474862574,16.48185761451721,0.23284170070101243,16.82795732498169,0.18351438911002188,15.488589096069337,0.18379965438456647,15.824203243255617,0.18407240362407554,16.154229869842528,0.18517376849963527,16.542399559020996
28030811580_C12,0,0.01921967727550804,0.4397185213949924,13.699516830444336,0.4204586453544285,13.957862892150878,0.44011336157167824,14.200711431503295,0.3421251935126255,14.456865191459656,0.2675829621600599,14.724473693370818,0.19022483211143848,13.614391088485718,0.19054233990347316,13.959714603424072,0.19068084179460226,14.203510122299194,0.18991608701164245,14.481218614578246
28030811580_D1,0,0.003925905792652242,0.15980354029786134,17.277220191955568,0.14041741032347005,17.52559072494507,0.15975363825655003,17.839053621292113,0.1746204058651182,18.15215829372406,0.1918559000372255,18.4613435959816,0.1834264619315512,17.2914843082428,0.18367376777241937,17.689023036956787,0.18354378481301684,17.96402132987976,0.18413258675266506,18.26509756565094
28030812580_C4,0,0.025368209951924202,0.47816774961481845,10.58493911743164,0.45931466003809185,10.737150325775147,0.4792226676320547,10.920454025268555,0.37630685146099846,11.135665879249572,0.3019964826721136,11.375072810649872,0.18997751055675507,10.532017278671265,0.19072517769655123,10.738506088256836,0.19083020236448003,10.920681533813475,0.1904396326420104,11.148502440452575
28030910210_H2,0,0.002862181721187998,0.11857294895441518,15.496257705688476,0.09973626362896167,15.985866394042969,0.10006154158421611,16.40538091659546,0.09521185360210023,16.76102391242981,0.1293101782459888,17.082931418418884,0.17428578270094716,15.6259774684906,0.17732042573969292,16.2161616897583,0.17968420574116517,16.595475349426266,0.18149223301892745,16.937009496688844
28030910210_H3,0,0.00775906462338865,0.15854572461433716,12.495033302307128,0.21801382015829482,12.749739055633546,0.21894754179431286,12.983665771484375,0.1996544372527124,13.215064148902893,0.19259761191934793,13.462431187629699,0.18361194547912457,12.497446870803834,0.18543728485220304,12.81047981262207,0.1861001097405152,13.061185321807862,0.18610264291598022,13.303684449195861
28030912710_E3,0,0.1288791906721431,0.27863741563919825,15.410641441345215,0.2003771920236513,15.652325496673583,0.24924012462896294,15.917916383743286,0.2398198806354919,16.1714554643631,0.22515315143679226,16.433182566165925,0.18588766563525544,15.380752897262573,0.18640816233147822,15.728845539093017,0.18665499412391912,15.972083711624146,0.18667933255059835,16.23863269329071
28030912750_B11,0,0.20029075176393116,0.07908598710151832,10.19400333404541,0.17628219832622977,10.567724590301514,0.20721879938912874,10.95455641746521,0.2181667900896221,11.285601058006286,0.22139308499869306,11.593644201755524,0.17891535436922007,10.32331657409668,0.1808878938256659,10.709158840179443,0.1827347940590064,11.037108907699585,0.18429541268745905,11.371849069595337
28030912750_E7,0,0.02676070008847003,0.274396519185544,14.133746795654297,0.37452580255952495,14.498865280151367,0.41638095398461833,14.857431869506836,0.3599053248694607,15.213711948394776,0.3231846454203761,15.534514615535736,0.18303295095157732,14.120109701156617,0.18555119557146704,14.510967807769775,0.18753342836988104,14.865652236938477,0.1884758780759387,15.233655695915221
28031003450_D1,0,0.23052948048743543,0.24319430143317314,15.308381462097168,0.3393278346328023,15.641207847595215,0.30044726697057117,15.928813018798827,0.2854669502979699,16.196119232177736,0.2657259427655641,16.4754292678833,0.1875061809504512,15.259304380416872,0.1878207165674201,15.663037300109863,0.18806226012130495,15.959788150787354,0.18794973063513745,16.24234574317932
28031003450_D2,0,0.021581885852765877,0.6803723828701986,10.69445484161377,0.6013863268169259,10.922998008728028,0.48260026094075975,11.153218240737916,0.39278613291641995,11.387330112457276,0.3178936789600975,11.658511683940887,0.1941222490743954,10.661309146881104,0.19390888130693892,10.927343215942383,0.1928240946592251,11.153932218551635,0.19140776224453793,11.402210240364074
28031003450_D12,0,0.012156285723827048,0.5577256432779435,11.472994270324707,0.4798696461986131,11.653542652130128,0.4601907528643543,11.848820419311524,0.361608214466161,12.063144207000732,0.27979371815135184,12.30917691230774,0.19063490621625548,11.412018632888794,0.19123762175846892,11.65385482788086,0.19113397044191632,11.850224723815918,0.19035767265407455,12.084909696578979
28031003450_A1,0,0.01700500571431653,0.8010934741140067,20.123593673706054,0.7229635816188008,20.48011344909668,0.6139897351367686,20.793364658355713,0.5338422073712072,21.103511257171633,0.4223351578142797,21.444192271232605,0.20087352194809757,20.10002403259277,0.19811187692488316,20.514387474060058,0.19610185964862584,20.80311616897583,0.1944920315215077,21.104477376937865
28031003670_D7,0,0.011284933107587318,0.07479610975708714,20.527373123168946,0.17337597770503793,21.088658180236816,0.23458991638317386,21.516488819122316,0.24726088986291997,21.85836398124695,0.21687436929496223,22.163069114685058,0.16632586865848628,20.480378246307374,0.1768747389183104,21.175680847167968,0.18178540827173176,21.56717222213745,0.1842805567217185,21.919609060287478
28031103360_C9,0,0.0163639631705152,0.43977898732051746,10.68806812286377,0.4202073117362605,10.867308883666992,0.35108847973300744,11.06065712928772,0.3014308662398582,11.265279865264892,0.26391526298340784,11.500801312923432,0.1906771398146959,10.639338350296022,0.19068823679485086,10.872728900909424,0.19017796275121351,11.074543142318724,0.189381595559036,11.301116113662719
28031212010_B4,0,0.06489436162294486,0.31863573011771135,14.659299697875976,0.28008209418428426,14.891516456604004,0.31908980721966024,15.131849193572998,0.2753865085918541,15.382816472053527,0.2631007523559204,15.640849266052246,0.1874091935539306,14.594651222229004,0.1879370801353817,14.93297357559204,0.1880096931210016,15.16506546974182,0.18803625679151376,15.422500724792481
28031214150_B2,0,0.0028167551768176844,0.46582837322142384,21.78203483581543,0.5504561820989105,22.1659086227417,0.5257994090062296,22.48905090332031,0.4347238256776515,22.762626457214356,0.3441852742268295,23.029003076553344,0.18071688312940354,21.65069932937622,0.1873058748371788,22.167568283081053,0.1895956402240215,22.489522266387937,0.1903098011578516,22.76670464515686
28031304230_B10,1,0.6126353349909907,0.4681312136635305,15.61326431274414,0.3582806576466166,16.112824668884276,0.3590698304665071,16.46717855453491,0.3054629446576246,16.72862642288208,0.2831728764688086,16.984146847724915,0.21015393599773663,15.414194679260254,0.19806726866872315,16.121177978515625,0.19394038307560693,16.480475101470947,0.1913859760959238,16.76104652404785
28031304380_B12,0,0.0005160921074789766,0.7645294018429535,10.532569847106934,0.6259975661595408,10.864841384887695,0.5354437684619757,11.183520431518554,0.4008858918982495,11.486500616073608,0.31971955991252654,11.808364641666412,0.20120590125130502,10.498278331756591,0.19782821997091657,10.880568103790283,0.19543384353650953,11.184195871353149,0.19288658054786878,11.501632580757143
28031309210_D11,0,0.10943984132938547,0.5585648577560548,15.506778907775878,0.4816679496967369,15.822419109344482,0.42268313644991085,16.187573194503784,0.3338834277630463,16.559832768440245,0.2833521261441061,16.92693915605545,0.19174708734824647,15.428903484344483,0.19208338864100788,15.824238414764405,0.19114783818377437,16.194903783798217,0.1897006354008415,16.596978497505187
28031314780_F5,0,0.0017236939031415653,0.2798849490720573,14.860665550231934,0.3387095628800935,15.117759552001953,0.35922410480524364,15.352963848114014,0.30573334883714737,15.595564341545105,0.28324903777543337,15.862721490859986,0.18706428761825933,14.805382251739502,0.18825019651803696,15.132554969787599,0.1888791519587907,15.36826494216919,0.1885930205893129,15.633551082611085
28031509560_F5,0,0.002307080556712488,0.23840620308994417,12.5995458984375,0.23921727855396976,12.832849617004394,0.23937961242042138,13.068463077545166,0.21011754912949268,13.296085214614868,0.22973165315239782,13.546169328689576,0.18645612409164114,12.598637104034424,0.1865152770317774,12.889704189300538,0.18683736639778897,13.130776405334473,0.18681739757167617,13.37230565071106
28031603630_A11,0,0.002542464518996824,0.11851064672878675,15.176557846069336,0.15872710481983185,15.429458179473876,0.18880999645472593,15.703581380844117,0.16506835868500283,15.991255240440369,0.17481342128296748,16.29594999074936,0.1824201931084112,15.207597780227662,0.18407223146805324,15.54421199798584,0.18406698081006162,15.820438766479493,0.1842272487609737,16.117808938026428
28031611780_D1,0,0.0016675349530318366,0.19941457421414782,19.722013664245605,0.16208695192989575,20.810957660675047,0.11400915238880038,21.594669370651246,0.17944204010310064,22.10083580493927,0.1990918640207944,22.45901353597641,0.16588027617446308,19.82183527946472,0.17147101308727053,21.007867107391355,0.17767770953430082,21.690091485977174,0.18203991914729115,22.178137669563295
28031611780_D2,0,0.005656629196222318,0.2790857197982786,9.581231384277343,0.3585006503073262,9.732223434448242,0.2999204140556135,9.910339317321778,0.2805651301268472,10.113883028030395,0.2630019350645191,10.350674262046814,0.18855968205586748,9.551720523834229,0.1889977076799102,9.751288928985595,0.18904642032509722,9.938620023727417,0.1884616834361862,10.160056138038636
28031702960_D12,0,0.001309074089786347,0.040508172769336104,13.807403068542481,0.04005162021817139,14.118080997467041,0.049882564232420074,14.46465121269226,0.08381014504500703,14.852368440628052,0.14262683917336666,15.2448140335083,0.17634529887502892,14.153256511688232,0.1766506178059831,14.512465057373046,0.17770462674264656,14.782823457717896,0.1790922830778711,15.081600885391236
28031702960_E1,0,0.0008404244368101287,0.11700596874192724,15.370744743347167,0.15780593099603135,15.659749927520751,0.1296885210828497,15.994542589187622,0.1397312590178399,16.34757337093353,0.13740407522236545,16.689077847003936,0.18043323430050456,15.417063760757447,0.18128637111460016,15.85317953109741,0.18137991829793196,16.18098795890808,0.18179489557778244,16.521757044792174
28031702960_E2,0,0.0005084879639325415,0.0,11.014608306884766,0.0,11.31983180999756,0.00977384436549999,11.619415616989135,0.0829692529800173,11.957422060966492,0.13731344922002642,12.31414810180664,0.17468144195222193,11.45840015411377,0.17677205831950976,11.688937664031982,0.17830883685934776,11.934669504165651,0.17930456871055425,12.201614737510681
28031702960_E3,0,0.0003250596219813885,0.038709998028729806,9.933623275756837,0.07839147969661961,10.230455741882324,0.07939536338491195,10.523195476531983,0.0844357327843278,10.820744528770447,0.12623261974614805,11.167295558452606,0.17969267733904817,10.178114652633667,0.1792621354342687,10.49304937362671,0.18018558464250287,10.771153373718262,0.18063255732348962,11.066158361434937
28031702960_E4,0,0.0026882110023991723,0.07710111749370119,14.424437866210937,0.15654250164738628,14.780259037017823,0.10926279608235222,15.13257863998413,0.13395052327798176,15.505878992080689,0.15136766779262129,15.865668864250184,0.17661158271679853,14.509988355636597,0.17887110318024638,15.005193901062011,0.1800723678376856,15.345971784591676,0.18096051082609715,15.688886184692382
28031703480_G1,0,0.004089083280480291,0.15264803905534982,19.06536605834961,0.17466525282103962,19.730689888000487,0.15801191861824204,20.254962158203124,0.14942479566070804,20.692957763671874,0.13756539147865798,21.03701310634613,0.16937532082160484,19.16765832901001,0.1749804921143317,19.894405555725097,0.17880735742476098,20.401342411041263,0.18143200348403737,20.821224308013917
28031913540_H12,0,0.008340838483770334,0.4430204896220644,15.415078392028809,0.32411935467495395,15.672195167541505,0.3610935486927698,15.92571102142334,0.35073370562393147,16.16969985961914,0.3011008773527384,16.422535319328308,0.1929759965933366,15.349399995803832,0.19065234796443611,15.693654975891114,0.19003725678361075,15.941498413085938,0.18945108559626456,16.19371283531189
28032002900_A11,0,0.007467106449196238,0.20001691324968582,12.457399978637696,0.25908187237713926,12.682011184692383,0.2890739760595119,12.911255178451539,0.2649078742462424,13.14653413772583,0.2110148404180512,13.413714139461517,0.1865118679811898,12.432355928421021,0.1872648915951753,12.721012573242188,0.18758431087053826,12.950187654495238,0.18707243242032962,13.22128504753113
28032002900_A12,0,0.005294974151984372,0.3575591241303,12.211296920776368,0.26002797038126174,12.360603351593017,0.24055748182530068,12.546773624420165,0.22063141398873828,12.768540706634521,0.21291332552366166,13.020744636058808,0.1887874524617697,12.192337131500246,0.18861907995539057,12.397175788879395,0.1878454641295074,12.609867706298829,0.18703289664413492,12.849735765457154
28032006150_E3,0,0.0006990073305835255,0.03664152101981595,23.720471801757814,0.12878111012241852,24.75913459777832,0.11515437594490957,25.611617164611815,0.17854007686237267,26.403169078826906,0.17214161455990085,26.977388877868652,0.15182739088590214,24.153049755096433,0.16058392878629077,25.18097599029541,0.1677290923938208,25.913209209442137,0.17384185228229654,26.525673303604126
28032106890_H2,0,0.004044676770228457,0.3986074884044314,7.824502754211426,0.24282440672064876,8.118360900878907,0.22160962827611133,8.409104719161988,0.22083451813959745,8.704718956947326,0.18612709741229033,9.038375363349914,0.18863349919881978,7.742609977722168,0.18742418712712455,8.192624053955079,0.18656122908121026,8.493342094421386,0.1850705238222079,8.845822439193725
28032109660_B8,0,0.008051884879451921,0.2776283476059906,14.0482186126709,0.2592300707408347,14.269297313690185,0.33863925271685763,14.490204048156738,0.29009499445812126,14.71636818408966,0.23845434912051694,14.954132039546966,0.18656368182886923,14.0127995967865,0.18753542989038885,14.295005435943605,0.18825841816125255,14.512370290756225,0.18816473982554438,14.761763715744019
28032111110_B12,0,0.04406606346948656,0.0,13.24194278717041,0.0563269542493158,13.985413417816162,0.14456561706358023,14.531403131484986,0.19592232405973906,14.91238091468811,0.21020797745914668,15.225294032096862,0.1634419686939148,13.665001773834229,0.1713144694392289,14.165592613220216,0.177902496743219,14.614595556259156,0.1821956055659779,14.989005527496339
28032113270_H12,0,0.0022277756010533295,0.5598881004086907,8.28600477218628,0.3825894753160388,8.480297517776489,0.3419398875746347,8.673504891395568,0.25751222660783357,8.898023641109466,0.22186966668414074,9.163509691953658,0.19205728091646115,8.235994935035706,0.1916129279694039,8.48670350074768,0.19037985048448797,8.699785847663879,0.18851977945955511,8.969995272159576
28032209810_D4,0,0.0018469232483749524,0.27738484662019547,13.586763763427735,0.25988395440197437,13.947959213256835,0.26979336629085593,14.287690391540528,0.260312336528346,14.594910264015198,0.26260880131118447,14.89387867450714,0.1843188203755602,13.532920837402344,0.185635146803206,13.996160469055177,0.1865515420695735,14.331871976852417,0.1868662937749953,14.647278757095336
28032213510_C8,0,0.01774338705617673,0.3168045341699072,8.68271547317505,0.39709369769861186,8.873135442733764,0.3694681557087408,9.116418166160583,0.3109594395606015,9.403165018558502,0.24925197538565874,9.728127287626267,0.1873946950882373,8.660595488548278,0.18857249648448757,8.880424528121948,0.18882852331584754,9.136379199028015,0.18791323467158244,9.463830597400666
28032309530_D5,0,0.00027598265552916467,0.0,10.981017112731934,0.03896380810481154,11.343723888397216,0.020114610267866515,11.776504650115967,0.07333801801410288,12.185482349395752,0.11542643243937734,12.57905782699585,0.1731220126349571,11.557845544815063,0.17362668435305564,11.806979122161867,0.17562010947191714,12.099475803375244,0.17775261285068852,12.44632571220398
28032402630_B4,0,0.03327973431045416,0.24124655518963345,14.610999870300294,0.20128144556996858,14.859526538848877,0.14173710995471506,15.111381874084472,0.1261943327043078,15.374239253997803,0.1378387232713882,15.661053216457367,0.18740977020236083,14.595087003707885,0.18582877618518762,14.986542701721191,0.18472510732180972,15.267468767166138,0.18409266637275065,15.545566630363464
28032405410_B6,0,0.0072670382458071316,0.11846938937105257,11.96811206817627,0.17826514813057087,12.19448127746582,0.18891954779505982,12.410954465866089,0.19435984929230607,12.633704156875611,0.20199668907605664,12.891733396053315,0.18375063086716456,12.001105451583863,0.1852356349555224,12.274210567474366,0.18578277016188485,12.494360876083373,0.18572715666134007,12.733897233009339
28032405410_B7,0,0.004114904187182082,0.0,14.226880378723145,0.09752272293803606,14.53841983795166,0.12812217554612595,14.842188138961792,0.13885159651926232,15.139472880363464,0.18850383486149205,15.419055588245392,0.1778719313553766,14.380362224578857,0.18060891973786364,14.720290355682373,0.18217491435206737,14.983547649383546,0.1836531498821379,15.248960857391356
28032611870_E2,0,0.2523706879014982,0.24246146082246892,10.627729454040526,0.22173487686199994,10.876321353912353,0.21073837842863546,11.126561527252198,0.22979613808711596,11.402033224105836,0.21267634294135535,11.703405368328095,0.18847589706802675,10.596953725814819,0.18720615729759882,10.958148136138917,0.18654330777159062,11.21953426361084,0.18579131805328872,11.499204397201538
28032703550_C1,0,0.010823754760208528,0.19795604529240532,14.841061096191407,0.21888642438852413,15.065222263336182,0.23918487559452378,15.284571609497071,0.21517083403691295,15.52019492149353,0.22997470071342405,15.769473206996917,0.18551794691026754,14.847768545150757,0.18647315144740947,15.113745403289794,0.1868177759698327,15.344289464950563,0.18690193642117878,15.58386700630188
28032709510_D4,0,0.20516980240420746,0.3199263917901925,10.928847503662109,0.30072652469672967,11.096686058044433,0.29060292840677127,11.27554651260376,0.2754742050557423,11.46421501159668,0.27036738804310734,11.697479519844055,0.1896050744630575,10.894874095916748,0.18953229254030307,11.115354194641114,0.18922046405524603,11.305377702713013,0.1886197143179884,11.511260542869568
28032709680_E10,0,0.053524905144725035,0.23908608605312182,13.926070213317871,0.25898531104049316,14.112121963500977,0.21027275227764575,14.292394847869874,0.22490733743666572,14.478649883270263,0.24707388163623034,14.704412715435028,0.1870597217972601,13.9073646068573,0.18774224099144313,14.15325050354004,0.18790460163335052,14.346839609146118,0.18754314648871886,14.544405460357666
28032805800_G2,0,0.0025786403209821663,0.16031338683964194,11.607411804199218,0.17954911676824303,11.867349948883056,0.17981525708875437,12.072815961837769,0.18481528255990473,12.280612311363221,0.20959405103381687,12.508697636127472,0.18466289744923495,11.631442737579345,0.18592980077873555,11.931883029937744,0.18654395961906944,12.153020582199098,0.18658016969484464,12.362593116760255
28032805850_G4,0,0.009357412522442137,0.3590174975270088,10.423144760131835,0.24102983003060358,10.61473258972168,0.16156740808705533,10.818335914611817,0.18525301201428926,11.053318452835082,0.18268427902942316,11.332916736602783,0.18886832568664857,10.377930164337158,0.18754958635383906,10.702058696746825,0.18665566280620458,10.93050211906433,0.18548868839751445,11.180541572570801
28032810820_G7,0,0.004171412927861911,0.07928414623616141,14.124600067138672,0.09939017801053533,14.362008056640626,0.13878722382128772,14.64718053817749,0.15412335327150298,14.994156980514527,0.1715464671149813,15.337866241931915,0.1826219857168154,14.26589822769165,0.18220766825154477,14.565744915008544,0.18202750093661366,14.83279658317566,0.18238147577021852,15.142921524047852
28032810840_G12,0,0.005593706489497469,0.04158300367942331,16.719800453186036,0.04071448607716227,17.193396015167238,0.10769223851534367,17.65115162849426,0.1527286675484527,18.044114451408387,0.1905149124620669,18.388573496341706,0.1712384804829695,16.994504976272584,0.17607601295445985,17.471103458404542,0.1789457248259809,17.810040254592895,0.18161841655327882,18.15568814754486
28032810930_H3,0,0.022338632420337883,0.03656548381127874,26.234960708618164,0.03868948699018321,27.090313301086425,0.13430453018695007,27.776636009216308,0.1322214367139378,28.340783643722535,0.15546229862059094,28.783513207435607,0.1566517152723584,26.58372583389282,0.16615612256011736,27.404469718933107,0.17256413389753436,27.986463260650638,0.17755765951234107,28.482831134796143
28032813400_G11,0,0.026884703257003,0.35998833851417594,9.05082534790039,0.3009861774789966,9.267093105316162,0.2711813498024364,9.490803728103637,0.24115827097732925,9.729486832618713,0.22826416625370352,10.017260763645172,0.18959487761409508,9.000786590576173,0.18905036840729236,9.292052726745606,0.18841399590006874,9.538108463287355,0.1871988443479789,9.813787727355958
28032813440_H2,0,0.017437926290230703,0.36037000458656143,11.787878227233886,0.34016583574619386,11.96625202178955,0.25135703619813193,12.173106145858764,0.2605942058831791,12.39760468006134,0.24304558349578093,12.655060307979584,0.1903008383008271,11.747696208953858,0.1891943149999792,11.99375207901001,0.18868383477971704,12.21946213722229,0.18779378561879304,12.45971981525421
28032906350_C1,0,0.018036094755238024,0.20071045832895243,14.975826263427734,0.2587311149567436,15.368245964050294,0.2593128875222322,15.714266729354858,0.23018951464316847,16.024676356315613,0.21789368006187018,16.325152637958528,0.1831105985542364,14.940391254425048,0.18467971711201386,15.424882488250732,0.18564032677586564,15.780698480606079,0.18590527375493313,16.102101492881772
28032909670_E3,0,0.021102691374786715,0.4003473956893068,12.072252693176269,0.2824817146673606,12.305501537322998,0.25174057901639385,12.519742031097412,0.2116836077949796,12.760165553092957,0.20836407289456296,13.028115489482879,0.19024388092908853,12.00395245552063,0.18957532607256564,12.337310752868653,0.1883430109845632,12.585669221878053,0.18703930282357384,12.848884625434875
28033003410_F11,0,0.027991880309396495,0.4076692988446012,18.9349084854126,0.36636001139958246,19.69579595565796,0.3064081322839603,20.29904776573181,0.25995688176716203,20.753629536628722,0.2283006400317601,21.141611716747285,0.1902388772063151,18.64647307395935,0.18889885366552675,19.727283267974855,0.1881788793974634,20.336520738601685,0.18726796891335887,20.8277238035202
28033104720_F5,0,0.01247139479885117,0.28082466110371596,9.98224624633789,0.28015865406643675,10.130517539978028,0.22086729917662562,10.318649168014526,0.18121565171789963,10.55354721069336,0.17064199247233938,10.837701888084412,0.18981375531441771,9.95354118347168,0.18873609909640876,10.183652667999267,0.18702196705532653,10.420735168457032,0.18543504325642923,10.697099900245668
28033106500_F11,0,0.006300323509906032,0.0,16.658445892333983,0.0958952660408747,17.114493446350096,0.15601115424082027,17.682424125671385,0.17233817538527765,18.27033299446106,0.17363797986881646,18.7201287651062,0.17368899900694648,17.036561012268066,0.17395873855515817,17.46796333312988,0.17535003579703135,17.898412227630615,0.1788611710115702,18.38163088798523
28040105490_A6,0,0.011586576812980027,0.15737687401823422,16.126833992004393,0.11973923242005846,16.445692272186278,0.1883141033414363,16.75192067146301,0.19391425064381773,17.065013508796692,0.23334323279718863,17.37860214471817,0.18049878694498794,16.184409189224244,0.18267610984276647,16.576714153289792,0.18348131065973136,16.8702810382843,0.184335378556499,17.159904494285584
28040203260_B1,0,0.003350946745313396,0.039123139309127725,14.004902496337891,0.039338311281733096,14.324587554931641,0.06893214403077304,14.65276216506958,0.1036808767260614,14.995897889137268,0.12382576230967707,15.34458859205246,0.1767647629063818,14.286310815811158,0.17820958932048103,14.618572387695313,0.1792822294019937,14.904959592819214,0.18027854041348423,15.205979404449462
28040203260_B2,0,0.000671324594574761,0.0779286027461864,7.3778518867492675,0.09850818948490478,7.648172388076782,0.06973306199300482,7.9329412317276,0.10892224753517356,8.247425711154937,0.15825491591653368,8.58625445485115,0.17918639271807935,7.5786669731140135,0.18006829150633835,7.905181646347046,0.18095601850920845,8.15902344226837,0.18139201990668663,8.442214648723603
28040203260_B3,0,0.013747812248044588,0.11274642101665228,19.175738945007325,0.15394293215042726,20.01935335159302,0.17578933200964086,20.656043500900267,0.19231268738349344,21.11928074359894,0.17897373463851882,21.47950525045395,0.1625521226502931,19.325474786758424,0.17088438322663385,20.175930233001708,0.17729896413701143,20.759867219924928,0.18137383163295875,21.212378449440003
28040412450_D12,0,0.0003647859693510162,0.04101609096515382,7.720945072174072,0.09926270903010229,7.9421469020843505,0.08970139845697521,8.16348481655121,0.10467118236848082,8.378109061717987,0.1587806048996075,8.641055027246475,0.1838189176558295,7.89710454940796,0.18353683361160633,8.109367818832396,0.18390135458782406,8.319214491844178,0.183680355368453,8.560165898799896
28040502370_C5,0,0.006919423047387696,0.12206092847355864,14.02585422515869,0.1014887441487415,14.298610134124756,0.13030431183618119,14.542077226638794,0.1745146330472599,14.780107054710388,0.20894841843686054,15.035326917171478,0.18417581207837214,14.088117504119873,0.1847752143216409,14.411209812164307,0.18521843176826605,14.647660598754882,0.18547752781047583,14.880302233695984
28040506610_F3,0,0.0021790860514646214,0.3989260358140549,14.256046371459961,0.28136582385516024,14.465679054260255,0.24137453522501706,14.684433822631837,0.2602660616687851,14.924646039009094,0.23063065061428661,15.188827900886535,0.189265158701499,14.191520977020264,0.18893962752148846,14.507154674530028,0.1881951597693146,14.742607221603393,0.18734846477884795,14.990870933532715
28040506890_F6,0,0.001929889362767055,0.23854280665408487,17.19644863128662,0.2587384545554007,17.383215923309326,0.23979985172614693,17.58677460670471,0.22013571346113733,17.783132481575013,0.15603792961562327,17.992738049030304,0.18567359869574052,17.14483695030212,0.18748147688458433,17.430787029266355,0.1875708442477966,17.633234033584593,0.18694067068211898,17.877011218070983
28040507850_F11,0,0.0051850475130805025,0.3983842661514,16.406191253662108,0.3799000908012499,16.716592445373536,0.3312949172833583,16.977276496887207,0.2716803586543417,17.213690910339356,0.22898145400351694,17.448391284942627,0.1877727567892268,16.295121288299562,0.1893354840456919,16.722341651916505,0.18935207660241907,16.998437118530276,0.18868321021340295,17.26483100891113
28040508710_B6,0,0.02658126828136294,0.3991452002403719,17.187701377868652,0.36077191449947016,17.599408588409425,0.35034266899433014,17.973195753097535,0.3109806218953083,18.318897280693054,0.2544592507289665,18.653944938182832,0.18792114484515188,17.057064485549926,0.1882869636551453,17.622894344329833,0.18813711688101684,18.002987966537475,0.18776739093436365,18.36324971675873
28040508760_C8,0,0.005022721147825697,0.1497941846170156,16.911573371887208,0.17420820087339398,17.453252696990965,0.1965277446297142,17.848977746963502,0.20318421283293758,18.15319839000702,0.22134853440882535,18.440197670459746,0.1664643810899127,16.776383638381958,0.17781769206699732,17.532635707855224,0.18218375328514957,17.91650046348572,0.1844850337973527,18.229130263328553
28040510520_C11,0,0.008814544182091712,0.12095314946631665,17.05385372161865,0.15980591953971277,17.405298824310304,0.1696234551061097,17.723789834976195,0.17472447035857758,18.027735562324523,0.1821759339578722,18.298955190181733,0.18197078227906824,17.101000738143924,0.18287772573638383,17.526720333099362,0.18387685550873104,17.835553274154663,0.18476024181496672,18.1223432970047
28040512300_B11,0,0.05349596783817311,0.3568458762254194,12.115326690673829,0.3192969273987213,12.339259166717529,0.3198113317145382,12.572266082763672,0.3051394393281741,12.806241974830627,0.2707319838297448,13.05914252281189,0.18694682016961503,12.053515625,0.18834697822917523,12.365327835083008,0.1886275109337988,12.5991295337677,0.18839823979642795,12.842733960151673
28040514190_G4,0,0.0062468083234754,0.11712184502660947,20.114250259399412,0.15634322922140684,20.980317802429198,0.205805795264853,21.595836391448973,0.18858425051116384,22.02296190261841,0.20881785722197282,22.355567193031312,0.16397774969596898,20.179867839813234,0.1730079507484234,21.095459823608397,0.17907387299721503,21.671339511871338,0.182830755746535,22.09847748756409
28040606810_E8,0,0.03238398384108741,0.11963673623529957,14.312192993164063,0.17869087284769392,14.526416664123536,0.1988957416923067,14.745721817016602,0.18970847097301785,14.963064589500426,0.20211910642699296,15.202080750465393,0.18470593386096693,14.35167293548584,0.18566329288041397,14.612443237304687,0.1861530428641672,14.823446826934815,0.18616312843238775,15.05116093635559
28040702990_H1,0,9.537331040507749e-05,0.03859014626336552,10.863929901123047,0.0783478550495075,11.209316329956055,0.14756727407496847,11.507393245697022,0.15850537273149526,11.767476658821106,0.19604309352507218,12.031242551803588,0.1782873324345364,11.068884086608886,0.18087394756227168,11.346926403045654,0.18301544999972486,11.619279384613037,0.18442115946964127,11.870426344871522
28040702990_H2,0,9.656663918100437e-05,0.0797992497322001,8.850653686523437,0.040570526933864634,9.072967262268067,0.060030615300018776,9.313224411010742,0.10415264896126523,9.583279247283935,0.14382600608999738,9.868780963420868,0.18099084624649445,9.021502876281737,0.1819341762071153,9.307953147888185,0.1824762887746182,9.512959537506102,0.18235159283820565,9.770596742630005
28040702990_H7,0,0.009179649130452229,0.03817548534461756,17.268562812805175,0.0773144983773513,17.746738567352295,0.07860657752558234,18.153763818740845,0.08905426091496138,18.51697759151459,0.1333673866673015,18.853986575603486,0.17219399661591012,17.59528212547302,0.17513783009981654,18.022346096038817,0.17821322640667,18.380203275680543,0.18031390314495055,18.708502326011658
28040702990_E4,0,0.004385480982431554,0.03297079018452543,14.042628059387207,0.07211962174106112,15.367418880462646,0.0664962960878215,16.198182134628297,0.12087750513485494,16.72290144443512,0.17390852638901377,17.098262355327606,0.13760922772165687,14.311752271652223,0.1573960617875276,15.583012180328367,0.17000702827533523,16.332871446609495,0.1777129082086362,16.828952298164367
28040703580_E5,0,0.011208357018043895,0.20134341038618186,13.364651641845704,0.23842559176031525,14.041913318634034,0.23935258613996094,14.554543981552124,0.21514207695483387,14.94780427455902,0.19790739700398538,15.272013847827912,0.1787660645526495,13.413006782531738,0.18058610174655507,14.118838996887206,0.18305400215201756,14.630179119110107,0.18455936175285861,15.031602387428283
28040911050_C1,0,0.003588500163289328,0.23654306949920276,10.02527774810791,0.14047387261344363,10.31102481842041,0.14016993575332215,10.597183179855346,0.174302208498421,10.890988831520081,0.18197773333039177,11.18502995967865,0.1824904456659756,10.024145603179932,0.1835300619748491,10.45902530670166,0.18385795703974156,10.728488578796387,0.18424789764058022,11.007491283416748
28041005720_F1,0,0.001211419003403297,0.03791045573843218,10.091506462097168,0.07743341002230751,10.709048461914062,0.10706564886432622,11.45350456237793,0.11329362163017265,12.010561876296997,0.1479225616361311,12.457222356796265,0.16741768564449996,10.651958370208739,0.16846408366106091,11.169746685028077,0.17239293796688124,11.667799825668336,0.17725222327421614,12.19106593132019
28041008900_F6,0,0.00029266354534902475,0.03784851240036141,13.669193305969237,0.058231371187049956,14.08234260559082,0.11779130695283654,14.402749185562135,0.14830924877192633,14.673109459877015,0.1686315845088523,14.94317897081375,0.17191156345366582,13.744014549255372,0.1790279939062256,14.227299327850343,0.18190008956506032,14.527946834564208,0.18339242431362066,14.805226116180421
28041014490_G5,0,0.22887362212731333,0.3953848065343369,15.487138786315917,0.4365765941458382,15.860386600494385,0.3992867012862265,16.21747841835022,0.3604799319113988,16.540786757469178,0.293990134717655,16.81138571500778,0.18563846236664258,15.38086566925049,0.18799298728581884,15.864935131072997,0.18894574308513684,16.229004278182984,0.18914649337075717,16.55759793758392
28041014510_D6,0,0.0037070974027301447,0.08021256786453447,10.830966606140137,0.080013795483437,11.149642505645751,0.06064425495880018,11.489413757324218,0.11877986920900097,11.85768846988678,0.14608016073213415,12.223899500370026,0.17727852699707755,11.002329492568968,0.1789884419565524,11.44325786590576,0.17965370296493327,11.739611072540283,0.18041909398415637,12.057626123428346
28041014510_D7,0,0.0003557395650118618,0.04033356685436925,8.452058029174804,0.05966927338887966,8.763011436462403,0.05007598412251408,9.06901385307312,0.09865418438878518,9.430831389427185,0.1334299512477941,9.798440237045288,0.17767673828890534,8.745285606384277,0.17820558324286292,9.084858798980713,0.17921211482122307,9.357720232009887,0.17963433124568196,9.661216983795166
28041014540_D1,0,0.0031392377814885787,0.2428328417087864,11.214030113220215,0.2804077018864927,11.478076286315918,0.260478821305599,11.70585313796997,0.2503421343947244,11.925960569381713,0.2233449073812969,12.1786354804039,0.18847230133426443,11.19132604598999,0.1880586175326659,11.512832050323485,0.18811434086692813,11.750877647399902,0.1875620372693907,11.989605340957642
28041102460_E5,0,0.004675907561552828,0.19890677105365534,9.370365867614746,0.17997862805061962,9.614167957305908,0.26850743711605696,9.83220687866211,0.22011278898838785,10.061213965415954,0.20540361095559806,10.32548680782318,0.18521768219450768,9.371690559387208,0.18657800844779834,9.665126991271972,0.18692804544355865,9.889726181030273,0.1864910218844766,10.148335056304932
28041102460_E6,0,0.001294542279777948,0.2383259634501088,9.032178955078125,0.1996831624842062,9.208511905670166,0.18046335955016485,9.41104531288147,0.1996185111938068,9.662526497840881,0.1851601146446014,9.938657298088074,0.18705492395950954,9.033355855941773,0.1866371936332031,9.293446216583252,0.18606562162741289,9.517021150588988,0.18539344563171375,9.775321850776672
28041107020_B7,0,0.003054768182961931,0.11827013768052261,8.479997024536132,0.06064087528842369,8.812809658050536,0.1286435179680469,9.12208031654358,0.1489952298359012,9.429330701828002,0.14462628766702332,9.767280762195588,0.17945686345972972,8.642946863174437,0.18116496032940874,8.98809762954712,0.18199592561536995,9.292321395874023,0.1821667736658316,9.609242415428161
28041107120_B9,0,0.00275914563325211,0.1981825585134043,8.657156600952149,0.19899806564577693,8.839923572540282,0.16990412586634784,9.04484637260437,0.1698519414904063,9.303432335853577,0.18453237163645334,9.608339395523071,0.18567451688324557,8.650053644180296,0.18599448916225764,8.946785583496094,0.18527531926253385,9.177585535049438,0.18449182351681223,9.440730328559876
28041112590_F9,1,0.16155215173817405,0.04210522220923881,19.629333419799806,0.13494152775298404,20.429578857421873,0.23257144583598843,21.131421070098877,0.19303141428789775,21.699024171829222,0.20131439668391318,22.142604699134825,0.16544519985616754,19.91302547454834,0.1713565439789973,20.632417678833008,0.1760067461782648,21.25157636642456,0.18019167883227521,21.796165437698363
28041202130_G6,0,0.012252429959970498,0.04283794813092016,18.512572708129884,0.060502228645478266,18.983128204345704,0.08953718918402528,19.40807580947876,0.17728702594184548,19.80555669784546,0.19082826192147154,20.150286736488344,0.17315708950106512,18.713610649108887,0.17706725164467166,19.23563289642334,0.1796690785918394,19.57255054473877,0.1818754827043165,19.912016105651855
28041206030_E3,0,0.005038396554074146,0.2794510955118864,15.334010620117187,0.33762655223302607,15.742162322998047,0.2803729134919938,16.100276756286622,0.2850319526425016,16.432319822311403,0.2704499525780072,16.75695749759674,0.18415362174592717,15.256935024261475,0.18595670750672136,15.77481719970703,0.18668197437145584,16.146777992248538,0.18688347225915736,16.479244260787965
28041208030_E8,0,0.03418402152913138,0.2061571515109702,22.66282356262207,0.20110284294698091,23.642041931152345,0.22894100711856225,24.53574541091919,0.2484838242734443,25.26416944503784,0.2371793388606824,25.790899114608763,0.1944816437223506,22.62530174255371,0.18371291016904354,23.890616722106934,0.18147986033580785,24.64781047821045,0.18312852332014795,25.332253570556638
28041208030_A9,0,0.0011179712773827643,0.07858909738879245,10.519632034301758,0.15755849249078754,10.763307075500489,0.2178101274091711,11.005810451507568,0.16503777620048798,11.281602106094361,0.17243611519366808,11.581505002975463,0.1823703624345928,10.598718500137329,0.18431217322242718,10.853854331970215,0.18446309251944795,11.115355195999145,0.18440165354659682,11.411315660476685
28041208590_H7,0,0.0005122201185367088,0.0,19.48589042663574,0.0395642850079396,19.660346755981447,0.05939991387030815,19.886582870483398,0.08899574645625817,20.143380517959596,0.14099873622985684,20.415553827285766,0.18064171407311602,19.68124074935913,0.1817417629086921,19.9274857711792,0.18216825326089991,20.098987369537355,0.18276789295528603,20.312605638504028
28041209990_H1,0,0.002956634327043829,0.03880806900924875,19.33147285461426,0.03956332963497324,19.785856513977052,0.11643062551843586,20.24141080856323,0.1665528522244424,20.715194692611693,0.18754477958230067,21.160990643501282,0.17165633020142107,19.694442749023438,0.17481097886251473,20.108634033203124,0.17706993256512743,20.480135860443113,0.17915179292856193,20.86859631538391
28041209990_H2,0,0.0007780216430145151,0.039060518968543595,9.585410499572754,0.059212930542998095,9.832642421722412,0.09887160599115782,10.10514663696289,0.1533650066804005,10.397372851371765,0.19810184197861416,10.692624635696411,0.18077423932705883,9.783331871032715,0.18163570033469034,10.03549612045288,0.18252789031969502,10.260336074829102,0.18340829822557178,10.515095801353453
28041210560_F5,0,0.16130511825135252,0.2035757350932567,17.078962211608886,0.22099774503449993,17.543097286224366,0.2692086427316355,17.930052080154418,0.259908685383923,18.285807824134828,0.23353643054554227,18.641076900959014,0.182266424664782,17.01199345588684,0.18438128550102317,17.611886997222904,0.18533885542160308,17.98739033699036,0.18578460541717062,18.349506888389588
28041210590_F6,0,0.01339123228668799,0.36197366713812884,16.01313995361328,0.30254716375770213,16.394606246948243,0.2917370050127116,16.732089614868165,0.29096575743874875,17.060370445251465,0.24659448422598843,17.374951901435853,0.18916018725660008,15.91452007293701,0.18829767524789257,16.425723495483396,0.1878776083152604,16.77225248336792,0.18756241553748212,17.108923025131226
28041312010_C11,0,0.0009470979811357378,0.11841157811406018,16.18825798034668,0.15795134080846374,16.55775573730469,0.19811617374890902,16.83329740524292,0.20393367233687382,17.071060667037965,0.1872247199648117,17.308389196395876,0.17947834457926584,16.252691650390624,0.1829970953637913,16.62768840789795,0.18508302705616717,16.901038303375245,0.18573671178765735,17.156871480941774
28041312020_C6,0,0.004502752861685928,0.11523606223545738,11.730949668884277,0.11727256814149063,12.123425331115723,0.15760808392576783,12.414038553237916,0.16859346820428764,12.668285489082336,0.1938972728120186,12.911370825767516,0.1739181703856531,11.732802200317384,0.18074829417902533,12.230781536102295,0.18352631183572612,12.509035530090333,0.18484216607380635,12.759950170516968
28041502470_A9,0,0.006708420101922914,0.039088126803023676,11.166795196533203,0.07780580646357826,11.6518310546875,0.10771224132962945,12.121020221710205,0.17200839504073484,12.506264581680298,0.18335350743987888,12.823487546443939,0.1703745180838984,11.414274311065673,0.17543621119475158,11.916973915100098,0.17907427753595204,12.254653692245483,0.182031011255975,12.605122599601746
28041503010_F7,0,0.040008582698349816,0.0,10.385064086914063,0.01955132722841196,10.655549774169922,0.10738707195474351,10.970979404449462,0.18663527845394678,11.336061043739319,0.19337578005706094,11.696170666217803,0.17774639495946723,10.669601249694825,0.17963239943630296,10.925403995513918,0.18074087581183873,11.157397689819337,0.18180023136738407,11.454664368629455
28041601780_B3,0,0.0028236339922090726,0.0,9.205687789916992,0.07757842133688352,9.63667043685913,0.11768240723732676,10.011682090759278,0.18738186105191706,10.327460570335388,0.18391842912843584,10.654878833293914,0.17402727463367332,9.447098207473754,0.1781180423375468,9.814367904663087,0.18126804478072292,10.12326210975647,0.1827838291863707,10.452756466865539
28041604280_A5,0,0.021595969271596523,0.1965475322112146,20.132026443481447,0.17957073965511838,20.689861679077147,0.24801672332026872,21.109604053497314,0.2198286674121192,21.461076765060426,0.19537941559984565,21.74882779598236,0.17702786978770338,20.14594612121582,0.18119355085751737,20.75088020324707,0.18371307946353696,21.171813354492187,0.18523212486230295,21.53276986122131
28041609060_F6,0,0.10833543952550696,0.07630380121845846,18.174136505126953,0.09735354976996292,18.64141788482666,0.20559789616943966,19.03363967895508,0.2273212532942966,19.36823410987854,0.243206009075899,19.666568875312805,0.17172012500583167,18.259235668182374,0.17854615961651302,18.76801872253418,0.1818927190986026,19.109997215270997,0.18422086091602224,19.433066053390505
28041609080_F7,0,0.17737633455212684,0.0,17.53918273925781,0.09643257426568158,18.003310241699218,0.1760721562789364,18.394386310577392,0.24151484657465938,18.72589075088501,0.25312781204818974,19.029263033866883,0.17347298367232972,17.760361003875733,0.17815402266191055,18.144530105590817,0.18169720573239478,18.472272834777833,0.1842399446031861,18.78263521194458
28041612390_B12,0,0.2458362146853571,0.4009861115430372,16.034859886169432,0.3615917053319797,16.33618227005005,0.3314518733333669,16.582968702316283,0.29165921880428664,16.832914061546326,0.2612245307712995,17.079965751171112,0.18965114015592174,15.919859552383421,0.19007080867633183,16.34855890274048,0.18964966094712285,16.605522832870484,0.18884086245553958,16.87042119503021
28041702100_A12,0,0.009148913243468528,0.0,17.724089698791502,0.01813541938475665,18.67082193374634,0.06604692398713871,19.509964456558226,0.10547381803694236,20.258024859428406,0.15094424014450267,20.805063092708586,0.1509778685000872,18.537237024307252,0.15829128902052175,19.284119205474852,0.16582655415581538,19.874288606643677,0.1726209418341071,20.427513308525086
28041702100_B1,0,0.0015964141214321068,0.03595872068502318,22.684307594299316,0.03749115104958172,23.765550746917725,0.09459731012167345,24.643079957962037,0.11166597651925736,25.21045708179474,0.14475753473549813,25.60598251104355,0.14353330800234654,23.123749780654908,0.15927614673330887,24.14596990585327,0.16905048361440872,24.794691419601442,0.17689571786416636,25.329629063606262
28041705340_H6,0,0.5212165376604658,0.40294597952648453,10.141088790893555,0.3818598093425482,10.378543682098389,0.35152191554579465,10.601154470443726,0.3261816502963377,10.815431771278382,0.26915451920750705,11.060950820446015,0.19205470795974192,10.067317914962768,0.19087073159794218,10.38978826522827,0.19029024557167448,10.613723421096802,0.1895464486439937,10.847726030349733
28041708260_B3,0,0.08985992558198785,0.235847649322717,12.927557220458985,0.2379648581121782,13.199888305664063,0.24893080637983817,13.444788513183594,0.2103219828121816,13.677252435684204,0.21758029763069744,13.945710191726684,0.1825417341804617,12.874258041381836,0.18577312568696702,13.243783473968506,0.18665275105419687,13.498912649154661,0.18649757282706378,13.76398024559021
28041710370_B4,0,0.37151364837856565,0.35706747362012903,10.467209815979004,0.3391076959027895,10.738827228546143,0.2118740802826026,10.976105003356933,0.245360147700071,11.207974882125855,0.2402384372596556,11.471974141597748,0.18671012661776817,10.39741849899292,0.1878874270373217,10.768772258758545,0.18795013824055343,11.031315717697144,0.18731727886872565,11.278013153076172
28041710370_B5,0,0.002261119752634528,0.15772527756334462,12.277462005615234,0.15925485829018174,12.477689819335938,0.22857693593409065,12.685274391174316,0.23426561736409848,12.904446635246277,0.22238734159322326,13.157103741168976,0.18524986659595427,12.314844560623168,0.18603735314786632,12.54080530166626,0.18669924754052147,12.742366752624513,0.18659856073250117,12.980171461105346
28041710370_B7,0,0.020998595909260936,0.3192385501907906,9.874496841430664,0.20098497913044042,10.031435661315918,0.23019405514937621,10.213226747512817,0.2350979548774066,10.432773823738097,0.2178061657000017,10.701308736801147,0.18914932320775474,9.861687612533569,0.18834981341368764,10.083086357116699,0.18774218935244966,10.275485687255859,0.18678424069905128,10.520140089988708
28041804550_E5,0,0.012456267906996605,0.0,9.832087783813476,0.05890380941169991,10.064233951568603,0.10873065438899203,10.308268175125122,0.1437066670480089,10.597905774116516,0.17137108612495316,10.920551426410675,0.18079450188247195,9.97002034187317,0.18220740486711745,10.253266735076904,0.18267587855144546,10.478470964431763,0.18274381434109835,10.755208439826966
28041804550_E7,0,0.03535700777264696,0.0,10.639926147460937,0.03929980298007342,10.865377445220947,0.08854091751646914,11.104332675933838,0.14305392062721795,11.404733781814576,0.18049104267914465,11.749661674499512,0.18065179036875312,10.864750862121582,0.18152242686077516,11.093624038696289,0.18186023298769607,11.318088245391845,0.18205896517701126,11.57188925743103
28041804550_E8,0,0.001624585908093166,0.11989959037708559,8.743022937774658,0.17916944813251837,8.928805265426636,0.1795072825700988,9.144183382987976,0.16020716691051384,9.372811734676361,0.21160283385222306,9.6394941675663,0.18612703713918782,8.77396914958954,0.1859971179186693,9.027281370162964,0.18564550419705989,9.246656851768494,0.18557134043208603,9.481175253391266
28041804550_F8,0,0.05530547270460173,0.07884512868483103,13.204890632629395,0.09908549462142131,13.418358173370361,0.1682099184132808,13.661899843215942,0.1593235103701211,13.937836136817932,0.18412023900273608,14.24542185306549,0.18253487675482738,13.283865118026734,0.18380116967060295,13.56305902481079,0.1838497836519528,13.795779561996461,0.18378540662677656,14.075364246368409
28041909560_B10,0,0.01268890141111277,0.5205838803943782,8.844993171691895,0.40156942654527145,9.014906845092774,0.3714987288781496,9.205255308151244,0.3018191601446587,9.422289500236511,0.26143443423042045,9.691234006881714,0.192248329915276,8.791137266159058,0.1913861529519149,9.020102348327637,0.19064719414572,9.2230685710907,0.18905828249809672,9.47704870223999
28041910650_C3,0,0.5279661306467637,0.44056284292844733,12.242207794189452,0.4205919387151967,12.418207263946533,0.31193833636313084,12.611664199829102,0.2618746556240268,12.849684009552002,0.24392309820835825,13.11177993297577,0.19119956003564129,12.184854984283447,0.19096846944580828,12.424537181854248,0.18968740840638715,12.645923862457277,0.18850164721797233,12.902181735038756
28041911650_B11,1,0.008945963049305507,0.1194209801850742,10.071588020324707,0.11966390082569127,10.190948448181153,0.18887950064077957,10.35913432121277,0.19926177822452107,10.574161481857299,0.20455852179064848,10.837423207759857,0.18728227568038064,10.127336168289183,0.1868543158917636,10.293654232025148,0.18633520865301098,10.452556686401367,0.18579015286384074,10.677215356826782
28041911650_B12,1,0.002037791826147457,0.07998453706052672,10.551759948730469,0.07999058662393439,10.69662115097046,0.15884050037477515,10.890335988998412,0.1889747499710756,11.12213050842285,0.19442763209237865,11.392571001052856,0.18544856720719974,10.637046813964844,0.1857258142292265,10.828734016418457,0.18548991533314269,10.99824034690857,0.18511555983970715,11.230846095085145
28042003030_E7,0,0.0003956236830666069,0.20182340092785828,19.10408248901367,0.2202029287715752,19.349820137023926,0.18091694282296103,19.602703342437746,0.17069037800587405,19.85733687400818,0.19478992018957825,20.109156742095948,0.18637446213794184,19.076766109466554,0.18635444499931214,19.43846343994141,0.18592510105184665,19.703342227935792,0.18590077118288373,19.951522827148438
28042102250_G4,0,0.00328028299002074,0.35908895362180454,13.181663627624511,0.3003654104035484,13.428685569763184,0.3001396305204679,13.656229343414306,0.27060921418247,13.900076909065247,0.23604024012229904,14.1609956741333,0.1885783464551858,13.12708601951599,0.18849679244512102,13.454330806732177,0.18840504185755438,13.696287603378295,0.1878271998606872,13.954228439331054
28042102250_G5,0,0.005929384539267998,0.24142573649727717,15.648405303955078,0.2206036236042436,15.8817529296875,0.23990164407475378,16.152158756256103,0.20567259441651933,16.42416971206665,0.1980172059183241,16.72256506443024,0.18773671706922757,15.63777780532837,0.18691543485003523,15.965175704956057,0.186317396352018,16.231165447235107,0.185789448705278,16.52535373687744
28042203710_F6,0,0.009855455193541723,0.20574530580308437,17.279946632385254,0.3182995674457746,17.804592456817627,0.2900486273382068,18.156298322677614,0.2361811574690335,18.42921155452728,0.23804341004639523,18.679878594875337,0.18117877996312523,17.128447771072388,0.1855311608904463,17.82032194137573,0.18714998105384037,18.191235094070436,0.18750823752117995,18.48293114185333
28042203710_F7,0,0.07114672013933108,0.24370761188356277,13.644888191223144,0.3392041751514136,14.005485076904296,0.31010706295133433,14.352157621383666,0.29062408335468376,14.68712453365326,0.2658194339500777,15.013957788944245,0.18769410333751815,13.612131118774414,0.1871235690809205,14.044277935028077,0.1873469855577231,14.394138908386232,0.18722244469268284,14.737792878150941
28042306840_A3,0,0.007998887407415674,0.2861261503465951,13.191167678833008,0.30278421629135044,13.582177391052246,0.30148788129464493,13.920134534835816,0.24211970179263156,14.219175596237182,0.2019101822407343,14.520219068527222,0.1897630785588546,13.11086263656616,0.18831046952385147,13.617620334625244,0.18806055203378347,13.962556810379027,0.18706881002134673,14.305408506393434
28042308040_F10,0,0.015976274268496262,0.16071976186174863,14.431662330627441,0.19911540757090962,14.807666816711425,0.19963075558830098,15.155547599792481,0.21943714779483484,15.47726315021515,0.2000929814719951,15.791774740219116,0.18276409393447135,14.480421018600463,0.18340843808449725,14.90496223449707,0.1843914994303867,15.24002408027649,0.1848154053006011,15.571692643165589
28042309910_C5,0,0.014219957837602494,0.15911014232930173,15.075795555114746,0.17938740256817934,15.353068656921387,0.16966570885345114,15.691696681976318,0.22312284875633284,16.050843296051024,0.21425565517129,16.39045148849487,0.1831586183512966,15.080952835083007,0.18310385498683607,15.517810668945312,0.18318629289172725,15.821107196807862,0.1838432504865822,16.14381413459778
28042312910_F11,0,0.0009983650252433326,0.04089005525765527,17.29806739807129,0.07773100640023592,18.018440017700197,0.05979711036944733,18.600678195953368,0.07427990103631943,19.1083039188385,0.14241919337528267,19.535611538887025,0.16383330562798515,17.760170269012452,0.16833287411253361,18.421209831237796,0.17351178607426268,18.90038465499878,0.17768193188392076,19.296096477508545
28042407790_F1,0,0.05488092010637081,0.31951771655598354,15.356788749694823,0.2807215486671246,15.70550552368164,0.279848195105208,16.017875957489014,0.27495828865943356,16.336085205078124,0.26022537251819516,16.6368115234375,0.18654007904127626,15.276743555068968,0.18677142736332258,15.755886459350585,0.1867035990225078,16.075136280059816,0.18684695104698976,16.386779327392578
28042410140_E2,0,0.00047447015663980004,0.03886589070886612,14.507100372314452,0.05869983381434775,15.05121675491333,0.12661749307677966,15.565053110122681,0.18651786751645236,16.000824418067932,0.20763063607771748,16.379233839511873,0.16772268471288249,14.742711353302003,0.17409317962891632,15.317941799163819,0.17782826986011704,15.70883897781372,0.18098920345365535,16.108356490135193
28042410140_E3,0,0.0015108691385780776,0.039662262562866035,14.602488403320313,0.07857326211972226,15.008575611114502,0.10814706625841268,15.39444423675537,0.16223506002099114,15.806217093467712,0.19038743631443822,16.20249714612961,0.17367743750504444,14.792031908035279,0.17713541583672512,15.27624496459961,0.17909578795690495,15.611730756759643,0.18074241174423084,15.945370383262635
28042410150_D12,0,0.0005233704594495119,0.15711935773056396,10.064853477478028,0.1002001946774604,10.416555824279785,0.11941472556599478,10.757024250030518,0.15862330579320089,11.119187941551209,0.18122571214499347,11.477995419502259,0.17944412482648117,10.200027227401733,0.1802666981494043,10.626657218933104,0.18135175663662956,10.941115970611573,0.1820305145836726,11.262299804687501
28042410150_E1,0,0.0017651604318202803,0.12020691762024284,11.80733787536621,0.1198037263812994,12.102870616912842,0.11024446399892891,12.410415029525756,0.11024637797958092,12.744946336746215,0.16395140880021522,13.077063767910003,0.18205576354946224,11.920789003372192,0.1814429971529139,12.317851810455323,0.1817323245107128,12.611093244552613,0.18234892902472258,12.903368363380432
28042410160_D10,0,0.06727030357743781,0.28352442560216173,18.247489547729494,0.3388633452149589,18.820491065979002,0.31052477976999304,19.305130004882812,0.2809866366788388,19.70310980796814,0.24400514784234337,20.07185694217682,0.18481088373437762,18.125399303436282,0.1851581549911836,18.852908058166506,0.1863284665491726,19.34732858657837,0.18639625815581534,19.76512257575989
28042410160_D11,0,0.0020380281087299845,0.20380382366650146,10.865647239685059,0.10350077731053355,11.078497982025146,0.1802870767767876,11.31913179397583,0.16537869048068685,11.567624835968017,0.17256454708007896,11.851778676509857,0.1876378499262084,10.892487716674804,0.1865797577359492,11.206884059906006,0.18563974335985545,11.432468738555908,0.18478745347787753,11.709897255897523
28042410160_D9,0,0.010692548763897495,0.28304388750941706,13.81536636352539,0.3006542109449361,14.129702472686768,0.3587990810167399,14.42169677734375,0.2858924875480054,14.699431591033935,0.27321864783602917,14.993792123794556,0.18850071886897923,13.752583980560303,0.18793465151570457,14.167809104919433,0.18819165043035452,14.445326938629151,0.1879615547406275,14.747696280479431
28042410430_D8,0,0.002833634091352495,0.39578094350208354,17.124295043945313,0.32003392744191367,17.438751411437988,0.3003607139587931,17.726647396087646,0.280568473865636,17.968633308410645,0.24829455282040508,18.202445726394654,0.18653794448764716,17.042556381225587,0.18779300296708062,17.46722869873047,0.188317437155485,17.752680664062503,0.18828533120832422,18.00926333427429
28042412030_B4,0,0.038671014182662826,0.2405165245235645,9.172919425964356,0.3390598383770109,9.393653354644776,0.34903720784486864,9.642877950668336,0.27095732724586863,9.911119875907898,0.2533412235562592,10.188502583503723,0.18894225332803305,9.159544515609742,0.18824821687639254,9.41877462387085,0.18825257679596605,9.67799476623535,0.18780079998182672,9.96134524345398
28042413540_D3,0,0.0007722057116900519,0.15882148529866055,10.553887748718262,0.15923849554060115,10.754589805603027,0.1597986627411271,10.982559747695923,0.13526436369168007,11.253802461624145,0.14505154760251723,11.555842669010163,0.1845624317619098,10.56341462135315,0.18487423208887727,10.891281394958497,0.1841133582508711,11.1429927444458,0.1832821208677646,11.430833258628844
28042505820_B2,0,0.052708626242401004,0.3223077558442334,11.775482025146484,0.3413797659171925,11.97931812286377,0.3112946917425703,12.18718689918518,0.256387213411357,12.414442858695985,0.22864335774611338,12.661376609802247,0.1909066353198942,11.733509302139282,0.19016692627961992,11.989588947296141,0.189267873712655,12.227353124618531,0.18823553026981096,12.479589185714723
28042506220_E8,0,0.01265931587512444,0.19847493372739944,13.806943969726563,0.2582120244570517,14.019212303161622,0.2592298599996373,14.2258931350708,0.2546766138380525,14.446116695404053,0.2253874546160042,14.697021315097809,0.18567616800700798,13.801264381408691,0.18708479669768957,14.056477108001708,0.18748953616457367,14.271390399932862,0.18718269204508625,14.508103003501892
28042506220_B1,0,0.0031249608804724506,0.16023863397164814,9.181234436035156,0.1797011401578115,9.381256046295166,0.16016516736251823,9.610356798171997,0.17497936661694174,9.864231157302857,0.16759472097007938,10.143658201694489,0.18646172550704534,9.215428256988524,0.1858805089733377,9.490339336395264,0.18538076275456364,9.72602250099182,0.1846845260282088,9.999529132843017
28042509100_C6,0,0.11683081193223124,0.3642991637748244,11.459652137756347,0.36180718879223017,11.710154514312745,0.3414931135979931,11.987563228607177,0.33084376421951195,12.282193870544434,0.257157983906407,12.58374187707901,0.1923948019057129,11.399125671386718,0.190303473524716,11.727154502868652,0.18929401035566454,12.013602151870728,0.18863763679945578,12.316850461959838
28042510600_C9,0,0.0010702254532531288,0.19338595825232796,11.021318054199218,0.13810665063906558,11.355636005401612,0.20752067839494343,11.633146705627441,0.18414931116468625,11.900786380767823,0.18699555632220385,12.180191752910615,0.17723231737122064,10.99807858467102,0.18277436138676992,11.442694606781005,0.18415950312366622,11.73309886932373,0.1845642497050159,12.014330010414124
28042510600_D11,0,0.003279050888722002,0.2826870942773311,11.468466529846191,0.2616805250267791,11.698293170928956,0.23165954321582435,11.96437123298645,0.22103164545299167,12.234186563491821,0.18371634105816043,12.516013300418853,0.19015372518104048,11.439585447311401,0.18824465377037816,11.75761604309082,0.1871864289110332,12.032598342895508,0.18617939021765367,12.341366815567017
28042603550_F12,0,0.015801652294343656,0.1979770345639122,10.280060691833496,0.17919483181322157,10.466777858734131,0.22834230526710195,10.70609869003296,0.224205944445462,10.973537521362305,0.22450026306973717,11.268744907379151,0.18595655927091917,10.319457530975342,0.18568315685885844,10.565136051177978,0.18571271614784543,10.792052202224731,0.18558282647596797,11.063366632461548
28042606820_F5,0,0.0016490555429476419,0.08263498907464686,15.340976142883301,0.12033571368682679,15.68263412475586,0.1592680899131146,16.040312480926513,0.19858452816952774,16.39919898033142,0.19687616805347274,16.780889139175414,0.1815008274415662,15.448612594604493,0.1817545266209123,15.85933572769165,0.1823588759189403,16.177518730163573,0.182872469499221,16.529053668975827
28042610620_F11,0,0.03539984479821809,0.3967090270419272,16.180088233947753,0.3400773957201074,16.572708644866943,0.2328875950038536,16.92671525001526,0.26058006612341655,17.248683247566223,0.21878455092638086,17.556313807964326,0.18607694058168905,16.045563459396362,0.18730767090549888,16.619979457855223,0.1869973933005405,16.99201121330261,0.18666060235894194,17.321184248924254
28042709250_E2,0,0.00048183004160462435,0.07839256902517351,10.817937698364258,0.07909160855460103,11.104289531707764,0.08932970912219461,11.380414571762085,0.11399268117785671,11.642306046485901,0.13399348885631437,11.917347593307495,0.1787939031541988,10.957024526596069,0.1809782854425956,11.309392337799071,0.1820784464289923,11.560871562957765,0.18272165256153008,11.82281334400177
28042709250_E3,0,0.0030413636281962776,0.03786057039962547,24.48060401916504,0.09629039026122314,25.137218132019044,0.11692084861120934,25.701782035827637,0.14753285239135067,26.13499108314514,0.16831857989554452,26.467429242134095,0.16407458535451536,24.73151264190674,0.17165991931271302,25.386084327697752,0.17696573537806656,25.843004169464113,0.1810245575628481,26.2374956703186
28042902330_A9,0,0.0007477315626231816,0.03803571550657824,19.50542297363281,0.07728768341706084,19.954162139892578,0.11720161086373791,20.3235378074646,0.13339840230399175,20.642642211914062,0.13417737077911213,20.949354424476624,0.17182686044362722,19.719672203063965,0.1774095557719025,20.145163230895996,0.1802163144341991,20.48440071105957,0.18195291421058363,20.7978436088562
28043007250_F9,0,0.04746962254240724,0.31897603404201763,12.45696262359619,0.29995277789800956,12.569968452453613,0.25079099721340575,12.754601545333863,0.25048369275237703,12.98973626613617,0.24552722242812136,13.245765409469605,0.18964171014493297,12.437547445297241,0.18925698570066993,12.608435688018798,0.18821497159540115,12.80973731994629,0.18765517011269364,13.040945134162904
28043008620_A1,0,0.008079240739516812,0.36093950976927563,10.30461612701416,0.24174667151376825,10.452019634246826,0.1915901113027931,10.623870487213134,0.1857085332437364,10.826471819877625,0.2000949845324819,11.10999051809311,0.19086177923876083,10.26766619682312,0.18921690932019486,10.507551307678224,0.1876296132239749,10.721637430191041,0.186222630127928,10.951855897903442
28043008620_D9,0,0.008037394816021249,0.03869093033466462,11.008738594055176,0.11707429630557602,11.360020503997802,0.15756332687162208,11.710757188796997,0.1587015603337309,12.063886137008668,0.15450187639763674,12.419803259372712,0.17807916971152782,11.20404019355774,0.17977658476878067,11.542442150115967,0.18097496941363647,11.876190338134766,0.1818291655438726,12.224472184181213
28050109070_F12,0,0.46582720865494764,0.2818933962177894,8.862885398864746,0.2809276970835802,9.04612476348877,0.2508777674834507,9.2186212348938,0.2358313891976092,9.440085353851318,0.23296842889216626,9.690909361839294,0.19021276145024604,8.838805103302,0.18928987282109522,9.069859523773193,0.18853582726437965,9.276712350845337,0.18755369791463491,9.509211926460267
28050109070_G3,0,0.031062481374693165,0.28295427453336586,10.15804370880127,0.24226560885436266,10.443081760406494,0.1921182887655051,10.699461669921876,0.21568994160190266,10.957686076164245,0.22031380100627992,11.241018006801605,0.18867888646130884,10.106059551239014,0.18768926281054227,10.504877071380616,0.1871743468713461,10.77757625579834,0.1864884951190297,11.043753929138184
28050207790_G4,0,0.3038742768586975,0.44288327503752795,14.618892974853516,0.40198225053131864,14.945084362030029,0.36214569310526856,15.247065811157226,0.3367359204589196,15.531279549598693,0.26233043251363475,15.81351066827774,0.19224776432549687,14.511798620223999,0.1907122233372149,14.953393993377686,0.190114559719198,15.264064083099365,0.1893999323212197,15.566975860595702
28050215550_B7,0,0.025351234606541678,0.47966377434878027,10.198131980895996,0.38102936588595004,10.332955379486084,0.3016281044563997,10.52211527824402,0.2514030003533229,10.737910747528076,0.25567604378338954,10.973934090137481,0.19126978083149035,10.161025619506836,0.19078785651554486,10.347371845245362,0.1893832851068855,10.561125974655152,0.18857529198988218,10.789000520706177
28050304120_C4,0,0.006741451192739885,0.20448110377619483,12.03833839416504,0.16298170880275048,12.261934871673583,0.22037636910651467,12.489286661148071,0.20548186189258222,12.74218689441681,0.18583653922770962,13.015656423568725,0.18869676773631164,12.020818662643432,0.187627306258105,12.344882946014405,0.186817655868552,12.574083499908447,0.18600931440634108,12.845833191871645
28050310100_E6,0,0.0024920936108031332,0.12034295033723728,13.808021812438964,0.13970914057541764,14.097087211608887,0.1791140823324412,14.395652751922608,0.2138579153087824,14.70293074131012,0.2609301457451036,15.038142967224122,0.18313189151394718,13.88730492591858,0.18365245153461937,14.22093240737915,0.184255365272984,14.495571765899658,0.18483235017058539,14.785740704536437
28050310160_E7,0,0.001499142098110883,0.28325832540990736,11.281181640625,0.24206269629629698,11.56518684387207,0.1721636888500778,11.819309396743774,0.14153430135218353,12.066356115341186,0.1727452264467218,12.33478589773178,0.18886049705006214,11.235631656646728,0.1871143203540611,11.656896953582763,0.18627525188121194,11.9383984375,0.18547081924154127,12.1968687582016
28050312270_E9,1,0.04540975556308723,0.3191326928652745,9.896324729919433,0.2798700862475647,10.079809131622314,0.270146715379186,10.296572904586792,0.24547243950022965,10.516663990020753,0.2280233146869216,10.770834662914275,0.18848064501562886,9.8634503364563,0.1884141109263363,10.12311420440674,0.18804464417284206,10.336699209213258,0.18748230557659518,10.588570981025697
28050312290_A3,0,0.03234816025308945,0.1242060216985584,14.365094528198242,0.18090172073108257,14.662157554626464,0.17070834756609665,14.96255479812622,0.20474468805385282,15.251413927078247,0.19996188872207188,15.539460115432739,0.1858351216733865,14.398661375045776,0.18474067331866442,14.778644771575927,0.18511406054419022,15.051874198913573,0.18528982410065975,15.348033962249755
28050313660_A4,1,0.009053976538155173,0.07733048340775998,12.901392440795899,0.09823660259432165,13.332150669097901,0.11839369654412306,13.760323801040649,0.12885620589475197,14.14150025844574,0.15382682203854486,14.498105320930481,0.17554928424233585,13.145852756500243,0.17700953695665556,13.578879985809326,0.17926907140344217,13.942867212295532,0.1809295805552682,14.311411561965942
28050313660_D5,1,0.5367915920691794,0.3616220200686603,14.294781532287598,0.3805859092722208,14.595908126831056,0.34104962403566946,14.870227365493774,0.2864030094007955,15.128432183265685,0.290482941165079,15.40341246843338,0.18961298579333916,14.208332347869874,0.18957801720479253,14.608324947357179,0.18922492107994923,14.896621608734131,0.18854912079370784,15.17412926197052
28050410360_E8,0,0.049116812649506125,0.2022523771468803,13.735400009155274,0.24026378364435313,14.039467525482177,0.2596739261618014,14.32551064491272,0.25514196421743385,14.599707641601562,0.22563158278202244,14.867884662151337,0.18658113348143898,13.721502828598023,0.18635186169537385,14.095807037353516,0.18693362272475883,14.373256988525391,0.1869215579347874,14.658562951087951
28050411000_E10,0,0.08398832085364165,0.4077901400516375,15.927555694580079,0.306886480904728,16.346387367248536,0.25534812510391425,16.733899250030518,0.2527075513048901,17.062592449188234,0.20744387701195283,17.373493037223817,0.1940351530497268,15.78279628753662,0.19022004198111228,16.389365119934084,0.18860615210390658,16.7823099899292,0.18748557605929606,17.13950568199158
28050704110_A6,0,0.0710818480853538,0.2803064474438166,13.238936080932618,0.28026703584800206,13.385566711425781,0.2702674050795184,13.536030931472778,0.26016632079826585,13.723726434707642,0.24037804507617308,13.940453286170959,0.1896014704486105,13.219778966903686,0.18944217136541722,13.408751525878905,0.18887402082912513,13.580446891784668,0.18817095566200712,13.775667724609374
28050704110_A9,0,0.004980427580652591,0.24077501853532335,15.687258605957032,0.24031708112023023,15.90774995803833,0.23032843903324296,16.150516061782838,0.2154801899382924,16.37299249172211,0.20786960496371212,16.603374745845795,0.18800092019725878,15.671226930618285,0.1872792159212204,15.967743968963624,0.18734505870608092,16.203034620285035,0.18716922427444202,16.44508698940277
28050704390_B5,0,0.0880270597556105,0.3136637044119628,14.854075660705567,0.31692961201962383,15.169535064697266,0.2599401438718062,15.461443662643433,0.23064043018282462,15.731538028717042,0.22544863277438745,15.99621705532074,0.18321233022711175,14.804718494415283,0.18604175671301282,15.201911945343017,0.18675290124047061,15.508645887374879,0.1869231186644095,15.796280951499938
28050801650_F10,0,0.05865317003421432,0.11795378617721132,16.8235684967041,0.13842506077384145,17.142162322998047,0.14889349039247488,17.417837734222413,0.13959445268176407,17.662851305007933,0.16934161848918705,17.906149220466613,0.17861982112228014,16.83485641479492,0.18248563105966806,17.262698783874512,0.18399866050890473,17.525255012512204,0.18490060867938263,17.773990573883054
28050801650_H2,0,0.11144974522279229,0.13162937261107605,22.769084167480468,0.19794616293403663,23.995122108459473,0.1804964512914044,24.719142723083497,0.1801723224083714,25.190925235748292,0.1776862497980179,25.52236059188843,0.1324089612603822,22.390227699279784,0.15998356466905325,24.072477073669432,0.1724309279881254,24.8012526512146,0.1794589935168344,25.266439723968507
28050804090_G2,0,0.011147368517144358,0.07990421366924863,15.110933074951172,0.08010945381255333,15.378746814727783,0.11901741094372006,15.695120344161987,0.14852579230058016,16.05075141429901,0.19544695737963746,16.43882394552231,0.18146018290893262,15.285121250152589,0.18088473672354308,15.623709335327147,0.18096970394976297,15.906168870925903,0.18156489230642128,16.218762898445128
28050804090_G4,0,0.0015535591841600777,0.24020260891626086,15.675970001220703,0.2603456053617303,16.202086868286134,0.19298958421398696,16.712451133728027,0.19161358353471963,17.16558627128601,0.17869331882347805,17.5825901222229,0.18450517728126797,15.708990621566773,0.18222833990214649,16.312766189575196,0.18275960941336497,16.84212345123291,0.18297870953677142,17.305639286041263
28050804650_F3,0,0.2328330202805211,0.27860520599590655,12.169143600463867,0.2989366427271828,12.369582252502441,0.28958791201563827,12.560629568099976,0.23570253518039996,12.79320685863495,0.198598503895612,13.03692521095276,0.18723192146904227,12.123710870742798,0.18830413262482512,12.393967361450194,0.18798470873685702,12.612125120162965,0.18726228348448473,12.865503764152527
28050805340_A9,0,0.007469075574782937,0.19664901994498987,14.86320499420166,0.13932825964881726,15.119786491394043,0.168891146402716,15.378129386901856,0.1644381706523528,15.618409724235535,0.16714112514291454,15.860900237560273,0.18297146841021208,14.926739931106567,0.1840038298831771,15.2420143699646,0.18475580177461506,15.481152381896973,0.18517739887322787,15.729463901519775
28050901310_A1,0,0.0006720611206359281,0.07883928047302068,9.92934055328369,0.05976414839969021,10.15991277694702,0.10900986003344752,10.388425970077515,0.13893508888980322,10.623434267044068,0.16882381040846825,10.877054772377015,0.1821735107308834,10.08228530883789,0.18314560367716992,10.321102199554442,0.18384014399797505,10.531077165603637,0.1840924902604361,10.764649114608766
28050901310_A2,0,0.0039506576003269685,0.19973306119918513,10.59950798034668,0.23899918922803015,10.777500705718994,0.20979586583381393,10.972579021453857,0.2050796573890129,11.179696631431579,0.22219337732203934,11.43413991212845,0.18750258773478637,10.615629529953004,0.18727199500750658,10.840265407562256,0.1871253234278317,11.041657485961913,0.18659473435599583,11.268664646148682
28050911380_F6,0,0.2950448113412204,0.2900431420350415,11.57970230102539,0.2462012172640721,11.917637176513672,0.2136366001072307,12.205597810745239,0.2313752712832499,12.456748547554016,0.22556049446890514,12.723247470855712,0.19368684822341087,11.520326995849608,0.18928618540513834,11.975562152862548,0.18837340826834237,12.269242458343506,0.1873661444016209,12.538012323379515
28051003360_G3,1,0.9413312192305233,0.2788412455448232,11.928418960571289,0.37803490307157844,12.10903175354004,0.3201701439897825,12.32910020828247,0.3299129685871117,12.56648983001709,0.2858220290606527,12.84137238740921,0.18827104082750107,11.902880334854126,0.1887195907085357,12.124167499542237,0.18884842935266966,12.35057454109192,0.18860857828046992,12.602754311561583
28051004620_B2,0,0.0008127152952695953,0.0,11.585690116882324,0.01877519375824399,12.145434894561767,0.08586228570661497,12.8200830078125,0.12593898460480088,13.396078653335572,0.1329170746295253,13.840992755889893,0.16394770704275244,12.216704368591309,0.16767561666779818,12.693932456970215,0.17157294313357385,13.081830348968506,0.17636728049156333,13.564915323257447
28051004620_B4,0,0.0032961352471711776,0.07778153123798509,14.491540222167968,0.0789322667537275,14.863533020019531,0.13777636580188124,15.230760250091553,0.1634198513687979,15.576443667411803,0.18371704003694878,15.917815363407135,0.17662672728504666,14.679718780517579,0.17931431438513065,15.061904773712158,0.1810498917699819,15.374406719207762,0.18246469714599922,15.708360333442688
28051108860_C5,1,0.008378341948343927,0.12087376675494833,15.406886062622071,0.08099009539667223,15.668109436035156,0.09983488822767622,15.99413537979126,0.1629763228349089,16.35627990722656,0.21254084320602304,16.73462188243866,0.18154765093154726,15.579070425033569,0.18092819223582668,15.942488689422607,0.18110565336053308,16.20341064453125,0.18194481068030297,16.499395141601564
28051202130_E12,0,0.001397624875667343,0.039056209339887064,11.243267936706543,0.05915184884339566,11.479436206817628,0.10860972443481817,11.721942405700684,0.1533131348680794,11.980411825180054,0.1565608927313459,12.267720928192139,0.18092554167859468,11.410431480407716,0.18228948318396107,11.661744422912598,0.1830390849193069,11.879602279663086,0.18321139440477266,12.13990460395813
28051203190_E2,0,0.008988304680538833,0.23513421759141545,14.026646194458008,0.2952576355906626,14.46861795425415,0.26850463752212045,14.84328351020813,0.20564056339838988,15.167912740707397,0.16608572145060738,15.474226651191712,0.17958989292244848,13.999032783508301,0.1833505890471886,14.514567852020264,0.18469400086204474,14.918378868103026,0.18494450017626976,15.281605949401854
28051203650_D5,0,0.0013177942392159391,0.23847197591447258,10.244141120910644,0.18020202672265798,10.456852684020996,0.16057499622897434,10.677274074554443,0.1797680056161556,10.91401490688324,0.16027551394670414,11.170187809467315,0.18604389391558027,10.2343346118927,0.18607569439376323,10.559683799743652,0.18577057137444913,10.786354579925536,0.18518389964918341,11.04242061138153
28051203650_D6,0,0.004230448042611658,0.24117975921250218,11.166661796569825,0.20112413683820912,11.347975234985352,0.16106899081440565,11.529991416931152,0.185450131854919,11.741298880577087,0.18265470542642623,11.993692889213563,0.18874067899498206,11.151762342453003,0.18783737577416013,11.421245613098144,0.18713610628821412,11.62310131072998,0.18598221600967754,11.858434319496155
28051302220_F3,0,0.018694299556193984,0.1984003112371875,11.167835998535157,0.23886272279954013,11.355483627319336,0.25873629875727433,11.566688480377197,0.2790537734675634,11.774291062355042,0.2621967486468161,12.01381189584732,0.1865073633512436,11.162560939788818,0.18689693313522412,11.414463748931885,0.1875079391203971,11.606450252532959,0.18756674426389458,11.826180877685548
28051405890_F8,0,0.006428523171706551,0.6838538981866559,11.494625015258789,0.5651748427932323,11.828731384277344,0.42559980007082854,12.137691545486451,0.33467634100475074,12.411372904777528,0.28325257559261713,12.682703404426574,0.19848343786469347,11.418168687820433,0.19597456507752145,11.830669918060302,0.19341864141174006,12.14360327720642,0.19124388941086742,12.440775446891784
28051409780_F6,0,0.0400210234960921,0.23954217763879057,15.77419605255127,0.220197612636072,16.135591678619384,0.26867292763121026,16.451690549850465,0.2594860310027937,16.731414618492128,0.2377247537703677,17.007328188419343,0.1836639347182498,15.728267049789428,0.18517865392326938,16.204280185699464,0.1862231099807926,16.500523061752318,0.18671486620559363,16.789986119270324
28051410590_D12,0,0.13483259517843585,0.16329707218325173,13.268262481689453,0.2597468344922006,13.52911371231079,0.22064876947446993,13.749960899353027,0.20554979274181576,13.973817319869996,0.18805498459960265,14.223041512966155,0.18631723394603314,13.224712133407593,0.18741688486814656,13.5713765335083,0.18720321876244478,13.818921298980712,0.18654771930721117,14.072315225601196
28051502040_C1,0,0.006657287107367785,0.2796318173832418,13.500304832458497,0.3191694998505445,13.74075933456421,0.30964567115238334,13.985704317092896,0.2507631881254129,14.199313459396363,0.22337324055037097,14.423567004203797,0.18707974272622108,13.436438083648682,0.18799398658174912,13.773388195037843,0.1883582642674568,14.011850461959838,0.18811031610147472,14.258848347663879
28051502040_C3,0,0.003918602689650043,0.44122388536317375,15.738539543151855,0.36304311897184444,16.123131580352783,0.27393548073676915,16.471747827529907,0.2231147289904905,16.764181656837465,0.22161926144835276,17.032967498302458,0.19107220930839416,15.623270750045776,0.18980701763407878,16.1479079246521,0.18875296634659974,16.518338117599487,0.188019445876295,16.82857624530792
28051508810_B1,0,0.004614365830547181,0.0,10.251156883239746,0.03804252911650945,10.879660911560059,0.07749553310722952,11.470394048690796,0.12721905967874125,11.906902542114258,0.16034291634796063,12.287225513458251,0.16534230868961577,10.752169609069824,0.1705877080234886,11.215352821350098,0.1755132585954797,11.632247362136841,0.1795357047966206,12.05744209766388
28051513160_B10,0,0.016956496265988275,0.11790565691220985,12.72133155822754,0.15784782220750873,13.015140056610107,0.14910982829754926,13.314270305633546,0.19356158320462832,13.592134337425232,0.1844387158614334,13.895717313289643,0.1817750887378411,12.829671764373778,0.18251829411585394,13.154204444885254,0.18372717312228745,13.421004209518433,0.18411807077444922,13.718680944442749
28051707450_F2,0,0.11904143633398757,0.3608373193440272,15.054892807006835,0.36011852120406374,15.39144157409668,0.34027294984414513,15.714868907928468,0.30591953424716134,16.047068567276,0.2564713477104203,16.3582505607605,0.18833683405752807,14.941085195541383,0.18849494275997175,15.419293270111083,0.18811592118662687,15.750751972198486,0.187757927245695,16.089789657592775
28051710250_E7,0,0.012114381856449767,0.24542121810027942,11.687217750549316,0.22271828843852484,11.9428049659729,0.19188396618601228,12.25949444770813,0.20070634084122493,12.56983344078064,0.21254861721893398,12.87503201007843,0.19035701000613697,11.675003290176392,0.18685111266333718,12.069610919952392,0.18559633436895412,12.356151895523071,0.1855497471374004,12.666476049423217
28051713010_E10,0,0.002162677979889084,0.20081992510233154,12.3149861907959,0.18051956792590262,12.506120357513428,0.2199494190180395,12.688363351821899,0.19524085113847386,12.88663583278656,0.1729478944396339,13.112710070610046,0.1876326778419011,12.327489185333253,0.18769100644976053,12.555800533294677,0.18726265496494843,12.761044006347657,0.18653174493355376,12.992426161766051
28051713010_E11,0,0.034570243731822395,0.3644635978153069,14.743732414245606,0.30458621119207907,15.178932228088378,0.3215528965111352,15.559703636169434,0.3009833201027143,15.92899003982544,0.25416607840952243,16.293386073112487,0.1900024005715505,14.605554723739624,0.1888457695446764,15.22301826477051,0.18777096695420475,15.60637929916382,0.18712967402227013,15.988633508682252
28051808170_E7,0,0.0787210840010785,0.4008462745095049,16.189151191711424,0.3808108072145144,16.41564126968384,0.32156160683298235,16.645470685958863,0.25693471793832423,16.892051548957824,0.2484619215195936,17.15292011499405,0.19059584622378276,16.120075178146365,0.19028388289635076,16.422436542510987,0.18939672488955478,16.679807806015013,0.18831984443589656,16.951907477378846
28051812220_H8,0,0.0014533653512807066,0.07862494218994821,12.609830093383788,0.1376870028877665,12.909918098449706,0.18778718404754,13.18946530342102,0.2085759578083301,13.433383069038392,0.20441744404671416,13.69424540758133,0.1808345402642685,12.738518476486206,0.18288035487506854,13.015912265777587,0.18464836695247197,13.260901479721069,0.1854259807161265,13.522110137939453
28051902270_E7,1,0.00011998753553728103,0.03910792320716205,11.622432632446289,0.019967316505250098,11.894785442352294,0.058911365166180965,12.189014291763305,0.08880037152786897,12.498856511116028,0.13825786071863622,12.812572605609894,0.17758826963862692,11.926990795135499,0.17899428060624067,12.195931224823,0.1801875585872842,12.428287439346313,0.1813072460743876,12.685534710884095
28051902270_A2,1,0.0019530968536810031,0.07862100743667559,18.3682470703125,0.11843491556979803,18.606964683532716,0.1290547710706935,18.860476837158203,0.15882553191822793,19.11711964607239,0.17908015362970675,19.389975829124452,0.1826380762738692,18.496438312530515,0.18298546742407887,18.76212059020996,0.18376959947753957,18.989315929412843,0.1843423592168716,19.237332401275633
28051902340_F10,0,0.003857854332476803,0.2573551974599181,24.06771957397461,0.21072075791601388,24.72794982910156,0.24408689893993984,25.249617710113526,0.30028243603282273,25.64887928009033,0.27097598025995356,25.990426115989685,0.19032117899730824,23.986735343933105,0.18592586834106428,24.810745277404784,0.18629367297579014,25.2986305809021,0.18695159970945785,25.68939129829407
28052002610_G4,0,0.010662030414982631,0.5614210228736952,13.56418586730957,0.4240077561802921,13.84849271774292,0.3530648176112521,14.113944272994996,0.31234286603570033,14.38276951789856,0.2424168433353291,14.648367240428925,0.19329799502557507,13.502257585525513,0.19242099964327905,13.856329669952393,0.19070659637012632,14.136787195205688,0.1893545874164495,14.425730056762696
28052002620_G7,0,0.010306379890112712,0.28277336410801096,12.842517318725585,0.28134029866056454,13.19716381072998,0.25135617339693833,13.525836267471313,0.18737153570378498,13.849483976364136,0.1839017721359411,14.173305225372314,0.18826649380079657,12.789246702194212,0.1868656341688103,13.242594280242919,0.1863395712833503,13.61620394706726,0.18551426200309082,13.958511509895324
28052003070_C3,0,0.047809152903626397,0.32576369812673517,11.217108192443847,0.30329859431421496,11.435525360107421,0.2133077599492108,11.679007329940795,0.23148467400714082,11.93375720500946,0.2111272498983899,12.191447751522064,0.19265692454443142,11.14772300720215,0.18987531923008222,11.48755001068115,0.1884456024167427,11.740944118499755,0.18745291723016194,12.006658697128294
28052103320_C6,0,0.0032753167009599506,0.03869542360553819,13.152465438842773,0.11748181252984319,13.45931245803833,0.12867266699863433,13.72090579032898,0.18810751997566386,13.951545829772948,0.17910413310462844,14.183667318820953,0.17908098863400032,13.258117246627808,0.18209654595606622,13.57979434967041,0.18418926996195176,13.81422300338745,0.18513839303296825,14.050295357704162
28052103320_C11,0,0.08871793637123308,0.2812674117971333,11.666700439453125,0.24142728871138225,11.922566318511963,0.27013471677892564,12.210414428710937,0.24553619836782287,12.509498591423034,0.23293068187086088,12.833603076934814,0.18849540999648415,11.63434977531433,0.18754269876299323,11.989702243804931,0.18678191122221616,12.269568023681641,0.18623358514248708,12.594856734275819
28052104840_C8,0,0.007536956725115594,0.0,15.19848415374756,0.0,16.031419010162352,0.04777637889812978,16.70815821647644,0.09698658140350709,17.174902844429017,0.13746683403561985,17.523586795330047,0.15857530062070815,15.930013704299927,0.16558403010210798,16.40581308364868,0.17300353681158703,16.88740002632141,0.17871555664782127,17.313547978401182
28052104840_D1,0,0.0018063319969856976,0.08117655045465035,14.30407211303711,0.11978063108087163,14.56048231124878,0.12011008095407995,14.867987594604493,0.14944747338201855,15.205747003555297,0.1765714945905386,15.540033457279206,0.18339911817782578,14.415164995193482,0.1823459859498008,14.765300769805908,0.18224816472001532,15.040666542053224,0.1827408218716418,15.345368313789368
28052205580_E7,0,0.02397737956922628,0.2384081755603159,10.62498447418213,0.199976347905966,10.785900821685791,0.18031268199043204,10.979463415145874,0.19482849253074647,11.20443259716034,0.21205827132975688,11.457434191703797,0.1880145216792054,10.633373069763184,0.18705076069238924,10.86545732498169,0.1865774409992516,11.07311764717102,0.18616325647802925,11.299839520454407
28052206090_D6,0,0.003460482395108768,0.24073627518651058,7.599697914123535,0.1807417810671909,7.764486322402954,0.14073157153362967,7.9432763528823855,0.15529820765015295,8.155902149677276,0.16960067257053993,8.436029528379441,0.18892798003154268,7.6370779275894165,0.18720638786090624,7.860964212417603,0.18595559351357677,8.08100426197052,0.18479531533585863,8.31482260465622
28052210270_F4,0,0.0008190588932172054,0.0782208480990651,9.088682441711425,0.05937782803828464,9.381332454681397,0.0788542126405856,9.706272249221803,0.11838833280404186,10.07846776485443,0.13378046076798566,10.454869811534882,0.17702661653067872,9.326222848892211,0.17863333145882385,9.688391990661621,0.17921356490048643,9.973079614639282,0.18006838188075416,10.277785887718201
28052210270_F5,0,0.0013625698802333097,0.0,9.664376258850098,0.01964485989519457,9.837539386749267,0.05913116225098961,10.139642553329468,0.09853505642018957,10.474451174736023,0.1334417302585139,10.836259326934815,0.18011461580455954,9.971810293197631,0.17968137720169905,10.20408000946045,0.17940525729425114,10.40492148399353,0.18035401134747747,10.68796947002411
28052210390_E12,0,0.019864081688516336,0.2060542342305126,19.468289108276366,0.24132897122538355,19.86512908935547,0.23145288172340236,20.305932331085206,0.22593765608965505,20.715784492492677,0.24478180077651812,21.07515628814697,0.18602410814312395,19.43565788269043,0.1847488946393598,19.97518169403076,0.18433036958721716,20.39133399963379,0.18500812584800844,20.792091598510744
28052304820_F11,0,0.003467064030831117,0.11115710549751591,23.499258728027343,0.19125260193400298,24.262900199890137,0.186032922125859,24.95116304397583,0.24579070876789888,25.45676016807556,0.1944953006198316,25.848718614578246,0.1641168560232617,23.576416492462158,0.17147871872652076,24.446626472473145,0.17738681547026622,25.031486148834226,0.18151110576305268,25.530704765319825
28052307200_A6,0,0.04317969504726739,0.0,10.027410011291504,0.05796300708066671,10.384900684356689,0.09794295190187337,10.788987045288087,0.09886604757004323,11.174410862922668,0.1577873011535707,11.534552152156829,0.17552897837742562,10.351442003250122,0.17645976150595277,10.717210140228271,0.17808541706193004,11.016930837631225,0.18020571887677098,11.357350969314576
28052308330_C6,0,0.13117414851665787,0.3598501545640212,12.651155853271485,0.3201144463465421,12.85871410369873,0.24141055914514678,13.076433992385864,0.2651952735568421,13.320793771743775,0.21364310774842954,13.598217332363129,0.18942118252268914,12.599898290634155,0.18880423452066683,12.890278663635254,0.18814229218073145,13.131651906967164,0.18716476424056822,13.399566349983214
28052312370_D3,0,0.06970070769982613,0.042143341786493864,13.902744140625,0.09972410164696557,14.128784084320069,0.10938126937105015,14.424801235198975,0.17786578716804596,14.741917862892151,0.20563834805460396,15.075904765129089,0.18292153307789455,14.089499807357788,0.1820879365549592,14.374192695617676,0.18235366075834436,14.592376117706298,0.18299524804476977,14.870245418548585
28052407910_E10,0,0.0009497661339775725,0.08016878729472633,9.130688247680665,0.060575313489482974,9.351111507415771,0.10931647173550381,9.688111038208008,0.12418049157824138,10.033555302619934,0.1926437539279556,10.404020121097565,0.18204769355622097,9.314140605926514,0.18092515991438843,9.640147190093995,0.18052036009673944,9.899633769989013,0.18169867989749852,10.202450222969055
28052407980_F3,0,0.009229620921101217,0.20529962580370226,14.112723960876465,0.1637286384448163,14.48354290008545,0.19108212053408474,14.864808053970338,0.20508852766166105,15.231938481330872,0.2147233694865826,15.590362243652343,0.18636057343077578,14.13848786354065,0.184343353876428,14.633336734771728,0.18396451869463631,14.980004272460938,0.18417722837006234,15.339035606384279
28052410720_D12,0,0.04687208564042453,0.0,16.108175506591795,0.05747019613536066,16.789339179992677,0.17418697158328372,17.292457790374755,0.2014831014220044,17.653474416732788,0.22054052013289613,17.95728777885437,0.16419399560888967,16.375319290161134,0.17317089260991175,16.940153617858886,0.17924240157038887,17.367660102844237,0.1830641367441808,17.72035150527954
28052412010_G2,0,0.010606049553360275,0.16643658973522663,17.711337890625,0.20294130519333833,18.05198429107666,0.23100994729751956,18.34319402694702,0.18628971566927732,18.594191474914552,0.18074953304961208,18.835677061080933,0.1883395629348906,17.720519065856934,0.1867624186463809,18.10945072174072,0.1867406446975719,18.412382507324217,0.1866969713821542,18.681271591186523
28052508990_F1,1,0.1442886440799246,0.36217327327821836,13.520867958068848,0.3221645119390842,13.840549583435058,0.330852696275549,14.123155088424683,0.2570876805678678,14.42152654647827,0.25609919885552546,14.729700696468353,0.18974081649890728,13.420935678482056,0.18923358465095008,13.860660152435303,0.18860765066001728,14.164606790542603,0.1877336765003667,14.481068720817566
28052510560_C9,0,0.6233877542451559,0.8411561645382188,12.899814262390137,0.6875195040261624,13.521470737457275,0.5503568959330711,14.103844299316407,0.41037639758784616,14.596472158432007,0.32491155335935906,14.987041997909547,0.2054688130232858,12.973974466323853,0.20363130744632568,13.564365425109862,0.19927084416821164,14.105188026428223,0.1949196922729057,14.60839738368988
28052603620_E7,0,0.014654871238022412,0.24235148247141425,12.936908607482911,0.20200361432735717,13.17595401763916,0.2207441668223742,13.422138433456421,0.22036054264597674,13.672872052192687,0.18848260879864218,13.955509128570556,0.18855542171539622,12.912743330001831,0.18745532244846724,13.24291976928711,0.18696970212820263,13.491811265945435,0.1861651440546423,13.77422468662262
28052605620_E4,0,0.09902160816853162,0.363971191342481,11.958934326171875,0.3225384538554725,12.158993682861329,0.2817864177188656,12.381537599563599,0.27108403984483387,12.614123787879944,0.2559465948244137,12.866489894390106,0.19250707578070864,11.905678367614746,0.19026848026170934,12.18929651260376,0.18919216245290824,12.420162782669067,0.18842479457957262,12.658854794502258
28052605620_E5,0,0.014102971576186549,0.3196727161391436,16.133464698791503,0.35922207306132137,16.38184991836548,0.2612917366134307,16.614885568618774,0.2064736029367635,16.832888684272767,0.20082083863465577,17.072916190624237,0.18802734034446208,16.075052785873414,0.18865778695624202,16.403971729278567,0.18828422800544084,16.66964343070984,0.18748523771513795,16.91496896266937
28052808490_A7,0,0.019659605133406817,0.11739615334700994,17.89718406677246,0.1763247121288957,18.403931007385253,0.22635339304268182,18.869530277252196,0.2525884585971843,19.218589868545532,0.21973678970476215,19.520131211280823,0.17385064596610483,17.931402683258057,0.17877274530927745,18.532332763671874,0.1823744355864084,18.92057308197022,0.18481458302964995,19.273979053497314
28052808580_C12,0,0.14152407682674,0.12148288062974022,20.438232498168944,0.101249670676763,20.774638481140137,0.1862900798074831,21.20999731063843,0.23148652006023526,21.685783548355104,0.22353747446242792,22.086895933151244,0.18016874305241393,20.61609172821045,0.17954588326086296,21.06713436126709,0.18005281826198524,21.38122583389282,0.18189036958515523,21.766318712234497
28052809280_B5,0,0.004071871597927345,0.07977335167194018,22.20397331237793,0.1373914154448244,22.795584983825684,0.15781393523656573,23.31226224899292,0.17355051995578688,23.70153603553772,0.16692956591564445,24.023184504508972,0.17145976410673777,22.361585712432863,0.17608263165543114,22.976671905517577,0.1798666387758745,23.41908639907837,0.18265428762326902,23.807484979629518
28052905070_D2,0,0.019259565401552218,0.15226383523899042,17.745250968933107,0.2136335477150661,18.268570728302002,0.18764950291902113,18.641416158676147,0.21323312850471376,18.943624367713927,0.2044467083352346,19.227815206050874,0.17296746824021875,17.792612314224243,0.17929878975423166,18.339608974456787,0.18303529664455997,18.713301820755007,0.18472494341592965,19.022470507621765
28052909740_G9,0,0.013683340055277292,0.35757976539322556,7.765226383209228,0.26040886213888265,7.982547807693481,0.2405869158182243,8.203330140113831,0.20153497322248376,8.495568234920501,0.1861782698154804,8.851597508192063,0.18722258293445623,7.694709086418152,0.18798962986804862,8.028030767440796,0.18675419313274477,8.29901607990265,0.1847782738408665,8.642024714946746
28052909740_H9,0,0.19163355139548435,0.4821691147393551,11.782524719238282,0.3823907623144778,11.95613561630249,0.292250945289076,12.133940868377685,0.23196737268799808,12.321673698425293,0.2188203799268785,12.547989776134491,0.19287373648111714,11.728819465637207,0.19141848907198802,11.969652099609375,0.19009417364645725,12.171329545974732,0.18859572021509374,12.386718130111694
28052909870_D12,1,0.002157589112803302,0.0920883734092897,25.261858291625977,0.12232351630756616,26.483550300598143,0.15820342663020895,27.400455932617188,0.17800697774118343,28.03283242225647,0.16683325414362968,28.48731231212616,0.16128789271574848,25.666291427612304,0.16597762110593603,26.750653762817382,0.17305696923441316,27.543377685546876,0.17863227498872378,28.14144850730896
28052909870_E1,1,0.0005193213677398914,0.07833621386709651,18.979802169799804,0.09891019374715913,19.228769493103027,0.0993593199808122,19.491880149841307,0.15333304519824592,19.778005332946776,0.1663688632413892,20.059580507278444,0.18030515177998832,19.082657146453858,0.181815772766006,19.428146209716797,0.18271923160809475,19.65445583343506,0.18337510351393785,19.912376251220703
28052909870_E2,1,0.003834558036197001,0.23757115103578685,12.7199898147583,0.1606031795242187,12.965326461791992,0.14070760023067666,13.199674682617188,0.16021347467412173,13.414095811843872,0.1823160645187353,13.647675683498383,0.1850598138186528,12.709610843658448,0.18557129705543293,13.05330286026001,0.18603434237493552,13.28317416191101,0.18607297687771526,13.514202876091003
28053011910_E8,0,0.0004281243973343293,0.07931486824229729,13.650585136413575,0.09941363419788656,13.837523345947266,0.1293728103875351,14.016565608978272,0.134551141172476,14.209169678688049,0.14946956138376086,14.435762989521027,0.1842659264112606,13.717902040481569,0.18517541477735988,13.950282993316652,0.18530948203614556,14.14244490623474,0.18507154041552426,14.353271040916443
28053011910_E9,0,0.001597179105806862,0.27953030050104744,18.353628845214843,0.2410497552865655,18.615093574523925,0.21138569841244617,18.897790393829347,0.19596471441573976,19.193323802947997,0.1809011262004587,19.48865767478943,0.18696871444426638,18.29500255584717,0.18680277052586272,18.691832809448243,0.18601167569475222,18.99002046585083,0.18551470686322993,19.302259864807127
28053011910_D1,0,0.002249790408557627,0.0,26.927916870117187,0.03802095846408084,27.62468105316162,0.09690310826988087,28.142348022460936,0.11792433002167656,28.587355880737306,0.12865274403015925,28.941847767829895,0.15982172956361623,27.10462827682495,0.17043861327970877,27.87407817840576,0.1757545174236973,28.347236824035644,0.17945903448791267,28.736971130371096
28053104190_A10,0,0.002543872660003581,0.2343216657156162,25.26604278564453,0.21740313887529428,26.073419799804686,0.19952555376166184,26.77509187698364,0.1950352742368124,27.287067708969115,0.19503786354290412,27.657056889533997,0.16986743066362098,25.143342304229737,0.17538948560387543,26.249347190856934,0.17930989946623066,26.87184980392456,0.18272418142092015,27.35756145477295
28053110090_F1,0,0.0934431802437742,0.0,12.893195533752442,0.09737151158051516,13.225248527526855,0.12766447984332474,13.589142341613769,0.17754448762282815,13.917768421173095,0.18368300612581898,14.222559814453126,0.1772243789650308,13.125154161453247,0.17924636383861736,13.44976779937744,0.18125045460778683,13.722447986602784,0.18302816018862325,14.027652626037597
28060110060_B8,0,0.0004131499800889189,0.0,14.053314666748047,0.03679955206238179,15.0463018989563,0.12356720685882798,15.710679559707641,0.13153544815791582,16.16311110973358,0.15272552388827407,16.509209048748016,0.14969441296665698,14.347809743881227,0.16482349519816122,15.26100124359131,0.17377735763015573,15.84608551979065,0.17932054851436324,16.286060128211975
28060110060_B9,0,0.00033937232424572045,0.03570281689699806,13.22630485534668,0.075648625822132,14.01830596923828,0.12560810791896435,14.54607762336731,0.12792362554764766,14.92501977443695,0.15825055686497244,15.232138609886169,0.1562638720015534,13.304761123657226,0.1703337412343001,14.170447177886963,0.17730268699060853,14.67172679901123,0.18122025723954166,15.043774156570436
28060110060_C5,0,0.0009529951708217119,0.07908761450648831,13.072949752807617,0.09897179110425268,13.31351734161377,0.09945521509957406,13.545181350708008,0.12922283870494689,13.789181833267213,0.1883589974945421,14.069942920207977,0.18179476924443141,13.190312528610228,0.18300736738935347,13.474838333129883,0.1836168923144615,13.701909847259522,0.18401081291311283,13.926891446113586
28060110070_B11,0,0.00030074533904548363,0.20009369304061,14.189074821472168,0.1412452713812274,14.470218868255616,0.16026024329509345,14.73089732170105,0.15518622390506365,14.984691491127014,0.15750472992221395,15.24315613746643,0.1854808124867855,14.260569381713868,0.18471683498448108,14.581876831054688,0.1849610820168552,14.849542379379272,0.18496537994386006,15.109619617462158
28060110070_C4,0,0.0011984367688837277,0.07996511969603907,13.18555648803711,0.09954500714207151,13.399541606903076,0.14897281207358198,13.605186109542847,0.14938985109983136,13.825182557106018,0.1742118278413765,14.088045930862426,0.18339615929199496,13.256361246109009,0.18463984406651865,13.521588745117189,0.18482712654343786,13.733808689117431,0.18481506433289085,13.958318767547606
28060110950_G8,0,0.008407632349426564,0.08282188619592488,14.791368255615234,0.06238261881367172,15.198022193908692,0.08082644512754043,15.603220558166504,0.13381869201024987,15.985842456817627,0.14882029263226854,16.38580910205841,0.1776813831439713,14.993319368362426,0.1784563577608219,15.47709177017212,0.17925662178411206,15.838638277053832,0.18020600731041625,16.19817666053772
28060204010_B1,1,0.4091928697771709,0.7308815748377295,25.874101486206055,0.5738122726941742,26.55637725830078,0.4714899316351887,27.125337181091307,0.3741611291959767,27.587152976989746,0.29186773062810323,27.95909231185913,0.2113727619546133,25.757799053192137,0.20253636642089287,26.55995491027832,0.1971213788513936,27.127144832611084,0.19340031230578503,27.6058784198761
28060204010_E3,1,0.23282350389851258,0.4414139071609977,13.3458349609375,0.4207376724588393,13.484268169403077,0.4104269829274553,13.649189767837525,0.3314875740397333,13.863349795341492,0.31837803909086343,14.116791515350341,0.19214459662883976,13.312701511383057,0.19117680838374962,13.486492385864258,0.19069922001338196,13.657327165603636,0.18975176710393027,13.890439195632934
28060204120_E5,0,0.008415521346409887,0.20393374479208146,20.90011978149414,0.1434897510322401,21.216070861816405,0.15157637272985197,21.496848793029784,0.17045091755164063,21.781704320907593,0.18256435618419561,22.06771812915802,0.18601938051224534,20.895806598663327,0.18529921200949717,21.32957618713379,0.1852001881973562,21.619690322875975,0.18499084180707864,21.890248727798465
28060205990_E5,0,0.13558908917583332,0.0798055544880241,16.41410945892334,0.07991194975869972,17.116977214813232,0.15606493916888034,17.887090005874633,0.18179140178041778,18.554872193336486,0.22173425701612479,19.098316395282744,0.16339663467415647,16.613827085494997,0.1694371003541206,17.505123882293702,0.17259274949128026,18.094537744522093,0.17730625661199254,18.67885042667389
28060303720_F8,0,0.8898178670269399,0.7964555702495124,15.655787239074707,0.7591256639331475,16.25493371963501,0.6380183177079886,17.104777936935424,0.4785679173460376,17.864497084617614,0.36390937523353173,18.409018847942352,0.19937511146394304,15.678936624526976,0.20427717242341759,16.428559436798096,0.2036070875072547,17.14230938911438,0.1983771150316403,17.86578577518463
28060303720_F9,0,0.7787755127708266,0.7584891831743424,14.26998077392578,0.722390578926579,14.927782955169677,0.6378243884867395,15.743106565475465,0.4488995939027996,16.42816789150238,0.35044055682560127,16.93079995393753,0.20130953001503857,14.291842937469482,0.2045549102439228,15.090723915100098,0.2028566947203235,15.768666830062866,0.19751946364424286,16.433753771781923
28060303720_E9,0,0.49709302498762337,0.6391730750991971,14.437928886413575,0.5805567894707495,14.926208953857422,0.4757580398021575,15.550957612991333,0.36326179707490047,16.172909922599793,0.2964397704746581,16.64554466485977,0.19413126401575462,14.36594820022583,0.19463521139604983,14.936378612518311,0.19369694401068419,15.551693601608276,0.1914291105452079,16.19687940120697
28060304940_B8,0,0.006835054206549112,0.04085955015105738,28.00896011352539,0.05894851171707997,28.833268508911132,0.1262229512735832,29.45593427658081,0.16184282372625935,29.91345093727112,0.19747434020420165,30.25242867946625,0.15816538633198304,28.21574115753174,0.1692982705138738,29.075613174438477,0.17593247933140402,29.583343467712403,0.1809026044527743,29.997346658706665
28060410660_H8,0,0.31252330205270046,0.19888406845248835,9.316006927490234,0.23893226024476832,9.500832977294921,0.26932340323313425,9.718877620697022,0.2255532241004439,9.969634981155396,0.1959157479056403,10.258791823387146,0.1872531368038073,9.329603242874146,0.1873601119683159,9.54540428161621,0.18710016763718176,9.77621675491333,0.1862376014887368,10.068441619873047
28060412290_D10,0,0.14178713931471956,0.3560074939313783,13.946385612487793,0.3974493336262715,14.319818725585938,0.389081709320575,14.79240038871765,0.34127389322153096,15.216540236473083,0.2579218733979565,15.574877367019653,0.18515096468343678,13.850220584869383,0.18716755417384232,14.339773750305175,0.1878014573228504,14.809368991851805,0.18818660541597473,15.24542510986328
28060412290_D9,0,0.0013273154392229281,0.19330859614273577,14.465633201599122,0.17762427850195445,14.842952537536622,0.20782755535634,15.219640731811523,0.21856282800069649,15.55672152519226,0.20699635752925205,15.86400366306305,0.17789702009827982,14.451766633987427,0.18120543902490172,14.960085830688477,0.18311217399785365,15.307638835906982,0.1844233512080974,15.64245279788971
28060504210_F8,0,0.010151963433268383,0.16168505961706023,19.400778579711915,0.16041347215863302,19.864723358154297,0.1698948567041574,20.36863468170166,0.17971362644539718,20.76652208328247,0.19456163540262833,21.082113223075865,0.1804896462402871,19.517943382263184,0.17976235815831396,20.069061088562012,0.18141853176097303,20.467098388671875,0.1837629438735641,20.85108340263367
28060508910_G4,0,0.10053839183475759,0.27938802925750417,19.789339904785155,0.24115646393149986,20.281724128723145,0.2310510337594681,20.752585468292235,0.23546124532423138,21.187371063232423,0.2230182225558823,21.59201169013977,0.18409999624445317,19.74410696029663,0.1833037058526139,20.37574577331543,0.1838369332271974,20.84544616699219,0.1842035131465661,21.282769737243655
28060510530_G3,0,0.0015395688259501464,0.07851526510781043,17.595750732421877,0.11814651812734807,17.883575553894044,0.1094674240484629,18.205054206848146,0.14854568524058423,18.551025447845458,0.15412907432824435,18.899402966499327,0.17989093732774733,17.711209297180176,0.18047101203846797,18.111825370788573,0.18099463087048184,18.401485176086425,0.18187261972485233,18.71424598693848
28060606320_A8,0,0.004453812020664036,0.07641515222631415,22.316679382324217,0.15271068675556435,23.09356586456299,0.21329624972945302,23.72622646331787,0.19732731894644584,24.170590839385987,0.20838571314488877,24.50856116771698,0.16372077011768105,22.53073434829712,0.17167608830831693,23.264661407470705,0.17774029339166517,23.798502864837644,0.18215989822133727,24.242453498840334
28060609800_B1,0,0.035907854616225615,0.0,13.502184181213378,0.07608725061116721,14.150047340393066,0.1639935822149333,14.74528889656067,0.16220555249064653,15.219953079223632,0.17807469022938524,15.617055778503419,0.16653088584489414,13.923290014266968,0.17153186312634586,14.420125522613525,0.17601734263433552,14.895321083068847,0.1798801720300315,15.346311836242675
28060611580_A12,0,0.005264087326073268,0.20036375114447944,9.479823455810546,0.18071800341554178,9.673050651550293,0.200226969141601,9.88174864768982,0.2541729663196772,10.108156428337097,0.23262208714278462,10.368252220153808,0.1876295978414853,9.483374691009521,0.18722816905228515,9.743292808532715,0.1871240717063238,9.944375057220459,0.18694069103403274,10.176327629089355
28060612760_B6,0,0.00714629428745871,0.15756711880736837,17.815550537109374,0.216987960279475,18.17731746673584,0.19893315970475747,18.472745666503908,0.16998343135027846,18.744708948135376,0.18712190009065466,19.01094141960144,0.18034251292051254,17.833491802215576,0.1831770879067829,18.24490425109863,0.1845973211354468,18.570622177124022,0.1850462738935735,18.850388259887694
28060702780_G10,0,0.001684105438415701,0.03875627655600116,8.911113166809082,0.03915010184053756,9.266042900085449,0.08853782994978869,9.62424425125122,0.12851545391139108,9.928838949203492,0.1390075795659739,10.235549943447113,0.1768460561586437,9.215873718261719,0.17879323805181174,9.49250747680664,0.18055698416187227,9.78392201423645,0.18176661208402123,10.110788650512696
28060803570_B9,0,0.051474709831743244,0.3628984596260655,20.699618301391602,0.4002681444877249,21.09343173980713,0.3326988137338369,21.548607025146485,0.288505190870739,22.111200084686278,0.23663906556541792,22.668827929496764,0.18935713947087962,20.57523822784424,0.18910203055122374,21.11203945159912,0.18703312104384456,21.605938529968263,0.18536407834544422,22.20057421684265
28060806980_F5,0,0.0014590270787237802,0.23907857702594584,11.219376106262207,0.23935498750100462,11.393816394805908,0.2691613855361363,11.575436515808105,0.2352617887315908,11.77046658039093,0.2327924261977252,12.00959030866623,0.1874428551468387,11.21006407737732,0.18789989285389946,11.437575378417968,0.18809295173590843,11.617031946182252,0.187588690225653,11.836306285858154
28060809530_B4,0,0.04985794499072203,0.325327231069358,12.486145362854003,0.36179468893255884,12.71091823577881,0.32124243649604284,12.947725801467895,0.27651995926185124,13.196743278503417,0.27576747209689,13.460883309841156,0.19189191510986997,12.408640909194947,0.19040012657819452,12.739285850524903,0.18935764689476953,12.97733055114746,0.18857771289283642,13.240719227790834
28060810020_F11,0,0.04166456680778262,0.5588680813591167,19.933128433227537,0.3869275717761758,20.487896347045897,0.3545071625638165,20.94265678405762,0.29875004425824025,21.319319705963135,0.2553020682222543,21.654668283462524,0.1926777760988582,19.78237991333008,0.19156200706955337,20.505330696105958,0.1901676537062944,20.969140930175783,0.18882166921806404,21.368952379226684
28060811750_B12,0,0.0017215027166015396,0.0,21.010026931762695,0.0759256178553887,21.899334297180175,0.12493743893120253,22.686195163726808,0.19458563230272696,23.207535429000856,0.17295695226099833,23.57848014831543,0.15838893479177882,21.54593505859375,0.16546572107751073,22.217543067932127,0.17333304832800472,22.788173809051514,0.17938008856778476,23.302019910812376
28060902880_C6,0,0.12240066602709332,0.1910909909415315,18.299916915893554,0.118609685623905,18.808451347351074,0.13849525467961066,19.220644626617432,0.15387059545625537,19.570113124847413,0.18381026725736316,19.870074667930602,0.17168224630075143,18.322340869903563,0.1778697822131953,18.979059104919436,0.1810190725763174,19.351269779205325,0.18323450992921816,19.669691047668458
28060903580_C8,0,0.001161280982560171,0.15615292665641484,24.884498596191406,0.19597636435476778,25.774026374816895,0.1599002798750626,26.515468044281008,0.18396767276370854,27.085300378799438,0.19905316091747766,27.494064455032348,0.1639218136585062,24.773459243774415,0.17146345537201876,25.98360210418701,0.17658334962823796,26.65286085128784,0.18079180199001954,27.164702854156495
28061005030_B4,0,0.07812860020709587,0.1605222477079788,11.956134414672851,0.21943080732887646,12.138992767333985,0.23943312588608343,12.32241177558899,0.23487475449133266,12.530150384902955,0.22765085056857365,12.772779958248138,0.1873930367777345,11.972602081298827,0.1876222903113384,12.188737754821776,0.18761603267499585,12.376007938385008,0.1871634123054783,12.598224539756774
28061005760_D5,0,0.002940134483460058,0.15807668616961934,12.40152229309082,0.17848522437556819,12.598175106048584,0.19881666789953506,12.827698993682862,0.2240026688950751,13.074454035758972,0.20739322901560828,13.306768736839295,0.18488688032476486,12.442142820358276,0.18534289959181202,12.695150699615478,0.18583841628955683,12.901475524902343,0.18631009444391758,13.139819750785827
28061105380_B5,0,0.04160234341250662,0.43823494138489194,12.982431831359863,0.38077488062095777,13.233706436157227,0.35058474000079043,13.5239244556427,0.30613560312485255,13.79502986907959,0.27127051635928856,14.07468209028244,0.18933625308771643,12.912749290466309,0.1896708242965803,13.25507089614868,0.18902109737654044,13.54336350440979,0.18864537920600213,13.83653028011322
28061106400_B9,0,0.5325094143949514,0.32323426920283854,7.714703178405761,0.3013642469292135,7.899477453231811,0.29111266977566275,8.102820992469788,0.29525015017234113,8.328162596225738,0.23148013579797233,8.592997125387193,0.19166029034221835,7.6853515148162845,0.18983343645680023,7.9277819156646725,0.1890335541870154,8.14073079586029,0.18810736033662903,8.384840428829193
28061108910_E4,0,0.00942050205387877,0.2782852029274932,13.980283050537109,0.20020139904395123,14.13882007598877,0.2000957805529077,14.352775955200196,0.18519940162974596,14.598358092308045,0.18510768376793388,14.864910395145417,0.1879927396726712,13.97012972831726,0.1870714511438975,14.225840702056885,0.18621370394407133,14.4487349319458,0.18558582989648534,14.711172523498536
28061114060_H4,0,0.16756160922724575,0.07567343505701886,15.487224349975586,0.13498515648012552,16.063269119262696,0.17618854984608834,16.533843955993653,0.22175004031479192,16.912576265335083,0.1963796508040719,17.22424530506134,0.1729478064483687,15.793360233306885,0.17584384366322448,16.212083091735842,0.1802819113281447,16.621551876068118,0.18313274273365146,16.99402723312378
28061114060_H5,0,0.047514219009208054,0.43604245179744733,12.859961090087891,0.35994946322939014,13.172809543609619,0.28150968027716566,13.427623338699341,0.2857789675611729,13.653431897163392,0.24843328253356445,13.877206242084503,0.18765139055480773,12.770543575286865,0.1888069485200784,13.186804580688477,0.18896025565261687,13.453800745010376,0.18862778347296094,13.692414717674255
28061114060_A12,0,0.31706846539232875,0.7220426771370041,12.0006640625,0.6258401423894573,12.546779232025147,0.46014210697582436,13.108551235198975,0.3540090631211564,13.603828692436219,0.2717506619430055,13.991118092536926,0.2006265338530857,11.957120323181153,0.19948417637304677,12.57402479171753,0.19591937171175605,13.111222133636474,0.19251892606560095,13.632912096977234
28061114070_H6,0,0.041657221921237504,0.07929956427924041,11.580071105957032,0.17782050156320425,11.77837396621704,0.14947278433063688,11.97593126296997,0.18431468626242087,12.18100995540619,0.1871936831850195,12.387782967090606,0.1843439027531507,11.640173864364623,0.1854510179661925,11.866078090667724,0.1861156715896348,12.054225883483888,0.18627804326961106,12.265510506629944
28061114070_C12,0,0.10272723001174196,0.1202870336919423,10.459223861694335,0.2385261562994171,10.642138595581054,0.22963191837464353,10.843794565200806,0.17076055621088593,11.06754635810852,0.18510729937518344,11.340281112194061,0.18667355338662017,10.473764133453368,0.1871387583258423,10.69417194366455,0.18649471258296849,10.935384902954102,0.18568120733562035,11.192833647727966
28061114070_D1,0,0.09694306745191926,0.24070589436245643,9.399885635375977,0.220396556933983,9.604183750152588,0.20032873599824488,9.826968221664428,0.19042161474823877,10.072453546524049,0.18039612450504727,10.363079979419709,0.18815170399656925,9.401060628890992,0.18711446276008079,9.686188373565674,0.18638504831884709,9.920735921859741,0.18525418481844727,10.202730436325073
28061114070_D2,0,0.1941023850054113,0.20229826440971582,9.665931243896484,0.22089326800738548,9.842119140625,0.1810114204801095,10.036929893493653,0.17068264490628865,10.253097043037414,0.18754589324345416,10.516651861667633,0.18920226899003298,9.655257844924925,0.1878748606703582,9.918056087493897,0.18685505676450723,10.137600145339967,0.18588047634104626,10.377103552818298
28061207860_F6,0,0.01632880704230959,0.3226238341525552,13.694327812194825,0.2823011392409118,13.907826766967773,0.22204648305191668,14.145866651535034,0.2258815744190584,14.389790210723877,0.2056397331372838,14.65105259656906,0.1913404005442195,13.658857822418213,0.18891002585527025,13.96491132736206,0.1879640945853026,14.214552812576294,0.1869364714506019,14.479485168457032
28061208310_E10,0,0.04533753940249637,0.24095404070745136,12.204974784851075,0.1611673658253186,12.357699756622315,0.14104572068855015,12.55247247695923,0.15029249160967534,12.785575723648071,0.16722883386952572,13.051661746501923,0.18899724575287996,12.221341037750244,0.18692612161187172,12.48062868118286,0.18573031853472183,12.686934518814088,0.1848529271551608,12.929675679206849
28061208310_E12,0,0.002504938064687957,0.15933358131870373,9.703710899353027,0.10067900922374674,9.929729633331299,0.12977434339317462,10.157771911621094,0.14938709931148988,10.402474818229676,0.14721312890927576,10.688003644943237,0.18400457994528666,9.770262527465821,0.18431691184013138,10.073969573974608,0.1842982489281615,10.30847978591919,0.183528096475747,10.580459904670715
28061208310_A5,0,0.055160018533634114,0.2783519175749687,9.848559761047364,0.24008417618284036,10.095470123291015,0.24987386420716462,10.330001096725464,0.2646676835592437,10.580555906295777,0.21333804050831626,10.860942578315735,0.18643766924904748,9.801887559890748,0.1871741596689296,10.140729961395262,0.18732568561009486,10.382849836349488,0.18666860589825107,10.658556046485902
28061405840_E1,1,0.1305646110008356,0.11879599912800752,13.91872184753418,0.21729120499790858,14.201689414978027,0.2878206148824135,14.424888334274293,0.2890014802188313,14.636125845909119,0.24527127920788347,14.852144854068756,0.1811455659730793,13.891762161254883,0.18553738239117923,14.228868427276613,0.18722601018624116,14.451564540863037,0.18788657559503188,14.672847747802734
28061405840_E2,1,0.03772843726234289,0.4033057426339724,12.069467926025391,0.342340009249414,12.276744747161866,0.2327646592519125,12.502032127380371,0.23150969189233853,12.7386590051651,0.19883419352553044,13.007149906158448,0.19242555511101342,11.999340534210205,0.19026463357633017,12.323579769134522,0.18877581065581167,12.558711681365967,0.1872013848027023,12.836072969436646
28061506420_C4,0,0.20953471542151558,0.16011056401255214,17.076592178344725,0.19907884356515285,17.334784202575683,0.1406090459392855,17.57282693862915,0.2141535886497408,17.77521770477295,0.2243831195056558,17.97378432750702,0.18471554916355665,17.09650831222534,0.18532970041361999,17.422107315063478,0.18647337796533506,17.632658882141115,0.18710896840042085,17.83491642951965
28061510000_C1,0,0.024588178604627045,0.5617248374686397,9.085561065673827,0.4434764063621714,9.341281299591065,0.43187237341031953,9.585494079589843,0.3035261285978917,9.853145971298218,0.2673425182489028,10.149103655815125,0.19384229345441145,9.009632682800294,0.19265512685507388,9.343982620239258,0.1914759829975397,9.591942300796509,0.18962026709348856,9.90052459716797
28061512130_C5,0,0.008737657333165914,0.2820175907717423,10.785611381530762,0.32045808298101447,10.981798458099366,0.20275654747123392,11.233143014907837,0.1818802156890576,11.500545110702515,0.18835131889182385,11.786565635204315,0.1901442139384262,10.75193910598755,0.1884975090649163,11.034634475708007,0.18712567675372527,11.319494533538819,0.18620828617175958,11.613536133766175
28061512190_C2,0,0.09618813208883153,0.6429121139716943,10.26048282623291,0.4842196079740415,10.485460243225099,0.37396122976866186,10.708793525695802,0.31297301171314107,10.949933438301086,0.2746745969672853,11.220525124073028,0.19591831595107992,10.20297703742981,0.1938198868599849,10.485553588867187,0.19184222378632987,10.725535964965822,0.18999839560365142,10.990089468955993
28061512240_C3,0,0.008966418607983353,0.5184675493194797,13.438759727478027,0.4411582169231215,13.720501689910888,0.3817903749769525,14.000319118499755,0.29760702826447555,14.275400233268737,0.26193827475341386,14.546228966712953,0.19084089209545982,13.340826129913331,0.1911076846311048,13.722841548919678,0.1903645757202986,14.017306880950928,0.18929232543322091,14.317814798355103
28061603040_D10,0,0.08153864345340191,0.32385021942016873,11.425683288574218,0.3022554392913482,11.621702957153321,0.2619547006240552,11.873334827423095,0.2264648523157321,12.136685132980347,0.1889960998782676,12.436415407657623,0.19184146353083664,11.37036066055298,0.18968167008188794,11.669102668762207,0.1879523497587589,11.93761329650879,0.18644026605379016,12.255974917411805
28061603620_E1,0,0.0034732402450401477,0.0,21.99215057373047,0.09680972268715665,22.443997268676757,0.12705450570546636,22.940158100128173,0.2060444838305324,23.358957109451293,0.2177656402657242,23.683385524749756,0.1722542361286973,22.2756441116333,0.17538572128235863,22.728254318237305,0.17864591759156664,23.066394653320312,0.18227794348098827,23.4260374546051
28061605010_D3,0,0.18189043525978837,0.1967910485446039,11.873959350585938,0.1980087413364506,12.143045959472657,0.18915623183294053,12.412358102798462,0.2287019672276483,12.705184712409974,0.22670603803336445,13.000100364685059,0.18310747264281071,11.905770778656006,0.18434386409259054,12.237282123565674,0.18493488122822102,12.507059211730958,0.18519557667773268,12.788198270797729
28061605210_E3,0,0.00030196153704675196,0.03966691704441629,7.926421489715576,0.039674259043614116,8.143177289962768,0.04958100543252501,8.400713267326354,0.11860440032197637,8.664345080852508,0.14364259321879708,8.992326313257218,0.1803565012137808,8.148176550865173,0.18158681166051596,8.384515867233276,0.18171106031338272,8.608316588401795,0.18144906838737615,8.892029135227205
28061702120_D4,0,0.212123242075678,0.19765309792233401,12.267360725402831,0.27756239821643525,12.498383712768554,0.21972097669024818,12.74177661895752,0.23942277939098972,13.014963402748108,0.2152042319297538,13.30532267332077,0.18568437875286775,12.284786939620972,0.18605234885814764,12.558518257141113,0.18624903275983243,12.820187664031982,0.18597147140133666,13.09602259159088
28061703950_E6,0,0.011570949083617305,0.07743123126621536,13.94839916229248,0.1747842416512976,14.477039279937744,0.19674669758308613,14.885726146697998,0.22274890927804958,15.236537127494811,0.2262786454573838,15.535172472000122,0.17103918297579748,13.967001676559448,0.17830676578216598,14.579627780914308,0.18199975806411497,14.969691591262817,0.1842269959013852,15.303123254776
28061804080_F12,0,0.04035724875458079,0.3184577962517807,12.66513916015625,0.28004241878738356,12.903884506225586,0.29968658139843424,13.151977605819702,0.29000767049535403,13.398503551483154,0.25563285826103843,13.655947878360749,0.18816865701924676,12.64026927947998,0.18787397393816493,12.938094902038575,0.18798003889423143,13.181313076019286,0.18794025165913542,13.443326554298402
28061804190_G4,0,0.04209089916599431,0.4013853121629054,7.508012580871582,0.2624778665633774,7.665672044754029,0.24134239407462918,7.878010096549988,0.2211303885095736,8.112137644290923,0.21333468554870957,8.396812499761582,0.19156017343982917,7.463049387931823,0.18943720123267413,7.72559471130371,0.18812407942183348,7.935485224723816,0.18688764260036828,8.209691345691681
28061813120_E1,0,0.0025575590479360016,0.0788325262444268,11.717754249572755,0.07936943872954204,12.02813383102417,0.12834809663411384,12.336012573242188,0.1436171517374203,12.64848714351654,0.1615512050618611,12.971771607398987,0.17952085721455188,11.90832552909851,0.1806243409732325,12.2352827835083,0.181830538359303,12.505723743438722,0.1823963490146794,12.808906302452087
28061813500_F10,0,0.0025072690417580383,0.079337994433685,8.497086486816407,0.07968266732057208,8.69186559677124,0.16864580822569028,8.904908332824707,0.19382174785523304,9.15025028705597,0.17738211908356427,9.433239300251007,0.18356153655731325,8.568575191497803,0.18491930201418116,8.809851551055909,0.1850287330715316,9.011668672561646,0.184653813312326,9.274781012535096
28061813500_F7,0,0.00044680398107385276,0.0773272091066122,10.205522346496583,0.07846204461983221,10.608871459960938,0.18643531952308934,10.93661229133606,0.20286628935181694,11.215128741264344,0.20882408207514114,11.490525245666504,0.17564048967694776,10.365313148498535,0.1802237541318882,10.732616653442383,0.18306863489556843,11.020039682388305,0.18453406532067587,11.302105045318603
28061813500_F8,0,0.0015278414400819835,0.3188762729561451,8.582591743469239,0.18149303645713757,8.762084980010986,0.22028775894915803,8.974211149215698,0.20059579575930123,9.211157035827636,0.18553024904163584,9.501192831993103,0.18860553674552763,8.563887405395509,0.18778125751008157,8.830216026306154,0.18693459768314835,9.056371459960937,0.18565575652716626,9.336998844146727
28061813500_F9,0,0.0035115596525172148,0.11389073384994168,12.194701042175293,0.11695795028339571,12.849114475250245,0.19521407794497603,13.39772925376892,0.19755086828017873,13.817937259674073,0.19153400867922554,14.154101467132568,0.17047134630034508,12.474487209320067,0.17436407672633378,13.01617223739624,0.1791320636509783,13.489763402938841,0.18248564685656404,13.903579354286194
28061905950_D1,0,0.006019070359803707,0.20462714328773401,12.068441123962403,0.3000026632147178,12.383829097747803,0.2516883246736162,12.71130274772644,0.25083774274735277,13.024542274475097,0.2381169295910298,13.330692608356475,0.18836177268783852,12.057480764389037,0.18718351513565734,12.42360424041748,0.18689770543937578,12.765642747879028,0.1867559610690919,13.095475187301634
28061908930_D6,0,0.010240836132810145,0.0,9.406972961425781,0.01960363886898325,9.64555923461914,0.07864478687126467,9.92154808998108,0.1085874780588332,10.272801461219787,0.1628073447565448,10.65633040189743,0.17845802727793103,9.636018371582033,0.17957935645906506,9.950148029327393,0.17981385452444734,10.192197532653807,0.18014189483519136,10.483505902290343
28061908930_D7,0,0.0003440749809830553,0.0,14.993591651916503,0.019343150430258377,15.465682334899903,0.07710144342862596,15.94897762298584,0.06399975110727554,16.372319011688234,0.10080605871295768,16.73509881019592,0.16984118246427468,15.514626455307006,0.17186759931688056,15.901784019470215,0.17490664763160801,16.247230072021484,0.17785650318145602,16.61278289794922
28061910530_B5,1,0.11423097241562408,0.1952647684221267,19.2536474609375,0.3871628304520214,19.92805404663086,0.4222523287123694,20.469906463623047,0.3682321050206379,20.917310552597044,0.3108968217391694,21.286612238883972,0.17501581951444342,19.22954330444336,0.18019211784040612,19.94178268432617,0.18475713747248204,20.47483419418335,0.18714343714298196,20.93214282989502
28062005480_E12,0,0.24268871093221872,0.3714749728840984,14.56435691833496,0.3660964577152137,14.975249176025391,0.343335786940443,15.41038269996643,0.3224565742534973,15.79817623615265,0.27496684115258835,16.150724074840547,0.19610287051394107,14.443743562698366,0.19103789515047265,15.01190761566162,0.18924426050807708,15.438720655441283,0.18864875715303558,15.834681763648987
28062005480_F1,0,0.02634367268664385,0.400334821064856,8.967423248291016,0.320898381509469,9.09959997177124,0.3207227594396734,9.260096549987793,0.2861217487910197,9.471312899589538,0.2609621243369382,9.715692312717438,0.19097898196374052,8.931647539138794,0.1904039671305915,9.1135524559021,0.1897246557544897,9.282890396118164,0.18874022487952788,9.514194021224975
28062008630_F2,0,0.005498822166095873,0.20124352130909534,11.83900146484375,0.2395103750841169,12.07987585067749,0.20037867945800236,12.310471572875976,0.2052740991675606,12.56785765171051,0.19768326457655885,12.842666664123534,0.18624197489733105,11.819764804840087,0.1867266516861885,12.150254955291748,0.18642556892668652,12.39696005821228,0.18586691379376957,12.66844944000244
28062008630_C8,0,0.0030828594574172615,0.08036588106522385,9.737756843566894,0.08023383964870248,9.869225158691407,0.08998443701646887,10.03486268043518,0.12434536156937599,10.255335264205932,0.12961205843361867,10.514916229248048,0.18654853717231973,9.854277801513671,0.1852109843912962,10.042332344055175,0.18446738550756053,10.215737171173096,0.18375342846925757,10.429934029579163
28062013170_H8,0,0.11862219959394468,0.4007741816762435,15.138921737670898,0.321510949368267,15.304458618164062,0.3206225457077069,15.483917474746704,0.2661903321817441,15.694911298751832,0.2508946372202609,15.9446049785614,0.19093453373138317,15.086933898925782,0.19030206124764404,15.322783222198487,0.1894706734923953,15.515671577453613,0.18848298734331853,15.750432682037353
28062104080_E3,0,0.0003223284059480686,0.36307881740247683,12.802594108581543,0.2631407714236808,13.035675010681153,0.25199407792630835,13.273621692657471,0.22646152879233616,13.538894720077515,0.22331263551613445,13.798663494586945,0.1915060036179519,12.747674560546876,0.18956509602005586,13.077035236358643,0.1880474858609828,13.337850275039672,0.18739835691434653,13.605691485404968
28062104080_E4,0,0.000989725457246188,0.20002955428728994,9.291980323791504,0.2195012048402455,9.5029927444458,0.209745196183167,9.720683784484864,0.20499080675267972,9.96680380344391,0.19031855090921715,10.262632241249085,0.1871662840255101,9.314178323745729,0.18669192821618544,9.575987739562988,0.18636508443399294,9.811229438781737,0.185448748523702,10.086181225776674
28062104080_F7,0,0.714080699628944,0.44128092497535865,8.264620094299316,0.3227745167600071,8.4957914352417,0.3116435301440937,8.747607259750366,0.25193415084550586,9.017859382629394,0.2240393559158661,9.298960893154144,0.19160699468288017,8.196380424499512,0.19021897195899834,8.522053680419923,0.1889388077373033,8.792178916931153,0.18775942679406316,9.089179458618165
28062104170_F8,0,0.03611639619076325,0.40472440214113725,11.989152603149414,0.343906467336575,12.345625629425049,0.30290107444284725,12.63797408103943,0.25249975281646125,12.909725136756897,0.2365883807062616,13.196193511486053,0.1920062193836344,11.856736850738525,0.19048088927372442,12.366494884490967,0.1894168377388535,12.677087078094482,0.18813222181675057,12.975571727752687
28062108750_G7,0,0.0005912088688267282,0.03753791674510538,16.98987991333008,0.03910434591981528,17.634242362976075,0.06820448730834662,18.208819522857667,0.09804543955958693,18.656581954956053,0.10866654734942381,19.010624928474428,0.16411397291597252,17.42714366912842,0.16993770730592003,17.992683601379394,0.17475968681750034,18.436318283081054,0.17892154886928985,18.8267479133606
28062206120_F4,0,0.03304403949916012,0.20203946034602946,23.255844497680663,0.2017152918250013,24.33400203704834,0.2105913237734167,24.973857822418214,0.2249629124345499,25.382329893112182,0.21771840183947755,25.68679549217224,0.1383540521784674,22.8015380859375,0.1646700337985573,24.386483039855957,0.17578098041954093,25.0169033241272,0.1817320910206321,25.43564374923706
28062208470_B8,0,0.010947848184483574,0.0393252984782532,15.511341781616212,0.05885551541224762,15.875865421295167,0.09820315248071583,16.24632222175598,0.1620775187111073,16.665036225318907,0.19500574880778462,17.04909579515457,0.17623481024344864,15.807668352127074,0.1773353113626985,16.169637432098387,0.17900570047504688,16.473972940444945,0.18071848511181338,16.7982572889328
28062404160_D7,0,0.05277156816809234,0.03870870645676179,17.54870262145996,0.1141846075287494,18.407104835510253,0.1648772967490643,19.005188751220704,0.23513711751354804,19.473627424240114,0.24971792968157142,19.857844643592834,0.1618524771655593,17.84443950653076,0.17043980591904503,18.55198226928711,0.1772192099485736,19.102136611938477,0.18146539020177713,19.536193428039553
28062404270_F2,0,0.009044578627893284,0.24169273609761974,11.802632026672363,0.2605052801259489,12.029002628326417,0.290024758853674,12.25948031425476,0.25562249019578476,12.502982692718506,0.22824229848863972,12.75558072090149,0.18831323117929988,11.777902460098266,0.18826205012260738,12.06299638748169,0.188026037680102,12.300396480560302,0.18757311107920427,12.565626873970032
28062404560_E10,1,0.1362477688087055,0.3258013908245702,16.541245040893553,0.3225567381624783,16.852163276672364,0.3018052410488501,17.144383563995362,0.2421436401736577,17.399079065322876,0.22133823833950286,17.650579586029053,0.19164866749120318,16.460532665252686,0.18938600663862556,16.880610084533693,0.1888878401629603,17.174816627502445,0.18807967999227765,17.467016105651858
28062506350_B3,0,0.0042679310674475016,0.44227482748804897,12.630435905456544,0.28466310090741287,12.925987071990967,0.25320032153077665,13.201886463165284,0.2075684667256683,13.493430080413818,0.17934969536221185,13.78366628408432,0.19181393446598782,12.526704502105712,0.19004187016024673,12.963009986877442,0.1880753173128199,13.277488870620727,0.18650101954706613,13.603868799209595
28062508680_A6,0,0.0017249610278850052,0.12265601710638324,19.583403396606446,0.10268113892335748,20.282638473510744,0.12068828794952591,20.797031173706056,0.15921687770652232,21.16304362297058,0.1840917935115165,21.447099571228026,0.17273663418497556,19.743684577941895,0.17635810105161664,20.440077819824218,0.18074584551662734,20.899826011657716,0.18367644406782305,21.247493190765383
28062508680_A7,0,0.003470672449936436,0.03948906338175898,10.854042930603027,0.09839338989571093,11.124633159637451,0.1871275880415122,11.409315910339355,0.1641180982758886,11.696879067420959,0.17927532284177153,11.979252111911773,0.18022559199601113,10.985039281845093,0.18246582966495917,11.271608276367187,0.18327882947566598,11.527898445129395,0.18407072542578012,11.809503049850463
28062511370_H7,0,0.0033899026025073667,0.24177273574982885,10.762340927124024,0.22131601075035054,10.954194221496582,0.22068685028371918,11.177038040161133,0.23017170441113535,11.396859464645386,0.17861243039944255,11.650501778125763,0.18925874212885058,10.741802310943603,0.18793574431596588,11.017818870544433,0.1875841901864712,11.235697584152222,0.1865375516359615,11.499135479927062
28062511370_H8,0,0.0013137975611734753,0.20017670187812828,9.562203483581543,0.239488290629789,9.732384376525879,0.2300871934093149,9.916102418899536,0.1758180836159071,10.122874383926392,0.18522109926197725,10.362605924606322,0.188203884385779,9.571090698242188,0.18791097843250412,9.777008552551269,0.1872183150347885,9.997221384048462,0.18634317267142309,10.234421210289002
28062602290_A12,0,0.011373336909123812,0.1999309839955107,9.92304573059082,0.1604630602941961,10.095457839965821,0.19969709590192697,10.301630001068116,0.1801307207732177,10.547823629379273,0.1507384319001764,10.832585577964783,0.18781780201558462,9.959744501113892,0.1867566643474421,10.187597770690918,0.18580913995907777,10.410888586044312,0.18451084449219532,10.706906661987304
28062609300_B6,0,0.019117124733542178,0.15962119589702775,8.067998523712157,0.17977548685577396,8.233777284622192,0.17971144123390828,8.40970766544342,0.1897119870533874,8.632603094577789,0.177633908395922,8.902978988885879,0.18688858296584873,8.076990580558777,0.18686672792048306,8.317581720352173,0.1863796117277197,8.512790036201476,0.18532485996492612,8.758552567958832
28062609370_B9,0,0.0009608613702075421,0.0,9.96747402191162,0.05901719688829454,10.167937450408935,0.06944442696802913,10.356609201431274,0.11391338236700878,10.587463798522949,0.12918801692130472,10.857251048088074,0.1818971100455107,10.121523237228395,0.18297823108617875,10.352640209197997,0.18328926258743852,10.551015920639038,0.18290734525131946,10.779703302383423
28070203990_G5,0,0.00526368484327413,0.11965281680575188,11.889902038574219,0.17901216295332636,12.073144493103028,0.19939789492099716,12.291274747848512,0.1800135975428788,12.524009337425232,0.17267118422664435,12.788343029022217,0.18647244867652749,11.947468662261963,0.1862504312782315,12.155729141235351,0.1858372155597462,12.379706315994262,0.18533379261472474,12.649275093078614
28070204440_G10,0,0.012728630337290736,0.0,13.340776329040528,0.038537861355470805,13.876116123199463,0.06766938191212425,14.520004930496215,0.08761975569991978,15.100678906440734,0.14908357610618092,15.59537157535553,0.166543541451667,14.050507640838624,0.16751049436400123,14.462771663665773,0.1709557879883002,14.864326353073121,0.1754038333103412,15.317621912956238
28070204790_H8,0,0.25738285474179606,0.5214132329716175,11.661769371032715,0.4616092686630614,11.864285755157471,0.39198197712919314,12.119100284576415,0.38611336527767526,12.383851051330566,0.3144731528828716,12.658265318870544,0.19294935057506038,11.597577953338622,0.19191576778580424,11.867464027404786,0.19085235970280603,12.130567770004273,0.1902632968129593,12.39844039440155
28070212050_H5,0,0.01520734900743025,0.037848980041168635,14.454197158813477,0.09489385153953182,15.260412063598633,0.1543372775032065,15.879941177368163,0.17651255749615627,16.32604175567627,0.17341706132258694,16.692992811203002,0.16086260120548573,14.80704951286316,0.16974099571704182,15.469438953399656,0.1762170645686036,15.992405185699463,0.18043043413323112,16.441309576034545
28070212100_H6,0,0.028666252157270807,0.2788063563347724,15.408837509155273,0.22025121715188176,15.634836330413819,0.2595654602434278,15.862124061584472,0.23031084081179673,16.120422029495238,0.2104084432776435,16.394203877449037,0.1871621029210048,15.394973182678223,0.18734706176346141,15.683296356201172,0.18699615991731938,15.927395172119141,0.18647965056091653,16.203049812316895
28070303590_F1,0,0.01784547652826944,0.3203072010177992,8.821036643981934,0.30049626691257564,8.99029685974121,0.30015687266923574,9.203937482833862,0.24615952028707325,9.433905754089356,0.22353103414188374,9.702185077667236,0.18973338245965451,8.777257442474365,0.18907953695576482,9.023978900909423,0.18853591640108588,9.238739109039308,0.1875658400564643,9.508367218971252
28070308970_D9,0,0.19762562547211612,0.23612929197789712,12.788267974853516,0.1401690069463912,13.046252555847168,0.14985156654188558,13.287499055862426,0.16980499090447657,13.528330101966858,0.18711916776107418,13.787000193595887,0.18278217536979308,12.774865961074829,0.18469655714483108,13.149575996398926,0.18530872315958166,13.388060998916625,0.1854200797170226,13.629720149040223
28070412030_E4,0,0.02208276131043283,0.07825827061733873,13.010895195007324,0.0985761016277965,13.27579984664917,0.10905137261940684,13.533149394989014,0.17815000698920713,13.784951629638671,0.20111394446738165,14.070275404453277,0.18002377644610207,13.12382593154907,0.18242135435065646,13.428101329803466,0.1837169203906719,13.653990001678467,0.1843345598288873,13.90007001876831
28070412030_E5,0,0.006673038858939108,0.0398376950619972,12.104029960632325,0.05944779829196509,12.306222896575928,0.04985515247618961,12.498106994628905,0.0991625824544952,12.702146759033203,0.14609658427277,12.954328134059907,0.18115817453133284,12.219342470169067,0.1831292033028349,12.491707267761232,0.18362865363163294,12.680633201599122,0.18366839209356395,12.88117449760437
28070412030_E6,0,0.25216480961217747,0.24015184304155757,15.890013008117675,0.2595316246119604,16.184957942962647,0.27932738769802373,16.49356442451477,0.22102782032896098,16.78631235599518,0.230408779301402,17.096329362392424,0.18574717806047672,15.849154043197633,0.18629554128381565,16.245119457244872,0.18646504911538694,16.55136092185974,0.18633010555621643,16.865887455940246
28070412030_E7,0,0.001582920609118222,0.15870702104827542,11.922024078369141,0.1790191814018417,12.068906745910645,0.23868785836264622,12.234402208328246,0.24435636820371082,12.442289724349976,0.2276899662984788,12.678183171749115,0.1866446801570824,11.94626522064209,0.18734265832356414,12.128510494232177,0.18736923621292015,12.292414140701293,0.18718464703186152,12.497952370643617
28070412030_G4,0,0.08164454781163409,0.28121823948590674,12.502229309082031,0.33990588556643403,12.680645122528077,0.3202548269442967,12.89235626220703,0.26119782783712886,13.140260396003724,0.2530072904010739,13.423942494392396,0.1901051920671725,12.481225299835206,0.18934275815606183,12.70452133178711,0.1887250799518709,12.929795026779175,0.18763997298056515,13.20776524066925
28070502420_F11,0,0.0073472022805303894,0.23872126271456323,12.159288101196289,0.20055718279097254,12.666876468658447,0.20031614567998626,13.039376316070557,0.2051732301758889,13.355272278785705,0.19034464091101158,13.66396493434906,0.17995082588946718,12.116904258728027,0.18296401261822157,12.744369430541992,0.1845768932071606,13.118893976211549,0.18496378002826952,13.459586300849914
28070510820_C10,0,0.0011340556196655944,0.0,12.214075622558594,0.07468865763926205,13.05577844619751,0.14348839245239822,13.766076231002808,0.18011449779074643,14.313969192504883,0.1753591047001242,14.735493700504303,0.16104833451479292,12.816099643707275,0.16658842501826562,13.368277702331543,0.17327190753280985,13.920531787872314,0.1784358859890616,14.430726113319398
28070515560_C11,0,0.037237217940967675,0.41656983441147744,14.559965858459472,0.2953879154729783,15.316895217895508,0.28783397954741796,16.005827331542967,0.22144662744566299,16.50498746871948,0.21111996598359214,16.903904786109923,0.19819667323466847,14.305680418014527,0.18946232928407677,15.400525169372559,0.18751589840706714,16.06694938659668,0.18679545684798587,16.589880046844485
28070515560_C12,0,0.023337469859931362,0.41157630404635526,14.900272827148438,0.3113942280217297,15.636352806091308,0.25799618889963744,16.241311721801758,0.25899364997534774,16.700305099487306,0.20848146932163839,17.087639389038085,0.1946074375993535,14.653107595443725,0.1891520914318166,15.711771965026855,0.1875857147921273,16.29601894378662,0.18673609706795596,16.780453824996947
28070603480_F6,0,0.009971254969994783,0.12147159570196933,10.368009796142578,0.14038577662881202,10.554092102050781,0.18935318260574127,10.755355367660522,0.19942484283011475,10.981865162849425,0.2023148027066761,11.24472826719284,0.18666568904332365,10.415445852279664,0.18653321421216223,10.646086463928224,0.18623468042183383,10.846979703903198,0.18581807277703227,11.081520271301269
28070604140_D11,0,0.002152438700027318,0.038972078055823575,16.575857467651367,0.05897574449966745,16.844211769104003,0.07883985537848796,17.14524606704712,0.14299980675617557,17.44269805908203,0.1440352543476702,17.736925773620605,0.17878503720130046,16.832569122314453,0.18030123632101952,17.087619552612306,0.18156645773413704,17.318343734741212,0.18252533759053705,17.59172688484192
28070607570_F8,0,0.00032885415608991574,0.0,17.51418586730957,0.0575303432255662,18.021420516967773,0.10748658685903742,18.42751403808594,0.14772709136384338,18.744692239761353,0.15627721373152598,19.020076274871826,0.1701845030589404,17.76177282333374,0.1761096481535324,18.211460914611816,0.1801719149379524,18.54804853439331,0.18275169736975702,18.860496759414673
28070703380_D8,0,0.3323791877537543,0.3631443315819399,9.13923152923584,0.24310442730555382,9.308988132476806,0.2612827082405298,9.496245403289794,0.26079729498146254,9.74388264656067,0.2213106830370754,10.034305720329284,0.19230877745317743,9.093980693817139,0.19009634184403715,9.34893430709839,0.18864132255526672,9.551029920578003,0.18730888792962722,9.820108823776245
28070804250_D3,0,0.0067833162386212835,0.20480510131566146,10.422059288024903,0.18265839634334602,10.669853515625,0.17145921815200194,10.903625059127808,0.18053021813434195,11.15285469532013,0.19003425818120728,11.459318902492523,0.18847416185703836,10.397357845306395,0.18720396764367803,10.764991359710692,0.18630252813711426,11.014294471740723,0.18505337822225876,11.294068813323975
28070804250_D4,0,0.007535013994744777,0.3181863814807134,12.891940841674804,0.20163463053722286,13.161652793884278,0.19119518855638293,13.42693754196167,0.17577024837282432,13.709918909072876,0.15327622551820524,14.005945858955384,0.18671411267403998,12.844109439849854,0.1863844501858079,13.251849346160888,0.1854096867699905,13.551288719177247,0.18455052670180624,13.85828586101532
28070804640_E11,0,0.012985055519730003,0.0,13.470881080627441,0.03774507823017577,14.115484943389893,0.17168676635236332,14.796774034500123,0.21919622063036617,15.263211936950684,0.2319754725806437,15.606806106567383,0.16544791210242138,14.120325136184693,0.16981767437564604,14.47554796218872,0.17533816474021555,14.880372400283814,0.1811474240508062,15.316902985572813
28070908780_D10,1,0.0372637719429697,0.07513167716322926,12.020300102233886,0.17236310161309573,12.732943420410157,0.17581783547571647,13.310194778442384,0.19217526165276433,13.777326073646545,0.2057415004298569,14.16561101436615,0.1674144270182705,12.248204374313353,0.17265393372562382,12.903989391326903,0.17780396312839422,13.439187564849853,0.18119713575382027,13.876808886528016
28070909120_B2,0,0.030618141107237137,0.3973491767713081,11.372288818359374,0.43829632812300273,11.560209655761719,0.39969549061200554,11.77047776222229,0.29168438096214205,11.996887345314025,0.2368922816794664,12.247033231258392,0.18850090923808965,11.326255369186402,0.18979512707104088,11.562876930236815,0.18985106817293113,11.778368320465088,0.18900125256258396,12.045971956253052
28070910610_E1,0,0.001805898104884999,0.0,14.357856140136718,0.16891683919585918,15.148872737884522,0.22192380506659598,15.758153715133666,0.19230500827110947,16.195467171669005,0.20333533089350542,16.552295763492584,0.16123835800816277,14.607118797302245,0.17078900175273076,15.293529548645019,0.17745546240397803,15.832334012985228,0.18169428712544902,16.282241291999817
28071004650_E7,0,0.03699048745938773,0.2340011963087731,13.05214698791504,0.21760412635928073,13.322717361450195,0.21883001377889577,13.550816822052003,0.21931605223118017,13.780713768005372,0.2244542106121084,14.04973165512085,0.1822282624025618,13.042274856567381,0.18520669636073603,13.373094005584719,0.18615582486193605,13.622187519073485,0.1861137856702644,13.867667441368102
28071013390_H2,0,0.0031968665890501208,0.11855455112521103,11.037260551452636,0.0996390505857324,11.380242519378662,0.11928387804149751,11.6923974609375,0.13907260733829255,11.99949870109558,0.14930260721790478,12.3181280708313,0.1787877774851632,11.141724777221679,0.18087222413275217,11.567285804748536,0.1819036386093986,11.866190948486327,0.18238004955139195,12.170970849990844
28071103620_C12,0,0.0032771877757279202,0.19740622614849823,11.772753677368165,0.21831913297153174,11.995372066497803,0.2289923584745162,12.204215860366821,0.19515855718864292,12.44089262008667,0.18518175640479378,12.719516665935517,0.18526060367005961,11.79992733001709,0.18629100103586577,12.047101860046388,0.18625498386693135,12.292098722457887,0.18564293987669725,12.550676136016847
28071110910_E7,0,0.011094285473806375,0.11900771492994211,8.332854328155518,0.15904433870813858,8.503056936264038,0.17914273821603957,8.687003140449525,0.2044186110374855,8.909780595302582,0.20239306883795544,9.181026409864426,0.1857994929564343,8.375159716606142,0.1862989261587497,8.586725282669068,0.18637647347184724,8.772080340385436,0.1856985086219313,9.01180349111557
28071110910_E8,0,0.06055991721918186,0.15832795882481795,8.352964210510255,0.19903239476562018,8.559834213256837,0.2093046872187082,8.778010549545288,0.20953161619396954,9.02132260799408,0.23183853900274226,9.289730174541473,0.1858033906281641,8.372453784942628,0.1860197672330915,8.625735855102539,0.18619365165340968,8.863213958740236,0.18609689451817102,9.102465176582337
28071111720_D4,0,0.012990200941770705,0.12105718740032403,11.094568557739258,0.15981113032933253,11.442244892120362,0.20827724315446455,11.811305694580078,0.18966364049330028,12.153746123313903,0.19221063879654857,12.479688601493836,0.18254399461959264,11.18265233039856,0.18242746345117322,11.585711040496825,0.1831915508451412,11.91953761100769,0.18398877275609482,12.262158308029175
28071203210_A8,0,0.0015142707154691684,0.12036467234459737,13.511804237365723,0.23825197999879,13.72416296005249,0.18019499175889736,13.952112312316894,0.2097096970157508,14.181060671806335,0.20242256892310936,14.426518790721893,0.18610493789467797,13.545499944686888,0.18608308698449738,13.802357501983643,0.18645502146348636,14.023829584121703,0.18629559923040442,14.269837737083435
28071205820_C10,0,0.25649862387554206,0.41279632883808964,19.34774700164795,0.369808615532175,20.171207447052,0.3363149317769237,20.77734097480774,0.27534663482350336,21.237909092903138,0.20456198789205415,21.632256124019623,0.19372982766640778,19.033360052108765,0.1905577679299971,20.194838428497313,0.1892605420099202,20.812098340988157,0.1875852712540332,21.324260382652284
28071208730_C1,0,0.0008811435229056177,0.07989262343727047,16.18613540649414,0.15778515629322976,16.441570892333985,0.17865633728586985,16.702164707183837,0.16460980302767514,16.982623023986818,0.17706347560753596,17.282754278182985,0.18278447682817503,16.282984447479247,0.1837972142022297,16.56391590118408,0.18393487591642238,16.825618419647217,0.18415457124130136,17.11180354118347
28071211050_B10,0,0.079148417522338,0.23827121043599916,13.545928916931153,0.23956176076301539,14.021345691680908,0.229653843221782,14.524532318115234,0.20078503277254675,14.951534633636475,0.20041635647669082,15.294583158493042,0.1821367884254014,13.507839918136597,0.1816609984841567,14.147332153320313,0.1827846281915474,14.622206964492797,0.18427000273746275,15.030633177757263
28071211050_B8,0,0.08733871669342731,0.1172804376142208,11.0231742477417,0.13829930659069317,11.468875102996826,0.21668938545846386,11.925642681121825,0.20856712765026844,12.31332914352417,0.22145971913478338,12.656917285919189,0.1769294369898577,11.15865864753723,0.17930639393367193,11.622955951690674,0.18146372830574095,12.016514129638672,0.18359565204775005,12.397408881187438
28071211050_B9,0,0.013953763060721979,0.19735121701462877,8.51924467086792,0.15930018972558513,8.712577810287476,0.22823629880231655,8.937087082862854,0.21915610081532858,9.22489750623703,0.22688440978941443,9.563408428430558,0.1848671269936411,8.534663844108582,0.1857113613553807,8.804579534530639,0.18530891688157897,9.043161644935608,0.18477706884914044,9.32946233510971
28071302170_A5,0,0.02450353064846963,0.3206694167318337,12.668130874633789,0.37973680751964645,12.855808601379394,0.29150811030407703,13.080798425674438,0.24141986030270074,13.317961382865906,0.22349972935282233,13.578444664478303,0.1896992989991055,12.625466775894164,0.18965306025130096,12.867333030700683,0.18882100107126823,13.129363660812377,0.18777842100712352,13.391032252311707
28071302170_A6,0,0.005018156490238481,0.4760357464713412,13.063432655334474,0.37998020401412363,13.288157958984375,0.3011815595504865,13.512541217803955,0.23170973972513306,13.741991271972656,0.21370440509531155,13.98461035490036,0.18830463663460323,12.99498691558838,0.18962694692769252,13.303191699981689,0.1889292988875174,13.55497278213501,0.18792285877331827,13.812469182014464
28071306200_E11,0,0.1532556371739226,0.4902078154496167,22.308948745727537,0.3915599759604152,23.209790420532226,0.31018105008009206,23.880737018585204,0.2664474173626849,24.374615898132323,0.21712759959959949,24.763190727233887,0.19750118123580707,22.012354373931885,0.1921615649363543,23.231511421203614,0.18974201899286489,23.930073776245116,0.1881807345195035,24.44413661003113
28071309060_A10,0,0.3026642177644115,0.47830958700592313,10.458918533325196,0.4203526694176429,10.660190525054931,0.40042726490459624,10.871352443695068,0.3165998001014852,11.10098403453827,0.2667224649270389,11.371295156478881,0.18989892756398222,10.400674104690552,0.19068896051372924,10.66362989425659,0.1903526436982454,10.880228652954102,0.18926082985332515,11.143493976593017
28071309510_F5,0,0.010825414662173533,0.0,16.95697124481201,0.019259678869971545,17.500123310089112,0.09561791495544844,18.140572481155395,0.13156478370335667,18.610662808418272,0.14298720329288458,18.96871037244797,0.1672202429932505,17.628651762008666,0.1701928094326747,17.945070095062256,0.17433516162431595,18.31180823326111,0.17915370260675803,18.74339120388031
28071311390_B6,0,0.07525754117623511,0.2795990462892801,9.709674835205078,0.24035080544724338,9.842366161346435,0.2697330363345952,10.017797060012818,0.23547808271570703,10.217184405326844,0.24014085689959047,10.464969384670258,0.1896272836325522,9.70988302230835,0.18874288963781083,9.887133464813232,0.18833392005779012,10.062680282592773,0.18756724549370787,10.286734085083008
28071402930_B2,1,0.003868066059194685,0.44412700245601605,14.26664306640625,0.383523922321983,14.57149507522583,0.3127887293210814,14.854711437225342,0.28210013302483306,15.116108198165893,0.2589715897520306,15.363833899497985,0.19291474382070636,14.154122924804689,0.19109428768873687,14.593566761016845,0.1897838304524141,14.882606353759765,0.18906099114210742,15.154770021438598
28071402930_E3,1,0.11526804894207603,0.23710489598419618,13.136648864746094,0.18031360916648148,13.477796478271484,0.21922133783537387,13.792402782440185,0.22932045566581707,14.089834938049316,0.20019807700427225,14.383735659122467,0.18278383685662827,13.117127799987792,0.18423180053348284,13.561691188812254,0.18513888289390476,13.871005811691283,0.18531544738203887,14.178911452293395
28071402930_E4,1,0.3062490238600513,0.7211280442964404,12.225827560424804,0.562580799127954,12.407617740631103,0.4528965681980297,12.592561130523682,0.37745357634015847,12.790871090888977,0.3147600593656804,13.018298211097717,0.19521557615461663,12.186591720581054,0.19388712683852624,12.409390640258788,0.19270081587090926,12.594474639892578,0.19128471990491747,12.803739705085754
28071402930_E5,1,0.1901554293689863,0.48072972370829664,10.215774307250976,0.38135927667291786,10.367011737823486,0.30174608658894914,10.547295503616333,0.27138668399289456,10.773215222358704,0.24383675112965292,11.044164679050446,0.1919554525368061,10.165829277038576,0.1909886241839499,10.379931583404542,0.1896829513897388,10.585005798339843,0.18837357174728345,10.832915620803833
28071403390_C7,0,0.0009054427959689839,0.03808093668938379,15.197321586608886,0.11594307167727011,15.71263879776001,0.1470833521277016,16.087518587112427,0.17788910198518387,16.382533564567566,0.17157755902651273,16.64139902830124,0.17167954973380475,15.378939151763916,0.17764569150364612,15.829025287628173,0.18182062117261505,16.17979140281677,0.18388294208173486,16.477460808753968
28071404870_C8,1,0.12854933516853428,0.23783182739744277,11.857102165222168,0.25855243191798744,12.045830230712891,0.26927231581502825,12.241656150817871,0.2500688221355909,12.44812611579895,0.22549971517220713,12.713188035488129,0.1868615935060703,11.8574688911438,0.18753962528921492,12.079346179962158,0.18791609673937074,12.277707843780519,0.18719386172161806,12.527374033927916
28071502420_C1,0,0.08386024863952773,0.03637403510560779,16.874358406066893,0.13117217079672222,17.698293857574463,0.25998726564181984,18.282735872268677,0.25539034242739367,18.68750159740448,0.2332671628538085,18.998318841457365,0.16272530171687868,17.279169130325318,0.17105403473401726,17.81615701675415,0.1785683605761531,18.32059868812561,0.18320711108534463,18.73267479419708
28071603820_G7,0,0.07374737050689273,0.20560504592099074,11.400313491821288,0.16330108182787859,11.616015625,0.22062244400249353,11.827146806716918,0.18581855702958958,12.068895163536071,0.19754250704362686,12.344679267406464,0.18966504953887034,11.38015637397766,0.18832909543975437,11.693740081787109,0.18685696385335912,11.927258958816529,0.18592261824679238,12.179036355018615
28071607030_G3,0,0.001523313437459529,0.2847749644790499,13.726413421630859,0.20441852552895054,14.045895824432373,0.23123413369986884,14.306649932861328,0.2207274156115774,14.551397976875306,0.20813906579453695,14.817413609027863,0.18877749302413047,13.637987041473389,0.1879162627530762,14.11028200149536,0.18750908404896363,14.37432466506958,0.1867990181413045,14.638712639808656
28071607030_G4,0,0.005145260148169409,0.2417436176280299,10.815476188659668,0.28075775753381693,10.986011981964111,0.24101035106236526,11.18719612121582,0.2110297585562051,11.399751048088074,0.23765380177499706,11.662782692909241,0.18973343675228044,10.78118109703064,0.18891912151478432,11.026180095672608,0.18818396786365466,11.2477965259552,0.18732293763704638,11.476903882026672
28071611610_G9,0,0.009750749770918762,0.2805876428193477,9.931146392822265,0.28072820451985747,10.27064992904663,0.2996229032594403,10.63642147064209,0.2559315576777628,10.968821268081665,0.23341527046771612,11.279803814888,0.1870611739522808,9.880402374267579,0.18638402954407074,10.329737300872804,0.18658845242411187,10.681053028106689,0.18668323767825118,11.033959589004517
28071611960_G11,0,0.0015186253000970098,0.23267743858677123,16.32094234466553,0.237563374831789,17.123188915252687,0.21064576081010503,17.816764783859252,0.1911686170870862,18.312121653556822,0.17347813659913214,18.72230542898178,0.1735356041592795,16.266613531112668,0.17660117865240926,17.229539127349852,0.1802925215946192,17.9128475856781,0.18227817735436058,18.438243699073794
28071708940_C4,0,0.0005564326899392907,0.2033720750032506,10.757485466003418,0.1622596837513706,10.955738220214844,0.16110029923494315,11.186244201660156,0.14577208429555513,11.411593980789185,0.16007544566999046,11.659160840511323,0.1890435185092186,10.775383806228637,0.1869448673514005,11.072980403900146,0.1859601922840282,11.298294582366943,0.18546229508971906,11.54535889148712
28071709720_C6,0,0.03045758464657077,0.39991830861864713,12.691247863769531,0.3405820260297513,12.846552104949952,0.3402996656824479,13.031156606674195,0.2761307299691428,13.253035731315613,0.23874312117896443,13.521204504966736,0.19070807983065552,12.657511901855468,0.19006540397481536,12.863839893341064,0.18941190321139953,13.059912672042847,0.18822845505510463,13.316779136657715
28071711430_C9,0,0.544584343319367,0.3668728383363317,16.402326278686523,0.32421037029732364,16.73442241668701,0.3516368220296873,17.037126846313477,0.2722850572621713,17.306536083221435,0.25156317626671415,17.591448421478272,0.19304069557817088,16.29394474029541,0.19027471643610783,16.755052337646482,0.18952637587942145,17.061441078186036,0.18851842369241897,17.362909898757934
28071805770_F8,0,0.005745445436955097,0.3981704004725174,11.255553550720215,0.3202586849385761,11.451416015625,0.22148193407803524,11.640291194915772,0.21100440925732714,11.863712658882141,0.1737208821849883,12.133860518932343,0.18891293942659584,11.200613975524902,0.18892147777784066,11.482783317565918,0.188102040495037,11.714624376296996,0.18619302504047913,11.991026301383972
28071808290_D3,0,0.10588019641872048,0.361128623657071,8.925167045593263,0.34066593619425667,9.143067264556885,0.3008295302153353,9.364403562545776,0.2612774343314889,9.606609172821045,0.24107133515208898,9.883367426395417,0.19045251650557696,8.879892063140868,0.18947530958555026,9.16532329559326,0.18892824163707356,9.401750125885009,0.18789207096526392,9.66958447933197
28072007710_E12,0,0.029212181219251357,0.1608572856364424,18.51357551574707,0.23676742168126022,19.11999828338623,0.2577422624898171,19.57800931930542,0.2636400105455051,19.933007621765135,0.2373976173329542,20.251162977218627,0.17824161314498455,18.591901206970213,0.18054730700412078,19.17771522521973,0.18383635479698024,19.627267913818358,0.18540573923409084,19.99419506072998
28072010020_E7,0,0.04664389915995345,0.24232439540056616,13.392475128173828,0.2804634459642906,13.613955955505372,0.2604209553876349,13.814565649032593,0.26025336822785367,14.022545447349549,0.24051641570876217,14.266151704788207,0.18898892326428335,13.368027114868164,0.18856137997191388,13.647058792114258,0.18848246935772925,13.85627257347107,0.18789681766010038,14.081819376945496
28072307540_B9,0,0.2783536220701782,0.08006192002186037,11.910030860900878,0.08004149499529668,12.045686740875244,0.16880520461906223,12.23683650970459,0.15450208330346019,12.456929807662965,0.18174244352403124,12.709614803791046,0.18612202817579931,12.003672027587891,0.18585834350489014,12.1812282371521,0.18527784395502936,12.355908632278442,0.1852233472526298,12.574512929916382
28072308420_C2,0,0.013441351968584822,0.32144338580787946,15.890571212768554,0.2628160886425951,16.374231758117677,0.20368707724583923,16.828675785064696,0.16792225260182528,17.221593036651612,0.18840134534400607,17.56008369922638,0.1862897332211914,15.78739995956421,0.18506855337276404,16.47079559326172,0.18442812102686915,16.94207292556763,0.18474098472167938,17.329010038375856
28072308420_C4,0,0.0770218921348192,0.24352120088888773,12.342651634216308,0.24160853207554692,12.597066822052001,0.19170430465037683,12.826693115234375,0.19100068769487852,13.066950216293336,0.17821649463677278,13.3108704662323,0.1888884716768756,12.311223602294923,0.1878468633835642,12.658875350952147,0.18724021243747369,12.911213426589967,0.18648203673977842,13.15991982460022
28072312880_E2,0,0.000384596999557102,0.0,9.761396484375,0.07849010802365035,9.966392402648927,0.11843920444686665,10.254445581436157,0.14370690122936577,10.570060892105102,0.19078212468167655,10.914357817173004,0.1815234724861625,9.949048328399659,0.18177650215130733,10.202693309783935,0.18190008149365947,10.425824403762817,0.18244687990430622,10.722993144989015
28072312880_E3,0,0.00018621498603944845,0.0,10.402553215026856,0.059171659676849536,10.585188865661621,0.06920477508890523,10.803541536331176,0.1138106002886786,11.05613425731659,0.12656495264640985,11.345695252418517,0.18226861851046422,10.61877670288086,0.18252846572917283,10.81030439376831,0.1823616277797614,11.015856561660767,0.18205152505624114,11.268501772880555
28072312880_G1,0,0.000491708921351091,0.0,9.002134552001953,0.0,9.220958690643311,0.04910573883646869,9.527629013061523,0.10300102795604898,9.905563354492188,0.138046701107943,10.282002227306366,0.17841016258214673,9.390397644042968,0.17823657398137566,9.609384269714354,0.17852624585825344,9.827322835922242,0.1791484290335781,10.131199488639831
28072401560_G4,0,0.006674133006298122,0.4021189810367499,12.516042022705077,0.36214477165952513,12.784622650146485,0.2631431486207904,13.058221492767334,0.25649815643029766,13.312014722824097,0.24094049224797087,13.59774968624115,0.1909555422277012,12.422477340698244,0.19009220232350196,12.8103497505188,0.18894534392379791,13.104867839813233,0.1877942887411361,13.388428525924683
28072401600_G5,0,0.002122200683824325,0.23727712999997208,11.05345588684082,0.25832064059367393,11.218810653686523,0.22950281654234914,11.41020203590393,0.20499675138891413,11.614692635536194,0.21748159383544724,11.87518093585968,0.18668091681737703,11.050622320175172,0.18728793430363574,11.269686183929444,0.18711100419119212,11.476848573684693,0.18668535562027525,11.702367901802063
28072401600_G6,0,0.027757371158431847,0.36057962315252473,8.771027793884278,0.24221491779643955,8.98051727294922,0.22126593217388085,9.167059535980224,0.18600494619491673,9.363208127021789,0.19789326283860031,9.596011986732483,0.18988790192677585,8.714285326004028,0.18904102656090152,9.026083030700683,0.18806664754902436,9.241868143081666,0.18712536802714655,9.460254855155945
28072408580_E3,0,0.003001560300111276,0.11886078037141748,12.073088607788087,0.09976152265477313,12.385849266052245,0.10979451986490864,12.705689182281494,0.13918444513224612,13.032772893905639,0.16875012651486263,13.37941620349884,0.1803768417164121,12.20391035079956,0.1810257404437151,12.593212032318116,0.18161031024020088,12.888733863830566,0.18212246496861678,13.201538338661194
28072408580_E4,0,0.0001449169078980996,0.0,13.389166641235352,0.0,13.76124231338501,0.03865786163470028,14.22254472732544,0.05370531959469502,14.684798703193664,0.110096583687565,15.115611805915833,0.17066711557014533,14.035861730575562,0.17154762692959505,14.314158916473389,0.17362202948760935,14.602570037841797,0.176521929560892,14.948177428245543
28072409400_E10,0,0.039940609706076935,0.31829510333754635,11.557787742614746,0.3785201829497339,11.733693199157715,0.2511321564597041,11.920240507125854,0.26035157445254886,12.132935905456543,0.22586439309130932,12.373205654621124,0.18806676340415596,11.520995664596558,0.1891512975514069,11.750986614227294,0.18858996977037865,11.966412525177002,0.18790710290290957,12.19414879322052
28072503820_B5,1,0.014873635972186923,0.0,9.986235237121582,0.05832215837009338,10.298447322845458,0.10804356282134822,10.627570524215699,0.15780219793628472,10.963275547027587,0.21473353730284797,11.317557764053344,0.17832768640892363,10.26205677986145,0.17949323884690055,10.532843151092528,0.18088362071114517,10.798088359832764,0.18208333038156,11.103032546043394
28072507110_B8,0,0.007133115919256418,0.24446272577487027,11.065335121154785,0.222891520915263,11.338997955322265,0.16263399680204083,11.60347246170044,0.17586834859085937,11.86699887752533,0.16788114411436167,12.143850123882293,0.18961238177970877,11.03312520980835,0.1870757206275015,11.433025207519531,0.186061612926936,11.727545728683472,0.18532418479794321,11.998373303413391
28072511770_G4,0,0.018182458955759432,0.15791261278764482,11.712864379882813,0.19838831501408669,11.87802942276001,0.20924305405319252,12.077717323303222,0.2144941216471318,12.297991399765015,0.2024454401195786,12.555091745853424,0.1859698054636025,11.742125129699708,0.1865444094243691,11.948980674743652,0.1865452651620172,12.14770601272583,0.18621086744188955,12.394825224876403
28072607150_D11,0,0.0004700907848560726,0.03859604700958804,25.573445892333986,0.07621611639981384,26.566866989135743,0.09641741389683782,27.411475048065185,0.13138869668736686,28.02607957839966,0.16961583841988304,28.46655149936676,0.1526993303031464,26.055675506591797,0.16216802294069782,26.978952713012696,0.17030936848490072,27.60722120285034,0.17704078312620683,28.138534660339353
28072607150_D12,0,0.00669056390081413,0.07912705283205443,11.403532791137696,0.07928972442913425,11.580507698059082,0.11905028844948043,11.778946962356567,0.1537760621059624,12.012787351608276,0.1884922061940058,12.301238708496093,0.18458933491355184,11.552285051345825,0.1842634246290427,11.739219093322754,0.1842043110588689,11.932748594284057,0.18400690053732702,12.158602328300475
28072611060_E10,0,0.0030787023919565384,0.0,16.887545166015624,0.07612730733587368,17.42335952758789,0.13552695116111135,17.97193832397461,0.13285837440903295,18.40730412483215,0.18008698160067957,18.76601180076599,0.1694499077854983,17.306594467163087,0.17299828011867585,17.737234649658202,0.1765622353983563,18.13779802322388,0.18049982233470485,18.530423889160154
28072611060_E9,0,0.017067276203192875,0.07760345106905284,16.312739486694337,0.09770781068759583,17.012451515197753,0.13572300983203844,17.91159580230713,0.15155489224351346,18.74144994735718,0.19646903786062603,19.320415053367615,0.16594984857356593,16.775958156585695,0.16503870429373846,17.623854560852052,0.16820822997423568,18.211707305908202,0.17457820165351656,18.860271253585815
28073047080_A5,0,0.0279566707458258,0.07947251786126538,8.933312873840332,0.11908420792715711,9.150077571868897,0.16864514480092815,9.357249822616577,0.15946928271064056,9.561519041061402,0.1941177892522335,9.81067911863327,0.1839964770755931,9.040126466751099,0.1849296190349626,9.248498992919922,0.1855165146203316,9.454947423934936,0.1853000922875937,9.685460915565491
28073047080_A6,0,0.06453048563292606,0.16040361517033186,8.293418102264404,0.17996042840280577,8.449216089248658,0.20950857509843154,8.640591387748719,0.1901330493670536,8.869689877033233,0.1826085132699722,9.141984313726425,0.1880789011200124,8.326450657844543,0.1872485658321052,8.528859548568725,0.18648380102058798,8.73392469882965,0.18545361003582486,8.995083777904512
28073048770_C7,0,0.1936915987584555,0.44152653792592156,12.428537216186523,0.32343592540748206,12.699816722869873,0.36130950382455035,12.944917345046997,0.2773014754990865,13.208672165870667,0.23953552322270835,13.500363104343414,0.191549662978363,12.338362836837769,0.1907146121177161,12.712524833679199,0.1898404825749226,12.968514547348022,0.1885132616132459,13.266137866973878
28073102350_E7,0,0.012538470661627988,0.3239345811993709,13.083734664916992,0.28247111775800016,13.287752475738525,0.2417836197707564,13.47073956489563,0.2064195304592716,13.648472490310668,0.20821134866986535,13.844992792606353,0.19147241200190296,13.031012392044067,0.18996683171087939,13.315355377197266,0.18923307075333073,13.515518980026245,0.18833954685495424,13.716071033477784
28073105780_D1,0,0.35803147252546147,0.44132297413346677,9.89166561126709,0.40121206089113687,10.078241748809814,0.3215228183543561,10.276061162948608,0.2765173458439145,10.49899775981903,0.23152175546686993,10.770891089439392,0.19178019435203936,9.830320835113525,0.19089173803748846,10.089939670562744,0.1898539328980481,10.305711393356322,0.18831966240751327,10.568612027168275
28073107610_F11,0,0.06599124198885181,0.20212211720410397,13.29590072631836,0.18134159012589834,13.592630138397217,0.16099134974954518,13.892989931106568,0.14581944893357424,14.17565733909607,0.14534675917236878,14.476197707653046,0.18541680199693722,13.285307168960571,0.1847856050669853,13.72054859161377,0.18425420792113786,14.033731393814087,0.18385763352384185,14.341911602020264
28073110500_E8,0,0.013334914243606501,0.19912756832478115,12.85692096710205,0.21930404914682217,13.157633514404298,0.22941930963416174,13.431282625198364,0.24423435669237478,13.698442697525024,0.21269502452824351,13.962099986076355,0.18484026806044146,12.870484209060669,0.1854855962704426,13.222988395690919,0.18606202745566053,13.497098789215087,0.18633462036889806,13.771076207160949
28080103440_H10,0,0.02436280569973176,0.3222793309809934,11.396030464172362,0.30166236444959293,11.601540794372559,0.2614694830479742,11.811733779907227,0.2509834525835568,12.023818225860596,0.24049220925588122,12.291287121772767,0.19050984717959157,11.341814708709716,0.1895025106907156,11.629863109588623,0.1889878881840305,11.85269021987915,0.18769123123550224,12.100627675056458
28080103440_H9,0,0.017537246049384732,0.20310778950388325,13.767523078918456,0.27993447938205923,14.049204959869385,0.2606155669119338,14.313638744354249,0.24562919102803696,14.583640475273132,0.23032105737678807,14.879031958580017,0.18729952997417754,13.740925741195678,0.1875025903653154,14.084191360473632,0.18732644528485468,14.363960933685302,0.18664681468970734,14.669633798599243
28080103470_D8,0,0.003984096902146308,0.15995693966279506,10.643928413391114,0.15981629448319393,10.791851787567138,0.15999277154588662,10.945923604965209,0.19457857866318898,11.124182024002074,0.21694389579434986,11.347865059375764,0.18787268498658333,10.692001962661742,0.1874213533795009,10.866746654510496,0.18724000066159147,11.025182027816772,0.18680253300380395,11.210970153808594
28080103470_D9,0,0.005590684541884952,0.16058695110873683,10.06308807373047,0.18029115571426235,10.241495418548585,0.19985340959778505,10.438305282592774,0.18033677936787817,10.649047617912293,0.18492340128167245,10.895184814929962,0.18783234771977814,10.090031003952026,0.1871302436011033,10.313015289306641,0.1866759601659914,10.525933170318602,0.18598424987506093,10.761921243667603
28080104590_H11,0,0.26541677994298113,0.4060534572670419,11.62666519165039,0.38316539317608983,11.920878887176514,0.3226300634562007,12.19802318572998,0.2722718237014779,12.460277876853944,0.2661804003810163,12.737382571697236,0.19376578657917065,11.526973676681518,0.19109063754364056,11.942058982849122,0.18980368340236603,12.22839108467102,0.18860744282541397,12.510969352722167
28080208110_B11,0,0.0025619560044059892,0.0,12.716241874694823,0.1292768763773939,13.518073348999023,0.22879341408534898,14.236758289337159,0.23420047654624981,14.731120066642761,0.21996197350653404,15.098597984313965,0.1638039271245586,13.377207851409914,0.16836612248240534,13.790603713989256,0.1751820025698441,14.306152877807618,0.1808426259872698,14.794956402778626
28080208110_B12,0,0.017180042294277654,0.1184916389184868,11.191718521118164,0.21342223776723318,11.845861988067627,0.20699226412266336,12.320666780471802,0.21822287356416392,12.672575840950012,0.21653257047067062,12.98133462190628,0.17395680244387493,11.409391975402832,0.17741732375709826,11.930398025512694,0.1819226870968843,12.389358739852906,0.1841458505436356,12.751267099380494
28080210180_C3,0,0.04243590540427267,0.27841777614634705,9.022694320678712,0.219825017059579,9.207077293395995,0.20987878619351524,9.406128015518188,0.2246027050477065,9.620653562545776,0.21985535863814845,9.898198597431183,0.18751141254943796,9.017275142669678,0.1872838799939245,9.275311279296876,0.18709574818938024,9.476994781494142,0.18633859282736456,9.719735832214354
28080210180_C4,0,0.061647842933351474,0.40029989187154846,11.761223564147949,0.3407641197831056,11.917891311645509,0.32083653273336765,12.10132661819458,0.29573107139713006,12.32296902179718,0.24613348374010008,12.574131119251252,0.1907577996466655,11.717269515991212,0.19017391055398872,11.93348165512085,0.189455272977649,12.131237297058107,0.1884780822727647,12.374059782028198
28080212780_C6,0,0.02112904955294739,0.2810754099297887,13.091924934387206,0.3001996117989867,13.339136447906494,0.2805340266839924,13.576354188919067,0.2508556150620791,13.815535798072816,0.25534162034847374,14.088516182899475,0.1875402152452993,13.02055048942566,0.18837987790620656,13.370570182800293,0.1881933838248164,13.616221208572387,0.18762059770008915,13.877360482215881
28080302560_D10,0,0.07617244136322669,0.40338844154421033,11.85213249206543,0.3041101852570038,12.14371482849121,0.2824498365455273,12.409260816574097,0.23220159221314668,12.682489562034608,0.23347769030688584,12.955383529663086,0.19171426891126764,11.75053358078003,0.19015370956801814,12.174127063751222,0.18866770636643698,12.461919956207275,0.18770222145736765,12.754534912109374
28080402590_G5,0,0.0013458265327706052,0.23384284632028457,14.938684844970703,0.19807106725312484,15.268180065155029,0.17961807246897585,15.553309335708619,0.17972963695828728,15.814654078483581,0.17240286960153467,16.063020560741425,0.18077206563149412,14.917723751068117,0.1836359449574347,15.353882579803468,0.18488437789139964,15.643125047683716,0.18522741803949058,15.921103539466857
28080403330_G1,0,0.38895702027985,0.32017146662226414,11.17104793548584,0.28086126747258355,11.341677360534668,0.32003381956895127,11.541575965881348,0.24630809229225784,11.772217488288879,0.24561653004770637,12.023132095336914,0.18984557057943258,11.143631744384766,0.18920886288955907,11.363769302368164,0.18873891087666944,11.57742178916931,0.188038125254556,11.83186990737915
28080403330_A8,0,0.003905321365301483,0.19849065756476242,7.398043041229248,0.19913173785337945,7.5630905818939205,0.16987675083319634,7.7497088861465455,0.1847717245188279,7.993841173648835,0.18237306035067552,8.315241099596024,0.18658054743605396,7.404276752471924,0.18657039278704501,7.653123016357421,0.18580092063330128,7.873150658607483,0.1842864310085866,8.151232964992523
28080405530_G7,0,0.006044281503065716,0.07848442058369755,13.894735488891602,0.0964939923725362,14.90832654953003,0.21919380248146272,15.798661298751831,0.21965374981579583,16.369305901527405,0.21496120428756274,16.77945093393326,0.15974025802531625,14.487500858306884,0.1652376096329003,15.22754934310913,0.1730582541757182,15.86754008293152,0.17964092297320763,16.4413419008255
28080605240_E1,0,0.025094523043860076,0.27850940660090057,10.924177436828613,0.29912575621054094,11.086415729522706,0.2896500123774797,11.291194372177124,0.2603872008551828,11.510101542472839,0.235580542407528,11.750061979293823,0.18792774778339616,10.89246587753296,0.18837325701137334,11.119607677459717,0.18830735707353982,11.327680492401123,0.1878475868992064,11.568546633720398
28080608340_E3,1,0.02830184133235652,0.3675918967323499,11.19182315826416,0.3242843588847763,11.43033727645874,0.34165760391894634,11.680048933029175,0.30659950027264377,11.951499333381653,0.2594243190811976,12.249711244106292,0.19453350959323598,11.118696975708009,0.19116285608273476,11.457508621215819,0.18980288727418285,11.706799793243409,0.1886505461153572,11.992889060974122
28080608340_G7,1,0.24375968107864893,0.2022999036658875,9.802692642211914,0.16128710140135943,9.961316661834717,0.22955117246046042,10.183254795074463,0.26911927464776564,10.414450345039368,0.24994015050500765,10.692643895149232,0.1896358895309583,9.846284675598145,0.18747175736561947,10.053582210540771,0.18717929666245944,10.234326725006103,0.18695042664525985,10.479568948745728
28080609160_E6,0,0.004081642450206696,0.07509058884430886,19.020761795043946,0.0771028781016079,19.905587844848633,0.1258202292616986,20.537964000701905,0.1519999082874347,20.984683628082276,0.19258585541343978,21.340581011772155,0.15848797742003493,19.326771831512453,0.16868133876729807,20.123257026672363,0.1759280868035847,20.659840412139893,0.18064185914382394,21.08559803009033
28080609560_E11,0,0.005199063754100332,0.07915831719334424,9.091855964660645,0.1581601243591313,9.296476917266846,0.15924149844821997,9.500970945358276,0.16459269827633227,9.735352964401246,0.18436968152326333,10.0186141705513,0.18410337408646804,9.157611656188966,0.1851823022419224,9.391509323120117,0.18510740720299615,9.61888095855713,0.18468403141638573,9.870101037025453
28080705340_E8,0,0.06727869640204813,0.31967492476687204,7.655373497009277,0.2803230466871342,7.8482919216156,0.25090349682785007,8.072970070838927,0.23571930758918638,8.355203621387481,0.22082433950826297,8.694861825704574,0.18921373041704995,7.625658464431762,0.18851598595545532,7.887624635696411,0.18730745661220521,8.149038090705872,0.18601324214189177,8.457965633869172
28080708980_H5,0,0.02293266784258104,0.039216302830886,14.20353702545166,0.09845904182483915,14.419071254730225,0.1483614655176288,14.646050577163697,0.18839038196761257,14.893314065933227,0.18686878171806479,15.152085802555085,0.18245736347101593,14.32808222770691,0.18374768837960737,14.554843997955322,0.184532886569746,14.754821271896361,0.18492326502812942,14.989762315750122
28080807130_C1,0,0.0014134743424196836,0.03860445904975439,17.226684913635253,0.0771630776169555,17.79998414993286,0.107406172098946,18.3721808719635,0.10854912957016608,18.883730397224426,0.14044382289889223,19.325141875743867,0.1685025601866675,17.59449191093445,0.17114517381174466,18.18011598587036,0.17399953743115454,18.648723878860473,0.17743914927430351,19.095079312324525
28080807130_C3,0,0.11296817134013508,0.2677387893922276,20.12698272705078,0.23518205813767806,20.531297035217285,0.2082064348142038,20.817698097229005,0.22380512857304846,21.056362171173095,0.23167721232932,21.290203199386596,0.17444662515224607,20.00483636856079,0.18241647668146718,20.574118461608887,0.18517518852653675,20.87338815689087,0.186250629671684,21.11770115852356
28080808110_F10,0,0.004728829314478102,0.2784638598195845,13.3967484664917,0.2395289530535633,13.657597312927246,0.23992154475874622,13.909940776824952,0.2252523541781824,14.145602431297302,0.21782559735658816,14.394039325714111,0.18666412055965154,13.398765087127686,0.18665286263531536,13.708257369995117,0.1870869499225937,13.962301540374757,0.18695915627669407,14.217110362052917
28080808190_B3,0,0.00769956714676557,0.5722088722565036,16.934408950805665,0.4485060215274481,17.251099090576172,0.3854120104062571,17.526580543518065,0.29905878488154725,17.77548177719116,0.24543761518895452,18.02137225627899,0.2023126099832277,16.827172660827635,0.1955282055800451,17.254437103271485,0.19258850951438686,17.54583606719971,0.19048064285410354,17.819372491836546
28080808190_D7,0,0.11444915391634534,0.32505139378854353,11.03626895904541,0.30321810522762854,11.287804012298585,0.2622900027855627,11.522156085968017,0.25101272502597477,11.77638645172119,0.22608193553712394,12.067866768836975,0.19212573412020298,10.974601221084594,0.18998042778349283,11.315980758666992,0.18862688307483405,11.58765151977539,0.1873027002229528,11.860433053970336
28080809810_B9,1,0.07478973867287489,0.19554673333119355,14.772712364196778,0.217228586329202,15.208359241485596,0.19919575588293814,15.61946891784668,0.21895051929467071,15.972103643417359,0.20481159105883667,16.312024879455567,0.17959791119426222,14.806727170944214,0.18133606425678814,15.317354202270508,0.18320855704918013,15.713152666091919,0.1841077181678491,16.068833446502687
28080811020_B10,0,0.011323101147471157,0.12090976408823532,13.68801513671875,0.17937154884585713,13.944584712982177,0.21909629867388464,14.16508617401123,0.2194887266846323,14.411462774276734,0.19025773164445264,14.682312676906585,0.18399510719029916,13.690553379058837,0.18587273908528135,14.003061561584474,0.18620880225737407,14.246623229980468,0.18567641971923912,14.511120553016664
28080813520_C2,0,0.11067534810580339,0.0759024926997958,18.68567440032959,0.21122865838838736,19.27964910507202,0.2346668201013391,19.75077931404114,0.22760632309355897,20.13883774280548,0.23873420624265143,20.476545860767363,0.16916777159372168,18.779874086380005,0.17648657227224146,19.37849328994751,0.1809367968365636,19.824927968978884,0.1837335323775209,20.202778668403624
28080903800_D1,1,0.012420432810600303,0.11981447124027085,10.16885959625244,0.11980222482449321,10.33460605621338,0.12995897383427735,10.53555730819702,0.16934513427338513,10.786491374969483,0.17952655184014266,11.080160822868347,0.18623722038303314,10.238307380676268,0.18555985919681545,10.465502319335936,0.18504748053512438,10.66522523880005,0.18401935763373176,10.936797270774841
28080903800_A3,1,0.03128687946392985,0.15441785663727678,13.664611434936523,0.23448803470348564,14.090346012115479,0.19842303716724938,14.563060970306397,0.21368621633263413,14.994309058189392,0.21916485177330225,15.398777992725373,0.1772828204087513,13.7003089427948,0.17949761686601723,14.238487510681153,0.18122755070947744,14.679902000427246,0.1827122679731147,15.098052878379821
28080904460_C7,0,0.010478022991157115,0.16119958138745563,14.281784210205078,0.21954982118875202,14.532503223419189,0.21959671469335404,14.81009817123413,0.27381454650352804,15.09273295402527,0.23757319783231864,15.391049609184265,0.18629808170572923,14.29505076408386,0.185698330776718,14.617862911224364,0.18612543678448368,14.869305715560913,0.18619834708169467,15.158877415657043
28080910260_F4,0,0.012124162022015687,0.1593922870435111,14.0576029586792,0.15955785952727047,14.2715110206604,0.16929690712178433,14.485879631042481,0.19427698830428522,14.70512574672699,0.1971376788543763,14.941421122550965,0.1854266788570095,14.11429214477539,0.1855770241898815,14.368385181427001,0.1860445418967574,14.572971410751343,0.18603008045855474,14.793664088249207
28080910540_C8,0,0.008675747081166923,0.27816611677712316,12.261063766479491,0.18046782348059362,12.450025367736817,0.16028109571536597,12.661133270263672,0.15515826625273402,12.90200349330902,0.1650519487014134,13.183906228542329,0.18670906824140848,12.250523996353149,0.18616342641778927,12.56151346206665,0.18548908052753033,12.788954963684082,0.1845770885115522,13.053148245811464
28081003240_A12,0,0.02368551347260217,0.19745207050179084,17.229972267150877,0.17925086334401208,17.517998027801514,0.1797714212021059,17.788429174423218,0.18483134315482475,18.07937898159027,0.16777902169212644,18.35375529050827,0.18307531640449368,17.240457391738893,0.18438036170471023,17.61428991317749,0.18471101513104743,17.896803636550903,0.18480933629620278,18.18878779888153
28081003350_E5,0,0.009804541085422587,0.1195530635140844,10.707397804260253,0.17923698821306208,10.84446138381958,0.18961246147987798,11.008515748977661,0.17001247058552107,11.184763116836548,0.1946559489078889,11.412981815338135,0.1877048661434797,10.750065135955811,0.18730399263158815,10.913387336730956,0.18704686860363623,11.084929990768433,0.18638552412397483,11.29843153476715
28081007830_H9,0,0.02490404199356087,0.282067710600461,17.505370330810546,0.3007797471647106,17.89264476776123,0.2612130020204397,18.207777500152588,0.23622364598359605,18.491647758483886,0.22345669454970718,18.7772127532959,0.18778556698575513,17.467806816101074,0.18711845360089147,17.92666694641113,0.18737677051042026,18.258882884979247,0.18704679191518067,18.56071949958801
28081009480_E9,0,0.003039662160391409,0.19966134662821927,10.846190948486328,0.18010270453802626,11.02399486541748,0.15049444092787076,11.21260371208191,0.16992230951777823,11.415575876235962,0.1675837543926919,11.638308255672454,0.187127509239093,10.85421257019043,0.18675327260462343,11.115446548461914,0.18653704513322786,11.308756732940674,0.18599045633658579,11.527821769714356
28081101690_C5,0,0.03603247209367891,0.20348660926478826,20.856185607910156,0.1435781000311968,21.253984031677245,0.18046849051293007,21.624801998138427,0.17027141102675908,21.916929416656494,0.2020700100408403,22.17623119354248,0.18459583065358096,20.92144718170166,0.1833945041221455,21.390449867248535,0.18444474926603646,21.713489532470703,0.18557797923661146,21.998416576385498
28081202660_B7,0,0.12363507436500978,0.4441139591008728,8.606399784088135,0.4029118613272702,8.84129496574402,0.29338088275003865,9.105657200813294,0.26737485787898874,9.39963320016861,0.23944087654209398,9.709462062120437,0.19367636925681964,8.542281413078308,0.19142681356630017,8.855863180160522,0.18956168068249374,9.15215738773346,0.18801666394352248,9.45928923368454
28081202660_B8,0,0.01734466517926,0.3220842750534001,8.996496772766113,0.26195093744768355,9.217706699371337,0.28046232939097837,9.457935991287231,0.23608511729524345,9.717388648986816,0.22569024013781297,10.010868003368378,0.19056714715237458,8.955693006515503,0.18874714969219258,9.266821212768555,0.1878735765304126,9.513992166519165,0.18690679526338191,9.803484916687012
28081307880_D6,0,0.005706231001985755,0.0,14.558835792541505,0.037972803934558215,15.221584548950196,0.03928889933002115,15.971139659881592,0.08170626706039774,16.795771961212157,0.12129896222596243,17.451354804039003,0.15725511722167645,15.381998586654664,0.16024375016462555,16.041338710784913,0.16416367736195048,16.542886009216307,0.1693640330521861,17.076695442199707
28081309860_E4,0,0.015715278682226302,0.2754385049369761,11.773274269104004,0.3366514548163871,12.00361629486084,0.31873078227874585,12.21067790031433,0.29976062896173994,12.43149398803711,0.2556999533967418,12.671869144439697,0.18401719857084525,11.719075250625611,0.1872759266712341,12.017433586120605,0.1882393663268538,12.234252653121949,0.18819507927931434,12.468261618614196
28081309920_E7,0,0.0012092085125791777,0.08038733733580587,19.535661544799805,0.11822078070679673,20.24084815979004,0.08069500853725828,20.78558027267456,0.11428828999126626,21.18639687538147,0.14633272744106196,21.50367660999298,0.16734349654134567,19.72875032424927,0.17311783125374347,20.46353744506836,0.1781212267058405,20.94470632553101,0.18152176875691273,21.31479878425598
28081310280_E10,0,0.03928834131807192,0.0,15.442901649475097,0.01950911182595313,15.829407176971436,0.06869127538315951,16.179109258651735,0.1620702903928015,16.509513125419616,0.20244017924310398,16.835291221141816,0.17478946974568485,15.760789728164674,0.17777907397196385,16.067491626739503,0.18043047240314838,16.34516535758972,0.1821665323919943,16.63664071559906
28081404600_F3,0,0.0015754822666192423,0.040060574774918395,8.924447059631348,0.13859967825359357,9.122029190063477,0.09986413733491352,9.347829885482788,0.15394050125173192,9.586726741790772,0.169178325301161,9.851789379119873,0.18398931259335968,9.033692979812622,0.1839668288366613,9.280065479278564,0.18427742369927738,9.48360604286194,0.18417583381560024,9.729177465438843
28081410140_A12,0,0.0746572686704067,0.24140263240628548,19.401678466796874,0.26015182643740037,19.97588191986084,0.27926893655062246,20.419525299072266,0.21640313335998104,20.790783338546753,0.18145830119786704,21.126454005241396,0.1798653468425979,19.25572156906128,0.18334987289330806,20.02960990905762,0.1848110099408784,20.488483123779297,0.18494895426250044,20.898957509994506
28081410320_F9,0,0.09529459985170788,0.24223599422799946,12.78504970550537,0.24177266001180536,13.418170013427734,0.2022114498014777,13.923252935409545,0.19626134863191394,14.305166673660278,0.21993910724619573,14.644646887779237,0.18017888170193383,12.63241605758667,0.1821084424471174,13.517501754760742,0.18383864130862024,14.009409608840944,0.1847763419564132,14.400506615638733
28081410470_G5,0,0.008028462926445585,0.07956221861284617,12.50104808807373,0.11932362453021582,12.650711917877198,0.1688736029863773,12.81827184677124,0.189336394330307,13.012250227928162,0.16759110458595367,13.245060024261475,0.1856806132447557,12.559786319732666,0.18652251020736016,12.738677997589111,0.18642673501034057,12.904802494049072,0.18581027007702505,13.120638890266418
28081410470_G7,0,0.0165682492690898,0.19485973246194466,10.913003463745117,0.2363274277234979,11.240549564361572,0.19898001449325045,11.569778757095337,0.20931396242335193,11.866508088111878,0.20474736279267303,12.159966282844543,0.18014991997637736,10.894219064712525,0.18307002968965277,11.337997226715089,0.18446709664616812,11.651364250183105,0.1850357392425012,11.959440402984619
28081410500_G10,0,0.024889839012793482,0.23532862437067248,8.88635389328003,0.19842516764623744,9.091181287765503,0.20904112207066025,9.29732470035553,0.17529920187779768,9.529257218837738,0.16287856504798878,9.804392093420029,0.18386643765287566,8.86021134853363,0.18611447646461124,9.159511041641235,0.18583338291713034,9.391735110282898,0.18503084442998718,9.666901443004608
28081508380_C5,0,0.09137553542424469,0.39892751905481943,8.321472702026368,0.32108634594444674,8.546110992431641,0.2811750815269828,8.764426212310791,0.2758113970033494,9.002314701080323,0.265640885997898,9.292973961830139,0.18914935429573543,8.251914167404175,0.1894335795322699,8.569969844818115,0.18887500435226076,8.801660156250001,0.18792824098834382,9.059897470474244
28081510940_G6,0,0.0035323271984569185,0.20164699842563463,15.857005004882813,0.22052493403533646,16.205199356079103,0.19062377334037972,16.52248752593994,0.185358812361841,16.820898675918578,0.17533829584004412,17.101052417755128,0.1840824605267405,15.808690452575684,0.18457705037169933,16.307373924255373,0.18489484248413643,16.624750423431394,0.18518043415644503,16.924398460388183
28081707670_D10,0,0.12111243344853395,0.4003922365650721,11.18036979675293,0.4594629038411856,11.390117015838623,0.36114122585898106,11.589541454315185,0.3161891139461693,11.806850967407227,0.29838084857086067,12.06442730665207,0.1904627953681269,11.120184421539307,0.19069287814912872,11.392461185455321,0.19027054289240328,11.608287057876588,0.18931581636171452,11.840720648765565
28081711840_B2,0,0.027086631150866482,0.28263040848419774,7.558313312530518,0.1828384477976378,7.753949346542359,0.16157927428845575,7.967826533317566,0.15588870039654076,8.213547942638398,0.19210284620365617,8.504168311357498,0.1903507298844952,7.540881085395813,0.187651275711016,7.864075918197631,0.18609805462337928,8.10099106311798,0.18512376203697767,8.350728280544281
28081805150_G11,0,0.004705628304841599,0.0,19.506347122192384,0.03758090539040987,20.124294052124025,0.09657798654303446,20.59966947555542,0.1273780524483825,20.969247465133666,0.16284642438236216,21.262740302085877,0.16296023931517453,19.754516220092775,0.17247444559696926,20.366706047058106,0.17776939443113024,20.750941829681395,0.18156189355157307,21.07525421142578
28082009880_E10,0,0.014727317586504932,0.15772037771538794,11.743502044677735,0.2376623157626624,11.952167415618897,0.2389384287625436,12.14883726119995,0.22947890798526357,12.345781211853028,0.19776061270245365,12.56970524072647,0.18428414538295454,11.73493137359619,0.18649488284584334,11.991828937530517,0.18717501351920646,12.20055576324463,0.1869688566593634,12.42581386089325
28082010050_E12,0,0.08667022609577674,0.038765385981539384,12.695821838378906,0.19474043364819957,13.072998466491699,0.19748897626269546,13.370050735473633,0.21338022344742735,13.629100532531739,0.20915921699767495,13.875119926929473,0.17611174081624284,12.735338878631591,0.18168642024647613,13.146828937530518,0.1842297921788657,13.438185186386107,0.18546912389511058,13.70444067955017
28082010990_D1,0,0.010697549477578892,0.2797012170488293,8.742657566070557,0.20078776824011096,8.895672826766967,0.19055184285703183,9.069955887794494,0.16053003795099152,9.291796085834504,0.15294997874996094,9.549137943983078,0.18851417270952409,8.711454510688782,0.1878608192872407,8.979607286453247,0.18650764461087868,9.190845732688903,0.1852528359854076,9.435091712474822
28082011430_B4,0,0.02198985584953856,0.15917012328559937,8.578692989349365,0.21842390403207398,8.76337077140808,0.18975066368117466,8.964546675682067,0.20459348214946227,9.189306027889252,0.19246177839179548,9.45706688284874,0.1863487038073603,8.614285016059874,0.18647592702756452,8.835311555862425,0.18639508717953715,9.049902415275573,0.18566748996040178,9.301771538257599
28082012840_B1,0,0.002052862883126963,0.12082248001717633,13.126800117492676,0.10076412567675824,13.62834140777588,0.15868993230078815,14.059525508880615,0.16914853870668656,14.402591156959534,0.16224706030873226,14.710307681560517,0.17562500861862104,13.246931505203246,0.17915227624773591,13.792208156585694,0.18165040037310512,14.164562940597534,0.1831597539095442,14.528164672851563
28082105420_E2,0,0.00027980884996982455,0.03956803774422704,10.846730346679687,0.05950327040680146,11.041506805419921,0.11887296152538733,11.237939596176147,0.163658302599845,11.460867018699647,0.15940842519565016,11.739018280506134,0.18316118006327853,10.964135932922364,0.18431656275508174,11.1761452293396,0.18458072797146138,11.372249975204468,0.18393457900302349,11.61976275920868
28082105500_D1,0,0.011963308164835337,0.43542053222052945,11.609265785217286,0.340306082384545,11.95012186050415,0.34013127915136,12.242782020568848,0.2813470831755432,12.528079266548156,0.2292798916942596,12.808193142414092,0.18714127022940558,11.511161947250367,0.18840445732266284,11.967900905609131,0.18848495060783613,12.269297351837158,0.18796536527274513,12.582582960128784
28082105520_C12,0,0.005814953006630567,0.23534588077696966,11.317301788330077,0.25742948093156715,11.711799774169922,0.24900813176865516,12.082612714767457,0.20555892771647738,12.414675526618957,0.1907613308580299,12.735586354732513,0.1803173590554265,11.245490407943725,0.18360430562046529,11.779572734832763,0.18463567267911823,12.158301963806153,0.18496959203709412,12.519000606536865
28082108280_C10,0,0.004391988306454479,0.2332161005598353,8.449326419830323,0.17809326928766359,8.760296449661254,0.14945749963566807,9.034371762275695,0.20860804865988558,9.310155737400056,0.17995413808698546,9.600584090948105,0.18040788193451604,8.44602029323578,0.18317061898434955,8.86068398475647,0.1845551132050775,9.135760226249694,0.18452547707836373,9.420845358371736
28082108530_F4,0,0.001587995969279512,0.0,16.94567600250244,0.038447207445696775,17.40785104751587,0.09769622239834648,17.790669927597047,0.15250193003753681,18.13670738697052,0.15624910568126443,18.459356553554535,0.16997556742777645,17.135155248641965,0.17649625999789292,17.62149217605591,0.17978795287776242,17.947723188400268,0.18178184063675354,18.27225265979767
28082201970_B7,0,0.013046984286184038,0.1997283495352693,7.68556957244873,0.20020525223536761,7.930677089691162,0.16073868998282095,8.176966743469238,0.1751461178970514,8.448212885856629,0.18981577992000606,8.738465778827667,0.18645384774681556,7.6937374591827385,0.1855421588332627,8.029890651702882,0.1853151208595316,8.295825052261353,0.18491219457099134,8.565988144874574
28082202390_B8,0,0.0008680762726407822,0.0,17.860602111816405,0.055806105190875935,18.67160129547119,0.085923549126932,19.520528888702394,0.13094250871573002,20.110437669754027,0.16942818544560345,20.528008632659912,0.15666510909408543,18.537854862213138,0.16351250097504094,19.17025016784668,0.17029565252532514,19.687982158660887,0.17738842522779819,20.214804334640505
28082203320_A1,0,0.003952424254431927,0.12250671975294523,20.750962219238282,0.10220450100103717,21.493705406188965,0.14884099402723733,22.09753749847412,0.13001854587483308,22.524774017333986,0.1300930948798061,22.84410089492798,0.17145175358708714,21.008399868011473,0.17427506701334253,21.709240798950198,0.17860797765326314,22.222907104492187,0.18200131082778978,22.63859962463379
28082203320_A2,0,0.013117732169650224,0.15965862648394102,14.42460075378418,0.17977825715002302,14.743763599395752,0.17009802364128465,15.047003717422486,0.1455632802270196,15.327327404022217,0.15731747686067488,15.606989452838897,0.18246727525745096,14.408014917373658,0.18369068676911393,14.857030696868897,0.18397914145381064,15.177011451721192,0.18414656675476684,15.47452260017395
28082203320_A3,0,0.0022084884393675517,0.3237366972605494,14.571010551452638,0.24394251729614755,14.873560867309571,0.21259466132069213,15.114829931259155,0.1670356854263689,15.34362732887268,0.17084744348756575,15.591499371528625,0.1899795106249868,14.490706253051759,0.1888128745453547,14.916860466003419,0.18769951253880493,15.206582498550414,0.186485084806268,15.465879545211791
28082209010_D1,0,0.005934718346346344,0.2367843704264249,13.736339111328125,0.19883187512957598,13.928737545013428,0.18962448508054558,14.13042308807373,0.18486018867048473,14.37833999633789,0.1653556858404864,14.658854751586913,0.18508371909277288,13.724769067764282,0.18619748078474893,14.006277790069579,0.18577040877041162,14.240509557724,0.18483473132518174,14.51464674949646
28082212120_B2,0,0.07779352776475276,0.2012127114068719,18.39299934387207,0.2583775636664972,18.84753704071045,0.19124810509679457,19.2217972946167,0.1956622388671902,19.55054039955139,0.20505197247178655,19.861869397163392,0.18142683134304913,18.34560327529907,0.1836441633222254,18.92976219177246,0.18460349121732708,19.309453525543212,0.1851778298219254,19.645253086090086
28082212240_B5,0,0.0011428719481336234,0.15978942886779757,10.156101684570313,0.17963876129929818,10.337503948211669,0.17970777978323016,10.557763366699218,0.1699921616172263,10.80038685798645,0.19182681298085374,11.08991999387741,0.18646436187928742,10.174825143814086,0.18603973011421276,10.447494144439698,0.18545471228667545,10.66851170539856,0.18487453518411834,10.935107922554016
28082309940_E11,0,0.000716349403842687,0.037217019155470654,17.65948303222656,0.1146335855271036,18.27321002960205,0.21393117950469107,18.724405727386475,0.18768100960982056,19.060809173583984,0.1716800772137994,19.334564366340636,0.16766608889523157,17.87644033432007,0.17543296767687871,18.38570915222168,0.1805126569376991,18.798074817657472,0.1834753809867321,19.143354539871215
28082311250_D2,0,0.0017220490054925984,0.19705753780206847,17.059222984313966,0.19885934102542915,17.443115253448486,0.2578704651954822,17.74049038887024,0.26393593154312145,18.022609753608705,0.24966121695133156,18.303618714809417,0.1812476459227688,17.06259379386902,0.18388866039119908,17.495071544647217,0.1857802284435571,17.793973627090452,0.18635008382612556,18.079338088035584
28082403320_B12,0,0.1708821736895999,0.6413449325098454,15.12834442138672,0.5631591999590826,15.495045967102051,0.46522222940242736,15.917121257781982,0.3558339212321936,16.2991658782959,0.28228465275667297,16.639151134490966,0.19543320422347182,15.050317811965943,0.19507307812545915,15.502437782287597,0.19366549549364526,15.918892574310302,0.1914868476159614,16.322428092956542
28082408660_C1,1,0.014755116870692066,0.23923461004836352,8.663802490234374,0.29902007042425693,8.835668315887451,0.22086845832775007,9.042273302078247,0.18610667827674304,9.264047737121581,0.21732128195145148,9.52830500125885,0.18811802527121918,8.646399211883544,0.18805919323284345,8.876027297973632,0.18739291167580133,9.115537166595459,0.18654124945879355,9.366345224380494
28082503360_F3,0,0.012017265247188763,0.08096207838321703,8.810859794616698,0.11976521642802053,8.998139591217042,0.10998948612461736,9.177203540802003,0.11014000206699429,9.393609495162965,0.16162264610658605,9.664158990383148,0.1858180266897981,8.902542924880983,0.18517582158571727,9.133949909210205,0.18478556649816855,9.339655561447143,0.1840469482017803,9.56543604850769
28082708670_D2,0,0.20131323638242826,0.3262569662120921,12.285456314086915,0.401208709315121,12.665481090545654,0.3420855458371055,12.9986181640625,0.27257137834303896,13.30658510684967,0.23941699843020342,13.605765118598939,0.19113461036051058,12.184650659561157,0.18984535390451757,12.67749822616577,0.1892785236366426,13.029556798934937,0.18822596163989264,13.368050460815429
28082809920_D4,0,0.15374607823028602,0.32391226689450064,15.231748962402344,0.30222981147484784,15.527792873382568,0.2618862527325278,15.816827669143677,0.26592344583263566,16.09127902507782,0.25589736453318573,16.378277485370635,0.19063359403208682,15.156892538070679,0.18871584333538272,15.572663612365723,0.1881089674522686,15.860077123641968,0.18773490161040413,16.140956978797913
28082812040_E8,0,0.0037540709933978193,0.1586854398345113,15.843234634399414,0.15917878920044112,16.31567695617676,0.16946260572656807,16.744512634277342,0.21793214949122558,17.16932279586792,0.21191399055134003,17.583734798431397,0.17864027024430326,15.926869440078734,0.179807909689642,16.475509185791015,0.18131244040208905,16.883936347961424,0.18248252711744323,17.283370475769043
28082905070_F7,1,0.08394878173861464,0.0,13.250809745788574,0.17592032307086838,13.538214664459229,0.1875936109803255,13.895568084716796,0.19364136688680797,14.275128960609436,0.21145896792831617,14.635692722797394,0.18029463959589415,13.368734216690065,0.18121758782313438,13.717288970947266,0.18191648860273657,14.031586265563966,0.18314024635343393,14.381010546684266
28082905170_E10,0,0.11205476865371068,0.3969054263221851,13.23947940826416,0.35931492861246167,13.593724765777587,0.3107688126033303,13.917835130691529,0.2908055132568814,14.225425505638123,0.24148327183825744,14.51332392692566,0.18625476261615537,13.107508182525635,0.18787643659156916,13.618930912017822,0.18802942459370592,13.955419549942016,0.1877307532143001,14.269242181777955
28082905370_F11,0,0.027606857425580864,0.278406296670427,14.121124649047852,0.24046839610206489,14.579818725585938,0.23073552754832358,14.968194847106934,0.23042910292957877,15.29414583683014,0.21545650714100825,15.574134204387665,0.1836123549901874,14.080322551727296,0.1843696779541017,14.645695610046387,0.18547958112160368,15.029926815032958,0.186143189361698,15.360734114646911
28082905370_A2,0,0.0057981062982010835,0.07706853671697132,12.930650100708007,0.07818753849156944,13.379992809295654,0.09820400812868726,13.98695098876953,0.1374935591277916,14.519161171913147,0.15807249582371102,14.953212919235229,0.17112828032207963,13.30403242111206,0.17239471222870878,13.823977680206298,0.17463012479292905,14.215841846466065,0.17814769484863843,14.683274893760682
28082907160_C5,0,0.00024985460358612296,0.0,12.542886390686036,0.0,12.78920223236084,0.05860418574670865,13.088047132492065,0.09812072777763471,13.41181664943695,0.11371381515063707,13.75797401189804,0.17713169837176979,12.877965116500855,0.17853566463341755,13.134699687957763,0.1791281708174757,13.365920152664184,0.17989368173495088,13.650176310539246
28082907410_C8,0,0.17068055889889253,0.3998127348116371,12.363009376525879,0.36081178468247893,12.554724006652831,0.2917711988747897,12.763974304199218,0.28102426785375195,13.00179811000824,0.2608910953921956,13.27138816356659,0.19059375851647067,12.327540397644043,0.1901298853422527,12.568656520843506,0.189306097106113,12.801018629074097,0.1882968151080706,13.053871555328369
28082908310_E5,0,0.013428795224167848,0.3211482692555158,9.003260612487793,0.20277078628115558,9.244416999816895,0.1718973292536804,9.48621337890625,0.14645959816803,9.736255712509156,0.15064328404830563,10.030563287734985,0.18938966186661316,8.966336679458617,0.1873286457954667,9.333449096679688,0.18593171797447725,9.618792572021484,0.18452503901027556,9.909907217025758
28083004670_G10,0,0.028573194779133677,0.07457193312983064,31.015207595825196,0.07635663251652194,32.1517402267456,0.13397971355396518,33.000555477142335,0.19448869269808186,33.543811807632444,0.21912659041175261,33.91918873310089,0.1481280975966846,31.37703094482422,0.16209199014985426,32.42478816986084,0.172096751804183,33.08808832168579,0.17937853266768417,33.60483010292053
28083006420_H2,0,0.004039739923955815,0.16083816268244905,12.237842597961425,0.14051507849888592,12.52986873626709,0.14042337674945077,12.81369589805603,0.14027748224890088,13.131558637619019,0.17925235278664117,13.441175439357757,0.18419510972589143,12.301125860214233,0.1834616637484919,12.684706077575683,0.18338780523812523,12.974697265625,0.18355372976042664,13.263460903167726
28083006420_H3,0,0.0006333051840639376,0.08003921958422124,12.80449031829834,0.09960836975057558,13.042774829864502,0.16859624040047863,13.33643711090088,0.14959005634961717,13.66051658630371,0.14245185953242143,13.989485387802125,0.18344933611635325,12.954944086074828,0.18284863070346227,13.223118019104003,0.18235497642151222,13.507090005874634,0.18235102267821987,13.838564667701721
28083007510_H5,0,0.00125863249577617,0.03857362156832382,21.157069473266603,0.09758134498578681,21.566348724365234,0.11830831088294458,21.968670082092284,0.14352430764001078,22.332926282882692,0.16629346497048955,22.65048074245453,0.17322636439685687,21.284885025024415,0.17760257314016265,21.791399879455568,0.18007727162592319,22.12050193786621,0.18227664814763017,22.44951994895935
28083007510_H6,0,0.0008492460739412807,0.0,14.67816680908203,0.01951917266571106,15.035907382965087,0.048836625167607034,15.438337697982789,0.09331503400937649,15.842222247123718,0.12333154854649266,16.237160408496855,0.1731758225575623,15.097543954849243,0.17529444640725364,15.421801567077637,0.1767462239162846,15.730440196990966,0.17858932683918005,16.067047553062437
28083007510_H7,0,0.0025792543601159752,0.04053722844178137,19.75397575378418,0.07811717958871792,20.247043113708497,0.08872809482833129,20.797475471496583,0.09429737466195619,21.302186422348022,0.1309421710395456,21.724863677024842,0.1718473195435391,20.157844829559327,0.1725252725671474,20.66801467895508,0.1747517257965774,21.075129013061524,0.1777818989150653,21.50501365661621
28083009590_G2,0,0.0019245315404213213,0.08071902323229926,12.132029876708984,0.06065728013587597,12.449081535339355,0.11861355996983754,12.794336547851563,0.16296012461431764,13.179185166358948,0.1809449134899314,13.561261661052704,0.178787389383584,12.323451948165893,0.17991152210331168,12.705488739013672,0.18038780961058645,13.003869981765746,0.18127308733323258,13.331892676353455
28083010580_G6,0,0.129017140531438,0.43916241456054794,10.846747817993164,0.3416391823864202,11.138715324401856,0.369951803814705,11.427886714935303,0.2818576630676227,11.738025193214417,0.24410397690942473,12.057357904911042,0.1903882922270305,10.78509087562561,0.1894185371737124,11.160923233032227,0.18881395025384873,11.458126134872437,0.1876685008694205,11.80066581249237
