mz,E.coli-Cipr,E.coli-Ceft,K.pneum-Ceft,S.aureu-Oxac,P.aerug-Cipr
2000.0,0.00016561829418536994,0.0,0.00018483581442544153,0.0,3.536795992168918e-05
2003.0,0.000515785724468476,0.0066548789562824165,0.008311765417082596,0.00025255140852442984,0.0
2006.0,0.0003750768196303788,0.004112996731559465,0.0027363489010128876,0.0,0.00015401693259157914
2009.0,0.00014053852031404101,0.00027524235455173875,1.0182954885076263e-05,0.0004970332686475658,0.00031554557675028303
2012.0,0.00036620627862814307,0.0002675465180122211,0.00011122471521616242,0.0003886864303174362,0.00013862534078110662
2015.0,1.6806380360668795e-05,0.0001922412553006758,0.00016958214430620237,0.0,0.0
2018.0,5.023514101629719e-07,1.2381172280807559e-05,0.0003360694186369221,0.0,0.00013971081357667999
2021.0,2.9918158264300883e-05,0.006522848923605074,0.0005464541556693865,0.00012774594939767473,0.0002710801924230426
2024.0,0.0005262800446480645,0.011119263253707802,0.0044830031729279326,3.211202509193993e-05,0.0011950940787235059
2027.0,0.00014938799225094554,4.186299371028958e-05,0.0003877503692883262,7.787748640335546e-05,0.0
2030.0,8.361396999356416e-05,0.0,0.00013831437702146828,0.0,8.481357022479176e-06
2033.0,0.0004665110064687315,0.0014308778563546089,0.0005411712486764428,0.004723446641046986,0.0
2036.0,0.00039224229915439863,0.0003281471689837769,0.00012762724587800668,0.0020007281233271543,0.0016526159503925907
2039.0,0.0006228182687415268,0.008178728136525383,2.9919095208663672e-05,0.0,0.0003808527415514558
2042.0,8.649963853829205e-05,0.0,2.9351289533105245e-05,0.0027953247749654365,0.0
2045.0,0.00010261491202514951,0.0016772886991891004,1.0713950381305875e-06,0.000377184756784568,0.0005843944113755452
2048.0,0.0016478034293738997,0.004114370334617794,0.000424134852662956,0.0006820979916731362,0.0005861444812024195
2051.0,0.00014429990745114328,0.00017770899610298257,1.8405221840813024e-05,7.389860774261073e-05,0.0
2054.0,9.01446919806249e-06,0.007786343609471725,0.004606072790339087,2.8859538995809044e-05,0.0008473042407261687
2057.0,0.0006257161023287676,0.0001616277144319415,1.3686952951675951e-05,0.0005190064913819428,0.0
2060.0,0.00016396557573342897,0.00030054137083606334,9.487967687867602e-05,0.00026681289984001224,0.0010326648997150026
2063.0,0.00035413053711945273,0.0029168673473080327,0.0002516164186651543,0.016161532591651144,0.00370987339497146
2066.0,0.0015609086564555084,0.011390430818297229,0.0006577653473584924,0.027218940351644964,0.011248985189077933
2069.0,0.0002357545238188325,0.0028845334272581853,0.0017952075302671588,0.0020994735119723874,0.00029941310728171075
2072.0,1.5917697122795753e-06,0.0,2.6480064845336502e-05,0.0,0.0
2075.0,0.00031525575995226075,0.0003609700351073984,0.00022557146411673524,0.0,0.0
2078.0,0.00013216258351278964,0.00018017520698233075,0.00014376396870529096,0.00013866164986905548,0.0004259497837521859
2081.0,4.8980511298398994e-05,0.0,4.896574518946371e-05,0.0010854874649077859,0.0010776484673050905
2084.0,0.00036909896742943164,0.000978867041031022,0.00029242522356217644,0.0023116800703762664,0.0012013086973497933
2087.0,0.0005234687073159472,0.0003502761723643583,7.361650781638381e-05,0.0,1.5616730005660275e-05
2090.0,0.0003852787388860172,0.0002352816652258119,8.16399730459862e-05,0.00015528624139743975,0.0001911587552971138
2093.0,2.4519564158253225e-05,0.0002189586995986564,7.8027196771055e-06,0.0,0.00023580024091413392
2096.0,3.037448037683483e-05,0.0,3.811964531336936e-05,0.0,0.0005045769888677678
2099.0,0.00011424139068693691,0.0002518103866369764,0.00012881664272852174,0.0007384363375748178,7.04575710778993e-05
2102.0,6.805962413990234e-05,0.00047467004292534964,4.923973160385824e-06,0.0011039840206965473,0.0
2105.0,0.0002457587443642231,0.0,6.963978018997311e-05,0.001565289277183352,0.0006345187813303904
2108.0,0.00017255254699873304,0.0,0.0005375988563573494,0.0008602566844349322,2.677570940184231e-05
2111.0,2.1414863611760174e-06,0.0,8.546003702734411e-05,0.0,8.475149893328189e-05
2114.0,0.00011077618892942396,0.00015714254515183156,9.00218668203349e-05,0.0,0.00018241405677178388
2117.0,0.0003508953973906166,0.0,3.210712650720781e-06,0.0,1.0256927021649422e-05
2120.0,0.00012981113762802282,7.403532441571793e-05,6.286321249802838e-05,0.000378867167990247,0.00012819909603173086
2123.0,6.784910781233819e-05,0.0,0.0005273222077842504,0.001809013609304697,0.000816785868474226
2126.0,5.3060879566122034e-05,0.0007356660395209473,0.0005115779879710361,0.0,0.0
2129.0,0.00014883518139321994,1.34367308407837e-05,9.297057116639066e-05,0.0,0.0007780822665036446
2132.0,0.000636375503077351,0.0011749989337945985,0.0004807968178074144,0.0,0.00038825376346781883
2135.0,0.005084070305303524,0.014689574435186445,0.02195776569695179,0.0017937951959677901,0.0008524771442126905
2138.0,0.0016499682869308922,0.007643137794625703,0.01145439808239351,8.508281527788963e-05,0.0
2141.0,0.00027782511887902,0.00023124776896669172,0.0002975033034122237,0.0,7.651473707578091e-05
2144.0,0.0003561745743530107,0.0,2.5769328781141957e-05,0.0,0.00018965078870483338
2147.0,1.6266621262517918e-05,0.0,0.0004112859056447125,0.0,0.00045833536449001346
2150.0,0.0008848939072320408,0.017663567563740653,0.003341002867563768,0.00047195287396628285,2.1405867916223014e-05
2153.0,0.004320080053078373,0.0273413269192709,0.019459972617219146,0.0,5.153366204943602e-05
2156.0,3.2846065678151066e-05,0.0002933699286072278,0.00015549931855047817,6.025892000849967e-05,2.022907750359255e-05
2159.0,7.610583830142013e-05,0.0003321567262036598,0.00046032992941209453,0.0006857119047091729,5.435770951640372e-05
2162.0,0.0002947388632881752,0.002716950959649031,3.797744983852094e-05,0.02629951259877872,0.00021075744377796528
2165.0,0.0003173796125642696,0.0026736494029693603,0.0004275356619263925,0.011457986024334442,0.0020300965085035703
2168.0,5.9870422850760985e-05,0.0008559498554238276,0.0009416448765131631,0.0006153718276254474,0.0001575698175546159
2171.0,3.716645730225678e-05,0.0006792204157398015,0.0021554173813522447,0.0,0.0002879853193299547
2174.0,0.0004440285304397466,0.0,2.3784257882944324e-06,0.0,0.0
2177.0,4.726574395732081e-05,0.0,0.00029020866663447806,0.0,0.0001352069539974184
2180.0,3.31577062620759e-05,0.0,7.439474376886794e-05,0.0019628245648117396,0.00010524958931092155
2183.0,0.00025140869086780015,6.152667043321737e-05,0.0006181359681455906,0.0,0.0001673211898937762
2186.0,0.0003781720352195008,0.009159680519551955,0.0016354061439047222,0.0,0.0
2189.0,0.0001454858481690276,0.0,0.00010832587473089196,0.0020496128194737494,1.763958481252604e-05
2192.0,0.0005414161472537569,0.0003858690198240218,1.9748652472550786e-05,0.0025997765752680323,0.0
2195.0,1.2764235780025903e-05,0.0,9.396335411490872e-05,0.00029129689249598724,0.0
2198.0,0.0003333089754486125,0.00023654293988523291,9.274176778642107e-05,0.0,0.0
2201.0,0.0002991416842009923,0.0005663025695984026,0.000150164727703027,0.0,0.0006506053135888196
2204.0,0.0003132906866414809,0.00041149615056484793,0.00020057166723556834,0.00019269097364642846,0.002675030680223437
2207.0,9.382663908324334e-05,5.1622489591632075e-05,3.7040664689444826e-06,0.0001517578626137928,0.00013403941123706406
2210.0,0.00012415517798897505,0.0004322500664363725,4.6792478708195055e-05,0.0,0.0
2213.0,0.0001993847994613307,2.7548163759172338e-05,8.418618311100245e-06,0.0003519821010779127,4.232096757876213e-05
2216.0,0.00015119510932552982,0.0002712579846286512,3.368366106709185e-05,0.0005241640799358081,0.0009196512145610421
2219.0,0.000362454982064961,8.59175005068857e-05,7.09549945769496e-06,0.0,4.327517354118488e-05
2222.0,2.5444550977125702e-05,3.713438443210255e-05,1.6135921248369545e-05,0.0,0.00010616151550542956
2225.0,1.663996062990558e-05,0.00013695933795761266,9.94113606545442e-07,0.0,0.0002800206464484086
2228.0,7.91164931958057e-05,0.0001918919170432212,0.00044210561327426664,2.984863703433308e-05,0.0001839406290855281
2231.0,1.6558536022387281e-06,0.0003262417369597037,0.0004857723056056929,0.0,0.0004000272578041712
2234.0,0.0007842281431940165,0.0008737983973877867,0.018651057773731293,0.0,5.760858912659477e-06
2237.0,0.0001955150102850776,0.0006008595209594732,0.0008169035196309792,0.00015410005144450055,8.29680449778799e-05
2240.0,0.00013175267942224598,4.726219027283844e-05,0.0003417291329128424,0.002001522378101928,2.1074953150970493e-05
2243.0,0.00023736383828260282,0.0026218158783065473,0.0015084447929669367,0.00848572935947188,3.643882654170612e-05
2246.0,0.0002316927876670167,0.0005209908024840756,4.456432181738163e-08,0.0008867755384519838,0.0005482297387004134
2249.0,0.00027778306868223897,0.0,8.178413502411017e-05,0.0002461029911436598,0.0007442875201316208
2252.0,9.27779633688852e-05,0.00011785034726922351,0.00010350997046695989,0.00013098489191717836,5.691699232921622e-06
2255.0,0.0005809021459010302,0.004488538405353598,0.00013995452348860953,0.0006408647837765728,3.134046249222386e-05
2258.0,0.0009387476041867426,0.010863797289962257,0.0014172594137867236,0.0036893241802963264,1.8714090471952793e-05
2261.0,0.00010982620202497901,0.0018215931427486038,1.5697392496425481e-06,0.0007352072110747379,0.0
2264.0,4.4561485771818105e-05,0.0,2.951507974127961e-05,0.0005009565475497161,0.0
2267.0,6.164563369718638e-05,0.0005488703509558622,5.1442325831799726e-05,4.9359307545718757e-05,0.00011237479780396692
2270.0,0.0004190294308100682,0.00013720983684753417,7.368644344570783e-06,0.0,6.533362239190252e-05
2273.0,0.00014323117338407195,3.475374463429956e-05,6.808489045114996e-05,0.0,0.0003882957502062375
2276.0,0.0004025255677516183,0.0006619165841030733,4.201453775273761e-05,0.0,1.5893210177251517e-05
2279.0,6.461150817952885e-05,8.206389370288756e-05,0.0003149114812565132,0.0,0.0
2282.0,0.0009473712059157826,0.00038117806623662244,0.00018023151023663172,0.0,5.584476673182632e-05
2285.0,8.802669067061056e-05,0.0,0.0005482279176085651,0.0007578620065965307,4.4839401796705786e-05
2288.0,2.7302540076065167e-07,0.0,1.5597877483718147e-05,0.00035295784441221077,0.0
2291.0,0.0002778139688726222,1.7502374751206856e-05,5.2194356466740086e-05,0.0,0.0002056445783074324
2294.0,0.00022922267590722595,0.00010972721462630566,6.559284773115581e-05,0.0,0.00014572326166911698
2297.0,0.0001464257208813512,0.00010984227009885585,0.0004451910173193802,0.0007795778354478311,0.00023681983397848315
2300.0,0.00016247327070849154,0.0001189720116320397,0.00014289160911311257,4.0226721124411443e-05,0.0007326088984593838
2303.0,0.0003047900929254404,0.00028226588248892544,7.114489708888273e-05,0.0005792677776409043,1.1164202965459345e-05
2306.0,0.0001787094327480582,0.0,0.0008030287726898136,0.0004965675235604137,0.00038366458936529835
2309.0,0.00012289045291495894,0.0001328218253015524,1.4829953651566805e-05,0.0,0.0
2312.0,0.0003407043119502675,0.0,1.652048823107789e-05,0.0,0.000333776303507766
2315.0,0.00012902468819446885,1.6390869636807624e-05,7.1822470678362335e-06,0.0,0.0002604938804294195
2318.0,9.996443512865219e-05,0.0,0.0007649235625235614,0.0,0.00022263173507041826
2321.0,7.596303968998443e-05,2.1804212506325745e-05,7.035434210033097e-06,0.00024883709377075176,0.0
2324.0,0.00013798568308158416,0.0019353994667539985,0.0014362731575466112,0.00022622685075389086,0.0
2327.0,0.00036743206767256325,0.005675126130977189,0.0034183464967518754,0.0,0.0005137092677398654
2330.0,7.154704672091984e-05,0.0008726475785119048,0.00020045978268670034,0.0001496581146737849,0.006247955049518685
2333.0,9.978085719437151e-05,5.005499891425283e-05,1.0719690801079083e-05,0.00048771754370594515,3.5667367174043376e-05
2336.0,8.362227062013933e-05,0.000123940102373032,5.572186653629438e-08,0.0,0.0
2339.0,6.2540973773868655e-06,9.293734894089213e-05,0.0003109663013541179,0.000490123596353713,0.0
2342.0,8.292310004349357e-05,2.820272344019669e-05,0.00019776717285005939,9.76430330930718e-05,0.00013970612038607185
2345.0,0.0002486677792737718,0.0029631843169908843,0.000584501302362138,0.00048511817124634337,1.5944351138251947e-05
2348.0,2.131270023262289e-05,8.903887997728909e-05,6.919129000019763e-05,0.0,0.0006928468621524123
2351.0,6.961769147934009e-05,0.0,8.310422729625342e-06,2.8402280694010956e-05,8.495923561195573e-06
2354.0,7.730956327106702e-05,0.0003133631682732478,5.368790107422807e-05,0.0,3.463931777861749e-05
2357.0,0.0002170683278132861,0.0037948632690938404,0.001987746209008392,0.0,0.0
2360.0,0.00027934057689492164,0.0005630447645176657,0.00031156339059046785,0.0005563018130561098,7.3437707477228424e-06
2363.0,0.00012231013659289074,0.0,1.110605050736868e-06,0.0002642444062362123,0.00023306836420001854
2366.0,0.00010113200205714492,0.0,0.00039936327615307043,0.0,2.9812492036133776e-05
2369.0,9.190645432073359e-05,1.9519676321416216e-05,5.9201708069456066e-05,0.0001251720266032442,2.177626946776856e-05
2372.0,8.31222500043695e-05,0.0,5.361930665789736e-06,0.0,0.0006973359834333173
2375.0,0.00022024903363927517,0.00022202503161804273,0.0002738036219138693,0.00024738305424368886,9.126371095462433e-06
2378.0,0.0003119903190081914,0.000998309058380866,0.00016695383045825914,0.00017204235938975205,3.9414620819581783e-05
2381.0,2.3941156543067817e-06,0.00014748827785284689,4.592151135888852e-06,5.733978300982068e-05,0.0007969501700927263
2384.0,3.637795698903238e-05,0.0,2.6431188016547692e-05,0.00024723807863933424,0.0
2387.0,1.6022432387410683e-05,0.0,0.0007294765779706706,0.0,6.0783058346522665e-05
2390.0,8.987426879813914e-05,0.0,0.00044457858166434586,0.0,2.527332499786817e-05
2393.0,0.00010419475714186778,0.0,0.0002596299314715916,0.0,1.3838658166895782e-05
2396.0,0.00012848441004242823,0.00039454372822376473,0.003585258146667189,0.00230189278272117,8.094487307629378e-06
2399.0,5.225554754661293e-05,3.5217304988457644e-05,0.000859032772095774,0.0,0.0
2402.0,0.00017782574288590053,0.00013973174873306487,0.00023029958555531214,0.0,0.0
2405.0,0.0001807244925177629,0.0001950744157029533,0.004583198800317425,0.006568979669946677,5.724502492995692e-05
2408.0,0.0001931554109092734,0.0006418434370868949,0.0007078754800937454,0.009267278301154449,4.086630451460028e-05
2411.0,0.00035364922804311145,0.0009647784428588616,2.816262724831201e-05,0.005087699757093717,4.926019765898242e-05
2414.0,2.875888521850851e-05,0.0014005572408952777,3.88369369979196e-05,4.7418597294888814e-05,0.0
2417.0,5.256594126518641e-06,1.691751480636145e-05,0.0012848910671202339,0.00014189855577389197,0.0007083757135087564
2420.0,0.00030496062933795345,0.0,2.23292391021746e-05,0.0,0.0
2423.0,0.00040327803636154585,0.00036277524004433654,0.0001372131271511035,0.0,4.819952997540268e-05
2426.0,1.9288052888366748e-06,0.0009353065400901264,0.00014428017345035891,0.0007625764541696896,0.0
2429.0,9.005103935197686e-05,2.2032039108703464e-05,3.952631609132409e-06,0.0011346291201745715,8.655079252495312e-05
2432.0,1.1121072900949733e-05,0.001638402886124882,3.4282807494422234e-05,0.0001287894230878148,0.00029829623550268206
2435.0,0.00022721969562749223,0.0005701229926659334,0.00027921166874912744,0.0,0.0
2438.0,0.00011376127339283636,0.0,0.0,0.00015609157906217817,6.692644957124991e-05
2441.0,0.00022375972038271553,0.0004064142370530787,2.3361461641259412e-06,0.0002636710430802361,0.0
2444.0,0.0002601918786743514,6.552311438494107e-05,1.701982248343217e-05,0.0,3.26075937569246e-05
2447.0,1.9808485144149623e-05,3.8372557714630146e-05,8.899141432755477e-05,0.00017006189328025784,5.0127069506772574e-05
2450.0,0.00016895295281605554,0.0,0.00020502833990630447,5.3432650916168804e-05,2.5356892668962243e-05
2453.0,1.9095706003955814e-05,0.00013413448155037905,1.378576803973901e-05,0.0,6.466450723270357e-05
2456.0,0.00012163068121210991,0.0005607377519877479,0.0002484529669710211,0.0005077022910719226,3.213164968141738e-05
2459.0,2.626809117558992e-05,2.0185223666133707e-05,2.561039136529045e-05,0.0,0.00021045724567627874
2462.0,0.000264689786289571,0.0,9.107484289193877e-05,0.0,0.0002638703696575791
2465.0,0.00021437212491785357,8.606888843803836e-05,9.844525787546815e-05,0.0014851658645104369,0.00010073895419134807
2468.0,0.0002054995602554363,0.00039316323121256003,0.0005025755903983245,0.0006719046835914544,0.0
2471.0,6.918751157295953e-05,0.0,3.501957227764501e-05,5.880009808968995e-05,2.1779848108184016e-05
2474.0,0.00010729929042367429,9.138099102389361e-05,0.00020046601557410695,4.696420949722788e-05,0.00047944770744969174
2477.0,0.00011962315089567252,0.0,1.489458287203593e-05,0.00018909085185931886,1.7640502122252787e-05
2480.0,7.470633010644157e-05,0.0,6.514788641698562e-05,0.0,6.410021641567404e-06
2483.0,0.00012204066296944913,0.0,0.00023041470592751937,0.0,0.0013432204516963238
2486.0,0.00044409025485188565,9.219159289135735e-05,0.00033610701779712075,0.0,0.002418165745965631
2489.0,2.5877678708285838e-05,3.0739616248686e-05,0.00047873184553550406,0.0,1.5582024177264063e-05
2492.0,0.00013253478437552348,0.00015967339598543228,1.7682077515251353e-05,0.00015463515190287206,0.0
2495.0,4.741798497920684e-05,0.0008675798832353772,4.261327932323275e-07,5.563433649844018e-05,6.05697196611225e-05
2498.0,0.00019728011706007364,0.00015694363619527739,3.8688344402721395e-06,0.00207036555231438,0.0
2501.0,0.00048206660121773886,0.0,5.7437666111177954e-05,0.001039137849768107,7.049399167149459e-05
2504.0,0.00035249845376303515,0.0006621663885131226,5.1225278060099805e-05,0.0,0.0
2507.0,1.9059837236968547e-05,0.0,0.0037267129666195688,8.21711476481386e-05,0.0005803360944154766
2510.0,3.3934746545853e-05,0.0,0.0009534714638301698,0.0001238393269031434,0.0005202100369829807
2513.0,9.781291043662671e-05,0.0,0.0003799614498022646,0.006958523798347582,0.0001387377621842846
2516.0,0.00026323393437714947,0.00040840996138168567,2.4679054443578066e-05,3.076410690901143e-05,0.000498775378564871
2519.0,9.515128645184813e-05,0.00032231710346691356,5.8735314881004964e-05,0.0,3.209383896721768e-05
2522.0,1.1411904122160815e-05,0.0,0.00032048011903577515,0.0,0.0
2525.0,0.0003213245032285592,0.002329726647472596,0.00011878490718936168,0.0,5.73429090501814e-06
2528.0,4.804440476200777e-05,0.0005375010457700677,0.0004011749532100551,0.0,0.00017106003864175658
2531.0,1.2252621896923248e-05,0.00012455845733014466,0.0007766308793757297,8.271013246344306e-05,0.0
2534.0,0.00032902234015810665,0.0,0.00056631221733492,0.0,4.548602965531943e-06
2537.0,0.00018697730592384757,0.0,9.177346660661502e-05,0.0,0.00024225861478188433
2540.0,0.00014332428723470435,0.00011519881567610738,0.00017959769437587018,5.0175710282270764e-05,0.0
2543.0,0.00013229235535895366,0.0003015392317602242,1.5417257325734097e-06,0.0,0.00034474865284259793
2546.0,2.361673277365055e-05,0.0,3.8509287353411573e-05,0.0,0.0
2549.0,3.945537727853904e-05,0.0,0.00012659009919008203,0.0,6.105738586020577e-06
2552.0,0.00020096286940671915,0.0,0.0001543572107266073,0.0,0.0001284764048020259
2555.0,2.899411856945552e-05,0.0,0.00014986977771689247,0.0,0.00017183999539293745
2558.0,3.7091236747255576e-05,7.804206775197566e-05,5.8392940284040916e-05,0.0002808474805653662,0.00035185974731751743
2561.0,5.70987404687172e-05,0.00014491247680951464,8.959844993169802e-07,9.134976904454675e-05,2.8127676716518553e-05
2564.0,0.00026368492804781766,0.00027130302784907995,0.00021459254068112668,0.0,0.0
2567.0,7.04872850132968e-05,0.0,0.00019025845222206463,0.0,0.00012119739215732738
2570.0,8.785049684006384e-05,0.0,5.515396424301533e-06,0.0,7.781591261114283e-06
2573.0,0.00025643822658598197,0.0002369923477317086,8.73089384022528e-05,0.0001722289083041799,0.0
2576.0,0.00037577354218046907,0.0001304470141741058,1.4659481489550522e-05,4.734774876260983e-05,0.0006031441179076138
2579.0,0.0004279471813075436,0.0,3.276418660501628e-05,0.00015211120367674368,1.452442740505349e-05
2582.0,5.4350423456016325e-05,0.00015700334658257957,8.951523922836985e-05,0.0,0.0005854078607296874
2585.0,4.642007384590753e-06,0.0,0.0001836519297790972,0.0,0.0001781906986159095
2588.0,0.0,8.131372646602134e-05,0.00034943862061724025,0.0006501982449057673,2.1502830008049312e-05
2591.0,0.0002588619884359421,0.008429004642830511,0.017419981605290534,0.0,5.284880390850795e-06
2594.0,0.00016743661331423105,0.0,0.0003534186025921357,0.00015058392976697368,0.0001547571949349239
2597.0,4.692533236385195e-06,4.825364338003515e-05,6.587705652720709e-07,5.6544605254821596e-05,0.00021726395564421557
2600.0,4.85169586492369e-06,9.77890708982901e-05,0.00011121529446279402,6.733958953452767e-05,8.70200870486757e-06
2603.0,0.0002757853482442321,6.325129214226429e-05,5.1215302584499676e-05,0.0,0.0
2606.0,4.780183766679715e-05,2.0504472342980334e-05,0.00014763194005785253,0.0009201613475275162,4.1227112535253594e-05
2609.0,0.0001035689997129766,5.5175389091230114e-05,1.324375667570185e-06,0.0008184649951021651,2.5495876417375846e-05
2612.0,0.0001894937529443285,7.393025457161663e-05,2.7975552115877372e-05,6.338881366164834e-05,0.00033119673795766206
2615.0,5.088957240539652e-05,0.001319680860648522,0.00029228244431903815,0.0,0.0
2618.0,3.982321831892521e-05,0.0,0.00045410475478741745,0.0,0.0
2621.0,0.00014590374893356029,3.8278929426424205e-05,1.2338586806759803e-05,0.0005125485020904187,0.0012816649831698444
2624.0,0.00016640407630714383,0.0001071572422533298,0.0004744729527925775,7.049578990591402e-05,2.9123238059122144e-05
2627.0,0.00011197852739354472,0.0,0.0005959936311265585,0.00016805273282028272,0.0004309305792716901
2630.0,0.00023056725803801044,0.000112837943751811,0.00019389020639399014,0.0001534133897931395,0.00014109156289963436
2633.0,0.00012236896175371606,0.0,1.9685983897921553e-05,0.0,0.0008769166554311001
2636.0,6.512559537627765e-05,0.0,0.00011917486648292032,0.0,0.0009146417955806199
2639.0,0.0007413499367236729,0.0,2.6820636329320444e-05,0.0,2.0975140037863844e-05
2642.0,2.563193448679258e-05,0.0,0.0003403385486223671,0.00010585070067418908,0.0001691092303978119
2645.0,1.4175946679764804e-05,0.00012060424767579495,1.8809930868725708e-05,0.0,0.0
2648.0,1.60585486575313e-05,0.0,7.856847967952148e-05,0.0030601542865191793,2.9977442161580893e-05
2651.0,6.356773076298681e-06,0.00040731745029179254,2.7693675018731782e-05,0.0019281665148044972,0.0
2654.0,0.00045598106695768744,0.0,0.0009571448863558743,0.0,0.00023229792217791697
2657.0,8.410252923306365e-05,0.0,0.000258834951872001,0.00023556480918441493,0.0003254426163640759
2660.0,0.000275289768982402,4.350439192778805e-05,0.0003294828161009016,3.279240762686442e-05,0.00034546235236883994
2663.0,6.696174193331541e-05,0.0,1.4891644802660727e-06,0.0,7.482438062030088e-05
2666.0,0.00018509062279898852,0.0,2.823934429981078e-05,4.063746514284494e-05,0.00042198338934285224
2669.0,9.164417698752838e-05,0.0,4.4774668763636505e-05,0.0,1.9186554055410372e-05
2672.0,1.3724165039539021e-05,2.5116340794784325e-05,1.3618515062981646e-05,0.0,7.132713539960962e-05
2675.0,0.0005441995198353543,0.0002766838070534452,0.00010269532481490255,0.00028531153322518813,0.00043759258646143545
2678.0,0.00038457821669436986,2.6578595448949986e-05,0.00010858802310789508,0.0,0.00011823055958023894
2681.0,0.0003050254620810444,0.00017647019530828468,2.572241675645279e-05,0.0,0.0
2684.0,4.947142951797967e-05,2.318802813920573e-05,2.474758584467358e-05,0.0,5.399066105277909e-05
2687.0,0.00012016315198278993,0.0,0.0012636316729981217,0.0,0.0001717212415326952
2690.0,6.088040537357382e-06,1.5431601951261933e-05,6.674258086699078e-05,0.0,2.735568036404663e-05
2693.0,0.00020611269977744562,9.412260905786721e-05,0.00015549130796000405,0.001130614127685241,3.464279827066713e-05
2696.0,4.551099801873581e-05,0.0,1.886718121732862e-05,0.0,0.00036085524134208964
2699.0,0.00010849341434077967,2.109264098835997e-05,5.634427320237425e-05,0.0003394003696271303,0.0002926289808752565
2702.0,0.0002419714903194054,0.0,0.0007562477450378864,0.0002784350383286251,9.299143362545499e-06
2705.0,6.470348428675524e-05,0.000127934252060892,6.793658916585249e-05,0.00014151561163475572,0.0006006799068868511
2708.0,2.8570419097344145e-05,0.0002862091888092808,0.0003690801241662923,0.0,0.0011055618861390136
2711.0,0.00017092477479360133,0.00011843250246299502,6.728288672120511e-05,0.0,1.0809507039914337e-05
2714.0,4.058286500769929e-05,0.0001397843927876669,6.867200109357362e-05,0.0,2.8974849998540812e-05
2717.0,7.294218942323053e-05,0.0,0.0007030444366312098,0.0,0.00020816427335438318
2720.0,0.00011009392022073582,0.0,8.985574078093143e-05,6.006760295684584e-05,0.000603624172417807
2723.0,0.00012049598970710982,0.00014932462897191296,6.282849498231053e-05,0.00024122521527054566,0.0009280064188464707
2726.0,0.0009499992477658346,0.0007275216843172191,4.0732837825511296e-05,0.0003336834550567006,0.0015368960165728065
2729.0,0.00022567830152792057,0.00014582795505882953,6.827969365652807e-05,0.0,1.9970363129949877e-05
2732.0,0.0001628563100027994,2.3452890361056575e-05,1.0515637928313049e-05,3.901691499404592e-05,1.5350288335677475e-05
2735.0,0.00015613477799305547,0.0,0.00015520930285300197,0.0,0.00010539676986348295
2738.0,8.464100608735927e-05,0.00019770786353625307,2.4073099828484295e-06,0.0,0.0
2741.0,0.00010804394808455872,0.0,7.385034386797006e-05,3.3642590014212286e-05,6.434563074201317e-05
2744.0,5.4285305410910516e-05,2.5178342965664933e-05,8.085575585807014e-07,0.0,0.0
2747.0,6.440882731709106e-06,0.0,4.099047747659851e-06,0.0018652087293444589,4.635907446907939e-05
2750.0,0.0002502774020624234,0.0002328485996385096,1.1836869240903913e-06,0.009354876173401083,4.892247573831938e-05
2753.0,8.286257870543781e-05,0.0,0.00021533878825813588,0.0026812550529842693,0.0
2756.0,7.263946774549444e-05,5.9225094688585074e-05,0.0006057859073491873,0.0,0.00017911311583261648
2759.0,6.753409546668163e-05,5.598578757530269e-05,0.0003002199207561003,0.006713534259900569,0.0
2762.0,0.00010555053832585601,1.9032771522409412e-05,4.0199658320882493e-05,0.00038196627900560955,1.9481305866527898e-05
2765.0,0.00018032227416075756,0.0007148448793956494,6.387646967359748e-05,0.0,1.1564752108795971e-05
2768.0,0.0005615971006342934,0.001169791010630437,0.00023553214780280493,0.00031069414869400614,0.00011776886211752491
2771.0,0.0007073636430437745,0.00021055167598538798,0.00037121978884826384,0.0002018534589252289,0.0002306427254870251
2774.0,0.00015246039613211085,0.0002021886675143088,7.633943571508668e-06,0.000507479697819698,9.016197289861835e-05
2777.0,0.0003772735324802442,0.0,0.0004468565175790051,9.209711931844749e-05,7.299481769511556e-05
2780.0,7.91590988790158e-05,0.00018258449779529203,1.2107858812590294e-05,0.00016801595615647714,8.262636786682098e-05
2783.0,7.430030696457663e-05,0.0,4.291116609439229e-05,5.621338008097708e-05,0.0
2786.0,2.215487836370838e-05,7.330421569077453e-05,0.00029630548652855466,2.215678889031596e-05,0.0
2789.0,0.00018813058940357245,0.0,8.819204909920304e-08,0.00012353981269275569,0.00023347243347224486
2792.0,7.225389265666267e-05,0.0,4.183667151579197e-06,0.0,0.000614474487943883
2795.0,0.0006371061508799778,0.00031467311109000223,0.0025942933366993287,0.0,0.0
2798.0,0.00021537918201413963,0.0070346286634432095,0.0032660542741990034,0.0,0.0
2801.0,7.019836704205637e-05,0.000238284950874224,0.0021974760310728234,6.79945063679449e-05,0.0
2804.0,2.5081534539912096e-05,0.00019041592408901122,0.00018220636514426427,0.00030528305952307267,0.0
2807.0,7.496242458495326e-05,0.00016841759949782036,3.750862201083941e-05,0.00013548750661954303,0.0007104330920033011
2810.0,2.5967007849529655e-05,0.0018662650458720603,5.825960582604752e-06,0.0,5.508717695510919e-05
2813.0,0.0007149116716554394,0.0033285201650912048,0.00688761460132893,0.00021638906467685073,7.781496132698176e-05
2816.0,0.00012522490469390874,0.00037730961740564017,0.00046768167201351874,0.0,6.405746713995163e-05
2819.0,0.00017359131683936023,5.686214180495719e-05,0.0006178664674673415,0.0020979351355726867,0.0001427358132165339
2822.0,1.8358287575491797e-05,0.0,2.1709071382929524e-05,0.012399208280316211,1.798474807804032e-05
2825.0,0.0001720973491320959,3.632044658096675e-05,0.00011199084704578584,0.00014864142522833115,0.0001756732156821269
2828.0,0.00020533359193486344,0.0,7.673203462838743e-06,0.0001244282684685989,0.0
2831.0,0.000618726546248042,0.0012724234424445202,1.2710338142905542e-05,0.0,4.543884765965203e-06
2834.0,0.001108532200625617,3.819358281069488e-05,2.7035190773469723e-07,8.051472956123847e-05,7.686490590795225e-05
2837.0,0.00033724589283264377,0.00015918499805470015,4.9274487166895484e-05,0.0,4.060306163198251e-05
2840.0,0.0005647714515831036,0.0,9.880355015234308e-05,0.00043690899149761606,0.0
2843.0,0.00011542513875738602,8.709554423390251e-05,1.9023524283860755e-05,8.864108222813906e-05,0.0001291380064207007
2846.0,2.6555641008847473e-06,8.087157717435333e-05,3.5289211178980926e-05,0.0001801893454755901,0.0004213223657614281
2849.0,0.0001307968717437955,0.0,3.7270069367618116e-05,0.0,8.782599649274294e-05
2852.0,0.00023548002413481775,0.0,8.926491918955483e-05,0.025688799986021752,0.0005399979121013651
2855.0,6.925212495956682e-05,0.00036245359541193064,0.00024222530126270642,0.03397385407973514,0.0
2858.0,7.183712775193568e-05,5.841948315506053e-05,0.00013883873228899267,0.00017623409190134723,0.0
2861.0,0.00012228035698855913,0.0001294443613388264,0.00018812417083460183,0.0,0.00020117662451471266
2864.0,0.0001400009256678777,0.00021488103622587277,0.0001968474796014609,0.0,0.001672313948504307
2867.0,0.00016462698561781503,0.00024232496599707577,4.133841077460425e-05,0.00034024038141384816,0.005592685029581835
2870.0,0.00021965330120977809,5.681368447187077e-05,4.300894314755525e-05,0.0,0.0005393573633071597
2873.0,0.00019178391064122885,0.0,2.443009517944864e-05,3.539467375419976e-05,9.588321478965322e-06
2876.0,0.0005899254938836182,3.8859837036710914e-05,0.00036055488454500643,3.9486252220453407e-05,0.0017548060998964637
2879.0,7.003217931620191e-05,0.0002643940432055376,0.00011368679010158132,3.694168126627822e-05,2.7743119150671356e-05
2882.0,0.000262871553777047,0.0008763049414258586,3.3700047828019735e-05,0.0,0.00047347511561552107
2885.0,0.00014551658103128693,0.0,1.1638666659647317e-05,0.0006066595785151089,6.373826600466658e-06
2888.0,0.00015831194213585534,0.00030921184910929865,0.0011008360503780893,3.1810695211958316e-05,0.0
2891.0,5.9654327786955776e-05,3.747036139287207e-05,6.184189602142246e-05,0.0,0.0005205025294942157
2894.0,0.00010058566900835956,2.9772756409965434e-05,6.497425152338933e-05,0.00021200184388443655,0.0007948676207891518
2897.0,0.000194602475230753,0.0006525140905606328,0.0012461378576385013,0.0,0.0002645121891900016
2900.0,0.0008962898066948619,0.007191353183797935,0.016186119590672433,0.0007207855417083091,0.0001218053835342404
2903.0,0.0005111123079407852,0.0006335539703138593,0.0010896919394089571,0.0,0.0003001434844802687
2906.0,1.3723894713610822e-05,9.542507629485383e-05,0.001091815081439832,0.0,0.0008763091661208276
2909.0,0.00016542544665365086,0.0006025342889348334,8.15962869105845e-05,8.682174209512804e-05,0.0
2912.0,0.0010469134038024873,0.013114985094588687,0.0005084555440272562,0.0,0.0
2915.0,0.00029727357127721886,0.0007549308094855385,0.0008508719145652405,0.0,0.0003992175002835496
2918.0,4.481187119431982e-06,2.832381592706496e-05,0.0005303428646485925,0.0026293774348754204,0.0006416037796648119
2921.0,0.00012793459052748188,0.0,0.00014206481915495655,0.0,0.0
2924.0,2.742199082685754e-05,0.0004861623032922412,9.889371239681307e-05,0.0,0.0
2927.0,9.494812016705836e-07,8.790552603005173e-05,6.888394542256971e-06,6.115872951020382e-05,0.0
2930.0,4.3987047151428043e-05,0.00023005350169380204,5.497773664897704e-05,0.0,5.69391606476126e-06
2933.0,8.768309168377324e-05,0.00023431875896179265,2.0088058735961307e-05,0.0003263845488163843,8.425465680572828e-05
2936.0,4.642055017232418e-05,0.0003903148716222212,8.223028510224822e-05,0.00010498198740972986,0.0006896554420490925
2939.0,0.00014091178998821592,0.0004948952934349777,0.00010532823144019401,0.0,0.00015518057301065768
2942.0,0.00036212189719861247,0.00019768592913357353,3.77838220262745e-08,0.0,0.0002495716646192369
2945.0,0.0001538125567727281,2.0704857069263044e-05,0.0001743359093412915,0.0010081860322012181,0.0
2948.0,0.00011891862608257183,5.335922005330876e-05,1.948077574502179e-06,0.0,0.00031915576054054146
2951.0,3.5131335227206074e-05,9.728125357413008e-05,4.149151718576798e-05,8.351547547362678e-05,0.0
2954.0,1.1441064617313898e-07,0.0,1.802973808473379e-05,0.0,0.0007233374022646365
2957.0,0.00030872045154475494,0.0,8.425837972245693e-05,0.0,1.974033780675807e-05
2960.0,8.793989569403957e-05,0.0005091252095801431,3.254588135334448e-05,0.0,0.0003711242906306527
2963.0,4.538121036204041e-05,0.0,9.550204876935179e-06,0.0003500663611839903,0.0002451180994713205
2966.0,0.00014740287287477285,0.0,0.00028122031174356276,3.1871080925929823e-05,0.00010836604293743698
2969.0,0.0002147540753545281,0.0,0.0003620063250859362,0.0006359517030189314,8.492662015500473e-06
2972.0,0.00020225256486300385,0.0,0.00011430590272953138,0.0,0.00011109642288897352
2975.0,7.409550224027476e-05,0.0007112079478315088,0.0005634054553543265,0.0,0.00018641068465272874
2978.0,2.6966680158910658e-05,0.00015286835389634147,4.980561968437705e-06,0.0,0.0005865873247415524
2981.0,6.764038853709858e-05,0.00011601296187120485,8.51088339543407e-07,0.0004921000337792506,0.0
2984.0,1.6730610819123655e-05,8.178456893769705e-05,4.188855149842879e-05,0.0,0.0007645928853400192
2987.0,0.0002376108241187895,3.584107440828863e-05,0.00010352595243334269,0.0,0.00012257447318510904
2990.0,2.5398864260529283e-06,0.0005342704841426052,0.00020249608989263403,0.0,6.374206736637372e-05
2993.0,1.3271331471958148e-05,8.651545015718045e-05,7.207695523668872e-06,0.0,7.81604416872164e-06
2996.0,7.367521882866175e-06,0.0,1.7660357111589595e-05,0.0003410938494682531,0.00011145044876317492
2999.0,0.0002497899563723131,0.0,6.303680305685145e-06,0.0010831670783667258,0.0
3002.0,7.031499213858272e-05,1.754111680693752e-05,0.00045876769409136675,0.0021006440789704695,0.0
3005.0,1.4691037903814338e-05,0.0,1.9121419214836858e-05,0.0,0.0
3008.0,0.00036047606392078466,0.00024288340222292456,6.5381268034643655e-06,0.0,6.33171344884025e-05
3011.0,0.00043051003816172107,0.0006456166256019714,5.075286172454431e-05,0.0,2.783419139681388e-05
3014.0,1.69649231675789e-05,0.0,1.1126776087981823e-05,0.0004222399331399357,0.00016576746917580426
3017.0,0.0012611259118122933,0.0028189004064728897,5.34694130345776e-06,0.0008516827166495919,0.00028005096013743413
3020.0,0.0004704543470860909,0.0023097370389441943,0.00034153499194838986,0.004179231289678186,0.0006333768326438935
3023.0,0.0005047365767881238,0.0003506525581325519,0.00015758491509124142,0.0009888964083265442,1.0266806975897688e-05
3026.0,3.374241156813854e-05,0.0,0.0005915214056956073,0.00011759601247750899,0.00019084999563797765
3029.0,0.00025981174278894134,0.00026143913800136893,0.00033400600781584636,0.0,3.311280114519619e-05
3032.0,2.0952451731476155e-05,8.624520323603438e-05,0.002309890535577957,0.0001879716260817257,0.0003981324762336296
3035.0,7.969355442224848e-05,0.0002838914664076186,0.0001214544896909542,0.0,0.0007509672761320975
3038.0,8.325246127595067e-05,8.372474727795013e-05,0.00016502176191843254,2.656981571092279e-05,8.218629513155414e-05
3041.0,5.654087279795897e-05,1.944119513528116e-05,4.779129492959815e-05,0.0006344531288050876,2.9931146332408778e-05
3044.0,0.0004410643685209816,4.478709129126806e-05,0.0003444613171601957,0.00022247756253329534,0.00011560948953993689
3047.0,8.025876793915854e-05,5.1477928645652186e-05,0.0003258048951372289,0.0001993893012868263,0.00033958168874780986
3050.0,0.00015806446607559971,0.00011196366800120273,1.3243046972883531e-05,0.0,6.1084933464036775e-06
3053.0,0.0001594381855566761,0.00027891588520514705,0.00014986479026561116,0.0,0.0
3056.0,0.0025167101872346077,6.634308677010969e-05,1.9466228731772173e-05,0.0,2.836888104420437e-05
3059.0,0.000950376487708431,0.0,0.00023812582628680135,0.0005558922450356468,2.0721935184987376e-05
3062.0,0.0005401700104848608,0.00031429548517917963,0.0002485209066497476,0.0,5.4096145537082126e-05
3065.0,2.6973339047233218e-05,0.00010495200078811997,0.0001424306734468183,0.0,0.00016506909306317666
3068.0,9.299019958947686e-06,0.00013202869952401683,1.313460804966956e-05,0.0,0.0
3071.0,1.811968881630439e-05,0.0,0.00017532135817701898,0.0,3.112259671345003e-05
3074.0,0.00017292696770887183,0.0,0.0004198875489056831,0.0,1.791467014484143e-05
3077.0,8.862918637697574e-05,0.0003510416231189846,0.0011019837334574462,0.00011470287928849953,0.0006290377410493617
3080.0,1.714502467831391e-05,0.0,0.0009044041218459042,3.0051138539412673e-05,6.104408203796508e-05
3083.0,0.00044431400849805736,0.0,0.0007193886875863726,0.0,0.0004774429652631249
3086.0,1.544262194378942e-05,0.0,8.36170882478826e-05,0.0,4.820982234153426e-05
3089.0,1.9284156431703834e-05,2.803731569662293e-05,8.31777033934139e-07,0.0001046863343926787,0.0017334173900133087
3092.0,0.000251943387746107,0.0001980815383526596,6.538337534344988e-05,0.0,0.0005121490597924062
3095.0,0.00011675549466474267,0.00011920129664214916,0.00015386676879426293,5.327391257192881e-05,3.499059266737294e-05
3098.0,3.102798480033457e-05,0.0005684805824920496,0.0020030450576960486,0.00016136545956080785,5.34457158448942e-06
3101.0,9.996887956662155e-05,0.0007189503889310251,0.00011668748363692827,0.0,0.0007411029991978044
3104.0,0.00010800690363864969,0.0,0.0006860161397982437,0.0,0.0004634775399881579
3107.0,9.591245374287753e-05,0.0,0.00020106083896945373,0.000128017927437401,0.0020760381994971056
3110.0,1.4524749878681432e-06,0.0,9.985662347643507e-05,0.0,0.0
3113.0,8.217466342161745e-05,9.728160949506461e-05,2.5415877603827075e-07,0.00022591655121666131,0.0004261705024397087
3116.0,0.00023058823177657292,0.00019832662526014804,3.701098095635893e-05,0.00012324117691721564,0.0
3119.0,0.00020445354547303014,0.00015767538731410264,4.5891671772048265e-05,0.0013509075911513695,0.0
3122.0,2.8886885348236568e-05,0.0,1.6270992830677306e-06,0.0002588240534085383,0.0
3125.0,5.562494433513807e-07,0.0,0.000149594000554323,0.0,0.0
3128.0,9.631023078498142e-05,0.0,4.0318673192547095e-07,0.0,1.531295420729259e-05
3131.0,6.936303775014063e-05,0.0,3.6475837424239835e-05,0.0001815559156990572,0.0002056467904206006
3134.0,0.00023780360503156584,0.0004389236459659311,0.0007012568052849729,7.708799263854726e-05,0.0
3137.0,9.520612148349185e-05,0.0,4.6809405474138456e-05,0.0,0.0010496334101759502
3140.0,8.838032802733571e-06,5.8869312650030074e-05,1.6527745603396506e-06,0.0,8.452635224448557e-05
3143.0,1.2777362395635024e-05,4.368581983384352e-05,0.00012346505143894155,2.6830579006366513e-05,0.0
3146.0,2.982599551472741e-05,0.00010270112579459,0.00010106794409562946,0.0006549202509386094,4.151537334194667e-05
3149.0,0.00026962555991557393,0.00033342050099062097,0.0001274945967769426,0.00017318252149485083,1.459345968066263e-05
3152.0,1.1788159654226915e-06,0.0,3.690763190412843e-05,0.0,0.0
3155.0,7.114467239595025e-05,0.0006252827708417494,6.181636074307565e-05,0.0,0.00012999598357283797
3158.0,2.798747708519365e-06,0.0,3.316306188111821e-06,0.00018669067563777345,0.00013301626737246086
3161.0,0.00019171575954086777,0.0,0.00029177513997841767,0.0,0.0002680753193324556
3164.0,1.9453321212301754e-05,0.0,0.00014040785581033108,0.0,0.00012624825428521902
3167.0,0.00019312182437297297,5.187490822234331e-05,5.2493285677467434e-05,9.195153789695655e-05,2.0481079095253377e-05
3170.0,5.594650330458473e-05,0.000771173799554691,0.00012823142059957757,0.0,0.0
3173.0,0.00038699480545263253,0.00013398926084852054,0.0001746993727719452,6.848183279967125e-05,0.0005863792879553753
3176.0,5.433334515423989e-05,0.00013378485309954927,1.0322334157310663e-05,0.0001352480627418529,0.00038447526466751377
3179.0,0.0001056973459512747,0.0,3.079470091745779e-05,0.00026778593837897813,0.0002719838080934213
3182.0,0.00020739507230308943,0.0,8.904133639356153e-05,0.0,0.0
3185.0,4.417344301038164e-06,0.00011228930713301671,0.00014830192183034252,0.0001757955462218014,5.9400687688063626e-05
3188.0,0.00029882115757140905,0.0,9.874134755699659e-05,9.72944672946073e-05,0.0002984312885977912
3191.0,0.0002802431044196542,0.0004534577740585663,8.416489912817547e-05,0.0,0.0004468170228741054
3194.0,2.9972006748064686e-05,0.0007209772954058962,0.00010013680613516043,0.0,4.713046966281063e-05
3197.0,9.127443486737688e-05,0.00039090327961512826,0.00039788329338761935,0.0,0.000188907579079311
3200.0,0.00017676549103228526,0.0,3.6310584532253563e-06,0.00015881372214627285,0.0005449855062826713
3203.0,7.519201874877561e-05,0.00031677287346404317,0.0006526527266791078,0.0,0.00017335301190738643
3206.0,0.0001604966122113171,8.729049465518484e-05,0.00013522098369532243,0.0,9.945297466547182e-06
3209.0,0.00026414915583594884,0.0,1.5266854492550037e-05,0.0,0.0003793079447848996
3212.0,0.00013879090480799745,0.0005724069782275156,0.00036104299324152603,0.0005625864067923249,0.0010421131993378389
3215.0,0.00022406992296953175,2.7914767282308186e-05,5.915684972699112e-05,0.0,0.0
3218.0,0.0001725213016507862,0.0,8.2189408477195e-07,0.0007614782716285085,4.036302847854658e-05
3221.0,0.00029219140987348234,0.00018561720706772032,0.00010459231660633915,0.0,6.165334556869666e-05
3224.0,0.00011376713042370864,9.789226564673632e-05,2.0688450463521088e-05,2.827062772121035e-05,0.00017237610016989095
3227.0,4.112028833406751e-05,0.0,8.17926198328125e-06,0.00021172831388375216,8.448012058924495e-06
3230.0,0.00010549501442350391,0.0003405434586032322,3.2842428534463145e-05,0.00045490322331689654,2.641556624199403e-05
3233.0,0.00035561504253598747,0.00010068778275965249,0.00016217342723507855,7.417662079010396e-05,1.4863828229012708e-05
3236.0,0.000726626647765962,0.0,0.00020759681361391793,0.00011077482512186289,0.00010212720997681944
3239.0,3.867046375027324e-05,0.00039447817924496514,2.5585877204963263e-05,0.0,1.1981958162294204e-05
3242.0,7.584291170191172e-05,0.0004628228314154645,3.946069769319263e-06,0.0,5.925967585466774e-06
3245.0,0.0003057804414228757,0.0,3.2425963458031446e-07,3.9370263184257215e-05,0.0008132994195737754
3248.0,0.00020705089919877094,0.0,0.0006150234532988946,4.312373867035387e-05,0.0
3251.0,0.00013652473556177057,0.0007482730082906489,0.0005968880853297695,0.000210790836810689,1.7805897218416123e-05
3254.0,0.00024975520847440543,0.0,0.00047482459538096495,0.000542467209003829,0.0
3257.0,0.00016347812778885398,2.439852887910931e-05,1.9840419405571827e-07,3.113479216021248e-05,5.629886524606323e-05
3260.0,4.0560130927499824e-05,0.00022909496073183697,8.432442742204362e-06,0.0,0.0
3263.0,0.0003541171872240059,0.0003030576623951993,0.00014338635549615623,0.0,0.0
3266.0,0.0006465209612369903,0.00023550429315028875,5.852389364678946e-05,0.0,0.00011636128997867179
3269.0,3.986732657843293e-05,0.0,4.715757094358847e-05,0.0,0.0002099547685112988
3272.0,5.007096532695581e-05,1.3708749925746635e-05,0.00020925240334474364,0.0,0.0
3275.0,0.0003020282612071423,0.00013948037430244729,0.0004927188184635947,0.0,0.00022269696598432027
3278.0,1.654635960995506e-05,0.0003860746701959074,0.0003475304117598086,0.0,0.0009877271079564945
3281.0,3.232616297757385e-05,0.0,1.1312790120739836e-05,0.0,0.001280270326034706
3284.0,5.268446633864471e-05,0.00011550612053929388,0.00020470907946523842,0.0007809323320921341,0.0006692586086980183
3287.0,0.00011474150649772105,0.0,2.8239784851725686e-05,0.0006144201619586883,0.0
3290.0,6.604176485210636e-05,0.0,0.0002384211434452772,0.0,0.0007008368148442983
3293.0,7.317684383546025e-05,0.0,0.0005746159717301173,0.0006923250223875305,0.0010087622902571517
3296.0,0.00015592405278104483,1.5878288924809536e-05,1.4243181030889586e-05,0.0008729157110250503,0.001720151152934323
3299.0,9.658601747553002e-05,0.00016433397351927638,5.958521414187782e-05,0.0,0.00019388928435866765
3302.0,3.420300804807395e-06,0.0,2.1491465041812684e-05,0.0,0.00026093392343705634
3305.0,0.00017435052289252833,0.0,0.0005943814434598327,0.0006364709631410029,0.0
3308.0,4.8519178838227424e-05,0.0,0.0003761913350987516,0.00016380241244615888,0.0011602419663223045
3311.0,7.271085728186544e-05,0.0,0.00027951400066320985,0.00012757997153865555,4.190455426206478e-05
3314.0,0.00013302122903452636,0.0001397324766967881,1.1257086353627695e-05,0.0,1.9131391370746846e-05
3317.0,7.358541411248949e-05,0.0,1.7579876473814e-05,0.0008099876498046246,0.00022114879631142316
3320.0,0.0002703990562199422,1.799593911613151e-05,5.607296402612656e-05,0.00037496453676155505,0.00029488797310042237
3323.0,0.0002910988390294834,0.0003827119168050468,3.865712052196727e-10,8.07804837207965e-05,2.5858900798001656e-05
3326.0,0.00042512457938659396,0.0007019700956244973,0.00030877562807518963,3.7343455627463775e-05,8.981126802537212e-05
3329.0,4.8910200996708295e-05,0.0,0.0003640956095134143,0.00036089108395782985,5.9355278969121075e-05
3332.0,1.0919749138401608e-05,1.586957196227014e-05,9.017603621509075e-05,0.0021865368753232663,0.0
3335.0,5.407609221271839e-05,0.0019405721698674957,0.00019575572706598268,0.0,0.000879995318633703
3338.0,0.00019680486236321891,0.0008456653625224852,9.327953256824665e-05,7.175760721924881e-05,1.689580139655731e-05
3341.0,1.59652002254591e-05,6.773709637540025e-05,0.00012537964079748732,0.000249899828882197,0.0015605995443391276
3344.0,7.377685829363482e-05,0.00031672979834996667,0.00014981647253263627,0.0,2.9942576842090217e-05
3347.0,4.129893560774069e-05,0.0,1.3536459001805215e-05,9.608974646455675e-05,0.0
3350.0,0.00013278417474954474,0.0,0.00010951428886812362,0.0004926499286484544,1.0418806707594513e-05
3353.0,0.00019291886089240683,0.0,0.00035818792160474753,0.00031437917397095764,0.00018807316697231453
3356.0,0.0004540809539966022,7.834885299540061e-05,0.00011012643169082574,0.001315904795557252,7.415495025385013e-06
3359.0,5.714174043925331e-05,0.0,4.045700874113786e-05,0.0,0.0
3362.0,0.00011367605829825381,5.835248568967021e-05,6.817453304263534e-05,7.576608182891848e-05,0.0
3365.0,5.7400604190895326e-05,4.3465069485307006e-05,1.1348775390136305e-05,0.0010564996779878456,0.0
3368.0,0.00014798965267870712,1.9332463149996356e-05,2.6450518093263723e-06,0.0,9.200660914783205e-06
3371.0,0.00010450549648158531,0.0,0.0001270126570669271,0.00705767862315896,0.0
3374.0,2.8247928614330216e-05,0.0,0.0005045289520535798,0.0014254351653721813,0.00012369175501668537
3377.0,1.1771298991246761e-06,0.0006697280416201799,0.00021490946452011042,0.0,0.0
3380.0,0.0002229814677239685,6.172297881067848e-05,0.003988775772556893,0.00010642585989979301,8.901580100118807e-05
3383.0,5.902117432811498e-06,0.00025627505263900067,0.002727045111347924,0.0,0.0
3386.0,0.00024077999699169514,0.0,0.000200746910270207,0.0,9.458964197770557e-05
3389.0,0.0004724401112098779,0.00012634903478477352,4.8107316022581346e-05,6.390618862333679e-05,0.0005024391815623668
3392.0,0.00022894685824950692,0.0001819320190735992,0.00012170469018972674,0.0002095251244495306,0.00016021675440798422
3395.0,0.0002637717688358914,5.6972685638623e-05,7.016658778825391e-05,0.0,6.290860654353832e-05
3398.0,0.00011132154223276173,0.0,2.0074756073303196e-05,0.0,0.0005444745034221446
3401.0,0.00015182715447587984,0.0003710583734089656,1.3795243069718203e-05,0.0,1.3593654364971402e-05
3404.0,0.0004146774139168021,0.0006375673533737529,0.00029302969333435433,0.0008800299642022124,0.0
3407.0,0.000442464009709856,0.0009079881449966889,0.00021332965659973365,0.008629592847491164,0.0
3410.0,0.00022026434865689905,0.0,0.0006068465737087432,0.00016042769027006714,0.0
3413.0,0.000475895193631967,0.00013631319760489674,0.0002630101087137045,0.0003128039425075865,0.0
3416.0,7.167591683977697e-05,0.00016953488367687085,0.0010279690840561278,0.0,0.0
3419.0,0.00027711168884267195,3.50625079052178e-05,0.0014817188219857465,0.0,7.648186681057247e-05
3422.0,0.00011877713623179,0.0002739418095358271,9.714447747672745e-06,0.0,0.0
3425.0,0.00038824105016256393,0.0004036651508801931,1.6123451059997168e-05,0.0001768735158524103,0.00020665789978557885
3428.0,1.5646619315993384e-06,0.00010379081059943159,1.5553371123369664e-05,0.0002929721408049367,3.0086532182726557e-05
3431.0,0.00014553635551664456,0.0,0.00024325591365666834,0.0,0.00027813766344392027
3434.0,2.042297901384498e-05,0.0002819180051194879,2.673212220719083e-05,0.0,0.00021507453739813944
3437.0,0.0002603994851614496,0.0003715514863619733,7.679179650172183e-05,0.0,0.0
3440.0,0.000227258696548584,0.0,0.0006099953202376868,0.0,0.00023343952734513354
3443.0,0.00012726364702930241,0.00012006995454664795,0.000292238734763542,0.0,0.0006357028469906376
3446.0,7.559379913454228e-05,0.0,7.293026990386514e-06,0.0,7.480253128409343e-05
3449.0,0.0001745926141005037,4.945511588159945e-05,0.00040980239165666117,0.0,0.00014216980480310243
3452.0,6.604928259386891e-05,0.0,0.0001790856614156471,0.0,0.0005307379186119723
3455.0,0.00025539601069364467,3.053946218893229e-05,8.609341007737895e-07,0.0,9.515678475974975e-06
3458.0,2.9546875027241615e-05,0.0,7.53434976876475e-05,0.0,1.1527132500789335e-05
3461.0,4.15566527933098e-06,0.0,3.7324557025210408e-06,0.0,0.0
3464.0,0.00031438529069053765,0.000357527529384208,0.00014811583791719953,0.0,8.145470665003915e-06
3467.0,0.0002128858453840244,0.002930698638207238,0.00010735882275550873,0.0,0.00021985076152376763
3470.0,9.78108375978849e-05,0.0001742075302787806,0.0001223001183468342,0.0,4.198482877236515e-05
3473.0,0.00039356385985833524,0.00017143884489178595,4.928735984989124e-05,0.0,1.9648567669110478e-05
3476.0,0.00011357116178573788,0.00085323340608451,0.00022427755812826113,0.0,0.0
3479.0,0.00023617808878431202,0.00023515557744443392,0.00025856473194286165,0.0,0.00034147023884085586
3482.0,0.00038038618983769203,0.000405907628867982,2.6068197136657213e-05,0.0003263107175256164,5.886638119679357e-05
3485.0,0.001353569194436878,0.00044841373574283004,0.0005717153947293152,0.0005426519333395875,0.0002401959560940052
3488.0,9.262221809887018e-05,0.00010341796419830124,0.00031528436625126866,3.9726597696587616e-05,8.052339568141359e-05
3491.0,4.0254141574030336e-05,0.0,0.000310528124642613,0.00025635840617270635,0.0002675629848628503
3494.0,0.00014744953100212933,1.4640283061536867e-05,7.164062204871169e-05,0.0,1.1843892667341636e-05
3497.0,0.00014917723644262878,0.00021836877863174196,8.284645795908652e-07,0.0,6.796852663311445e-05
3500.0,2.4785998055761674e-05,0.00028913046382563563,1.4845837367459244e-05,0.0003786091967990757,0.00087951168784243
3503.0,0.00018983696223084584,0.0,0.000157183305406448,0.0,1.866804756356953e-05
3506.0,2.4424140872084443e-05,2.4656317327404214e-05,8.853821768908739e-05,0.00018313509922833536,6.758976548325662e-05
3509.0,0.00017531505933112866,0.00020803727936418912,2.536610436299483e-05,0.0006687025515902434,0.0006000934760634539
3512.0,5.277234812333572e-05,3.0020140061602836e-05,0.0013666650272401814,0.0013033040717392453,6.134428108338588e-06
3515.0,6.573346389159234e-05,1.3942736316562709e-05,0.0009060528162546032,0.0019314901060142825,1.257028966654508e-05
3518.0,2.4407405971145944e-05,0.00023501888892386307,6.480095344614657e-06,0.0018530945568686072,2.732068905602867e-05
3521.0,3.72045427057448e-05,8.403995681025403e-05,0.0002593162868268404,0.0,0.0
3524.0,0.0001040892576625307,0.00016115624692838074,0.0004992104855596109,0.0,0.0
3527.0,5.805790140472192e-05,0.0,0.00035964939673375964,0.0009689157591353125,6.647196790089257e-05
3530.0,4.6488425154442006e-05,0.00027007162450516414,4.840094201231767e-05,6.972243225871354e-05,0.0
3533.0,6.189870375767755e-05,0.00038417499491391816,0.0003586381162673128,0.0002829128501647023,8.100152497366184e-05
3536.0,6.838859980034487e-05,0.0,2.0869885705027326e-06,0.0,0.00014812718977484315
3539.0,6.361705825457866e-05,0.00038314716470298435,3.1306462531909967e-07,0.0,0.0
3542.0,4.636151232081333e-05,0.00012764317818443415,1.3972766229869093e-06,2.6339154399894376e-05,0.00022119318862853885
3545.0,6.456552049677997e-05,0.0,3.987459027510904e-06,5.225901563247254e-05,3.348906328666262e-05
3548.0,0.00029965209133064733,3.530864397337041e-05,3.293272333733341e-07,3.557523220623836e-05,0.0003847481501552067
3551.0,0.0001338191481887978,0.0,0.00019580598955487225,0.0005116182146413117,0.0008155771600242824
3554.0,5.929850853786059e-05,0.00023928518295109153,0.00028911258384206476,0.0005660920674333594,1.9520762453323747e-05
3557.0,9.709501817058166e-05,0.0,0.00010462443930688176,0.0,0.00019209566827246564
3560.0,0.00010393870579097228,4.5092523539084746e-05,8.101259489228199e-05,3.668997493702267e-05,4.698322163324772e-06
3563.0,4.026728039888314e-05,0.0,0.00017906916296124632,0.0,0.00010567616853335605
3566.0,2.6228289197334053e-05,0.0,0.00013242812301693607,0.0,0.0007768097587847121
3569.0,8.224856481224475e-05,5.367880480880786e-05,0.0001201297664120169,0.0004046745717441708,0.0003337724908212474
3572.0,9.977093091334358e-05,8.493524553756845e-05,8.513926283235889e-05,4.177791590199103e-05,2.8845176188866264e-05
3575.0,2.164857205647388e-06,0.0,2.402704617258877e-05,0.0,0.0
3578.0,8.393829984647307e-05,4.6632388799259894e-05,7.194287584242193e-05,0.0,3.147646970269697e-05
3581.0,0.00016244529806246557,0.0,3.1855437362258164e-05,0.0010997612293658244,1.225159814777489e-05
3584.0,4.429391340381438e-06,0.0,6.436411690485328e-06,0.004231869450619987,0.00024869001011757863
3587.0,1.784627198777681e-06,0.0002347003359670313,1.191692033377895e-05,0.0,0.0005267656768249977
3590.0,2.0074334232549038e-05,0.00020969468534274302,0.0001180584697433898,0.0,0.0005449609191732978
3593.0,8.552646289351475e-05,0.00017993048963734574,7.967023077280709e-05,0.0033741776533950784,0.0004790202566886434
3596.0,8.141752724027663e-05,0.0,0.00033827104587844537,0.0,6.899616456039129e-05
3599.0,0.0002720984667821225,3.324446873221189e-05,8.316706132123132e-06,3.006279873747197e-05,0.0001291371268603454
3602.0,3.7799435654582655e-05,0.0,6.199487145301114e-06,0.0,0.0006167000361133942
3605.0,0.00037703352909197713,0.0,6.236685863184536e-05,0.0,0.0
3608.0,7.576177217193778e-05,0.0,0.00033919455520050256,0.0,0.00014172469630168138
3611.0,0.00015924067103911897,0.0,9.129381818390495e-05,5.084862344826729e-05,2.9902266175764836e-05
3614.0,0.0001970097006897798,0.00028685842331785616,0.0001563492307261935,0.00011506669029701832,8.361816087841747e-06
3617.0,7.274700677362115e-05,5.237413259822682e-05,3.985177956624025e-05,0.0,6.648849646319117e-05
3620.0,7.029124665283453e-05,0.00020943336496824066,0.00010523474895993123,0.0,6.019029317859251e-05
3623.0,6.30056744920801e-05,0.0,8.420082301607443e-05,0.0001749462618692674,4.1260615102434165e-05
3626.0,7.40811791285442e-05,0.0,4.111979896324998e-06,0.0,0.00019780460009346382
3629.0,0.0003370959429812265,0.0007246499827623168,4.831450744519914e-06,0.0,0.0002145960230623022
3632.0,1.5400450083993375e-05,0.00018602750577624715,1.921543861128032e-06,0.0002398213944204545,5.9791611685409414e-05
3635.0,0.0005196514163455197,0.000489912214330171,0.0006018902719716892,0.00019450822549213424,0.00037477155845971
3638.0,9.096398934491414e-05,0.0006829012657150064,0.00014466367285977973,7.220272601472386e-05,0.0007924273768443363
3641.0,0.0003322888252804188,0.0,1.0155471355419787e-06,0.0,6.916178426531487e-06
3644.0,0.00010833713619729932,0.0,0.0004367371009237023,0.0,0.0
3647.0,0.00015289111170319872,0.0,0.00016212315927882233,0.0,0.0004361276994518778
3650.0,9.252141386913589e-05,0.00013904473203915375,1.2985725183284821e-05,0.0,0.0001891545807667205
3653.0,0.00040233465747845456,0.0008302251626623763,1.4323338050646304e-08,0.0002739103113007843,0.00016357539337397657
3656.0,0.0004116428131235436,0.00042918450330541616,3.999823868715053e-05,0.00025261000885966426,1.1546544643201188e-05
3659.0,0.00023211192024761716,0.0,0.00022543592340778262,0.0,6.056433660075072e-05
3662.0,0.0002628798171707967,0.0001357968977051542,7.816421270135835e-05,0.0,0.00047163094745851356
3665.0,4.636118054364384e-05,7.333769458118762e-05,3.133474032405658e-05,0.0,0.0001268117886992177
3668.0,0.0002455720551906335,0.0,8.96338747313048e-06,0.0003413748488378654,0.00024365226117760178
3671.0,0.00020428576008321922,0.00031296645036665144,4.396257922067929e-05,0.0,0.0003203210487196847
3674.0,0.0006481145376733455,0.00032145384142299365,0.00023866010841794945,4.5360101938234966e-05,8.202248645272688e-05
3677.0,0.0002605700600267365,0.0,2.2132365342317296e-05,3.986142051846332e-05,0.0006675501400941064
3680.0,0.00010381657455977462,0.0,2.3444986091107377e-05,0.0,7.991308649309226e-05
3683.0,0.00027537794177846645,0.0,3.816549183149198e-06,5.6680621892818905e-05,0.0002846976963690423
3686.0,0.00010236785537339755,5.975898105094977e-05,1.5551058055153255e-05,0.0,6.776956668330761e-05
3689.0,2.099049041581988e-05,0.0,2.3206680573541517e-05,3.2134144544676495e-05,0.00018497871509509387
3692.0,2.216274094096819e-05,0.0,1.2114387383673318e-05,0.00010029013681575617,4.449202075561758e-05
3695.0,0.0001000424861201172,0.0006915715666478457,0.00018185309651221477,0.0,0.0
3698.0,0.00012971824465636967,0.0,1.6274682769109903e-05,0.0,1.7960903687550617e-05
3701.0,0.00015694460199924316,0.0,9.079639700187143e-05,0.0,5.025617330093791e-05
3704.0,0.00018211392873083504,5.397653825118357e-05,1.5229511389714613e-06,0.00019351755054724065,0.00047868205251975983
3707.0,0.0007412892459689416,0.0001899692147928963,0.00045046203059120215,0.0016217089558174015,0.0005492327597906868
3710.0,0.0006454084651903274,0.0,0.00010271924663043929,0.0023757351670698986,0.0017194683328658116
3713.0,0.00011173471846892977,5.782276124596852e-05,8.079759504127009e-05,0.00031825970000143387,1.4447667833104223e-05
3716.0,1.4118544466764503e-05,0.0,0.00012916636162664758,0.0,0.00039076104840889847
3719.0,0.0001941168930947949,4.607061907002426e-05,3.1513412671894826e-05,0.0,0.00020980437690282664
3722.0,0.0001392152251752918,0.0,0.00020408089936598887,0.0,0.0004167285258365938
3725.0,0.00035874167110372737,0.0,8.85637239640197e-05,0.0,0.00021110703315728452
3728.0,0.00033240253231890676,0.001002077622404079,4.5034018372062345e-06,0.0,0.0
3731.0,0.00010914988380497093,0.0013758205796875096,0.00032744002140260546,0.00012087986208315084,9.624316825890986e-05
3734.0,0.00014207223788336514,3.1861275650931665e-05,0.0004324761525399945,9.333532401798616e-05,3.367570467282415e-05
3737.0,0.0002608979186926556,0.0005437066847617026,0.0002545019681065573,0.0,1.9604615132172427e-05
3740.0,0.0006443124567561807,0.0,5.5308203592239414e-05,0.0,0.00033734812827420404
3743.0,8.803258979458277e-05,0.0,5.935676307121592e-05,0.00031408945083458216,0.0
3746.0,0.00015870574720160997,0.0,7.617322221659386e-05,0.0003658322496851857,0.0
3749.0,0.00011875619937958764,0.0,0.00020130102205188018,0.0,0.0005288710413768221
3752.0,0.00028614333988197227,0.00019271397038772133,0.00040280693322275853,0.0,0.0003432697509070145
3755.0,0.00025137587698826486,0.0,2.5275324465707385e-06,0.0,0.0009422344480959434
3758.0,0.0003394311240941336,1.9822759739093534e-05,2.247786099269983e-06,0.0,0.00030787374744912664
3761.0,0.00017096894379678025,0.00013390645156461018,0.00041585859615541444,0.0008023398000210412,7.379269029799661e-05
3764.0,1.9021893640283663e-05,0.0,7.530572865887706e-05,0.0,9.856061161086154e-05
3767.0,4.117787479831602e-05,7.70967405097228e-05,3.2669064499199245e-07,0.0,0.0003353923541004424
3770.0,0.000114777718245884,4.96861060878238e-05,3.6836012702240814e-05,0.00014680594185045195,0.0005791469896860051
3773.0,0.0002696693726547789,0.0,8.831444472258254e-05,4.958082279980366e-05,0.00044096060614623835
3776.0,0.0008184996119751175,0.0002001810849418831,1.228545860145895e-06,0.0003866596120697521,0.00045663386300447373
3779.0,5.06281579026631e-05,0.00012085308973516409,6.49367628816883e-05,0.0,0.00036079380801495766
3782.0,0.00032251036522561253,0.00014820026357845076,0.000234110670690197,0.0,8.651943600954067e-06
3785.0,0.00019132830036371214,0.00040500701496821854,0.00023108132868861222,4.0890664633160035e-05,0.0
3788.0,8.543866625146314e-05,0.0,0.00010789844033892388,0.0,0.0
3791.0,0.00015161963177483836,0.0001962922109618008,5.5431833646596644e-05,0.0,6.697267745155339e-05
3794.0,0.00028986134561458885,0.0,0.0007370120459067736,0.0,0.0
3797.0,2.405362711992446e-05,2.7157216236228777e-05,0.0004708679006921774,0.0,0.0
3800.0,1.2732858150633114e-05,0.00013119582965550637,0.00022066012200464057,0.0,0.0
3803.0,4.684122852515554e-05,3.100676777383002e-05,0.00013907842292079574,0.0,0.0028586013149787645
3806.0,9.790102956472072e-05,0.0,0.00015601196782173105,0.0,0.005289041768313651
3809.0,6.040701776384195e-06,0.0,3.401934768484002e-05,0.00021746943619422367,0.0006995422831983152
3812.0,8.982373749073542e-05,0.0,6.0333491376269094e-05,0.0,0.0008594757719851863
3815.0,0.00036593955843802165,0.0003944345187835678,2.0203533250819047e-05,0.0,0.00013255678202291502
3818.0,0.0002960104701399681,0.0002893628615937439,6.496709846766771e-05,0.000352715987956866,4.95529544158177e-05
3821.0,4.923725952286445e-06,0.0,4.0089766024297995e-06,0.0014738861392127247,2.843867396964865e-05
3824.0,0.0005124877449335498,0.000359842404418394,1.2110159344354585e-05,0.002511501976771072,0.0
3827.0,0.0002985346671120717,0.0,3.563549656681465e-05,0.00014793652135390603,0.0
3830.0,0.00010304030959713001,0.0001149647437154499,4.638586097464792e-06,0.0,6.729694455248985e-05
3833.0,0.00011334283142015083,6.803940842436231e-05,0.00017031488115216623,8.291072208091298e-05,1.249910284555923e-05
3836.0,0.00025769143749412014,0.0,0.0001713368187571725,0.00035960863322555763,0.0005650814851648625
3839.0,0.00018738064202686457,1.9849807249832514e-05,0.000718198923598683,0.0,0.0005908590549420298
3842.0,2.6286875921682604e-05,0.0,0.00010127514750610437,5.423410422397425e-05,0.0
3845.0,3.99559145863785e-05,0.0,0.00012646067597236105,0.0,0.0012027745658430092
3848.0,2.459475356553164e-05,2.5855374031127175e-05,0.00013006197531420426,0.0,0.0004878748106036255
3851.0,0.00013227925106352065,0.0003754013677775139,4.110873226829027e-05,0.00036876842439991647,4.507449497301758e-05
3854.0,0.0005677208160156388,0.0,3.9206563334074264e-07,0.00018127449938470987,4.4370706072388156e-05
3857.0,5.774536060622621e-05,0.00026482743088953155,9.253516848656947e-05,4.9642402329896764e-05,2.340367224018058e-05
3860.0,4.521053432887179e-05,6.430220884837999e-05,7.025520576936676e-06,0.0007858659963778901,2.2072572778053548e-05
3863.0,0.00021220072548023034,0.0,6.79538468027174e-06,0.0,0.0
3866.0,5.422323725634802e-05,0.0001240874114750778,0.00010437967564825087,0.0,1.4835613405040945e-05
3869.0,8.862908617529316e-05,0.0,0.0003004721813270758,0.0,0.0
3872.0,3.8957477967621435e-05,0.00011470425423650898,4.818956423549427e-06,0.0003730321867872065,0.0
3875.0,7.393124412145922e-05,3.7079456034777895e-05,0.0001140646346137333,0.0004012837205777317,0.0
3878.0,0.00024228063156086482,0.00025043102931684774,8.079794235977442e-05,0.0,0.000502759024436967
3881.0,0.00024160175889576156,0.0,0.0002321240964172229,0.0,0.0
3884.0,0.0002151126439379168,7.93228287725265e-05,0.00014916076737945616,0.0,0.00041887137457055466
3887.0,4.888590559725539e-05,3.2344768817566035e-05,0.0004227548962632616,0.0,4.783865919641929e-05
3890.0,5.114756777824137e-05,0.0,0.0006181107029617444,0.007432269862528367,0.0005026179281393524
3893.0,0.0001497047530266628,0.0,0.0001722699419032098,0.001411203907895332,6.686786254672681e-05
3896.0,3.066679475276485e-05,3.3022154563820174e-05,7.511524916899551e-05,0.0004982956882144067,0.0
3899.0,0.00013572808552470946,0.0003838387699246228,8.946145585960605e-05,0.0002586090275250726,1.577781789853876e-05
3902.0,0.00018796446684248223,0.0003518503598119343,1.0587093923701613e-05,0.0003123463866426656,5.757945604916198e-06
3905.0,0.000218274359412588,0.0,9.041621065275405e-05,0.0,0.00016341923366154363
3908.0,0.00030637179398383283,0.0,0.000252250638384544,0.00018684014854345775,0.00011146416405356465
3911.0,0.0001350226964220787,0.00028057080097730185,7.20566030019623e-05,0.0002372762247764034,0.00021162465631383294
3914.0,0.0002303372138840177,0.0,9.980497715371331e-05,0.0,9.433459967417275e-05
3917.0,2.7835578722416936e-05,0.0,8.691167295704105e-06,0.00022726058147902665,0.001044718536383846
3920.0,0.0003330651415394541,0.00011574164842739784,0.00012875752717825476,0.00013776088531445405,5.4075179536167095e-05
3923.0,0.0007243470953148169,5.408577001394787e-05,0.00042664071376783964,0.0,0.0002679474018122888
3926.0,0.0002535500712300987,0.0,6.56379448971825e-05,0.00017174820309739065,0.0010046511043586036
3929.0,0.0001382016981850908,0.0,3.7503789503914955e-06,0.00012697522349138708,0.00016236315724526906
3932.0,0.000308244513081456,0.0,1.86315911313691e-05,5.931457225638444e-05,0.0
3935.0,0.0015967294580187025,2.8306337356851516e-05,0.00019679115017623026,0.00011374598043077157,8.674554153237235e-05
3938.0,0.0005598555183489513,0.0,0.0006435063825648037,0.0,6.578993679424479e-05
3941.0,1.196048281294032e-05,0.0,0.00015443424199724915,0.0,0.0
3944.0,1.1490069086086041e-05,2.4013615890198574e-05,4.4087380149323675e-05,5.798788261863907e-05,0.0002387509129852956
3947.0,0.00039433893684497816,0.0,0.00017814709616673267,0.0,0.0011107362075863014
3950.0,0.00047184983387241067,0.0,2.1776497557164157e-05,0.0007387068883806436,8.954105613691364e-05
3953.0,0.00022131261015485395,0.0,3.244782861885997e-05,0.0,0.00023183685890464364
3956.0,0.0009575476458852334,0.0005417288755335144,3.642279107058016e-06,0.0,0.00014801096700995804
3959.0,0.00030289351213466333,0.0006933369915296727,1.0761773718658825e-05,0.0,0.0
3962.0,7.773485525407277e-05,8.098852634469804e-05,3.778532988484512e-09,2.7065187037856627e-05,3.519490359058579e-05
3965.0,6.984956653678583e-05,0.00012433707946943787,5.43809880013706e-05,0.0,7.212209186354453e-05
3968.0,7.220407484340602e-05,0.0,0.00022484305665098017,0.0,1.991732148809588e-05
3971.0,1.9061390729032987e-05,2.3569404241338497e-05,0.0006797117886235272,0.0,0.0002520156797262625
3974.0,2.745222839006254e-05,0.00014241303878870706,0.0011049300717220034,0.0,0.0
3977.0,6.574021036245112e-05,3.312004770252732e-05,9.324420939073301e-05,0.0,0.0
3980.0,2.128309698403339e-06,0.0002447143425997002,1.3390991260226947e-05,0.0006590408373548027,0.0003048964639585464
3983.0,0.000124285284344993,0.0,1.3037599850738466e-06,7.942390235281844e-05,0.0
3986.0,5.84411237986467e-06,0.0,1.7706585508063863e-05,0.0,0.0
3989.0,2.649547575909311e-05,0.00012213578661835885,0.00045102658565958505,0.0,0.0007028678612647733
3992.0,1.0038215822965806e-05,0.0,1.2756160964749053e-05,0.0,0.001354631595006464
3995.0,0.00011033247419317722,0.0005095692190857547,0.00011225764521546782,0.00031618654743371103,6.301753612985523e-06
3998.0,7.911100740987386e-05,0.0,1.7787242264780915e-07,3.0318389423660473e-05,4.890537716051156e-06
4001.0,0.00010228477064056422,0.0004455547754132983,7.912843012155246e-05,0.00017565354268504502,0.00012835083765210025
4004.0,6.894782567382613e-05,0.0,0.00010983831556519012,0.0,0.0001842294957696333
4007.0,9.171796829001119e-05,0.0,9.893387532262807e-06,0.00017534232907666565,0.00013726197693118326
4010.0,0.00019158370318027347,9.283658363185616e-05,1.7172206110162287e-05,0.0,0.0005189196407806424
4013.0,0.00019690037714063864,0.00021143657479775644,5.801930742646051e-06,0.0,1.4089804735292792e-05
4016.0,4.8760930041701246e-05,0.0,0.0001262604470654972,0.00029844423041605356,5.094438020475836e-05
4019.0,3.371935372827053e-05,0.0,0.00013945773008996424,0.0,0.0004985248888355376
4022.0,0.00010054517527055749,0.0,1.1768469908941133e-05,0.0,0.00045540720000972424
4025.0,6.716122012863066e-05,2.986180609158502e-05,0.0001885485202260343,0.0,1.7733697770540557e-05
4028.0,0.00022253841324332025,2.2895493374730878e-05,0.00013296747086625964,8.501465372279178e-05,6.337568329168698e-06
4031.0,2.6363334265619007e-05,2.8424517988826844e-05,0.0003638903513264578,0.0,0.0
4034.0,4.190393585843129e-05,0.0003128608621429312,1.479423420083249e-05,0.00012702933365255222,7.832131063374035e-06
4037.0,6.6679106784221e-05,0.0006432272241964944,0.00012778054910239203,3.6561431231583534e-05,2.543143635280616e-05
4040.0,1.4892414807315188e-07,0.0,0.00017327781818958233,0.0,0.00028603585118869724
4043.0,7.85053168830943e-05,0.00017482629944353135,6.475541248082124e-05,7.126197040186406e-05,0.00031752180542097636
4046.0,0.00011001004584945548,0.0,0.00010564800316336734,0.00033668600238416193,0.0
4049.0,0.0001896719220763018,0.0,0.0002113671126008403,0.0007750997349577066,0.00035028792860712795
4052.0,0.0001940124103497412,3.6659858736818656e-05,2.3530460624869194e-05,0.0,0.0005066958200359973
4055.0,0.0,2.5762162430844587e-05,0.0005969247638619244,0.0002816817834164817,0.0016010132362491256
4058.0,0.0002170281293322779,0.0004375781160162943,0.00010923987893905151,0.0007223070977734012,0.0011977046063080903
4061.0,0.0001537429021786682,0.0007047543274394893,3.0144109575533876e-05,0.005132118636583534,0.0005681398146685226
4064.0,0.0002627294471203492,4.701251731790786e-05,5.320904795674245e-05,0.00034729176502677983,0.0
4067.0,0.0001588998776505958,2.8810261873299027e-05,0.000870850654329246,0.000646706628531405,4.060508877323051e-05
4070.0,0.0003011112601461605,0.00027810964367916695,1.653385167192275e-05,0.00036347540007977864,5.315881590304265e-05
4073.0,0.00045698255465765746,0.0003422838896505139,0.00040939698465045397,5.820820049297216e-05,0.0001638742834599416
4076.0,0.00031949125450769496,0.0,1.2507944065266209e-05,4.4637864566450325e-05,8.629574739021744e-05
4079.0,0.0002095312529915168,0.0,3.1685833756351813e-05,0.0,2.919417290305343e-05
4082.0,9.009607775870963e-05,0.00014301787123059285,0.0006938397345379951,0.00013795824271932016,0.0
4085.0,5.287049349991015e-05,2.3594370792745976e-05,0.0009100860087141362,9.60278675895257e-05,0.0006461992371502138
4088.0,9.13698999392186e-05,0.0,0.00016596575294784715,9.193299989258477e-05,0.0
4091.0,0.0002893630998480825,0.0,0.00010776923740682946,0.0003484085853539787,0.0004350117676321987
4094.0,5.373610830388319e-05,0.0,7.813998704158476e-05,0.0,8.669347901484089e-05
4097.0,0.00014646357241584928,3.096869291483377e-05,2.099651366901605e-05,0.0,2.826460218045269e-05
4100.0,3.456647213803679e-05,0.0,0.00026233127788114386,5.923625079154728e-05,1.5007245641105586e-05
4103.0,9.722255542260434e-05,8.652962250714491e-05,1.2884307656181241e-06,0.0,0.001319896111175891
4106.0,0.00019697448790369177,0.00013079613664674294,0.0003252020770578779,0.0,0.0009303480680391439
4109.0,0.00036274639474286285,0.0004150425541973551,7.460532179462527e-05,0.0,0.0
4112.0,1.7258042963208555e-05,0.0002342111989112923,0.00016382683999463773,0.0,0.00028711827666625864
4115.0,3.9888175477234755e-05,5.483978417324931e-05,0.00014714249945233537,0.0,0.00032256222984765624
4118.0,5.6196736340890695e-05,0.00015225185047217394,1.3589308199496799e-05,0.00023213956185915306,0.00034199140666338546
4121.0,9.922725629805583e-05,0.0,0.00016801842454411764,7.470215646498184e-05,0.0
4124.0,0.00014529302464589322,4.923336473796131e-05,1.8382760281772442e-05,0.0002124194585819221,0.0
4127.0,7.06171058916273e-05,0.0,0.00018370878872436055,8.995312534570603e-05,0.0008039828331704075
4130.0,0.00010512253657392356,2.1311312857850246e-05,1.5071184046631571e-06,0.0,0.0
4133.0,6.739912498116265e-05,0.0,4.096972094665268e-05,2.5492200661520138e-05,0.00010733602679975747
4136.0,0.00014051139025222302,0.00011326883378855011,0.00010680759563794303,0.0,6.387142455319505e-05
4139.0,0.0003229304796792506,0.00019052329067726148,2.3553933782703385e-05,3.0339913750151348e-05,0.00010714495458111952
4142.0,0.0001725391440111314,0.0,0.0002180755522771425,0.0,0.0
4145.0,0.00010859922583412201,0.0,3.6746700887809816e-05,0.0,9.693359105083566e-05
4148.0,6.06853250825158e-06,0.0002978461465378415,0.0002689281798996363,8.898606301460855e-05,2.391812586512686e-05
4151.0,8.112762835243815e-06,1.5809317152353822e-05,0.00013218168927653978,0.0,0.0
4154.0,5.020810305570433e-07,0.0,1.4674677918501097e-05,0.0,2.303966637589652e-05
4157.0,2.2367256976678416e-05,0.0,1.335621690416264e-05,2.8517820712800222e-05,0.00020154024911034487
4160.0,0.0014339551623172037,0.0005205238553003977,0.0003523929811462828,0.0,0.0
4163.0,0.0030887218538528916,0.0005001284200177889,3.309984667007895e-07,0.0,2.088349777621211e-05
4166.0,0.00010973011467209292,2.0567286807282952e-05,6.33242680626718e-07,3.390535785165122e-05,0.0
4169.0,0.00020752967403236272,0.0002413420835155882,5.281861281802671e-07,0.0,0.0
4172.0,0.000436810486551772,0.00014437963712752883,1.2850930705564192e-06,0.0005117458371483405,0.0
4175.0,0.0007543315843407791,0.0,4.776168617534668e-05,0.0006198060170640784,0.0
4178.0,0.0003051009175883497,5.7022765078268185e-05,0.00011658409716657906,0.00018623987641573772,0.0
4181.0,8.167481444770906e-06,0.0,6.865143612824322e-05,0.0,0.0
4184.0,1.798147619589191e-05,7.735945604468281e-05,0.0004348402728866393,0.0010787511489693097,0.0
4187.0,0.00024761063684418226,0.0,4.827712518761828e-06,0.0,0.0003074095302158669
4190.0,0.0,3.3474376293921104e-05,1.952602912820973e-05,0.0001755575955051708,0.00015270881777800657
4193.0,4.744132096243245e-05,8.3544351170562e-05,0.0006666936133609972,0.0,0.00011420682765057787
4196.0,3.3570867771026746e-06,0.0001664868698042578,9.467345698239295e-05,0.0,9.188627358892516e-06
4199.0,4.0407683812409266e-06,0.0,0.0001766844158834041,9.887585671098775e-05,0.0
4202.0,0.00015120223698634848,0.0,2.139653310633575e-05,0.0002163259955493283,0.0
4205.0,0.00019872443188134672,5.714718610795275e-05,8.246414250360771e-05,0.0,0.0005455632028452444
4208.0,0.00023613146853391375,0.0,8.344608583446638e-06,2.6129119380542974e-05,0.0002787117478635108
4211.0,8.466690246902832e-06,0.0,0.00020912905423787294,0.0,0.0
4214.0,0.00029124919439175203,0.00012354311535548509,5.9117577867789376e-05,0.0,0.0
4217.0,0.0001540555434911533,0.00012629660155441845,0.0003189226518723377,0.0003180770318803088,2.082640185186212e-05
4220.0,0.0006494128170379856,0.0025311203810814164,2.5731406749355126e-05,0.0004212734623714537,0.0
4223.0,0.0011691770069369894,0.001393979786061037,1.2185570321325498e-05,0.000228849739609273,8.540762830869479e-05
4226.0,5.604933754799187e-05,0.00021341483543786154,4.490922628185191e-05,0.0,6.728174288059845e-06
4229.0,0.0001593963127989513,0.0,1.654116832773862e-05,0.0,0.00031591259123947335
4232.0,0.00012898032918188523,0.0,1.1848690580302621e-05,0.0,0.0
4235.0,0.00014901924150966965,0.0,0.00015526715113081284,4.82876134679162e-05,0.0001362788304131222
4238.0,5.848009640717574e-05,0.0,0.0002375519595707866,0.0,0.00014711068979961884
4241.0,7.404881317502662e-05,0.0,0.0,0.0,0.0001874506066973494
4244.0,0.00014058158697183697,3.776947015342337e-05,9.30947968474719e-05,0.0008972085327382102,0.0
4247.0,0.0004700680947990172,0.00037435655753370345,0.00037033926702339707,0.0,0.00035834785919637845
4250.0,0.0003738571718160124,0.0010858260762485255,7.000419337984002e-05,0.0,4.5102865985013804e-05
4253.0,9.977833994306344e-05,0.00010085901421301213,0.0003564236668915392,0.00018780093175811867,1.0579767196344283e-05
4256.0,0.0,0.00012955089455122994,1.6169631197498557e-07,0.0,0.0
4259.0,7.873172056951862e-05,0.0,1.1487333033634863e-05,0.0,0.0
4262.0,0.0005211330110139469,6.25245338376635e-05,0.0006174967477646701,0.0,1.0325326995286422e-05
4265.0,0.00017031037664593798,4.419016103821438e-05,0.00023880193109214102,0.0,0.00027028027521982926
4268.0,0.00013064093561529169,0.0005584409780753751,1.5787974619880756e-06,0.00017005809801408023,0.0007664389202034459
4271.0,0.00027452204552270613,0.0006776647287399653,0.0003388245366936401,0.0,0.0001723729391318974
4274.0,0.0016046184962913445,0.001285812135120426,4.63420887402292e-06,0.0,5.588181490872231e-06
4277.0,0.00021322333731888259,0.0,0.00010904197972342908,0.002305671114528007,0.00011185100168144869
4280.0,3.7551274080916695e-05,0.0,0.00030359534612154346,0.0010957923306514931,2.2642981352597103e-05
4283.0,0.00040069363897589496,0.00010237287120197142,0.00019368382444562304,0.0,0.0001425678233229491
4286.0,0.00021280094279142647,0.0,6.089379667568108e-06,9.99885075908366e-05,0.0001191485676703581
4289.0,0.0004045450290854254,0.0,0.0003218732760501403,0.00048105256095345707,0.0002540740651852911
4292.0,0.00011185506410555835,0.0,3.9496298149177706e-05,0.0005943979893482064,0.00041216726361933904
4295.0,0.0002800165404905664,0.0,0.00018055388799933378,0.0002493557587665776,0.0008381012785153272
4298.0,0.00017863827392833046,0.00022064911321342435,0.00017208069861372833,0.0,7.589869706100313e-05
4301.0,7.609836023237987e-05,1.9509668370400006e-05,9.319038762422908e-06,0.0,0.0010011365491636242
4304.0,3.752174320942644e-06,0.0002587770007084894,0.00019831240733909528,0.0,7.445812772468e-05
4307.0,3.306481253893454e-05,8.860482261627544e-05,1.0405062017949805e-05,0.0,7.210169965307587e-05
4310.0,0.00010231450593636958,0.00013563689946372826,0.000136888589369659,0.0,0.0008187546402284523
4313.0,0.0001379497190512655,0.00024646807665696345,0.00016068313765426955,0.0,0.00021605340596867853
4316.0,0.00010221224874807939,0.0,0.0003175232158417143,0.0,0.00022832347158084423
4319.0,0.00010373116725988022,0.0004024346764031065,8.917543919950919e-05,0.0016285588375235284,6.110836638637744e-06
4322.0,0.00017145226568064203,0.0,2.5205690728727772e-05,0.0,0.0
4325.0,0.00032520974489598254,0.0,0.00017161519309817096,2.022606036771465e-05,0.0001551235827845478
4328.0,5.04732158418012e-05,0.00046293456826633944,0.0004085899442764321,0.0,0.00026426174192871113
4331.0,1.0461471985344287e-05,0.0,0.0005142741317645477,0.00039871842889567885,0.00021804031393656098
4334.0,2.0000487768878942e-05,0.0,5.788299374464923e-05,0.0,0.0007714183001215199
4337.0,0.00019034843000316737,0.00029571476796761624,0.0006006059615775844,0.0,1.889965694476169e-05
4340.0,0.00038306061417507707,0.0009628493687557087,0.0027857160714472736,0.0,0.0006651208906537317
4343.0,8.287915057247085e-05,0.0002857432076967109,0.0031045184101381176,0.0,0.00011502499242809318
4346.0,7.108577897657151e-06,0.0,0.0003722610525333104,0.0003995684028106592,0.0
4349.0,0.0001572924278047727,0.0,0.0006737391747830383,0.0009098506605938547,2.6608826980443018e-05
4352.0,1.0083119703547545e-05,3.486701430146396e-05,1.8676650580972147e-05,0.00037036439797294657,1.2777356293875325e-05
4355.0,0.00011939741257887042,0.0,4.1183400481655785e-06,6.473433352144301e-05,0.0
4358.0,0.00022402661230253468,0.0,1.502290664210602e-06,0.00025338217625437337,7.365883621729878e-05
4361.0,5.5285417936235245e-05,0.0,2.508485674824323e-05,0.0,0.0004994754255590534
4364.0,0.00015351407174158863,0.0,1.9399716020380735e-05,0.0,0.00029185473937891636
4367.0,0.0001889057467116186,0.0,4.310734041711472e-05,0.0002488048215355363,0.00040305713607842057
4370.0,4.6166287763536176e-05,0.0,9.220318487755477e-06,0.0,0.0
4373.0,0.0001661425374038312,0.00012410904452309847,1.1293189603992309e-05,6.527182873931814e-05,0.00020679280848934215
4376.0,2.2683432626100068e-05,0.0,1.2735323760345811e-05,0.0,0.0
4379.0,0.00019569756886950553,0.00034297008537000464,9.451632100393201e-05,0.0008818466529943444,0.00022499184087453798
4382.0,8.10475779631256e-05,0.00016107719031606583,0.000310011004691409,0.0,0.0
4385.0,4.1340560794015e-06,2.5764243390176085e-05,0.00033422815445007843,0.0,0.0002912188738661091
4388.0,0.00021539170532134205,0.0,0.00010403192960455064,0.00022571745832388113,1.4038188132211829e-05
4391.0,0.00011005663702604323,0.0,0.0003715493016217687,0.0003786124789025026,0.0
4394.0,7.798867033217792e-05,0.00011265389666452303,8.259962144961976e-05,0.0,0.0
4397.0,2.6408763592620167e-05,0.0,0.000131372407065095,0.0,0.00015583683262140215
4400.0,0.0002082848395090426,0.0,0.00010758328324780423,0.0,0.0
4403.0,3.0105456299502385e-05,0.0,0.00010301297776240017,0.0,0.0001181485386896409
4406.0,0.00012685487458242273,2.396805056972303e-05,5.071789476285397e-05,4.0716085952620056e-05,0.00015749716511428267
4409.0,0.00010257246623325776,0.00012139155222382987,0.0002922395664144865,0.0,5.5143989287306e-06
4412.0,0.0004891229612341957,0.0,2.278004187876064e-06,0.0,0.0
4415.0,0.00011253480477859448,0.0,0.0001400142799655458,3.2192139062774594e-05,0.0
4418.0,0.00018308326569570611,0.0,0.0004925300581935788,0.0,0.0
4421.0,0.0003678063764695148,8.435849736565949e-05,0.00024755203402007626,0.0,9.098181752316413e-05
4424.0,0.00022143820325805266,7.376068242909461e-05,8.577094725711386e-06,2.9727119025860296e-05,4.236086866440704e-05
4427.0,0.0006354515028697958,0.00014065201393292782,0.00011103609986137783,0.0,0.0
4430.0,0.0003733521705022311,0.0006024214260344512,5.897798557943823e-05,0.0,0.0
4433.0,7.666649251001858e-07,0.0002729006279493492,0.0002918160805685727,0.00027223506299183485,0.0
4436.0,2.3188486153673313e-05,0.0002408614587988548,7.9072175273469e-06,0.0,0.0
4439.0,1.5058091882284539e-05,0.00014875724635713837,0.00024428042141113514,0.0,7.365810246389081e-06
4442.0,4.401596035815869e-06,0.0,0.0009038440647090972,0.0,1.5031407126315642e-05
4445.0,3.5336549483309285e-05,0.0,0.00011729542345827017,0.00012221163345758099,0.00025195200031152793
4448.0,1.6453984257532336e-05,0.0,0.00010552392373250299,0.0,0.0001159379364400295
4451.0,0.00012857036871020586,0.0,8.029444654579786e-05,0.0,0.0003312847204177497
4454.0,0.0004056385770788217,0.0,1.1708925154889535e-06,0.0004325781384261074,0.0002487030515816876
4457.0,3.335991813730667e-05,0.00010842870592459088,0.0004020617413834263,0.00123936030641712,3.790561706332019e-05
4460.0,0.00010122305265295021,7.029021769033294e-05,3.3163230723005508e-06,0.0003504670664561117,3.1723152407917525e-05
4463.0,0.00014795276581109428,0.0,4.99934715364555e-05,0.0,0.00022545606754514056
4466.0,4.125915588134383e-06,2.686780167060854e-05,9.699058528621287e-08,0.0,0.0
4469.0,5.116226261313214e-05,0.0,3.8052524823256922e-06,0.0,0.0
4472.0,0.0003317965809183593,0.00031352250179822466,8.85561057609988e-06,0.0,0.0
4475.0,2.9591035520060446e-05,1.5637770702766403e-05,2.559031336438525e-05,0.0,0.0
4478.0,6.124866743279555e-05,1.8708548633477774e-05,0.00014567076851753678,0.0002544051376890033,0.0
4481.0,0.00015893664940387674,0.0,1.076529865028437e-08,0.0,1.8100236617650328e-05
4484.0,0.0001323640585977385,0.0,0.0002089154413398297,0.0,0.0001399591336608881
4487.0,5.301169866353109e-05,0.0,1.2089556254062147e-05,3.736258875808124e-05,0.0007188080599721633
4490.0,2.469284388827423e-05,0.0,0.00010107711973035778,3.442401928384683e-05,0.0
4493.0,1.519791721593706e-06,0.0,0.00024363345484232756,0.00043942593897218957,0.0
4496.0,3.011796766096996e-06,9.18387227076953e-05,1.586440196719276e-05,0.0,2.0140000311732272e-05
4499.0,0.00029478541466516607,0.0003928559362705145,4.9653272718875925e-05,0.0,0.0
4502.0,0.00023190560329478584,0.00011238229054705555,7.345624105255309e-05,6.934577079964409e-05,3.7915529104534205e-05
4505.0,0.00018012855025713935,0.0,1.4380190793551805e-06,0.0013992376652732822,0.00023866047870353094
4508.0,3.2427199514764105e-05,3.146159008302402e-05,6.0174527049422053e-05,0.0018150782165841887,0.00015329452003853448
4511.0,6.869681234875777e-05,0.0,1.111115631695133e-06,0.0033243481284062895,0.0001466920643697533
4514.0,1.2865027332056324e-05,0.0,1.7558278952394644e-05,0.003267887049298232,5.6578004624941034e-05
4517.0,0.0001993589401856125,0.0,0.0008461049116340793,0.003107636826030993,0.00036877375051726376
4520.0,1.0562417631498228e-05,7.353304184811124e-05,0.0011874173483628272,0.0002478105401968664,3.7987790838872695e-05
4523.0,1.5239664553205723e-05,0.000539601435656279,0.0003995729847202136,0.00028755854105651766,0.0
4526.0,7.551239336302743e-05,0.0006778203716004781,3.02616889636444e-05,0.0005119171479799746,6.188432123231525e-05
4529.0,8.409550877155164e-05,0.00013605732517696367,5.5989767767073864e-05,0.0,0.00023875566940610094
4532.0,3.146381943110274e-05,0.00021379766250687027,2.340872537304566e-06,0.0,0.0
4535.0,6.697762944832898e-06,0.0,9.608051922413693e-05,0.0004668195145342406,5.61196312303186e-06
4538.0,0.0,0.0004092068671139545,0.00019087091068696835,0.0009749708925038812,0.0
4541.0,2.4577152959922887e-05,0.0,1.5936942583335743e-05,3.770128686448393e-05,4.691776799805404e-05
4544.0,6.24084957210273e-05,0.0,4.7166371517336435e-05,0.0,1.4687635868874363e-05
4547.0,6.0290931181822385e-05,0.00039527942299615027,0.00012781959756781583,0.0,0.0
4550.0,0.00020828948152009678,4.7058496846021494e-05,7.877164440463148e-05,0.00010643273414247529,1.640740946580751e-05
4553.0,5.1606124699627584e-05,0.0007123217199266339,3.498929458289945e-06,3.089593984513782e-05,4.0086582281389665e-05
4556.0,6.219876274673596e-05,3.935086158953133e-05,1.930839984071918e-05,5.6207400309478456e-05,0.00033773832276494614
4559.0,0.00030733644462912346,0.0,0.00033827817008146515,0.0,0.000814925162317577
4562.0,2.0401580621000687e-05,0.0,8.155027840374972e-05,0.0,7.818102453201099e-05
4565.0,9.274390625456504e-06,1.3167748865119241e-05,1.7582148916911187e-05,0.0,9.58084785840148e-05
4568.0,1.6506150461717987e-06,0.0,0.0001015859904404607,0.0,0.00022638031088769245
4571.0,0.00014127981294730893,0.0,0.0002301337372592872,6.045412854434689e-05,8.16238049595438e-06
4574.0,9.11939790160109e-05,0.0,2.767445010317085e-07,0.00012136353935753835,2.2195501718780504e-05
4577.0,8.262243845847832e-05,0.00013444159047103018,6.619918012684877e-06,0.0,0.0
4580.0,2.688613096685195e-05,5.707571668824219e-05,8.77415389203412e-05,0.0,0.00021452889193941376
4583.0,0.00021742685630429025,0.00013553390809867318,0.00022197338739632952,0.0,2.8566478241701097e-05
4586.0,0.00017341638553830245,0.001555906916808902,0.00021891679538014352,0.0,0.0
4589.0,6.419095748209908e-05,0.0003789905067250172,4.384877865763026e-05,0.00011166476336787504,5.5631461077126196e-05
4592.0,0.0,0.0,2.0626289301957053e-08,0.0,0.0001511256865247215
4595.0,9.581803710445866e-05,6.25245338376635e-05,1.929738815662497e-08,0.00010877850798517805,6.315560445601066e-06
4598.0,0.0004893722456776567,0.0,0.00015941593789874366,0.0,9.129870179077514e-05
4601.0,2.6045053600096287e-05,3.802426365726918e-05,1.3474279686677515e-05,5.754604949022107e-05,0.0007154300744532921
4604.0,8.06860404059317e-06,0.00023304533834546298,2.226051937381442e-06,2.7520321416047336e-05,0.0
4607.0,5.7100526121843797e-05,0.0,0.00013346351509485575,0.0002018938206010295,2.6427281759430074e-05
4610.0,2.666788407020551e-05,0.00013105351088739975,7.999764192983642e-06,0.0,0.00013675012093486132
4613.0,7.665736594909132e-05,0.0,0.0004629142322200269,0.0002707672642885168,0.0002402794567599649
4616.0,3.094772511667285e-05,0.0,1.3307513236473752e-05,0.00015502048011062128,0.0009800952920453632
4619.0,0.00012630555693473293,0.0,0.00025654221216441067,0.0,0.00022224128577141874
4622.0,2.5274818657008437e-05,0.0,5.092463832989488e-06,0.0,3.0128681243442578e-05
4625.0,0.00022745741053893664,0.00010917772230909736,0.0004657855620479168,0.0,3.2569912334322184e-05
4628.0,0.00013692716696080655,0.0,0.0013582011813114575,0.0,0.0008833928998513049
4631.0,0.00045722021052359887,1.915365442517338e-05,3.2290621561091487e-05,0.0,0.0
4634.0,0.00019294005352387254,1.9622832625440934e-05,0.00020903110061820258,0.0,5.2169050032694155e-05
4637.0,0.0003733370955606946,2.8947582866610685e-05,4.627410591596967e-06,0.0013099257367846706,0.0001574719560840143
4640.0,8.411681246712058e-05,0.00022724258448971867,5.498476125065867e-05,0.010521301814448438,1.8113377173859407e-05
4643.0,0.00023584810146457148,0.0002398011814961752,0.0003362693510999616,0.005202929613545516,7.410399851157421e-05
4646.0,6.329199458806197e-05,0.0,0.0006721276903485174,0.00010366575702666175,0.00043868988236015356
4649.0,0.00018249267395313476,0.0,0.00010893478483612141,4.390546372129615e-05,0.0002085326180370507
4652.0,7.711417961299808e-06,3.019824190512727e-05,5.281226159664496e-06,0.0,0.0005845180249954972
4655.0,0.00016429585045349564,0.0002765962095788442,0.0005678094376699503,0.0,0.0003128979566332911
4658.0,0.0008510520702491393,0.0018803246023841342,3.3147028057862294e-05,4.191154134411493e-05,5.4955350959393645e-05
4661.0,5.6673462207691166e-05,0.0,0.00038878635170458214,0.0,0.0002996876395857341
4664.0,0.0002511020521309124,3.5624483498129855e-05,0.00010315931175738723,6.501892503031078e-05,0.0008640269834322869
4667.0,6.68430773367974e-05,0.0,7.390090182441437e-05,0.0,0.0001441010135733793
4670.0,0.00011082384007526671,1.8637640998378157e-05,1.49298192237073e-06,0.0,2.5323105094027066e-05
4673.0,0.0001442255906436835,0.0,9.040261723960822e-06,0.0,0.0
4676.0,0.00027024169655803814,0.0,0.00015607430184929938,0.0,0.00034588590078861247
4679.0,0.0003090240307681463,0.0006636986095341324,6.256790075524131e-05,0.0,0.00036072327803303536
4682.0,3.7078110239001914e-05,1.4909659402557355e-05,1.2846755265936454e-05,0.0,4.71619776475761e-05
4685.0,3.323414727298531e-06,0.0,4.662969445025154e-08,0.0001657724157373456,0.0
4688.0,1.5823194102269896e-05,9.58540961965084e-05,2.5432148012360726e-06,0.0,0.0
4691.0,0.00013260900167423134,2.4209402167612866e-05,0.0004852407765326489,0.0,0.00032457699732355147
4694.0,8.750080708999854e-05,9.933007832982657e-05,7.380881019991274e-06,0.00014894574499406206,0.00017256546942000844
4697.0,0.00037240680054622023,4.3044430467539384e-05,6.243967862542901e-06,0.0,0.0014248102954338238
4700.0,4.901619921047443e-06,2.0902472557055147e-05,3.9766503692204955e-05,0.0,0.0
4703.0,0.0005152683632522621,5.6522794136522e-05,4.5792103031728194e-05,0.0,0.00013635543238144557
4706.0,0.00013869197280868848,0.00011137235807454379,1.2012384693312391e-05,0.00015613444597001902,0.0
4709.0,9.665810758435452e-05,0.00012354228445992366,8.828655340423346e-05,0.000254814384982747,0.00015903597294305498
4712.0,0.0001516301933562001,0.0,2.1666957494805365e-05,0.0,7.4498530876965484e-06
4715.0,1.0462070345640253e-05,8.187965315334946e-05,1.2960189553762794e-05,0.0,0.0
4718.0,7.552507063747871e-05,0.0,1.8250178657836666e-05,0.0001274553157537796,0.0
4721.0,4.475465987884666e-05,0.0005843213385001918,0.0009083824316685308,0.0,3.115258387041236e-05
4724.0,9.23735001604123e-05,0.0001239912805790465,0.00039386814795086143,0.0,0.00032277947370553506
4727.0,8.498574495495223e-05,0.0,0.0007948553666699011,0.0,1.4821173326718976e-05
4730.0,0.00011326697083141597,0.0,2.9423007195103033e-05,0.0,0.0005554583549904638
4733.0,0.0001966294508807075,0.0,2.6161424330952766e-05,0.0,0.0002399299268359057
4736.0,0.0001919923550279332,2.5827287280865074e-05,0.00015306841866095586,0.0002105343409624262,5.068471737815748e-06
4739.0,0.00011916287004078965,0.0,3.4821328693024223e-06,0.0,6.612433582648409e-05
4742.0,4.536299436565589e-05,8.212662507763403e-05,8.10054440292106e-06,0.001032353763366616,2.2178338967041183e-05
4745.0,0.00015056604011733034,0.0,7.290656289745067e-06,0.0,0.0
4748.0,0.0001227771119781089,0.0002922366044234136,0.00014916636903270977,0.0,8.65422366299092e-06
4751.0,0.00035671177881087463,3.826998303749844e-05,4.611833803858722e-06,5.882580968168195e-05,0.0
4754.0,1.3852108466064998e-05,0.0,1.5837023284554187e-05,0.0,0.0003811391356517296
4757.0,6.177376676225274e-06,0.0,2.9517103640851447e-05,0.0,0.0001241810043300347
4760.0,0.00021120224377218006,0.0,4.503974790357492e-05,0.0,0.0
4763.0,8.457526786927994e-05,0.00013776016254058918,1.1471801452389136e-06,0.00011128633791184978,0.000962037303580529
4766.0,0.00048523921794644745,0.00034860687093770683,2.64219030960931e-05,0.0,0.0
4769.0,0.0008574201757287625,0.0005378033875824529,3.197949262011195e-05,0.0,0.00014336740172555347
4772.0,0.0002649386853269304,0.0006337684281786962,3.929909304380114e-05,0.0,0.0
4775.0,5.3422632839473524e-05,0.0,2.8170525218358567e-05,0.00023243371815151445,0.0
4778.0,0.00011570388970785914,0.0,4.0916954190268795e-06,3.617430695420658e-05,0.0002540683938140947
4781.0,6.649227111922634e-07,0.0,2.30676265475348e-06,0.0,3.528756083846296e-05
4784.0,5.151116840483022e-06,0.0,3.751333473391067e-05,0.0,3.9721878997467676e-05
4787.0,0.00012071428333266015,0.0002374001463126953,0.000182560971505126,0.0,1.1856179144021182e-05
4790.0,1.4277534223733556e-05,0.0,6.632743811887502e-05,0.0,0.0
4793.0,0.00048611290078651165,0.0,3.1107462073985003e-06,0.0009008259915863095,0.0
4796.0,0.00015364278340378672,0.0009822393472405538,3.0341605473740375e-05,0.002558604061339454,9.404560936087599e-05
4799.0,7.524433294734274e-05,0.0,6.0994459508230036e-05,0.0005311682062484756,8.624637734660614e-05
4802.0,0.0002360186711865559,2.1111158798096534e-05,0.0008844451903720778,0.00021385615748436502,0.0
4805.0,1.7434362341086022e-05,0.0,0.00027481946771661374,0.0005161689722060486,0.00027625538163400705
4808.0,4.945720822802318e-05,0.0,1.6548966711810937e-06,0.0,6.390008246041445e-05
4811.0,7.551251097581371e-05,0.0,0.00012691862555150419,0.0,0.0003331755902096726
4814.0,5.451422836887746e-05,0.0,0.0001346043231512233,0.0008303588817763556,1.619780985565156e-05
4817.0,6.20348361123023e-06,0.00032172952016885486,4.0494582358461044e-05,0.0018638416994126942,1.8217371029856475e-05
4820.0,0.00023433770961138714,0.0,0.0,0.0,0.0
4823.0,0.0001270758965786731,0.00033755654035723794,3.977078893993209e-07,0.00020333140328376544,0.00016877479927860685
4826.0,0.0001592498830842712,0.0,8.30645781514808e-07,6.143344976337958e-05,0.00030752592851532936
4829.0,0.0002384312921650918,0.0003219620431913687,1.4943499633653242e-06,0.0,8.798338117228011e-05
4832.0,7.735749146231382e-05,0.0004629516028654917,1.8651501659741703e-05,3.59698329798037e-05,0.00019337825224237807
4835.0,0.00033214870870116274,0.0,3.0407845466631064e-05,3.73207374848513e-05,4.229848405311396e-05
4838.0,1.466071839911456e-06,6.730224780338929e-05,5.997481185409716e-05,0.00019685698922058633,0.00022371517789354078
4841.0,1.2398460395325305e-05,0.0,9.050512085662697e-06,0.0,0.0016923561803032648
4844.0,0.00020706549357822984,0.0,0.0003421468096048618,0.0,0.0002799165704875286
4847.0,0.00035287873131861406,8.598986654971705e-05,0.000530954080942753,0.0,0.0003052723179349338
4850.0,9.751645930347585e-05,0.00014090314281530486,2.5815428934830518e-05,0.00011575186235095004,9.64540966469416e-05
4853.0,0.0014852419390330844,0.0012478348096215228,0.0007254254011221079,3.797780318728741e-05,2.029712923927773e-05
4856.0,0.0003837303258376696,0.0,3.998749865391068e-05,0.0,1.3055451194831244e-05
4859.0,0.0006970023615955568,1.6659477089398116e-05,3.2528007120297113e-05,8.888023745178189e-05,0.00010339253776529814
4862.0,9.451457041182518e-06,0.0002566250159283403,0.00033123176736506193,0.0004023359893072393,0.0
4865.0,0.00016799315697986006,0.0,0.00024754303459629043,0.0007475489249033657,0.00010676777229872347
4868.0,0.0002524366770183783,0.0007027679537863051,0.0001669846626264749,3.800440925046305e-05,0.0
4871.0,0.00031683814178090413,0.0,5.995407703482725e-05,0.0,0.001483595527278633
4874.0,9.055466655490788e-05,3.097451910490492e-05,1.6762629109463647e-05,8.11807649209225e-05,0.00018366615434929626
4877.0,8.060768462255603e-05,0.0,2.9275261617693214e-05,0.0,0.0
4880.0,0.0007146157612815003,0.0,4.143541386686245e-06,0.0,0.0
4883.0,0.0009097126582089557,8.944871983304318e-05,9.90483069279398e-05,0.0,0.0
4886.0,0.0006803508991163725,0.0,1.256687020442658e-06,0.0002456964165725764,0.00019724313859182605
4889.0,0.0004224772936555456,0.0003642988817586388,8.170962682885174e-07,0.0,0.0
4892.0,0.0001746700402929508,0.0,6.878483274955352e-05,4.3931175313288155e-05,0.0
4895.0,0.000633155244962387,7.181031507700147e-05,4.834032673940498e-06,0.0,0.0
4898.0,7.557128265410075e-05,0.0,0.00032745944861767767,0.0,0.0
4901.0,0.0002186407755044338,0.0,0.00033143745475067924,0.00048043077875376705,0.0
4904.0,5.65585898647227e-05,2.6663902380115182e-05,0.0030518695657383776,0.0,0.00042246233638086
4907.0,6.829979992151911e-05,0.0,0.00036559236799597113,0.0,4.862322892079394e-06
4910.0,6.463555057144117e-05,3.74356572415415e-05,0.0026171117963474486,0.00045668367355338526,0.0
4913.0,0.00015617380980324094,0.0002768011543095738,0.0007557139010640287,0.0,0.0
4916.0,0.00025257855181656113,0.000719922231662829,0.002939772939843333,0.0,0.0
4919.0,0.00021353395312662414,0.0,1.5878370678270755e-05,0.0,1.6376630515778576e-05
4922.0,4.757183195093891e-05,0.0,4.631279735326029e-05,0.0,0.00013769054554549427
4925.0,0.00023195621487479492,3.513845175953388e-05,8.431963358188786e-05,0.0,7.843264768622282e-05
4928.0,0.00020281237452571727,0.0,0.00041769355808034817,0.0,0.0
4931.0,0.0002585374775719679,0.00033053586846852585,0.0007031812646614309,0.0,0.0
4934.0,1.2221520903031831e-05,1.7278168125163252e-05,8.626521923756413e-05,0.0,4.550408329222547e-06
4937.0,7.251605305049314e-05,0.0002281362163864807,0.00011020247548603339,0.0,0.00021241917677252738
4940.0,8.413557882615085e-06,0.0,4.712222626094844e-06,0.00012653608446741067,0.0
4943.0,3.6051273260306436e-05,0.00014662565448238092,8.365142957831071e-05,0.0,8.787571430243892e-06
4946.0,0.0002825323352095125,0.00015024114150018046,0.0003141945003590104,0.0,0.0
4949.0,0.00022238263059408595,0.0006139810645905202,0.0007975374816600862,0.0,1.258105578728863e-05
4952.0,0.00031756184230916383,0.0,0.0002463028294517149,8.79502368749071e-05,0.00014358928781238898
4955.0,2.1546167400819928e-05,0.00010474269447576408,0.00020156535684815976,0.0,0.00010568018836955058
4958.0,8.156452789081249e-05,0.0,5.8514854408513845e-05,0.0,0.0
4961.0,0.00021228629055361267,9.433962409680511e-05,3.370291626666636e-05,0.0,7.30171747603693e-05
4964.0,0.00016248590561657446,0.0,2.1336147192539174e-05,9.964622090880869e-05,0.0
4967.0,1.758309096558766e-05,0.0,1.8450329765490175e-07,3.718203030604263e-05,0.00024438514540629254
4970.0,3.948095275521881e-05,0.00034993847904619024,2.2171148983037822e-05,2.332848021373064e-05,0.0013261302294759454
4973.0,5.594222402811087e-05,0.00010397223850548706,7.04155138740191e-06,0.0,3.178157569454187e-05
4976.0,0.00012823745228457417,0.00014032660298735758,2.2700439730838496e-05,4.2191945587481576e-05,1.5961672437351446e-05
4979.0,0.00012085864464921068,7.560119298653841e-05,2.3919004496215042e-06,5.4205406309863156e-05,0.0
4982.0,0.0005837423679711621,0.0,0.00011805215305508326,0.0002888450008727803,7.88233159315769e-05
4985.0,9.246419246224948e-05,0.0,9.932694510747017e-05,0.0014243524347316067,0.0001944146989854877
4988.0,0.0002760239608522738,3.7821611950260616e-05,9.675260296464344e-05,0.00031815476178253047,0.0
4991.0,4.2398673268022404e-05,0.0,1.8971045713562463e-07,0.0021816792945425732,0.0
4994.0,0.0001709391129936538,0.0006524304156571674,5.718081681502501e-05,0.001440053276290511,0.0
4997.0,9.286473204336848e-05,1.3836354401559903e-05,1.9195343124775973e-05,0.0023318617724568955,0.0
5000.0,0.00047299093402991554,0.00031037789693666494,3.819186254396458e-06,0.013191417570547197,8.756380068331635e-06
5003.0,5.313204046464188e-06,0.000254608911095768,1.1827119962196847e-07,0.005307802687506838,0.00022020354449991334
5006.0,3.640165745380445e-05,0.0,2.2198586033740344e-05,0.0030749707081134574,0.00040857757585032085
5009.0,8.339930580236886e-06,8.304479939702443e-05,0.0001695123183940746,0.0019682560040930083,0.0008106242046662382
5012.0,1.43935230146886e-05,0.0,1.3549852325465853e-05,0.0007256973716317456,0.000632492702727201
5015.0,0.00015895318490668757,7.85739736065618e-05,0.0002071947846766713,0.0,1.4834314826662341e-05
5018.0,4.212649368189314e-05,6.655052294738103e-05,0.0001787588432940528,0.0,9.180678851235568e-05
5021.0,0.0002877603856077556,0.0005191265369945729,6.624194816934442e-05,0.00017308715875033164,0.0007642375882557335
5024.0,0.0003182684703718803,0.000634919140402312,7.901969300119867e-06,0.00013253518509631388,8.762539444527712e-05
5027.0,9.090884934568718e-05,0.0010519382760866525,5.728882777819991e-06,0.0013479316427598234,0.00012648442473421918
5030.0,6.220175827637814e-05,0.00017309356224112012,6.59276271333088e-06,0.007644597586141328,0.00028378886609486205
5033.0,0.00012402939335387603,0.0,2.083217062847545e-06,0.006612113860744448,0.0
5036.0,0.00019037258084361354,0.00017180878439859387,1.0851529348506856e-05,0.0005237757333332679,0.0
5039.0,1.659874675167749e-05,0.0,9.664073989196873e-05,2.9724428485048938e-05,6.949617763514845e-05
5042.0,6.138604082629806e-05,7.839233735654465e-05,0.0007778986764041968,0.0008063995267604446,9.112466067294351e-05
5045.0,0.00018451670580901924,0.0,2.2655432356495646e-05,6.753778439249398e-05,0.001202382787766134
5048.0,0.00023615285206290664,0.0,7.67877988182075e-06,5.333370315965462e-05,6.644954666170733e-05
5051.0,0.0003124947595263282,0.0,9.983383686952592e-06,0.00011471005643974996,7.005765801147195e-05
5054.0,0.00034958902845047616,0.00034616862155421527,4.4539184189177834e-05,0.0,0.0
5057.0,0.00026088068176830713,0.00012955630157309247,1.5372737693889025e-05,0.0,9.184732567490988e-06
5060.0,0.00020665642922209468,0.0,5.380273337740811e-05,0.0004629040186004771,0.0001501525794520032
5063.0,3.605823678438627e-05,1.8559244141941872e-05,2.2161466193321502e-05,0.0,4.12483305132232e-05
5066.0,8.049944992128862e-05,0.0,0.00013150506698269857,0.0,0.0
5069.0,4.175157839490947e-05,0.0,0.0002658994296863573,7.933392068992199e-05,0.00010343823621066673
5072.0,0.00038428737070690325,0.0,0.0005392228354076748,7.47329462300284e-05,0.0002196790575638972
5075.0,4.8672270535019284e-05,0.0,0.00012644942390005419,0.0,0.0
5078.0,0.0002194842414033009,7.598777024685729e-05,2.7399083746280005e-05,6.192894403555579e-05,4.457720221234205e-05
5081.0,4.5878101624707324e-05,2.0285425950416096e-05,7.044843835110398e-05,9.657881194782741e-05,0.0
5084.0,3.770409207984296e-05,0.00017341566572629877,8.29591534027978e-06,5.09705886923319e-05,1.0740062352421876e-05
5087.0,0.00018955785442106393,0.0,2.0111570658326252e-07,0.0,4.2381449621733074e-05
5090.0,0.00011741178467940266,0.0002413028999690816,0.0005707926996817969,0.0,0.00017951815148875243
5093.0,3.464286952359106e-05,0.0,5.5924534296483015e-05,4.034958796692012e-05,4.835976190128305e-06
5096.0,3.725655828046042e-05,0.0,2.6295561305882834e-05,0.0,3.659335784062722e-05
5099.0,0.00011713694882640415,9.157822826818387e-05,0.00029125919787253594,0.0,1.623416297224534e-05
5102.0,8.442069072426612e-05,0.0,3.02245068159634e-06,0.0,0.0
5105.0,0.00021767775195801484,0.00033029440277751416,1.1415941079422391e-06,0.0,0.0
5108.0,5.838179300336413e-05,0.0,5.798016749329145e-05,0.0,4.234788193688671e-06
5111.0,1.9953549678001833e-06,4.432977133481921e-05,2.8959344952146707e-08,0.00042214067891122313,0.0
5114.0,9.951669048314611e-05,0.00010472146819452573,7.812819320249749e-05,0.0,6.251594135643343e-06
5117.0,0.00014756998402349673,0.0,2.9661449555406774e-08,5.299380767350012e-05,0.00014135753458994232
5120.0,0.00015803330207381285,7.468364121874778e-05,1.72120575574641e-05,0.0,0.0
5123.0,0.00010816603314314896,0.0,0.0005967167697320796,0.0,4.6551290493672915e-05
5126.0,4.095469240030678e-05,0.0,1.0667555811098152e-05,0.00011690875213627203,0.00015028535720374697
5129.0,3.4000892148624466e-05,0.0,0.00037363932431830994,0.0,3.010607125739998e-05
5132.0,4.795487856493724e-05,0.0,0.0002301874752785163,0.00012609874151306197,0.00011596507540691433
5135.0,0.00025196345637566557,0.0,0.0001924059540615168,0.0,0.00010344421759857633
5138.0,8.7266703313683e-05,2.159490123339933e-05,9.912767467079697e-06,0.0,0.0
5141.0,7.275696986781229e-05,0.0,3.890150853725224e-05,0.0,0.0
5144.0,2.401488726779239e-05,6.268744393398241e-05,0.0001352804689515136,0.0,0.0004377431347297992
5147.0,3.60468377816382e-06,0.0005551307199220011,7.234833322791423e-07,0.0003687459949113513,0.0
5150.0,4.788702677159879e-06,0.0008516259394094843,0.00019842848548755633,0.0,0.00022365266304691614
5153.0,0.0002512467009649041,0.0020378198230172353,9.543577079832505e-06,4.4363140749644357e-05,0.00027664967193155376
5156.0,0.0001235568439950954,0.0,1.8237616930249377e-05,0.00011415432790788633,0.0009158105161213642
5159.0,5.563664159087332e-06,0.0,1.3563104681543092e-05,0.0,0.0
5162.0,0.0004918617138220862,4.580762946354324e-05,0.0008454767060877958,0.0,0.0
5165.0,7.781493790858086e-05,0.0,2.364683770693203e-06,0.0,0.0
5168.0,0.0004615423861904993,2.8630914926575052e-05,7.557485829177208e-05,4.441157048424882e-05,0.0
5171.0,0.0003454856299673969,0.0,8.6235087974103e-05,9.530264033199174e-05,9.512575100146338e-05
5174.0,4.720545941613117e-05,0.0,0.00030679767966291133,5.691917486295561e-05,4.6345458270789776e-05
5177.0,5.039956228613323e-05,0.0,0.0009653286524850012,0.0,0.0
5180.0,0.0005908353049004994,4.2096026431423935e-05,0.00036883959567560025,0.0,0.0
5183.0,7.215690985188431e-05,0.000206688410950595,0.00037258226672449936,0.0003561729373365091,0.0
5186.0,8.740885064834052e-05,2.3475984297094234e-05,9.284274444377261e-06,0.0030080538363948814,0.0
5189.0,0.00011042563977938178,0.0,0.000993679401294174,0.0005227665346385233,0.0
5192.0,1.8407075927963272e-06,0.00016397111274659494,8.774002240895965e-05,0.00018287830759876483,0.00019928436790525534
5195.0,7.604883695370766e-05,2.389356512313868e-05,1.0095858514347318e-05,0.0,9.060283270828035e-05
5198.0,0.00020089949231583018,0.0,0.00018394885762683055,0.0001788590708258497,4.111922483158929e-06
5201.0,7.56857604852727e-05,0.0,0.0001222442701969597,0.0,7.187939926688847e-06
5204.0,0.0003953158392467148,0.0002199799942579353,4.797469630601177e-06,0.0003981128647770914,0.0009356104115833593
5207.0,0.0003828361439507287,0.0,5.766358853886605e-05,0.0,2.0808636997647834e-05
5210.0,0.0006788431475633726,0.0002343437205526296,0.00012723793615945816,0.0,0.0
5213.0,0.000452632461017939,4.952506612658946e-05,1.8750833318749046e-05,0.0,1.3307389556294859e-05
5216.0,0.00028369707204312696,0.0007432161158965628,1.0847063104343346e-06,0.0,0.0
5219.0,0.00031809928261721394,2.2265900245114004e-05,0.00024841042839683506,0.0,0.00020149246454033537
5222.0,6.65858631408374e-05,8.453035385090416e-05,5.725618043066852e-06,0.0002324857328981139,6.991766352363722e-06
5225.0,9.427006063172867e-05,0.0,0.0006455572308831461,0.0,0.0
5228.0,5.699975534797469e-05,0.0001303207155684809,0.00036319960451570505,0.0,0.00026129943738873064
5231.0,0.0002283974920673896,9.763864159738967e-05,2.3097242104342793e-06,0.0,0.0012772119559504717
5234.0,0.0001739730822147408,7.020823930198405e-05,5.213472753013702e-05,0.0,0.0006596044306093188
5237.0,0.0008568983726023123,0.0007392368987660989,0.00021356294179181146,0.0,0.00023199804117095081
5240.0,0.0008384479990461606,0.00177947912060749,0.0002781958055368718,0.0,0.0013411876890950484
5243.0,6.392142379815736e-05,0.0,0.00021962869253567627,0.0,0.0002797633854255676
5246.0,6.403596765293725e-06,6.0120383415899494e-05,0.00029674825860530156,0.0,4.0377913055717625e-05
5249.0,7.501580081204831e-07,0.0,1.4923143090263023e-06,0.0,0.0
5252.0,0.00013159712493264304,0.0,0.0005478380207757328,0.0,1.4920321107153446e-05
5255.0,0.000308948390863199,0.0,0.0004952946333162858,0.0,0.0013069216767383769
5258.0,8.037091890905103e-05,3.5434729274463124e-05,0.0002050538533474006,0.0,0.0
5261.0,0.0002750143950833569,0.0005226015704187798,1.3733014095031673e-05,0.0,8.192640722432586e-05
5264.0,7.360033546740097e-05,6.893386377583004e-05,3.63828075158178e-05,0.0,0.00012814564339359497
5267.0,0.0003662074128092997,5.845298188775568e-05,0.0001201040518792091,0.0,0.0
5270.0,0.00019893333584701596,5.2819301637196507e-05,6.595482527311232e-06,0.0,6.439217571703699e-05
5273.0,6.49420565389036e-05,6.911695843357891e-05,7.690763773576983e-05,0.0,0.0
5276.0,0.00035366901362511984,0.0018240182242976603,5.3081597980654335e-05,0.0,0.0
5279.0,0.0003333490158145472,0.00032046866963821296,6.033979673653173e-05,0.0,0.0
5282.0,0.0005852313905833894,7.474689345339844e-05,8.869041461497878e-05,0.00021751845749144364,0.00014947586156938998
5285.0,0.00041073717936617035,0.0,0.00027094454846269514,0.0005592140686848462,0.000688862527354287
5288.0,1.033194545616607e-05,0.0,9.520236690463556e-06,0.0009840888430959008,0.00040582479919669054
5291.0,0.00012009751598662773,6.123166034405499e-05,0.00041672109432419266,0.00031339356294459776,0.0
5294.0,2.5294201255898552e-05,1.9519446895029846e-05,1.038550444993082e-06,0.00040909616374999627,0.00030397941092752547
5297.0,0.0001095854571715877,2.0805204450233027e-05,8.292234841363744e-05,0.0002045597581093934,0.00024980716973556485
5300.0,0.0001712522782203031,0.0,0.0001803102619362245,0.0,9.907012997735512e-06
5303.0,4.9530498678246505e-05,3.857146419089906e-05,0.00010178983551408753,0.001454297419854213,4.064612988989385e-05
5306.0,2.621313680371297e-05,6.375709175436687e-05,7.856930780559513e-05,0.0008014640664050609,0.00012694124214693628
5309.0,0.00020567487864124468,0.0007640377187527795,7.972066080347104e-05,0.0002896515359172705,1.4989386413462624e-05
5312.0,1.7642242916433372e-05,0.0004431081501064903,6.210636142012955e-05,0.0,0.0003827848572503823
5315.0,0.00036242665075410257,7.67573878807171e-05,1.922879167562925e-06,0.0002675724947473273,0.0005432179254661057
5318.0,0.00022471514279169864,0.0,5.494662384786923e-05,2.9340262020749377e-05,0.00018680298933333608
5321.0,6.263474794841665e-05,0.0,1.774311921217737e-05,0.0,1.973185080431709e-05
5324.0,7.832450512815478e-05,0.0002465174045701754,0.00010667877720978412,0.0,0.0004407338966334632
5327.0,0.0005323069919550708,0.0001799025901486206,0.00020561325244283364,0.0,0.00038105844448274167
5330.0,0.00029564917178049883,0.0,0.0003777489081300614,5.403381751507248e-05,7.230309821227973e-06
5333.0,0.00016893107580329158,0.0,0.0001148483628618636,0.0,0.0004631961255018482
5336.0,2.6094798489716805e-05,0.0001361659939149744,9.735724638806522e-07,0.00016717204575830542,2.1460746064999077e-05
5339.0,0.00014595367492208232,0.00012533577376944545,1.3851319829809375e-05,0.00047415187613500327,3.366984785784041e-05
5342.0,5.161122222965835e-06,4.164552973971997e-05,2.7096467429293272e-05,3.6545886676591284e-05,0.00016188500105659363
5345.0,0.00012591842184419202,0.00010769757735736542,0.0002085423093700401,0.0,3.242487924913034e-05
5348.0,0.0001263951960892666,0.0,0.0004113259510694961,3.1010435720274466e-05,5.45772843979709e-05
5351.0,0.00014189453167789517,0.0,0.00026299120448156267,0.0006207102882308102,0.00017740694616542722
5354.0,8.603410761102928e-05,0.0,0.00011909119269508142,0.0,0.00017274684901565405
5357.0,0.00014903128007769117,0.0,1.4273612152622454e-07,0.0,0.0
5360.0,3.318500900027159e-05,0.0,2.1562737968113184e-05,0.0,0.00022981115213276324
5363.0,0.000130483082411059,0.0,0.0012961338098108138,0.0,2.0817472238040638e-05
5366.0,4.602514219195514e-06,2.0157508958660312e-05,4.542743931931413e-06,0.0,0.0
5369.0,0.00034204893720378833,5.411781033891129e-05,0.00021147211943346115,0.0007125404845189895,0.0
5372.0,0.00010894400088050501,0.0,0.00010106664201219875,0.0,0.0
5375.0,4.425241548255818e-05,0.0,0.0001556132284107532,4.795220102857056e-05,0.0
5378.0,3.1915477514953592e-06,6.72069552437752e-05,0.00036573809323384783,0.0,0.00020295640781560625
5381.0,2.8428925020661027e-05,0.0,0.0009126660433355506,0.00028563617993765817,0.0
5384.0,0.0002504836895022628,0.00040014370635823763,0.002538919721366594,0.0011303895762182139,5.476018954009109e-05
5387.0,0.0001488598363553873,2.5530173909803867e-05,3.850715112459495e-05,0.0,0.0005579473220490371
5390.0,1.7559599726847638e-07,0.0,3.744141002714654e-05,0.0,0.00016427747081247692
5393.0,1.997913583167009e-05,0.00015002683989331485,6.310724075680483e-08,0.0002864995228113853,3.8832906780149784e-05
5396.0,0.00015890925169513725,0.0,0.0002085988530281853,0.0020366173612460445,0.0
5399.0,7.671057613632802e-05,0.0,7.553916172382137e-06,0.0004961382486648689,0.00016280994276251774
5402.0,9.510531705856581e-05,0.0,6.724821918630928e-05,0.0,0.0003578279229470931
5405.0,7.178173865876265e-05,0.0,6.207188325537715e-05,0.0,0.0005282688983212843
5408.0,0.0001398673572251478,0.00033326881170480944,0.005705264282920084,0.0,0.0001151531770250632
5411.0,0.00040527125537535326,0.0007182477514005587,0.007821850564700574,0.0008202765736485707,0.0
5414.0,0.000280575481315782,0.00035385377302484124,0.004487333572889058,0.0,1.0239668952747137e-05
5417.0,3.731891751471346e-06,0.0002747284394462718,0.0033074594277954575,0.0003701788165841217,7.019816400329014e-05
5420.0,0.00016561359767678038,0.0,6.680261646449045e-06,0.0002593597525567857,0.0
5423.0,0.0004639388373189213,0.00035650614791494514,0.000483857282772697,0.0,0.0
5426.0,0.00014874872929046917,0.0,3.2275725587940444e-05,0.0003613992647535669,0.00019138487403222548
5429.0,7.037115564524662e-06,1.7804771129867695e-05,0.0003967289360510449,0.0009262100895252965,9.402242747185562e-05
5432.0,0.00015329801271017965,0.0,4.876089369523153e-06,0.0017744739430931543,5.4689258471096954e-05
5435.0,0.00017455681585629412,0.0,8.039409293790785e-05,0.0030800204915079126,0.002313211466212791
5438.0,0.00010714792582248535,0.0,1.0358201507006303e-05,0.0,0.00039241697083145687
5441.0,0.0001396577741288383,0.00011903131029198905,0.00012603197913842507,0.0,0.0005122621474719907
5444.0,8.385158959287922e-05,0.0,4.132261348248656e-05,0.00010555325871477063,0.0006836943307425204
5447.0,0.00010327517059054363,1.5260138591230654e-05,3.3862092014892285e-06,0.0007440142670032822,0.0009863702804102413
5450.0,0.00018733212793831477,2.814696414731058e-05,2.5508885747347928e-05,0.00028915888542200484,0.0019792872455678527
5453.0,0.00012839483331997438,0.0006399552777693587,0.00017242586637327776,0.000317219080779095,9.466944037405827e-06
5456.0,9.701047824424695e-05,0.0002627715745251285,0.00011198851341918717,0.00019751211630818617,0.00023928392844806134
5459.0,8.17780523378864e-05,0.00021007960577250953,4.992552556364487e-05,0.0,0.00031502451085105646
5462.0,0.00034178663905338346,0.0,8.988098349081864e-05,0.0,2.084204519139973e-05
5465.0,0.00033897536997981955,3.636420253334655e-05,0.00017046304456552638,0.0,3.567952813406278e-05
5468.0,0.00010618514897891358,1.4846097132249438e-05,0.0008203388217646064,0.0,1.3936476225720185e-05
5471.0,0.00011620947708485645,0.0,8.769484153686865e-06,0.0,6.6884647804751424e-06
5474.0,0.0003120512547871209,0.0001390518058127097,2.8885894443953418e-05,0.000332222234814757,0.0009811162426714838
5477.0,6.41458463566815e-06,0.0001414237125261191,7.096932995592037e-05,0.00021597712684229563,0.0
5480.0,8.345946670910687e-05,0.0,2.636966661136348e-05,0.00012386924892423293,0.0004389120308051208
5483.0,0.0001046752353845442,0.0004926973204457166,0.00018215250619126603,0.00020900019102815885,0.0
5486.0,8.14068779787828e-05,0.00016613495329027746,0.00011834622427890673,3.8981941527128457e-05,0.0
5489.0,1.217313614853262e-05,0.00042222797407376236,0.00023392775671287935,0.0007678833125023171,0.0
5492.0,0.00011989833817188971,0.0,6.91832081804161e-05,0.0007720412813994524,0.0004044251431010349
5495.0,4.4332749612351645e-05,4.686125464116073e-05,0.0003066718968167049,0.0,0.0
5498.0,0.00020749790568765287,0.00029494784392354665,1.193741824366566e-06,0.00024820453871692564,0.00025358412081163956
5501.0,0.00010578726411288946,0.0,0.0002103764764603836,0.0,0.0005773588906704436
5504.0,0.00013558342864881785,0.0,8.979273843767396e-05,8.016706179758783e-05,1.5924592173489703e-05
5507.0,9.3363091382192e-05,2.9782575859302033e-05,0.00014257634134180662,0.0006641586664863736,0.0010136829095035939
5510.0,3.7546753908550066e-05,0.0002809765359609539,6.0867394508177386e-05,0.0008074341626476547,0.0008594668518087077
5513.0,4.071791181319078e-05,0.0022321472797323036,0.0001128815764633746,0.0,4.3550006896445696e-05
5516.0,0.00021773686124970456,0.00016877525167145993,1.566004275915348e-05,0.00017000569839541765,2.3700608796171997e-05
5519.0,0.0002574325046543598,0.0005547083769482612,0.00015853726624085214,0.0018353067643657925,0.0
5522.0,1.7726185399873326e-05,8.979638637823386e-05,0.0002671572972656824,0.006115076711303579,0.00032641541766688533
5525.0,0.00018356660463932648,0.0002847921621567956,3.4894602293860667e-07,0.005926247861101203,0.00024434701193496675
5528.0,0.00029684805884465566,7.912304923584676e-05,0.0002859389343667158,0.0013391569267754686,0.00016805363339855503
5531.0,3.238220205925955e-05,0.0,1.7090120112030565e-05,0.0,0.0
5534.0,0.0001791781380884384,0.0,3.677195804323998e-05,0.0,3.617862248349177e-05
5537.0,0.0001711357978389369,7.394752231758313e-05,1.8175927965461214e-06,0.00041216211518622014,0.00025751045558796814
5540.0,0.0002770249157763744,0.00015663341699691268,7.20519409209174e-05,3.4572590591087076e-05,0.0005630555367970048
5543.0,0.00021896777779584805,1.414763516201506e-05,3.1706320813461216e-05,7.100816865804284e-05,0.0
5546.0,0.0003284155353597285,0.00029090167521296967,8.51227396939987e-07,0.00012246812574221355,0.00021473786019133187
5549.0,0.0003885557383435291,2.4185683199690184e-05,3.164708901505356e-05,0.0007317165034260802,0.00023073530582055788
5552.0,3.996682758119934e-05,0.0,7.098166631388828e-05,0.0007732445233229643,0.00031752289732154616
5555.0,7.561350643490111e-06,0.0,3.748227070226056e-05,0.0,0.00012697239670321137
5558.0,0.00027247824603269426,0.0,6.069803554571422e-07,0.0,0.0009592647670184021
5561.0,0.00014576390171891309,0.0,7.583739127387934e-06,0.0007903013404327103,0.0001256721800018848
5564.0,0.00010865284098567319,0.0,4.1372897845672185e-06,0.0,0.00012579409537198777
5567.0,8.832047267375616e-05,0.0,0.00020115810543068418,0.0008703840136850222,1.0423493292062646e-05
5570.0,6.759815080008841e-05,0.0,0.0002634816455152094,3.421685476863258e-05,0.00031546388711041967
5573.0,4.865531345707642e-05,0.0,2.702823115383479e-06,0.00141565088363917,0.000827735175592712
5576.0,0.00023279216285622693,0.00011703350624419317,1.74066484691953e-05,0.0,0.00031320283754450863
5579.0,2.5236219723557064e-05,0.0001546295746946561,1.6204630252762383e-05,3.337922705052766e-05,0.0001981064714360408
5582.0,2.732526035620822e-05,1.6606400225018582e-05,7.5709182586853e-05,0.0,2.2751121505183125e-05
5585.0,0.00013971000074486918,0.00023301837516442279,0.0002630572692482647,8.482435230574886e-05,0.00016315122067397334
5588.0,2.689597516975088e-05,0.0,0.00014047322432516717,0.0,0.00016140072569480277
5591.0,0.0004489498129134452,0.000985919570943731,0.00021057809312444398,3.727410381987455e-05,2.823455179329315e-05
5594.0,0.0002041489667019886,0.0010635187850030253,4.520726802224323e-06,0.0,3.0328401843084553e-05
5597.0,0.00020989827304566163,0.0006972965834030324,5.143486577029338e-05,0.0,0.0009368271181813833
5600.0,5.435072404154488e-05,0.0003422027744014348,0.00037612935991884874,0.0005482328971991788,0.0002809763472859416
5603.0,0.00022481617462476782,0.00017173951003133668,0.0004089478604837954,0.00037445395407905395,5.952155928804541e-05
5606.0,0.00028588414587565636,0.0003676944319614665,9.321641041168848e-06,0.0,0.00048654323833062084
5609.0,7.670493815939219e-05,0.0012066213083694753,6.158083735297102e-05,0.0,0.00034490217434583216
5612.0,8.2063845943173e-05,0.0003272635400774605,4.9829297175612285e-08,0.00010893844370916985,0.0
5615.0,6.179149641888406e-05,0.0,1.4746342811393285e-05,2.8721337852490726e-05,0.00011621942029080923
5618.0,0.0,0.0,1.761429088087746e-05,9.246750166108037e-05,0.0
5621.0,7.932591964097981e-05,8.285109159865638e-05,9.003967965149369e-05,0.00010774298831767497,0.0
5624.0,0.00020923165289825216,0.0006793427706918662,0.00019082803238807617,0.0,0.0
5627.0,0.0002566678126981448,0.0001925579182801409,0.0003725701071459388,0.0,7.208681130096768e-05
5630.0,0.00036769728584268356,4.9227536067604906e-05,8.001390008381837e-06,0.0,5.1956758892352316e-05
5633.0,0.00024745756367108705,0.0001947642014651591,5.3516303059602906e-05,0.0,0.0
5636.0,0.0005884207828129195,0.0,0.0005325775485297972,0.0,2.24504175619189e-05
5639.0,0.000268470520754415,0.0,0.00019601464520993986,0.00041325473846426787,0.00016221113392021506
5642.0,3.348842840066171e-05,2.577506239447168e-05,7.933712547321566e-05,0.0,0.00012737266083879338
5645.0,7.173287039479054e-05,5.433170021842406e-05,0.0002464572474446386,0.0,0.00010747061085892612
5648.0,9.658144659234789e-05,5.247079923587387e-05,0.0006611221699258091,0.0,0.00010288641212356553
5651.0,0.0001260501231022032,0.00021903775993139922,0.00012559392593231613,0.0,0.0
5654.0,4.2969391816770416e-05,0.00012993643009174044,1.472667864413841e-06,0.0003933256567840439,0.0
5657.0,7.519620580690929e-05,0.0003165633513668698,1.031443889990972e-05,0.0036790935895153485,0.0007320892382523774
5660.0,0.00011158651884333732,8.560353607778134e-05,6.512016509653274e-05,9.762061429539727e-05,0.0002627688618727391
5663.0,0.0001045845439317911,1.5645197916971616e-05,5.999306882569297e-05,0.0004703424908544836,0.0002930874205672126
5666.0,1.1078037503111808e-05,4.026466812658232e-05,1.1914695093020072e-05,0.001335113770916559,0.00022348812108654805
5669.0,3.86032464081845e-06,0.00028233870862467216,0.000567953112054826,0.0006962688741269045,0.00040825993565154616
5672.0,0.0001326034967985468,0.00010019592483098537,0.00012933087627352858,0.00013412015952468933,0.0
5675.0,4.883140895978134e-05,7.226266082136531e-05,1.7697500141460802e-05,0.0,0.0002960580450686653
5678.0,4.5252473578664666e-05,0.0001542678362510539,2.9250981846335454e-06,0.0,6.005941516396803e-05
5681.0,8.918115439674405e-05,0.000291540423075474,0.0008361302279880763,0.0,0.0001560084016272696
5684.0,0.000128373913800799,0.00014503467550360799,0.0003765393580013078,0.0,0.00046051943317828496
5687.0,2.2558874722323867e-05,0.0001241483669655795,8.3616821960498e-05,0.0001423699777239745,4.958265939622829e-05
5690.0,3.522028880977187e-05,1.5543497540393373e-05,0.00013063558327993245,0.0,6.459801265859157e-06
5693.0,5.722181913136897e-06,0.0,2.0441180213456337e-07,0.0,0.0
5696.0,3.431204243040368e-05,0.0,0.00020421617577041652,7.837372903787655e-05,0.000686285518380366
5699.0,0.00021450351747035962,0.00023959436042964786,2.3617504647171176e-05,0.0,0.0
5702.0,1.9714128946854765e-06,0.0,1.6393542343047574e-05,6.390238979352897e-05,4.9637379469511314e-05
5705.0,1.0161807488563212e-06,0.0,0.00010210860956943053,0.0,0.0
5708.0,2.7021211481957896e-05,0.0,3.1191185610182496e-07,0.0,5.393844423469174e-06
5711.0,0.00012319395119233343,0.0001056171736097635,0.00011292917034490625,0.00038042077534548125,0.0
5714.0,0.00012509837010284459,8.209853336680141e-05,0.00011436776639155053,0.0,2.9827278936806135e-05
5717.0,0.0002609610870454919,0.0,4.358417135962803e-05,0.00013855821906573243,0.0
5720.0,0.00010277995509781015,0.0,8.39194492839012e-06,0.0,0.0
5723.0,2.0347989800100592e-05,2.7081272381912697e-05,2.463884073709564e-06,0.0,7.031159425842068e-05
5726.0,7.730661289903518e-05,0.0,2.713297679330817e-05,0.0,3.116768928140651e-05
5729.0,4.095846436367439e-06,0.00025560760291549025,0.00016539672015223705,0.0,0.0
5732.0,1.4994326369581544e-06,0.00014227929932730801,5.243969736487177e-05,0.0,0.00027355396111279455
5735.0,0.00037935486350740657,0.0,2.944555555048122e-06,0.0,0.0014211069070298018
5738.0,0.0001819326905795274,1.860655682338171e-05,4.123146997692335e-05,0.0,8.78730246597216e-05
5741.0,0.00017020293108537863,0.0,0.000245692443970571,3.9954089158540926e-05,0.0005039694264180881
5744.0,0.00019257906233765317,0.0003595727577262803,0.00033257093476803275,3.366381499576521e-05,0.002163338420856531
5747.0,0.0004663467948348302,0.0008975881303291678,0.0009355974692382725,0.0,0.0003918155544513199
5750.0,6.107645939817366e-05,0.001314844713642402,0.00014515801027734123,0.0,0.000510185429030707
5753.0,0.0006656278287831762,1.9572565924258768e-05,0.0001494220245771323,6.64448688967687e-05,0.0
5756.0,0.00039230599223144487,0.0006261114911930232,0.00042384370546189645,0.00045187016418754534,0.000514159893311927
5759.0,5.6905237092733086e-05,0.0006741890802050143,0.003271285136480737,0.0,0.0001320026250246569
5762.0,3.25305345518732e-05,0.0,0.0022670669282518177,0.0,0.0
5765.0,1.5447796711193908e-05,0.000294824479495382,0.0008131688088127484,0.0,0.00030912045252892435
5768.0,8.061896500728032e-05,0.0,6.185155170041234e-05,0.00021105031185381044,0.00015924433437382668
5771.0,6.28241273132009e-05,0.0,0.00041284712208191016,0.0,0.0010637000830401398
5774.0,1.893502710641875e-05,8.254003902444496e-05,0.00025637021191406243,0.0,0.0001090197318159843
5777.0,6.81747705711199e-05,0.0,3.130160185725826e-06,0.0,0.0006592322982490913
5780.0,1.5158052073632337e-05,3.389257967156532e-05,6.884827110811441e-05,0.0004088701975217744,5.066730076189502e-06
5783.0,0.00020513580253853065,0.0002563954642875656,0.0002420138308800608,0.0003562324143247761,0.0015434552860168905
5786.0,1.7172712471266034e-05,9.74062363884256e-05,0.000580015506181371,0.001867308498666248,0.0015515219388254659
5789.0,5.386997427739083e-05,0.0,0.0001709661186275832,0.0005885373036804343,0.0003772423208838914
5792.0,0.00018967142129235943,0.0,1.9377950890568445e-05,0.00025834633808749833,0.00030878140843652554
5795.0,0.0002595284590957532,8.107799023395572e-05,9.174473354872749e-05,0.0,4.753421617791086e-06
5798.0,0.00010709582383638399,6.608404577775949e-05,7.083253163109836e-05,0.0,0.0
5801.0,0.00017002044654693937,0.0003505148254118874,0.0005574070541721656,0.0,4.983554809811868e-05
5804.0,0.0010396585385630092,0.0004057937329287899,6.744735803067984e-06,0.0,1.53692564511074e-05
5807.0,0.0003235892892972792,0.0005739496734931702,0.00016994165393378205,0.0,0.0009200853776322051
5810.0,0.00014638092572257172,0.00015261940518470626,0.00010613907215125266,0.0,4.7862377126514564e-05
5813.0,8.09628646577229e-05,7.241535586284896e-05,0.00016828229183126172,0.0,0.0
5816.0,0.0002547570662860971,0.0004958364389162855,2.323735054051094e-05,3.665410343529135e-05,0.0
5819.0,2.0954734772208744e-05,0.00026039239313505725,3.412924401116008e-08,0.0,0.0
5822.0,0.0001347030713246106,0.00014238161853505815,5.5407264280794365e-05,0.0,0.00019670767130738326
5825.0,6.831836860010906e-05,0.000140847376081563,3.3335965224984146e-05,5.66184436728499e-05,7.255848592256151e-05
5828.0,0.0003370779305112751,0.0,0.00024815579265462256,2.504178809336261e-05,0.00011374531893472119
5831.0,0.00028840774157910695,0.0,3.787994979382919e-05,0.0001906112568718519,1.4968865855130952e-05
5834.0,0.000171388537010381,0.0,0.0001348321684373267,0.0,3.4710058685152845e-05
5837.0,7.973702731310528e-06,0.00021111300794427555,0.00015496044325605604,0.0,0.0
5840.0,2.318667824868773e-05,3.1107469835591906e-05,3.46805323046139e-05,0.0,0.0
5843.0,4.1959185194314524e-05,0.0,0.00019073747014625926,3.2807057710673025e-05,0.0
5846.0,6.318986220537388e-05,0.0,1.7213641568379652e-06,0.0,0.0
5849.0,0.0005588527591309124,0.0,0.0008036206631472438,0.0004514815574399995,1.714321266464726e-05
5852.0,0.0003388205830915156,4.5272914685902354e-05,0.00010375107325312578,0.0,0.00043264106652324134
5855.0,0.0016649552134350063,0.00022097369326343314,1.4327860261164535e-05,0.00014268895113714425,0.00015995056282758742
5858.0,0.0008074796963960101,5.5743394257604474e-05,8.166171608526861e-05,0.0,0.0
5861.0,0.0002530394498970222,0.0,0.00022523350770067661,0.0002571544748352589,0.0006494191075392099
5864.0,0.00016992102851042442,8.154946145794434e-05,8.810904540996195e-14,0.0002589116474391915,1.6374097532952868e-05
5867.0,0.0004068338888060158,3.2207905436884484e-05,0.00045621694725270375,0.0,0.00039654081503799355
5870.0,0.00029183644341712346,0.0,4.219934588994517e-05,5.186172431809584e-05,9.807960156970291e-05
5873.0,0.0004921939304950697,0.0,0.0003019954080902496,8.571207753739828e-05,5.719860264039038e-05
5876.0,0.0002344297806403594,0.0,0.00012426958248993054,7.799765914142256e-05,1.8726757273549908e-05
5879.0,0.0007346981065151126,0.0003224533616579922,5.621183536420296e-06,0.00012587990610889779,0.0013761393678228403
5882.0,0.0008357621080037705,0.0008372513308632202,0.0003974760739049568,0.0005016718999879278,4.294201080086125e-05
5885.0,0.0026897169865423647,0.0008284857609334767,5.440738751313712e-05,0.0004457924356216066,0.0
5888.0,0.0064803952040957125,0.009195140733757445,7.351036065291567e-05,0.0,1.4389211043912701e-05
5891.0,0.02300128200663834,0.009086973257676944,6.245859895090657e-06,0.0003569600292145533,5.691471321091365e-05
5894.0,0.013665066905692644,0.004481589293415009,0.00011538238875151872,0.0,2.8911866115975626e-05
5897.0,0.007318194212908113,0.0006021983789417658,0.00018682487530032017,0.00018383730187105846,0.0
5900.0,0.0017205938091977998,0.0003370326470641779,0.0005815024645467583,0.00021127242936140147,6.438458054349702e-05
5903.0,0.0005804810967814782,0.0,0.00014617382671744817,3.348534839466205e-05,2.36008919439626e-05
5906.0,0.0003732818082892957,0.00015578681130864317,8.751961455075432e-06,0.0,0.002246684740961111
5909.0,0.0002605673755936984,0.0001247457114262713,0.0004635552562101115,0.0,0.000676370714384226
5912.0,0.00015507908273458654,0.00014373256542769852,6.440926994833203e-05,0.000274270836642246,0.0
5915.0,0.0002391580263439416,0.0,0.0005521799795634064,0.0,0.00017997479053568935
5918.0,0.00029335251673596454,0.0,0.00061295208916768,7.954876661006191e-05,0.000503237173075768
5921.0,0.00014364905759634458,0.0,0.0004277955100838558,0.0,0.0003453101709682929
5924.0,3.4626558637681405e-05,0.00013637281002093122,0.00036083775088653825,0.0,2.7137877343602873e-05
5927.0,0.00024732822314988274,1.2814522760522658e-05,0.0003017864755409469,0.00014195176433661304,0.00021266914839173734
5930.0,0.0005871083871129244,0.0,0.0002847781338923056,0.0005544382268903652,0.00025939145391925135
5933.0,4.6773901944006414e-05,1.775901854785517e-05,1.1246431319421684e-05,0.0002805814270608702,0.00030232664010561777
5936.0,1.2963712130779145e-05,2.465590063948086e-05,6.341473074485261e-05,6.657789208538649e-05,6.98080931417396e-05
5939.0,0.0003350530208488321,9.105017057617557e-05,0.000361694216583421,0.0,0.0
5942.0,0.0001140081990416483,0.0001670246700567597,1.3150446493669287e-06,0.0,1.4109153175640288e-05
5945.0,2.473345197916043e-05,0.0,2.547161029241285e-05,0.0001408468821706301,2.5469402783163186e-05
5948.0,0.00014331658357280417,9.710558861087167e-05,2.7396383045010617e-05,3.6019456530529765e-05,0.0009174292016201692
5951.0,0.00024005138847434917,1.7790498328350275e-05,0.0007818861864121061,9.379302599174585e-05,1.437033824564574e-05
5954.0,0.00013935208720545936,0.0,6.599251825489038e-06,0.0,0.0
5957.0,2.4247701500081402e-05,0.0,4.432612377918453e-05,0.0,7.011430849323859e-05
5960.0,8.447904681004815e-05,5.392140150989723e-05,3.190477378922918e-07,0.0002966039468282765,0.00014975358369530262
5963.0,0.00014044660947893433,0.0,0.00014571995780739779,4.8619733112944364e-05,0.00011294383937939609
5966.0,3.1280724147451264e-05,0.0,4.118379200543748e-05,0.0,4.286556832363235e-05
5969.0,7.390377186899212e-05,0.00023038431222037904,1.5019410139760097e-05,0.0016374830656134998,0.0
5972.0,2.43094379653107e-05,0.0,0.0001337050934318866,0.0014888924577520163,0.00037520145207695966
5975.0,3.76184662823086e-06,0.0,7.60059734177241e-05,0.0,2.424793315819385e-05
5978.0,2.1357448096442417e-05,0.0,1.7742371668793822e-05,0.0,0.00022412098363685476
5981.0,0.00012846198049063057,0.0001542910554414971,0.00040275369378270896,0.0,0.0
5984.0,0.00011913783256135854,0.00023155986822128203,3.2954938889815197e-06,0.0004293511002133327,5.106851240670096e-05
5987.0,5.413434331462007e-05,8.140007015642441e-05,0.00035686590800326437,0.0,5.894618148061483e-06
5990.0,0.0002508697590410648,5.772060325676017e-05,0.00033004819465156434,0.000379801958086129,9.983636200080341e-05
5993.0,7.82491266923102e-05,0.0001600266444125962,1.850227011587771e-05,0.0,0.0
5996.0,4.451828584685786e-05,0.00046407430770797366,8.797557019513316e-05,0.0,0.0
5999.0,0.00022552503202120808,0.0,2.443335163305129e-05,0.0,0.0
6002.0,0.00014272004986167245,0.0003438640818686996,0.0001517190540889481,0.0004605958873837219,0.00032157498280411916
6005.0,5.213906618928801e-05,0.0,0.0002612306387395919,0.0001542575852817283,0.0
6008.0,0.0005832725232282461,0.0,0.00027248055623973474,0.0030046923620141094,0.00031895416379713735
6011.0,0.00025220448718496415,1.4617125878225131e-05,8.887136430407683e-06,0.006080246149521321,0.0
6014.0,4.769967831836941e-06,0.0008389214941889988,2.7875521080640405e-05,0.001544879226587703,0.0001425523021970016
6017.0,0.00018886705051412043,0.0,0.00014355595371993665,0.0,0.0
6020.0,0.00021488764235283908,1.8200857803865925e-05,0.00036506734465857453,0.00012827531062958704,0.00017935773270348328
6023.0,0.0001875475555439461,0.0,0.0002372753878342419,0.0,8.626610941494121e-05
6026.0,0.00018043796673847915,0.0,0.00012867267676140354,0.0,0.0
6029.0,7.136215440446301e-05,0.0,3.1748599981101925e-05,0.0,1.0413296243094024e-05
6032.0,0.0002925318363893602,4.373644245596022e-05,0.00013768112721344796,0.0,8.102214603969504e-06
6035.0,2.7081066171885507e-05,0.0,0.0001016999617951725,0.00019309035681174062,0.0
6038.0,2.7686790740105476e-06,3.367952316789926e-05,1.8376116430109614e-05,0.0,0.0
6041.0,9.594899722917162e-05,0.0,0.001067302084913885,0.0003628850063350111,0.0
6044.0,5.174215388565522e-05,9.71456576192154e-05,3.1850081073113895e-05,0.0,0.0
6047.0,0.00010682125646963146,0.0,3.510860354331968e-05,0.0,0.0
6050.0,0.00010920057383254256,0.000325345416433722,0.00011852205798020027,9.5864949107045e-05,0.0
6053.0,5.493194781979769e-05,0.0,1.6634843660267186e-05,9.022456349545496e-05,0.0
6056.0,1.5415981647339764e-05,0.0,3.621946371845907e-05,0.0,0.0
6059.0,0.0001483823055373474,3.6133400828801805e-05,0.00023706228587711152,0.00019128446581915618,0.0001421601145394458
6062.0,0.00011249585309462055,0.0,0.0001161184975887409,4.551674486790929e-05,9.121288520087567e-05
6065.0,0.00016719953478643463,6.55162489553468e-05,0.00018188984343235883,3.817450488419417e-05,0.0
6068.0,8.2171789916095e-05,0.0003707458661474504,0.0001665006701049249,0.000411194725001143,0.00025663921708163307
6071.0,4.563529981142269e-05,0.0,6.218884698871084e-06,5.742677478696783e-05,0.0
6074.0,4.936880794573889e-05,0.0,0.0011428175809668746,0.00023002038500721995,0.000632582042277193
6077.0,0.00011541455288441154,0.0,0.0006550322790876011,3.9360994182071326e-05,9.621318204568183e-05
6080.0,8.384612910379761e-05,0.0,0.00034933805805106356,0.0,2.914996461412366e-05
6083.0,8.632266684912016e-05,0.0,6.482356427047384e-05,0.00012846992403918854,0.0
6086.0,7.817977302536441e-05,0.0,4.670877182278647e-05,0.0006649443186578114,0.0
6089.0,0.00011840388870211862,5.67868254628114e-05,5.538302704041297e-06,0.0,0.0
6092.0,0.00018193251445801538,0.0003264017451222707,0.0005594435675947688,0.00041921378388956886,5.610569793730863e-05
6095.0,9.46013596887972e-06,0.0,0.00031032697221590575,0.0,0.0
6098.0,0.0001241065467170608,0.0,8.787971060948018e-05,0.0002153729667940124,0.0
6101.0,0.00028629146590075747,0.0,1.1692132892673283e-08,0.0,1.5400226507329408e-05
6104.0,0.00011499329611012103,0.0002894440066062461,8.7794899748127e-05,0.0004070069107009678,0.0
6107.0,1.1635172970594153e-05,0.00032273029294790863,0.0001514204735477437,0.0,3.971684417504772e-05
6110.0,7.511701239719597e-05,0.0007050930723986068,0.00020079618737874614,0.0,7.713508004703925e-05
6113.0,0.0003399831124528818,0.0006970691958111453,0.00019808670959111358,0.0,2.2254591753678452e-05
6116.0,0.00043044852227292385,0.001361395719321775,3.965665727245524e-05,0.00028633928774245555,6.308435251735902e-05
6119.0,0.00034506430087456464,0.0007068420492687451,2.3347116394996785e-05,0.00031207134566277057,0.00024459718834451695
6122.0,4.8327941306583115e-05,0.0010663216090363117,0.0003458662274407121,0.0,0.0
6125.0,0.0009562644965745191,2.445636913132692e-05,0.0,0.00042398512838272,0.00044327386686783104
6128.0,8.971552986256312e-05,2.6069469774316355e-05,0.00028665853354164757,0.0,0.000424818319953615
6131.0,0.00015415383107467392,0.0,0.00010996462925735947,0.00010925412432802212,7.507992876541141e-05
6134.0,4.4501184912598525e-05,3.948651831143484e-05,0.00040167596229084596,0.0,0.00031467263102862323
6137.0,5.797264638366781e-05,5.7074967642094255e-05,8.98578279074055e-06,0.0,2.7579594535864413e-05
6140.0,0.00022986951617222598,0.00027978475889446327,2.6841880629931227e-05,0.00043849323003635236,3.7198600591429995e-05
6143.0,6.472107614777379e-05,0.0,1.7370616303278324e-05,0.0,5.5740012697861254e-05
6146.0,0.00021015747706531408,0.0,3.4966985623298126e-06,0.0,8.531063507363704e-05
6149.0,4.763854984614873e-05,0.0,0.0004597148705413323,0.0,8.507291784414086e-06
6152.0,3.052275567826703e-05,5.552376623814722e-05,0.0015653429319210366,0.0,1.2449386923331833e-05
6155.0,5.024737540067784e-05,0.0003160447113179863,0.0003023299455527313,0.0,0.00032996268835465
6158.0,4.629467907704148e-05,9.811614115469796e-05,6.636915140661855e-05,0.0,0.00034711516471505626
6161.0,0.00016154201723422938,0.0,2.290210460540268e-05,0.0,0.0001755399000018397
6164.0,1.040101054187565e-05,2.7499475759556915e-05,0.00019509990701924713,0.0,4.359997668319623e-05
6167.0,1.535902571098689e-05,0.0,0.00024704747346772897,0.0,0.00013647246675781732
6170.0,0.00035394787954353107,0.00020253301047725372,0.0005778665144818082,0.0007821080414086147,0.00036516540417766175
6173.0,8.265496463514024e-05,0.0,9.4017187966927e-05,0.0,0.00011273959263011472
6176.0,0.00018592894505377498,0.00025392584053570235,0.0002737828281278915,0.0005418848690633445,9.995156364519025e-05
6179.0,0.000420564712577724,0.0,0.0002261132021385176,0.0,7.544941395096449e-05
6182.0,0.00011654658416014996,8.773595388752971e-05,0.0004066495837216319,0.0002800558949496225,0.0
6185.0,2.3045396579662112e-05,0.00047744143926413136,1.564789703006538e-05,0.0,0.0
6188.0,5.289248944300466e-05,0.0005113793560699285,3.392927522050807e-06,0.0,3.670618646514995e-05
6191.0,0.0002554238825133745,0.00010268100696071937,5.409870788256616e-05,2.8404224654292542e-05,0.0003300295122920281
6194.0,8.105012210209661e-05,0.00024328120897474927,0.000165948423992052,5.016434942914942e-05,4.3598077889811244e-05
6197.0,0.00014089720476324986,0.00016296846983245654,2.5511075117022033e-06,0.0,2.792941229888107e-05
6200.0,0.00011800952064481231,0.0,2.486177337681066e-05,0.0,0.0
6203.0,0.0003587956178665351,0.0,4.401231418247451e-07,0.0005340449039749394,2.7848694705333063e-05
6206.0,0.00028789461570170497,0.0,2.6970416395697998e-11,8.083758020408074e-05,7.921065940103865e-05
6209.0,0.0004507384932200212,0.0,9.861325121188112e-06,0.0,0.0
6212.0,4.389043215621539e-05,2.4835666754413442e-05,4.346443554866292e-06,0.00019479132027631224,2.2864835824333996e-05
6215.0,0.00011014906258178291,0.0,0.000164184326695202,0.0,0.00014772026665013364
6218.0,0.00014066390058016035,0.0,9.992271537105651e-05,0.0,1.1265726125093633e-05
6221.0,0.0002366771663702016,0.0,0.0001971061927368964,0.0003224741381829358,0.0004526168278133116
6224.0,7.739635798412916e-05,0.0,0.0001315789893694152,0.00016635774199994928,0.0003656556462994808
6227.0,0.00014279734764722975,3.8402725424223745e-05,0.00032884393289856693,7.169512965434185e-05,5.333899837174549e-06
6230.0,0.00026457296193155126,0.0,3.2445061911282855e-05,0.00010288343684947377,0.00012186928850146947
6233.0,3.98855930123645e-05,7.481680277368169e-05,7.0897258961268355e-06,4.6582163392905484e-05,1.4550773635137434e-05
6236.0,3.6844415652902144e-06,2.3511772333082565e-05,1.1877991226957126e-05,0.0,2.3685948827761207e-05
6239.0,2.2133906884490355e-05,0.0006679062547361492,4.179052549057283e-06,0.0,0.00015034922347787028
6242.0,0.0001331641731418892,9.845840563859662e-05,2.102865218707554e-06,0.0003578090320403004,0.0003253561703034072
6245.0,2.8900091680154568e-05,0.0,6.666122326258509e-05,0.0,5.530203410897678e-05
6248.0,4.465314273078094e-06,3.331146371731694e-05,0.00020131890300846965,0.0,0.0
6251.0,1.8724476737414187e-07,0.0,0.0003110853442312741,0.0,0.0004330589935897347
6254.0,9.9593897758291e-05,4.429149061214655e-05,0.00013372787741741912,0.00022464754962481565,0.00019195908915901476
6257.0,2.0620586149885362e-05,0.0,5.217002237150334e-06,0.0,6.726816018487602e-05
6260.0,1.3871195700805755e-05,6.292213844623965e-05,0.00023397812865513922,5.689047694884451e-05,1.2595369405216171e-05
6263.0,0.00010029874737045627,0.0,5.295809273268746e-06,0.0,0.0
6266.0,7.697877744141464e-05,0.0,0.000706647649810655,0.00017671000224368392,1.2435612177682042e-05
6269.0,8.165265034692576e-05,1.957239850500385e-05,1.1658749240462587e-05,0.0008006350911811149,0.0
6272.0,0.00018106956903779687,3.535712362902415e-05,2.0023897365251623e-05,3.114555432345792e-05,0.0
6275.0,6.741513964407927e-06,0.0002480678631286877,2.039996823645434e-05,0.0,3.804501369548426e-05
6278.0,0.00026994174852572745,0.0,4.968576138496088e-05,0.0,8.762206683818194e-06
6281.0,0.0001653218760981816,0.0,1.0192677851248885e-05,4.0225826653227806e-05,0.0
6284.0,0.00017703467762626504,0.00019191999883291279,1.4050800508132215e-06,0.0002826919371641235,2.0739066793495233e-05
6287.0,3.079099036114214e-05,0.00012003187720736644,5.740408795764911e-05,3.912423371793213e-05,0.00022873620763689314
6290.0,7.599312705314123e-05,0.0,0.00022467984598369313,0.0,0.0
6293.0,1.5722237574176138e-06,0.0,9.95089078598722e-05,0.0,0.0001251537980829698
6296.0,7.5612094222622094e-06,0.0,2.212693196381215e-05,0.0002980744325087757,0.0
6299.0,8.46024621589418e-06,0.0,1.725048640348923e-05,0.0,0.0003472740574819837
6302.0,2.712562796917359e-05,0.0,9.068870966842082e-06,0.0001601989978647318,0.000236111205136564
6305.0,4.578567534675819e-05,0.0,4.600875679991731e-13,7.708739394867135e-05,0.0
6308.0,1.5031873336639481e-05,0.0,0.0,0.0,0.0
6311.0,0.0001329105602336345,0.0,4.475436847796029e-07,0.0,0.00010431064589125169
6314.0,8.155833884854064e-06,2.4855432147634804e-05,2.3080548395060366e-05,3.568972451774479e-05,8.194904976920136e-05
6317.0,9.795265068619735e-05,0.0,9.616137295942062e-06,0.0,6.266192195084919e-05
6320.0,0.0005161524309763605,0.0001108938763242733,0.00016358759689558765,0.0,0.00017638665992824435
6323.0,0.00016634062251565847,0.0,2.7172204679999455e-06,0.0,4.401198842318005e-05
6326.0,0.0002752549470482653,0.0,1.6604716047565034e-05,0.0,8.374640493064755e-06
6329.0,0.00034117281529646976,0.0,0.0002875908527900534,0.0,0.0
6332.0,0.0009887366058744154,4.9663447441848935e-05,0.0005068118606132783,0.00012470000239965558,6.883498323781841e-06
6335.0,0.0005515814813789423,0.0,0.0003563913832020364,0.0,2.4001948344478365e-05
6338.0,0.0001832024252594525,0.00013071083467614827,0.0006798867319848099,7.48531189680955e-05,0.0
6341.0,0.00037076135813986287,0.0,0.0008393152599418353,0.00023380286487962608,0.0001213829567426677
6344.0,9.378918612053006e-05,6.32196685052242e-05,0.0001590508002550458,0.0,2.8270175875150396e-05
6347.0,0.00010516593023645084,0.0,4.499403943718401e-06,0.0,0.0
6350.0,0.00020830698323180767,2.2915883799837263e-05,4.104835593307198e-05,0.0,0.00035487340657431427
6353.0,2.305556178514618e-06,5.105889437244652e-05,0.00043893563437003724,4.533768314056045e-05,0.0003741234810252319
6356.0,4.701342220342454e-06,0.0,4.201646455948488e-05,0.0,3.5531044756318486e-05
6359.0,0.00017151996084236427,6.719081230717323e-05,9.02414703384189e-05,0.0,0.00039861433705124774
6362.0,0.0002000072002948888,0.0,7.44446539373054e-06,0.00020410776150760586,3.12561020843289e-05
6365.0,0.00012031907137360157,0.00010250165753371014,9.876445812948704e-05,0.000587002836583078,7.070900831645663e-06
6368.0,1.3597731889625022e-05,0.0,1.9456151906822676e-05,0.00032277637678862194,0.00023830078476120314
6371.0,0.00013934976298902803,0.000129059865037839,8.592516490663624e-05,0.0,0.0004839787970661968
6374.0,6.69366549825364e-05,0.0,4.8990151853594976e-05,0.0,1.8016066844081287e-05
6377.0,0.0001408513476247404,0.0005173756961900632,2.0641134215676592e-05,0.0,0.0
6380.0,9.858489654245971e-05,0.00022337077735249699,1.0674815690661467e-05,3.2029516361601644e-05,0.0
6383.0,0.00016650706212670096,0.0001486636255097882,1.9318462508917907e-05,0.0,3.126132659734049e-05
6386.0,1.4282395200887904e-05,0.0005346429088952416,0.00012841526639992902,0.0,0.0
6389.0,4.508838901458969e-05,0.0,3.030171747129374e-07,0.0,0.00023422036082546683
6392.0,0.00021099375199291987,0.0,0.0005404936856953848,0.0,0.00015521015624934525
6395.0,0.0002497123258043488,0.0006391255094975635,0.00015997653121450653,0.0,2.1552514787045243e-05
6398.0,0.0008400059068553847,0.0002725494580012315,3.5693085763648935e-07,0.0001231488111857062,0.00028078530998547227
6401.0,0.00015884978424611363,0.0,1.8768332454235982e-05,0.0,0.0011024517022112325
6404.0,0.00022341107716295354,0.0,4.536684253723963e-05,0.0,7.041735667247117e-05
6407.0,0.0004008405250391166,0.0,0.0007961630850878917,9.545569824967107e-05,0.0003643224550503071
6410.0,6.199370234076659e-05,0.0,1.702299757339605e-06,0.0,0.0
6413.0,0.0006381053490490897,0.0,3.087699746854136e-05,0.0,0.00038202936964178895
6416.0,0.0003748798316425553,0.0,0.0004981333211193264,0.0,0.00031599714983156853
6419.0,0.0006293883484992284,0.0,3.0089067641275833e-05,0.0,7.490386475313607e-06
6422.0,0.00010619812829307194,0.0,8.258890181453848e-07,0.0,0.0
6425.0,0.0003246592293955887,0.0002708470422860999,1.8602002717478605e-05,4.71032160209745e-05,0.0
6428.0,0.0001897126977002632,0.0,9.121550774438082e-06,0.0,4.007264898837969e-05
6431.0,3.0735338198294046e-05,0.00015352664144610868,1.2192110536793292e-05,0.0,0.0010254265478620499
6434.0,0.00021946475974459994,0.0,0.00023745261173760003,0.0001372557407316591,7.091325129080085e-05
6437.0,5.55141788752938e-07,2.0497377486999697e-05,9.317459530416712e-07,0.0,0.00018442709107966145
6440.0,0.00015181641247878768,0.0,0.00024381561597305867,0.0,0.00024403319763499062
6443.0,8.97586695415911e-05,9.802064521169272e-05,0.00024637668651339455,0.0,0.0004262939881836648
6446.0,0.00012779234823204015,0.0,2.923685035603526e-05,0.000705969471131607,4.649334332099626e-06
6449.0,2.774964716677277e-05,2.2088840121397948e-05,0.00010081029057897426,0.00011415074467770643,8.367737076756985e-06
6452.0,7.313325063817109e-05,4.556961136904021e-05,5.3330904913731695e-05,9.115396181882364e-05,4.189742906819962e-05
6455.0,0.0001530659543969636,0.0,2.0714759601809782e-05,8.197115672054457e-05,0.00011667510050371077
6458.0,3.27529726642375e-05,0.0,0.00013805123075574848,0.0,0.0
6461.0,0.00010601232447020175,0.0,0.0011187109770850491,0.0,1.484656968824328e-05
6464.0,3.366856529966019e-05,0.00017989114115186947,0.00015642103400918936,0.0,0.0
6467.0,7.580227191188602e-05,0.0,0.0006019826119037246,0.0,0.00028076215829594904
6470.0,7.803283775430373e-05,0.0,2.086970142583433e-06,5.535303422025968e-05,0.0002363468065137892
6473.0,0.00012573415812323254,0.0006113718032589143,7.264633676190562e-05,0.000252445597216124,1.443215095396104e-05
6476.0,0.0001659547583185728,1.705968351720996e-05,1.3754991075900925e-05,3.5042522943740266e-05,0.00025666432607606706
6479.0,0.0002096687887162345,0.000692544882669093,2.6410352330977246e-05,0.0,0.0015700200552340225
6482.0,0.0001185423710384851,0.00011919588217943084,0.000983919442543372,0.0006227317218332414,0.0045150125352736705
6485.0,1.6382955933246067e-05,8.226623041366834e-05,2.975686671772321e-05,0.0012774119729678473,0.0006508192590953661
6488.0,0.00018575744281298584,6.0090629913943986e-05,1.2806656103297498e-05,0.0,0.00027699894610362126
6491.0,2.3566664031645413e-05,0.0,6.334533989381935e-05,0.0006728308889021516,0.0003859287362671386
6494.0,9.36962427601278e-05,0.0,1.3786196063428591e-05,0.0,0.0
6497.0,0.00015128358420033968,0.00017531981668303612,0.0007434711743060342,0.0,5.940185886231351e-06
6500.0,5.074621536989598e-05,0.0006275985238969167,1.9720186045906922e-05,0.0015311232504724578,0.0
6503.0,8.005149483956167e-05,0.0002491989562959123,3.96929999955992e-05,0.0,0.001281044169275177
6506.0,1.566545871577482e-05,0.0002473550303856682,0.0002912835820210319,0.0,0.0006391440117450715
6509.0,0.0003349310994390013,0.00021579380352340063,0.00019599913911962492,0.0,0.0014371666178879337
6512.0,5.991186704548923e-05,0.0,3.3873043783373865e-06,3.4608462092818394e-05,8.845549604591873e-05
6515.0,0.00022550739352888153,1.5946200375317436e-05,2.4580099451446063e-05,0.0,2.4982152299033244e-05
6518.0,2.641455001287849e-05,0.0,2.6310895145578905e-07,0.00013081898354894836,0.0003890670354549243
6521.0,0.00010041734728042982,3.234335381482632e-05,2.470886796078006e-07,3.315322874963389e-05,0.0014701804382936641
6524.0,0.00022062093905978294,0.0,0.00027350555109470715,0.0,0.0009082092385080187
6527.0,0.0001429935926474334,1.4872437761689875e-05,3.659128933182043e-05,0.0,0.00037571800787002975
6530.0,9.710783336752035e-05,0.0,0.00023842452972469802,0.000401358442776053,0.00016447433803150284
6533.0,6.433263486335044e-05,0.00037450013628672116,5.601169932928224e-05,0.0003419473103953976,0.0007624471582164836
6536.0,6.882777685552541e-05,0.0002598895053778476,0.0005394056290446545,0.0,0.00014894107943603938
6539.0,1.7947405203438632e-05,8.214971653338643e-05,0.0007188621540613582,0.0,3.133865665666611e-05
6542.0,8.993250856915999e-05,0.0010061676351171625,1.582042025968597e-05,0.00014490767443546743,0.0003212658145080368
6545.0,0.000406206858600069,0.00016083773613639838,6.363429074245093e-05,0.0003158798400357369,1.6372070391704874e-05
6548.0,0.00161639425227139,0.003048299638679043,0.00012774807173573536,0.0002267592571078208,6.293394014673255e-05
6551.0,0.004668847524029579,0.007880458767752677,0.00047756906120775095,0.0002956655895385505,0.0005264907179530768
6554.0,0.0021995114996755287,0.001288174827574102,0.00025814768163257175,0.0003440482557151573,9.730852724562917e-06
6557.0,0.0008732206057303425,0.0007009297362525824,0.00019545763119046904,0.0,0.0009178567670449334
6560.0,0.00026408602961525086,0.00013893779205996788,9.771642203082442e-06,0.0005292757386416638,6.470409122362813e-05
6563.0,0.00012183300639614896,0.0,0.00016640238797108547,0.00027696305948706634,0.0003889940456295836
6566.0,0.00013524720587020835,0.00022353410661702449,4.498726082788613e-05,0.0,2.043877431838004e-05
6569.0,7.564595481789285e-05,0.0,6.370878989567924e-05,0.0,0.0005341250281539281
6572.0,0.0001464457452316623,0.0,3.3642962100205494e-05,0.0,0.000613410574758091
6575.0,2.0119162769116997e-05,3.830264839434689e-05,4.1092224744057985e-05,0.0,0.00011028037207626058
6578.0,0.00021532636314731442,0.0,0.0003074718738684113,0.0012477742725513098,0.0
6581.0,5.259669606699793e-05,0.0001911634274995103,1.0107278594728975e-05,0.0,2.7291334672905623e-05
6584.0,0.00038455534319846614,0.0,0.00019632819546814483,0.001853537271995503,7.753563107784445e-05
6587.0,0.0002096161245486272,5.5180384385739815e-05,4.324259339083952e-05,0.0005945648171330315,0.0002792022938677702
6590.0,0.0004151638118371415,0.0,2.5285299685425163e-07,0.002047912828880226,0.0
6593.0,1.4776400104655923e-05,0.0,0.00017908846657691005,0.002718619409302937,1.294908384710293e-05
6596.0,0.0005033122412766665,0.00035174091970520833,0.00036076267090194515,0.0009750881395015428,7.00540793710565e-05
6599.0,4.404473302683256e-05,0.00011650904000523853,7.652592325658412e-05,0.0,0.0007117385582265978
6602.0,8.729102974862343e-05,0.0007071909373544253,0.0003647528805634511,0.0,1.941965076183849e-05
6605.0,0.0008698803839592363,0.00015921482844549864,0.00011406998729217451,0.0,0.0
6608.0,0.0012805643926449793,0.0017672242952978699,2.2357151273369548e-06,2.4097260377921582e-05,3.574710328393314e-05
6611.0,0.0009923897432219282,5.021146026890082e-05,5.258528451480182e-05,0.0,5.328453074738418e-06
6614.0,0.00030306032074594116,0.00039434793450549466,1.8106330071765006e-06,2.901660065203348e-05,4.964352270785109e-05
6617.0,0.00029829819156085605,0.00031750482796625955,7.92401856279791e-05,0.0,0.0005855581947703681
6620.0,0.00036640109147723093,0.0001514458210105834,6.611571848157828e-05,0.0,0.0002624963397227466
6623.0,7.302960173273515e-05,8.04519798763941e-05,0.00029787073479611766,0.0,0.00031329248663934667
6626.0,9.225111486763866e-05,1.7733052441488697e-05,1.7858491676974449e-06,0.0,0.0018808801842441212
6629.0,0.000298398194713907,9.514918920503098e-05,9.762449204203069e-08,2.498388444783496e-05,0.00011309029750336095
6632.0,2.2980479289266594e-05,0.0,4.478491340533707e-07,0.0,0.0015235774834020535
6635.0,0.0001220771684323912,2.2173519540392864e-05,0.0009438819832030062,0.0,0.0005842817158175569
6638.0,4.18310948274425e-06,0.0,0.00022544767515559415,0.0002045606418896864,0.0003001553693980092
6641.0,9.437516905416316e-05,0.0,0.0005246073537550515,0.0,6.921133975271352e-05
6644.0,7.345539009810941e-05,0.0,0.00020433969205040637,0.0,0.0
6647.0,8.916282101204376e-05,6.0776607368331995e-05,9.081633866704796e-06,9.574297673571998e-05,0.0003019008559793199
6650.0,8.49922796525267e-05,3.743336793824833e-05,2.9616182002298992e-06,9.510085333477e-05,0.0
6653.0,8.078938202100262e-05,0.00017404399019000616,3.125744522247328e-07,0.0,2.5223988456824057e-05
6656.0,6.321816678472275e-05,0.0,0.00025658071704572234,0.000111578373844234,0.0
6659.0,0.00012506582802781498,0.0,2.2651633678853202e-05,0.0,0.00030263792425397107
6662.0,0.00018739946635784325,4.52146577457614e-05,6.9944180162444025e-06,0.0,0.0
6665.0,0.00019919889216731622,0.0,3.4664898051443735e-05,0.00019288798181553362,0.0012518736482408188
6668.0,9.018848371719805e-05,3.158018492263744e-05,1.99577870818523e-06,0.0,2.3515804860666814e-05
6671.0,0.00011249216939696028,0.00020659894954162258,0.00021043690696520266,0.0,0.0019375341436715984
6674.0,0.0003931553004046883,0.000217532366915883,0.00016477766899750804,0.0,0.0017538333221870117
6677.0,0.000315911247836202,0.00043910838753309135,6.644110102030175e-05,0.0,1.597915228381112e-05
6680.0,0.00036066175482523007,8.870573550228427e-05,0.00047173266233691637,0.0,5.8936995171067345e-05
6683.0,2.965051357775544e-05,2.411202864866728e-05,0.00019309229700523748,7.254142768475676e-05,0.0
6686.0,8.089301841464765e-05,0.0,9.417984216819032e-05,0.00041136065118752403,0.0
6689.0,4.804051794781708e-05,0.0,8.555065904796165e-05,0.000808354584186515,3.833289370539262e-05
6692.0,0.00014014427669147247,0.0,0.00017837791812441494,0.0007579630355130897,0.00025034306547537386
6695.0,7.20628974360513e-05,0.0,6.384067720055022e-05,0.000382252666584105,0.0010967680643565886
6698.0,0.00016240994196659798,3.7786865634080665e-05,9.650416175711462e-07,0.0014816805325979566,0.00010205912521043422
6701.0,0.0002120890101685543,0.0,1.5265495523490327e-05,0.00038297819318657694,0.0
6704.0,3.1557954046728056e-05,0.0,0.00011844567049273178,0.0015517605252577942,0.0002066086953673349
6707.0,0.000128251415248015,0.0,1.1898353001943498e-05,0.00021948338617320602,0.0
6710.0,0.00012959349129733908,0.0,1.1082604443525234e-05,0.00046008373492211163,4.0081833410458604e-05
6713.0,7.77057617975247e-05,0.0,6.1526004431981e-05,0.00023239036302633432,6.648216400612691e-06
6716.0,9.319748518134544e-05,0.0,2.0537205411945107e-05,0.0003142971409852529,3.918471959744869e-05
6719.0,5.789258678130487e-06,0.0,7.989174657783506e-05,0.0,5.4753538100837886e-06
6722.0,0.0001764572193895714,1.3699554268152434e-05,2.7112576837892472e-05,0.0,7.043930226957587e-05
6725.0,2.690062610106785e-05,0.0,0.000842276602913139,6.436574724843783e-05,0.0
6728.0,0.00027710383913830773,0.0,1.544687101253971e-05,0.0,0.0
6731.0,1.5462774691230757e-05,1.7067568344045286e-05,0.00026882102938816305,0.0,4.181439932564901e-05
6734.0,0.0001136370891055803,0.00010655510836180474,0.0003280833536075553,0.00012020545219246455,0.000570208710496303
6737.0,3.7423578001370674e-05,0.0001886322219851177,5.9234793694810344e-05,0.0,0.0
6740.0,0.00021425688592671026,0.00027258779080989464,9.021351170820651e-05,0.0,0.00025455660501972856
6743.0,7.874290148452939e-05,0.0,2.8369474951950483e-06,8.664566312626808e-05,2.6643248272951767e-05
6746.0,7.508286279126718e-05,0.0,8.566356685829842e-05,5.5671405379923304e-05,2.2238030160679807e-05
6749.0,0.00031857565100009203,0.0003138382520327148,0.00018595447404256792,0.0,0.00036923037823938926
6752.0,6.809481751417126e-05,2.3695697886392887e-05,9.387371661839039e-05,0.0,3.14886929491793e-05
6755.0,0.000519454316795854,0.0,0.00019008738364798214,0.0,0.0
6758.0,6.355551492182199e-05,0.0,3.975698452764071e-06,0.00028158196613419536,0.00038513171963125566
6761.0,0.00023425505555938077,0.0,0.00010899761150955645,0.0,0.00046963516555713255
6764.0,3.060279862101449e-05,9.510007955692169e-05,6.734034169557348e-05,4.220868752222563e-05,1.0065218726102181e-05
6767.0,7.355254937574493e-05,0.00022635375194493093,3.0340891130315136e-05,0.0001981026739799436,8.580007549317944e-05
6770.0,0.00010856234306553581,2.7929123173381752e-05,7.443372434041722e-06,0.0004720037055876514,0.000102647235880862
6773.0,2.106995885070268e-05,0.0,2.157948802345853e-06,3.433373827601242e-05,0.00042547065929213223
6776.0,0.0001970742664398416,0.0,8.899832197476715e-05,5.6898847916216545e-05,0.0004761773586011645
6779.0,3.2101902106132134e-05,0.0,7.462682407147394e-05,0.00027799680090309273,6.417653148877423e-05
6782.0,0.00024653437912103846,0.00010917294031911984,9.951872278566402e-06,0.0,3.860554231577955e-05
6785.0,5.6454259164279174e-05,0.00013826991076682258,0.0001394062934038465,0.00021352462583832212,9.656312579722576e-05
6788.0,1.6057784481847493e-05,0.0004862466974784315,3.316600211973197e-05,0.0011054144191007724,4.318419755593961e-05
6791.0,9.192876694291608e-05,3.780082467951294e-05,0.00012022887145253802,0.00018097525422840327,0.0
6794.0,0.00011012799333101954,0.0004631467616307357,0.00023553918024447318,0.00011256307614488941,0.0
6797.0,5.624312120956299e-05,3.5902762823084094e-05,0.0001301901751298497,0.0,6.229522455637924e-05
6800.0,0.0002321110618333586,0.0010504473146109104,2.9072970829463392e-05,0.0,9.68784920682365e-05
6803.0,0.001045932136874282,0.002485241789416498,0.00016540315436473522,0.0,0.0004266188970239163
6806.0,0.0031576296018889193,0.0009328936615445394,0.0006139144743840064,0.0,0.0003056963693650812
6809.0,0.009872651390459163,0.003819971457190982,0.0021501485170109342,0.0,0.0
6812.0,0.009311179645135724,0.0008021699442667608,0.0007341046008433846,0.00025020923394824293,0.0
6815.0,0.0021384308262730007,0.0,0.0010789243144796838,0.0011637906661401028,1.1580016067150297e-05
6818.0,5.482878168210602e-05,1.5074070071457381e-05,2.3456501157433797e-05,0.00385167584957337,0.00022121830989151856
6821.0,3.1217639892978566e-06,0.0,1.541205454204285e-05,0.0007726343799395522,1.8297582781826772e-05
6824.0,9.93024884669659e-06,0.00010683475060350829,2.453652492794062e-05,0.0,0.00013402100747473764
6827.0,0.00011201745100894564,0.0010350539995830342,0.00029188693181907567,0.0,0.00043443470148412907
6830.0,3.3897002435132063e-06,0.0008946378210935823,0.00042952263636529,0.00055605637158877,8.059832063390936e-05
6833.0,0.00010187303195256377,0.0,0.007157612801312135,0.0,0.001211748295939327
6836.0,5.5753512228855977e-05,0.0,0.003407197382218173,0.0005571146272170366,0.0007264747209124983
6839.0,0.00025288745986244216,0.0,0.0013118386042280312,0.0,0.0020002227242285806
6842.0,0.00013757515046386025,0.00011157500730126708,0.0007146105402507135,0.0,0.0
6845.0,0.0006018496250544715,0.0005059216991838475,8.927283779699806e-05,0.0,0.0005905271596368533
6848.0,0.00014462542869590945,0.0005001321950119516,0.0001861116245965835,0.0,0.0
6851.0,3.961152436052185e-05,0.00013379742566552231,0.00016864907291145703,0.0,3.924013567476822e-05
6854.0,3.488776799877005e-05,0.0,0.0009358870828702556,0.0,0.0
6857.0,0.00011363957651207048,0.0,4.9940023516254014e-05,0.00017496777906849783,0.0006490096051886946
6860.0,0.00031663559683047876,0.0012207536624940156,0.00033880821046305645,0.0,0.0
6863.0,0.002150442260621654,0.004417601779439741,0.00015552437783935682,0.0,0.0006428262307734395
6866.0,0.008213071903377818,0.006201794130316676,0.00035496015880190314,0.0,2.3918949273292073e-05
6869.0,0.004412018073837475,0.004844250561871453,0.00036639133417373153,3.452685139729397e-05,0.0
6872.0,0.00014324802202324058,0.0007417713112893302,2.1995891888604168e-05,0.0008161470389569108,9.433503756688181e-06
6875.0,0.0004214554312458408,0.0008957501397415462,2.0125969675366903e-05,0.0,0.000826212800065341
6878.0,0.0013814256957527403,0.0008427770703394919,9.713669218563765e-06,0.0008915764895849505,0.00021720188057776856
6881.0,0.0013194994521184154,0.001822987240404021,2.5939847673113306e-05,0.0,0.0
6884.0,0.0006322233614579682,0.0015985864092648563,0.0003826105725895907,5.025612359804338e-05,0.0
6887.0,0.0003686872815066398,0.001110062540808589,9.5665420627159e-06,0.0,0.0010589611741682109
6890.0,0.00022514241082761916,0.0,1.302184276818266e-05,0.0,0.0005115530406286552
6893.0,0.0006230238918755389,0.0004881991172665756,1.4796753679596462e-05,0.0,0.0
6896.0,0.001305716668713946,0.0005816362808912426,0.0004300090724554236,0.0,6.336872230758772e-05
6899.0,0.004072331476872463,0.006873188544146618,0.00025922588259374985,0.0,4.935313944274705e-05
6902.0,0.01061263697847684,0.00866211677401783,0.00023765092180078607,0.00010741236183370636,4.052642757669338e-06
6905.0,0.0016655440469000935,0.0021472597648042407,2.5182952540466917e-05,0.0,0.0002352598737612742
6908.0,0.0005083001469678188,7.758318645595687e-05,0.00021182709404261844,0.0,0.00016371120240024945
6911.0,0.0002264298721875015,0.0002323351037012513,4.4944192528571463e-05,0.0,0.0
6914.0,1.2030222871705994e-05,0.0,4.316817933961986e-05,6.531069369042898e-05,0.001572141973357104
6917.0,0.00017099128365797084,5.849729466417591e-05,5.466533673980686e-06,0.0,0.0
6920.0,6.138417239235218e-05,3.596278944675667e-05,7.255793458274303e-06,0.0,0.0
6923.0,0.00010727395724826785,0.0001523560857002859,7.858020387695632e-05,0.0,0.00020989136749817886
6926.0,0.00019480200608880117,3.306720026453416e-05,2.542492206876044e-05,0.019312214072270788,2.2435123404067395e-05
6929.0,0.00011446932771187793,0.0,4.588293891366074e-06,0.0,0.00021154945012851972
6932.0,2.3348681287988217e-05,0.0,1.2252939105482568e-06,0.0,7.232801657238778e-05
6935.0,6.418026959215879e-05,0.0,3.309708800953551e-05,0.0,1.4821648496932368e-05
6938.0,6.993827250886283e-05,0.0,4.522418476509826e-05,8.248222227493963e-05,1.3341621630079109e-05
6941.0,5.2141602218041996e-05,0.0,1.074440662962523e-06,0.0,0.0
6944.0,4.702830893132035e-05,0.0,0.00029735853679717085,0.0008924613532215383,7.000633019108275e-05
6947.0,1.8292312785016855e-05,0.00028170634005585154,0.0003589187004908703,0.0,0.0
6950.0,0.00018045934092754702,3.489793105720549e-05,0.00020032691374949568,9.810937687009976e-05,1.1234091208066591e-05
6953.0,0.0002012049052485559,0.0,0.001845609931185992,0.00035154026082223427,0.00029072793196531645
6956.0,1.5123255241154078e-05,0.000647958141380114,0.000590109581272153,0.000857958474364692,0.00013002153517865245
6959.0,3.760449084611522e-05,2.250121730897102e-05,8.237397851643073e-06,0.00021656723193301593,0.0
6962.0,0.00023297840277649502,0.00014498945990335383,5.851525249927202e-06,0.0007986692858463199,0.00011718176501772114
6965.0,8.517360759203732e-05,2.054437889263965e-05,0.00017910140684796523,0.0,0.0
6968.0,1.8982926770391938e-05,0.0,8.871196087066996e-06,0.0,3.4057920833905854e-05
6971.0,0.0002720229966354363,0.0,3.6581944906189224e-06,0.0,0.0003855876640897575
6974.0,0.00010486593036121258,0.00021709335642520905,1.789793530815953e-05,0.00012357120114767813,0.0008948391878262846
6977.0,0.00018040600229438217,0.00011451908109971386,8.515230796067458e-05,0.0,0.0011204365390002956
6980.0,0.00020423531482609652,2.1287802233889238e-05,9.352220768363096e-05,0.0005750575409794245,0.0
6983.0,0.00011552586191422881,0.00020333258499646018,0.0001039090521347703,4.626947622343274e-05,0.00026951489916337906
6986.0,5.735454059807661e-05,0.0,2.6542911662603145e-06,0.0,0.00020133594620887346
6989.0,8.164695836043394e-05,0.0,0.00014634300236203513,0.00042606366559569587,0.0009723989964328221
6992.0,0.00012232479684956378,8.758829754554779e-05,0.0001671625752162509,0.0,6.632319951539368e-05
6995.0,0.00010665665618944558,0.00030758924277305777,0.00025786706092190966,4.7579723271372e-05,2.575421235356952e-05
6998.0,0.0003186296532949513,0.00012509067694081597,0.0003575988654092104,0.0,8.0835305525599e-06
7001.0,0.00013799705998862664,0.0,3.0121250193048955e-05,0.00019933251127574045,0.0
7004.0,0.00023280482414447427,2.504955415364095e-05,0.00027713423761104456,9.682364047077047e-05,9.43082185259202e-05
7007.0,9.638630464021745e-05,0.0,1.0995843238809223e-06,0.0,4.3460643753096525e-05
7010.0,0.00018738382445260312,0.0,5.3530569524827815e-05,3.9668902523427474e-05,0.0012729272932871954
7013.0,6.9173785094078e-05,0.0,0.00010223258414715688,0.0,0.0008545742864795414
7016.0,8.634255049546149e-05,3.37677419539574e-05,0.00016216424922511902,0.000992330322400486,3.713634432799991e-05
7019.0,0.00018210852078737134,0.00044047640374887757,0.0001361842104518305,0.005805583441846253,7.316569211254792e-05
7022.0,2.718031002904633e-06,0.0,4.66576099473684e-05,0.00384953438221445,0.0
7025.0,0.00023274883856484602,6.907638592732782e-05,3.6807586199828975e-05,0.0007480878954641494,0.0
7028.0,0.00027745226232817456,0.0,0.0001509032105006882,0.0,0.0
7031.0,0.001967306206411439,0.00025746704797059396,0.00017001888622524073,0.0,0.00013002967299940733
7034.0,0.0006736271728878997,4.529455269449354e-05,0.0003259988924692035,0.0,0.0
7037.0,0.00021606806031547498,0.00026028401831084964,9.516673172327484e-05,9.044787125553737e-05,0.0
7040.0,0.00020736874182473788,0.0,0.00015716379690272758,0.0,0.0
7043.0,1.9639586312305008e-05,0.0,4.5728379496031415e-05,0.0,0.0
7046.0,1.4042483211155647e-05,0.0,1.3771169621388559e-05,2.204477686543828e-05,0.0
7049.0,0.0002708048931196031,0.0,1.8552611997173533e-07,0.0,0.0002864434325680718
7052.0,5.741303950565884e-05,0.0,2.744912262116463e-05,0.0,0.00027895775721431776
7055.0,7.523800153221168e-06,6.167393861055642e-05,0.00014486415126200008,0.000338802478004393,0.0003637178818789808
7058.0,0.00027916812344571805,0.0,7.521216920465778e-05,0.0,0.000548289623831448
7061.0,9.366010937169109e-07,0.0,0.0004097453562927681,4.734744941767187e-05,5.599407304586868e-05
7064.0,0.00016758215200787154,4.311115758183657e-05,0.00021103972806508698,0.0,0.00047102128567191295
7067.0,1.7354238686551776e-05,0.00014742732236234517,9.114543755953039e-05,0.0,1.3787200111174998e-05
7070.0,4.350707673911602e-06,0.0,3.4696436930508967e-06,0.0,0.0
7073.0,0.00013485717475877714,0.0,2.686471294192853e-06,0.0001009812850775563,0.0
7076.0,4.3294814967924873e-05,2.1305695011740772e-05,1.0128300159534484e-05,0.0,8.632500598431038e-05
7079.0,0.0002876685056422235,2.8956323391860036e-05,2.1340616280490294e-06,0.0,2.1493014227732547e-05
7082.0,2.715798696410546e-05,0.0002172806080410504,7.533259483568776e-05,0.0,0.0008332180316185085
7085.0,6.526995393086499e-05,0.0,0.00015802387553995098,0.00022164918956285544,0.0
7088.0,8.708728920971827e-05,0.0,0.00026499255371314795,0.0005024894787224503,0.0
7091.0,5.353571402490817e-05,0.0,0.0004163787660727625,4.8233802651689014e-05,0.0
7094.0,6.401680200967232e-05,1.3208570640038775e-05,0.0001559082235246391,0.0,0.00011217972792689018
7097.0,9.294562962341422e-05,0.00039429446947647224,1.5284124585073135e-05,0.00015147805349667183,0.0006786203839302399
7100.0,1.8340532446337685e-05,7.345108826261492e-05,3.057690567553583e-05,7.205355958123792e-05,0.0003981579943368769
7103.0,0.0002208019511595301,2.7209438642336913e-05,2.0443369603318444e-05,0.00018880715838526496,0.0003437034067209984
7106.0,0.00018396170221602216,0.0005027695616959591,0.00017409774371656656,0.0,0.00014661764903377237
7109.0,2.1035651705516054e-05,0.0,3.646231165594505e-07,0.0,1.2431780144610585e-05
7112.0,0.000267139317470893,0.0,0.00037034302937708505,0.0,0.00013812833821872424
7115.0,0.0001480255133061986,2.6101926787203134e-05,0.00012917866140971706,3.3134993653830276e-05,4.5835849305804664e-05
7118.0,0.0001240583554951773,0.00025369405291776755,8.478125099083996e-06,0.0,0.00017044615694729266
7121.0,6.621058779340032e-05,7.081182664067031e-05,3.6757770622629966e-05,0.00017884173732849018,0.0004189098638297065
7124.0,5.5256678957656665e-05,9.39472132055593e-05,3.4118753406699774e-05,0.0003536238726446344,0.00012591410817376858
7127.0,0.0002902150876233684,0.0,0.0002458479599046131,0.0012230526000146004,8.962877057646382e-05
7130.0,5.064399191073942e-05,0.0,1.3847945309636902e-05,0.001098461051355054,0.0002604172421273261
7133.0,0.00023777629276801297,0.0,2.7306249078193045e-06,3.119368471312443e-05,0.0003205882156494669
7136.0,0.00039051307219424266,2.820376516000507e-05,0.0006949976993044073,0.0,0.0
7139.0,0.00021009485494681812,0.0,2.8968586909240454e-05,8.476115488753873e-05,0.0009429390434175208
7142.0,5.9876407898139575e-05,0.0002682181023712567,8.423450854053298e-06,8.909457555461636e-05,0.00016888901755186686
7145.0,7.897532016074605e-05,0.0,1.383128346950505e-05,0.0,8.43868305675285e-05
7148.0,2.7826876888968394e-05,8.377967071470427e-05,7.938763132882683e-06,0.00014504010606146973,0.00023612108603454654
7151.0,9.336489073777912e-05,0.0,0.00013784020349787935,0.0006807886747326827,4.190458634903054e-05
7154.0,5.905350830922465e-05,0.0,0.00011433710685667978,0.0,0.0002901762664255754
7157.0,0.00015595585130239855,0.0004251799438603281,9.09566876104991e-06,0.0005147699194931834,2.7734980386182195e-05
7160.0,4.7288141195124994e-05,0.0,7.789753133754704e-06,0.0,0.0002954715783833651
7163.0,4.914414181719507e-05,0.0,3.376785170509658e-05,0.0,7.679615486516057e-05
7166.0,0.00010248111671105375,0.0,5.0424943656886405e-06,0.0011852810846894946,0.00012490651233154
7169.0,5.982314335000174e-05,0.0,1.696339509491882e-05,0.0001599165017704297,0.0
7172.0,0.00020937085032933804,0.0,0.00011590839256234112,0.0012565361273942231,9.566889745179767e-05
7175.0,0.0001498588222827547,0.00017371297131946748,0.00010710985381181528,0.00013945532733573458,2.685740753531428e-05
7178.0,0.00010088127589817259,0.0,3.229411943008034e-05,0.0,0.0
7181.0,5.751226218451527e-05,0.0,6.230485362326623e-05,0.0005908519741586317,3.5694442910731e-05
7184.0,0.00020642819310484197,0.0,8.079566787693454e-07,0.0018865990633392983,7.820129594449095e-05
7187.0,0.0001335239085620136,3.12489502672813e-05,6.422367464738062e-05,0.00427430944447031,8.872057354799e-05
7190.0,0.00017546962925404786,0.0003631400751240834,1.77506105198641e-05,6.771111045701383e-05,0.0
7193.0,6.295995929700802e-05,3.9475282619215896e-05,4.5867822490288537e-05,0.0009402706740603199,0.0
7196.0,1.6477810650259046e-05,4.8006427147652665e-05,0.00011290168554474937,0.00037524036708554235,8.459127361354151e-06
7199.0,0.00015583881969954294,0.0,2.0522770457974328e-07,0.0005058983119669478,0.0
7202.0,0.0003451511291898858,0.0,0.00014735545081382857,4.908428438397483e-05,0.0
7205.0,0.0001714035791694638,0.00029929563516378397,2.781929591747086e-05,6.529633938792811e-05,0.0
7208.0,3.0197343926310512e-05,0.0,2.7394098893878152e-05,0.0,1.8288874001828398e-05
7211.0,3.540245488311869e-05,0.0,0.00014331353698628785,0.0,0.0
7214.0,6.280405789311573e-06,0.0,5.4001718159749506e-08,5.698434296867393e-05,7.897743812168468e-05
7217.0,0.0004064819387355371,9.144194899468058e-05,0.0001731781215361144,0.0,0.0004390516638427237
7220.0,5.937256858033867e-05,0.0001681304903573475,1.0249148850602374e-05,8.201121905140722e-05,0.0
7223.0,0.00014777037306157336,0.0001171718602763148,5.46636012545845e-05,0.00018295064572847316,0.0
7226.0,0.00015951964314183978,0.0,2.0648282439812562e-05,0.0,0.0
7229.0,6.445262326004633e-05,0.0,7.954646119947099e-05,0.0,0.0001704992339791824
7232.0,8.222915184151903e-05,0.0,0.00014691564537582931,0.0,1.6351519633876025e-05
7235.0,0.00010057104044106641,1.6949410034637283e-05,4.521763657136859e-05,0.0,0.0
7238.0,0.0002153188457471374,0.0,5.90038383026188e-05,0.0,5.628841338883718e-06
7241.0,0.00026507699171745744,0.0,0.0001577978737686132,0.0,0.00043313079195053835
7244.0,5.047594538365173e-05,0.0005583588843537617,0.0003265173529736828,0.0,1.3498243300445424e-05
7247.0,0.00010750665942097573,0.00022000267398633483,5.2019025967342044e-05,0.0,0.0
7250.0,0.00012896935137364529,1.3056102544656235e-05,0.00014733218621758158,0.0,8.312561462933728e-05
7253.0,0.0003414811845740947,0.00038745405107874596,1.975807191652362e-06,0.0,6.214987815140419e-05
7256.0,0.00021264763521256403,1.9397938960380853e-05,1.3181378059102607e-05,0.0,0.0
7259.0,1.345205950915801e-05,9.608546216594934e-05,4.9567807722356155e-08,0.0,0.0001906479761016131
7262.0,0.00023646676095058727,3.843899215526688e-05,2.2193444090331673e-05,0.0,3.8725872212280725e-05
7265.0,2.47125777737488e-05,0.0,2.53708785973311e-08,0.0,0.0
7268.0,7.746499471179355e-05,0.0,8.464902028257672e-05,6.493372575916114e-05,0.0
7271.0,4.493282527289803e-06,0.000343827916829352,0.0003133921930871049,0.00011213708691640162,0.0003219162475032947
7274.0,0.00016836615290737145,6.607780538005025e-05,0.00025123029978147375,0.0,1.3013113387257868e-05
7277.0,0.00017846039311408452,6.015596310792615e-05,1.513089057795859e-05,0.0,4.9776361802323485e-05
7280.0,0.0003286607519974527,0.0,6.0142471998760336e-05,0.0,4.0421928822852884e-05
7283.0,1.8646668544961467e-05,4.1555897191064746e-05,3.430050519461651e-05,0.0,0.00019490907324788137
7286.0,6.278132168532624e-05,0.0,3.936839689995478e-06,4.236742586646563e-05,1.935245499315142e-05
7289.0,4.499334488350683e-05,0.0,6.22055907155862e-05,0.0011420990450288443,0.0002586102957943234
7292.0,5.199595558336622e-05,8.564265017630071e-05,8.175564180352918e-06,3.4193833717451944e-05,1.2630107320578134e-05
7295.0,0.00023268802940680188,0.0,0.00012168670918039265,0.0,0.0008697215884230775
7298.0,9.777806029728275e-05,0.0,1.6488574451985616e-06,0.0,0.0008893583230798332
7301.0,2.9585529151159043e-05,0.0,3.4049329935878916e-05,0.0,1.3777922259401696e-05
7304.0,4.667242804067192e-05,0.0001882699415991866,0.00013083501106395332,0.0,0.0
7307.0,0.0002855220491038711,5.1871162991603665e-05,6.96483553011843e-05,0.0,0.0
7310.0,0.00016273914005779415,0.0001757994096011022,1.618460815529301e-05,0.0,0.0
7313.0,0.0003379841081899665,1.3593192195431692e-05,4.30423898518122e-05,0.0,0.0
7316.0,0.0004456019929230198,0.0,5.96978432749295e-05,0.0,0.00022468815473092752
7319.0,8.671730587160763e-05,0.0001344139055269799,0.0004847654063788886,0.00011372385741440478,4.1914939114156474e-05
7322.0,1.610716174733445e-06,0.0,0.00010452379703271507,0.00026542282747528563,0.0
7325.0,1.4017675921350052e-05,0.0,0.0005680867755420455,0.0,0.0006729321680205708
7328.0,0.00021255619198856256,0.0,0.0002587871120080133,0.0,0.00016587782002595706
7331.0,7.758859705437944e-05,0.0,0.00018185910685406196,0.00017532262398339889,0.0
7334.0,5.760786344163785e-05,0.00028873097916083386,4.6961107046906746e-05,0.00020560633215781942,6.483145760297151e-05
7337.0,0.0007907141000915861,0.0,0.00036130760152583614,0.0,0.0008659932259786246
7340.0,1.0900338334304262e-05,0.0,1.2210216369710697e-05,0.0,0.0003267885069736796
7343.0,7.31825970243239e-06,1.7131214944051977e-05,8.330976098455171e-05,0.0,0.0
7346.0,3.928638940997969e-06,0.0,6.17370212255604e-05,0.0,0.0002562811624057614
7349.0,0.0002772221810340724,0.0003977395683378999,9.296668746986932e-07,0.0,0.00030117122008404423
7352.0,0.0002579127280546932,0.00038085826817659115,8.888168182446727e-05,0.0005908555627342569,0.0004110544951969892
7355.0,0.00013014219467660562,6.441019550794476e-05,1.0058462196609777e-05,0.0,0.000287274075872194
7358.0,5.773173256254196e-05,0.0,4.497168826741951e-05,0.0,0.0001800613998623897
7361.0,0.0002031370871106008,5.7872694348783484e-05,0.00010824468087546418,0.0,0.0006089208570371168
7364.0,4.9193811479916854e-05,0.00018993427253418096,0.0003568815842072422,0.00036942667322758355,0.00018944781788430773
7367.0,1.5340330479828712e-06,5.271922212703439e-05,1.8953393891483302e-06,0.0003828481491928178,0.0004086440581558871
7370.0,0.00021315380793056788,0.0,2.6575362160332138e-05,0.0,8.27748776691253e-06
7373.0,5.530816636302801e-05,9.080611050678395e-05,2.8797029025208478e-05,0.00030300752305006723,0.00010691675963057691
7376.0,1.174166634678038e-05,0.00021562859916321803,2.6936480603869044e-05,0.0004399909382880542,7.384334995451078e-05
7379.0,7.054834550023251e-05,0.0,2.9779825686182375e-06,0.00019437878018825104,2.7177682640217683e-05
7382.0,8.989332732993372e-05,3.01437277154407e-05,0.00023444303855833055,0.0011532763213033574,0.0007388987407300687
7385.0,0.00013387743746044533,0.00011296091133433435,0.0002901346193271477,0.0,0.00010492456391948565
7388.0,5.216821571466499e-05,4.9978139834676534e-05,2.1162170728189105e-05,0.0,0.0
7391.0,2.5602938596838513e-06,1.2851307871184722e-05,2.1389295194976852e-05,0.0,0.0
7394.0,9.508474320445264e-05,0.00010984186333207354,9.253068488191298e-05,0.0,0.0
7397.0,2.8125822650704023e-05,0.0,3.228470671696092e-05,0.0,0.00011465635849086677
7400.0,0.00015967323600319793,0.0,0.0002855095969760223,0.00013275699969533673,0.0
7403.0,1.0330452512581096e-05,0.0001291951025915339,0.00026411438240969985,0.00016181446984047626,0.0
7406.0,0.00021809473079289495,0.00053451246077238,0.0003968070145528758,0.0,0.0002927948384012204
7409.0,0.00011164075030306547,0.0018083303443918257,0.001052463517932393,0.0,0.0
7412.0,0.0002757731710998308,0.0,4.763548526236536e-05,0.0,0.0004105608438350592
7415.0,6.257605381981012e-05,9.023656384312172e-05,4.0497462404911685e-05,0.00044293995632607524,0.0001154305811125212
7418.0,0.000320577065568758,5.048443550383073e-05,0.00015399283382337933,0.0016477820709673208,2.991711772223584e-05
7421.0,0.0003070681560733266,0.0,6.451514918448904e-06,0.006153052725548499,5.482953891042059e-05
7424.0,5.5023311415326555e-05,0.0,0.00018682553922632486,0.0001692670184338269,0.0
7427.0,4.035946922607382e-05,0.00017750509185191868,0.00014225211098207,0.0,0.0
7430.0,9.082360858339008e-05,0.0,0.0002873702039748048,0.0,0.00029195344266050175
7433.0,5.4137558913195755e-05,0.00044016387292465236,0.000690801037045359,0.0,0.0
7436.0,0.00016160527853737488,0.0,7.284744250645287e-05,0.0,0.00014949106041007852
7439.0,3.5670001651724976e-05,1.4418655932161632e-05,2.220295114456383e-08,0.0,9.367130829925749e-05
7442.0,0.0004473431809307956,0.0,2.9791365640222974e-06,0.0,1.5227897323493982e-05
7445.0,3.87670133855299e-05,0.0,3.6269075490391627e-06,0.0,0.0
7448.0,2.8524622087651906e-05,2.4479465547649832e-05,1.4665329033859213e-05,0.0,1.6186062251249762e-05
7451.0,9.438597614770244e-05,0.0,0.0002444909265563299,0.0,0.00022148256115422175
7454.0,3.3483696699000436e-05,0.00030967651195025394,0.0001360988739722696,0.0002562412268840188,0.00038594235624036534
7457.0,8.19323316202965e-05,0.0,1.3432026598917668e-05,0.00021842095397032893,0.00018691781820267964
7460.0,2.5778022254813284e-05,0.00024278864044435572,0.0003410949524696699,0.00016700733476982722,0.0
7463.0,7.476946473014421e-06,3.4837593157733026e-05,5.2519542273268285e-05,0.00022019815061243247,0.0
7466.0,8.184844223877093e-06,3.140041880770485e-05,3.724307220246252e-05,6.176019189041524e-05,0.0007109298803380004
7469.0,0.0003464798583497159,0.0,0.00027837611148116864,0.0,0.00012600119597375232
7472.0,0.0002542550912153791,0.0,1.0779502138087756e-05,0.0,0.00047995297948376196
7475.0,0.0002503718654980633,0.0,2.591748568422579e-06,0.0,5.733752504607534e-06
7478.0,0.00014980456721458494,0.0007851188809809652,0.00013463777262976445,7.970550041230668e-05,0.0008607555313583784
7481.0,8.438539281505788e-05,0.0,8.317260330506076e-06,0.00039778611730461043,4.401480830122894e-05
7484.0,5.494209341827092e-05,6.706152123738449e-05,6.501654086047892e-06,3.9040531171472243e-05,5.352646458167367e-05
7487.0,0.0002882042528180344,0.0,0.00013603650514763306,0.00011317171567635128,8.190088534614142e-05
7490.0,0.00015361269488899863,0.0001084696901581948,0.00016387365938369872,0.00040206813260585517,0.0
7493.0,2.7099592513385855e-05,0.0,7.568748072103527e-06,0.0,0.0
7496.0,7.102389647863778e-05,0.0,4.000797951789888e-05,0.0006658318763988407,0.0
7499.0,0.0004422805456211609,7.326050314338675e-05,0.0001090341231847415,0.0,0.000282644037603189
7502.0,5.716771546367663e-05,0.00043555158406449713,9.443967628062643e-06,0.0005722917576797325,0.0
7505.0,3.957095300472216e-05,0.0,4.0178855052442276e-05,0.0,0.00012044829174238694
7508.0,5.990636186725747e-05,0.0,6.719168356852177e-05,0.0,0.0
7511.0,0.0001762345072767943,0.00016862607491461483,4.927018700153795e-05,0.0002873622598679761,0.00012917506214747096
7514.0,1.207011506758665e-05,0.00021091321848645478,0.00010937179842395229,0.0,0.000180690446894975
7517.0,0.00026909401002594415,0.00017470480018988077,2.101237444775932e-05,0.0,7.588387996083359e-05
7520.0,0.00032427171537931216,0.0,0.00013714628516927306,3.790516214901092e-05,0.0
7523.0,0.00013473032592852183,0.00018091416953054372,2.09667261186604e-05,0.004425241419745736,0.0
7526.0,0.000452967301390049,0.002553338849591398,0.00023201083909749485,0.0024044411029126057,0.0
7529.0,0.00011392779908343864,0.0033939817485594643,0.00016912696889742455,0.0007881113364302796,0.0
7532.0,3.959468955068839e-05,0.0001783088307700734,0.00013282197092337757,0.0004363615163333274,0.00014336011987179672
7535.0,0.00032906042889937353,0.0005168226843480738,0.00040810221180983083,9.933293504946004e-05,0.0
7538.0,0.00034790936846266465,0.0,0.0003128662734759401,0.0007627834583215443,0.0
7541.0,0.00013927416493319096,2.609901493231019e-05,0.00017017049548201613,0.00011781364337466094,3.38818219034619e-05
7544.0,0.0003119143372834593,9.479443896514333e-05,0.00023654855184573954,9.303100425225524e-05,0.0006238192391533056
7547.0,0.00011244084555251212,0.00023580327417614926,4.7782905526421815e-06,0.0,1.6649279126165506e-05
7550.0,0.0002271980458959968,0.0,0.00022430323716895594,0.0,0.0010088374261342605
7553.0,0.0003427113676774947,0.0,5.907230816080695e-07,0.0,0.0006217135192855222
7556.0,1.064006347321659e-05,0.0001930760796339696,5.163724604821007e-05,0.00037771535281434933,0.0004730607520896946
7559.0,0.00029378979137431626,0.00014039984085045712,9.388231793532253e-06,0.0,0.00040668778002801633
7562.0,9.958708818194089e-07,1.891502866078213e-05,7.944387207900977e-05,7.960834516179e-05,3.8073861293295304e-05
7565.0,5.407434957985252e-05,6.878093930796001e-05,5.7619267012274756e-05,0.0,0.0
7568.0,0.00011089275197449439,0.00038503168420190426,8.397423938076587e-05,0.0,0.0
7571.0,0.00015606234001350205,4.424467398775832e-05,0.00018272609122378956,0.0,0.0
7574.0,3.493183196927071e-07,2.944963476768837e-05,3.7521630377694836e-05,0.0,7.212037804207974e-05
7577.0,0.00015594534520429047,4.017873864381735e-05,1.4876019979971976e-08,0.0,3.1844116493859415e-05
7580.0,5.491026775550499e-05,6.635078061498015e-05,5.0759473822468836e-05,0.0,0.0
7583.0,9.237442302698525e-05,0.0,3.3207606627843926e-06,0.0,0.0
7586.0,3.100364594143952e-05,0.0,7.373793838155078e-05,0.0,0.00022934752662090132
7589.0,7.97377490541036e-05,0.0,0.0001628179826517926,0.0,6.338546887250657e-05
7592.0,8.66951430200515e-06,0.00024924029893073603,1.0783367939214082e-06,2.7559393057710574e-05,0.0003715734392585555
7595.0,3.2714981684756385e-05,0.00011546076108249475,3.956375606306705e-05,0.0,0.00010701552897356239
7598.0,8.68705436108635e-05,8.549784368208028e-05,9.034632344189542e-06,0.0,0.00037645729816705915
7601.0,6.281342446181331e-05,0.0,0.00033815396652652575,0.00032108436516314713,0.00018735466053548282
7604.0,6.71518363635403e-05,0.0,5.794117917078394e-05,0.0,2.6649295250394288e-05
7607.0,5.364922539343083e-06,0.0002863963784179907,6.809997167240789e-05,0.0,1.0034280284978782e-05
7610.0,5.809377912125072e-05,6.240344383108048e-05,8.273676680688462e-05,0.0,2.4453573803016777e-05
7613.0,3.1723641505898272e-06,0.00013561088623194187,8.072229040147971e-07,0.0,0.0013463295272081854
7616.0,0.000206008343067702,0.0004520764548327985,0.0001504497548982569,6.960046345101873e-05,8.602680812744468e-05
7619.0,9.410122526648012e-05,9.959442093191585e-05,0.00015860437203574516,0.0,9.3427482277723e-05
7622.0,0.00030656589248968954,0.0,0.0002877036227849701,0.0005673353467423223,0.0004130273113245015
7625.0,0.00016167816945937384,0.0,2.9496318763018165e-05,0.0,0.0007531617556251536
7628.0,0.00012626506797912862,0.0002060850369164409,6.965174787322509e-05,0.0,4.461916252620071e-05
7631.0,0.00023862591546347557,0.0,0.0001716929978144777,5.529593773697544e-05,0.0007882635834217061
7634.0,0.00024402696835602373,0.0,0.0002587281390198847,0.0,0.00012322983672014823
7637.0,0.0003497830701457753,0.0,1.0231383013637406e-08,0.0,0.0
7640.0,0.00018039122478602756,0.0,1.8442118542763969e-06,0.0,0.0005043502359432154
7643.0,0.0002828455059308094,0.0,5.762529267118823e-07,0.0004279998856724565,0.0
7646.0,0.0006954911096397054,0.0018898696441210679,0.00017253411001929585,0.0024015079857925984,2.5064738014601928e-05
7649.0,0.0007113335052224447,0.00038556380088073733,1.6935575533017223e-05,0.00132599524479826,0.0
7652.0,0.00032700391662953185,0.0008250362942897097,1.1701833551903733e-06,0.0002200352285663216,1.544253317167132e-05
7655.0,9.752443680963543e-05,0.0019102704814649685,1.1070337144162943e-06,0.0005687553250918025,0.0
7658.0,1.6962564470525736e-05,0.00048670681767693663,5.44354005257577e-08,0.0001997250095074797,0.0
7661.0,2.206506049161248e-06,1.892358068435187e-05,0.0002121568224233232,0.0002199622810558467,0.0
7664.0,0.0001886245749345597,0.0,2.2131743232501086e-05,0.0,0.0
7667.0,2.7430742892901797e-05,0.0,0.0001446763299987459,7.693224061642636e-05,0.0005467491068998823
7670.0,0.0002091589839190275,0.0,0.00011459769450076842,0.0,0.001464736612286766
7673.0,0.00011534858383257393,0.0,1.1241584564477481e-05,0.0005005945183563041,0.00025814663064562145
7676.0,6.29625207885252e-05,8.091216828274387e-05,6.586928563503265e-05,0.0008289876467609386,0.0001021563449417208
7679.0,0.0001457682629466413,0.0,0.0002975804520626318,0.0004833887361581792,0.0
7682.0,0.0002695094499886216,0.0,4.957595016485625e-05,0.000645988870642799,0.0
7685.0,0.00011362589267282577,0.0,6.242664118126595e-05,0.0,1.7286091676329533e-05
7688.0,9.665326181263715e-05,0.00024318734133901593,3.288450186806894e-05,0.0,3.595018169016746e-05
7691.0,2.5850931114933655e-05,0.0,2.633110435679225e-06,0.0,7.842169187488764e-05
7694.0,5.606164961868724e-05,0.0,0.0001679236530505358,0.0,1.773110061378335e-05
7697.0,9.988779824282614e-06,0.0,7.594232137398454e-06,0.0,9.271637849263678e-05
7700.0,7.187746225231174e-06,7.435053394802183e-05,1.2887055163253595e-06,0.00027902963715704487,0.0
7703.0,0.0002546662905202695,2.5257823706758986e-05,1.0341699804966403e-05,0.00022005554838580024,8.758913428651059e-05
7706.0,7.983660223498572e-05,0.0,0.000315747716317751,2.4522800589002444e-05,0.0
7709.0,0.0002242171417956412,0.00023339704527533902,0.00012120470899142092,0.0,0.0
7712.0,0.00016728891744925508,0.0,0.00010165386562805423,0.0,0.0006763612454262596
7715.0,0.00021227425376183601,6.113780634989057e-05,2.4138764325678603e-05,0.0,0.00024390317275616139
7718.0,4.6087547374345083e-05,0.0,0.0004488456232422588,5.827417576093389e-05,2.4925215393910576e-05
7721.0,0.00019328836001835428,0.00018008359640618222,0.00027072142724189076,0.00013814059011372603,0.0
7724.0,0.00018465231419092227,0.0026677535082014633,5.096455281678335e-06,0.00017020359747207625,0.00024275577400415828
7727.0,1.9276280522847803e-05,0.00013908447613012866,1.199748273995889e-07,0.0,4.817894901807665e-05
7730.0,0.00031242300705042555,0.00011715563176987142,0.00041548873407113064,0.0,0.0
7733.0,0.0002595476255100255,0.0001761296000563647,0.00027420640157519376,0.0,3.9608735637560305e-05
7736.0,5.3755504995617334e-05,2.8430758386536083e-05,0.0001882952368068906,0.0,0.0
7739.0,1.1044104784491076e-05,0.0,8.80239493731619e-06,0.0005111925194123165,5.309738351964493e-06
7742.0,0.0003225498667452145,8.955565981222904e-05,7.130722606641553e-05,0.0002380558259037383,8.91224231571738e-05
7745.0,7.406114484297324e-05,0.0001422777987547269,0.0003766569093788054,0.0,0.00024759885226666173
7748.0,0.00021275262073251592,0.00024432666533286937,1.034473119330153e-06,0.0,2.6958424853370856e-05
7751.0,1.4101167160512655e-05,0.0,1.4951915870456828e-06,0.0,0.0
7754.0,7.911903955020302e-05,5.9336826578889484e-05,2.0139777426383463e-07,0.00011651206307540145,8.705884621583362e-05
7757.0,1.0795541701404532e-05,4.0386278993069515e-05,4.212334191599474e-05,0.0,7.3879961182432e-05
7760.0,3.6382205142182414e-05,3.210345814438295e-05,7.013505887855027e-05,0.0001360943536450074,0.00012628514674595769
7763.0,0.00011940425874391324,3.6926945774545965e-05,3.5554946955118307e-06,3.1834906515630336e-05,1.9245771494437037e-05
7766.0,1.542687617702147e-05,2.3763526247344644e-05,1.3666090801507146e-05,0.0,3.7996278785047964e-05
7769.0,0.00032881775252606416,0.00031657999160066605,7.416557860974864e-06,0.00015127926707609004,0.0
7772.0,0.00017010423753230602,3.926555713865139e-05,0.00015149710008968427,0.0,0.00012393527102150665
7775.0,5.841421071197306e-05,0.00015245033654009163,2.59298311851867e-05,0.0002728039324101116,0.00012576654588068817
7778.0,3.466512550112899e-05,0.0,3.328711736229749e-05,0.0,0.00014922170967915672
7781.0,5.541343054847543e-05,0.0,7.415254256150705e-06,0.0003214272434077905,6.001239171566081e-05
7784.0,1.8587513422249892e-05,0.0,0.0008092978179311483,0.0002532864999103954,7.732381652331744e-06
7787.0,0.0001846926168750438,0.00043384133808880583,0.0004116463116678743,0.0,0.0
7790.0,1.4171401561893096e-05,0.0,0.00018584853311241363,0.0,0.0
7793.0,0.0001441281623527843,0.0,0.0002713401150239211,0.0,0.000742784850719892
7796.0,4.7541027677779486e-05,6.462012685218567e-05,0.0004362285650905118,0.0,0.0002745975509807208
7799.0,0.00020473071375027286,0.0,0.00021726417550955874,0.0,0.0006525463787199875
7802.0,0.00013912092583735243,0.00011165241204360015,0.00040917597436516295,0.0002783151578082355,0.0003200528290543056
7805.0,4.601817326106396e-06,3.8857133525779644e-05,7.629764667025324e-05,0.00022372981149950628,0.0003349425627894903
7808.0,4.569600718673112e-05,0.0,0.00017469876465170574,0.00017280556069084341,0.0
7811.0,0.00022517927673163855,0.0,9.634907562568407e-05,0.0,0.0004164111111903136
7814.0,0.00011711843682173751,0.0,8.908290174216209e-05,7.327801223178184e-05,0.0
7817.0,0.00013994460143057095,0.00027514630054455044,6.684850916740299e-06,0.0012377505433769779,0.00013842457452387487
7820.0,5.924038748245939e-05,3.489564423419757e-05,9.879005290569744e-05,0.0012283157219136148,0.0002985533540216458
7823.0,6.291211838575024e-05,0.0,6.824276974169893e-05,0.00034774374024678604,4.07809640386485e-05
7826.0,1.4069550626182906e-05,4.65216577040571e-05,2.75731838469851e-05,6.707502562746101e-05,0.00020994329553357448
7829.0,4.349724758550067e-05,0.0,2.517723005257802e-05,0.0,1.0926609365154736e-05
7832.0,2.2395827163195033e-05,8.804389122345704e-05,6.177410851496345e-05,0.0,0.0
7835.0,0.00012230706675375104,0.00014518379521389217,0.000203890553632893,2.7268914431729743e-05,0.0
7838.0,0.0005673055077195534,0.0,0.00012779565254033052,0.000204997699753618,7.714331695989423e-05
7841.0,5.806158389219336e-05,2.5585727339013558e-05,2.014027684253061e-05,0.0,0.0
7844.0,0.00017769112718089825,1.955743990461258e-05,1.807017817119594e-05,0.0,0.00023884116418260862
7847.0,0.00018662005291330465,0.0,0.0003019438157149909,0.0,3.11661056952733e-05
7850.0,0.00022272769178180833,3.064332537425555e-05,4.67629492748757e-06,0.0,0.0001433986940670344
7853.0,8.106550541731226e-05,3.963902609138151e-05,0.00016328359084659256,0.0,1.5450639377327588e-05
7856.0,0.0001531060427215102,4.178247372967241e-05,9.845892480632174e-05,0.0,8.513973423164465e-06
7859.0,0.00025453516117407275,3.7822026157898714e-05,5.966925751382697e-05,0.0,0.00033013241707865825
7862.0,0.00013973177321293423,0.0,8.829710170235221e-08,3.803131465857664e-05,0.0
7865.0,0.00013611741254047617,0.0,0.00039345259349974124,0.0,1.0680275841620286e-05
7868.0,5.947845090876547e-05,0.00021197087288747396,8.4063682804098e-06,0.00018280093940500983,1.7809538145294506e-05
7871.0,0.0007036556010299625,0.0,8.259787940400546e-05,0.0,0.00019708952979317025
7874.0,0.00017936206231239485,0.0002047330582251332,0.0002557595599482265,0.0,0.000955028835490625
7877.0,0.0002167734025330485,4.273622774108946e-05,1.7464721193327375e-07,3.046546756984117e-05,0.00014856734744619579
7880.0,4.0400319950059325e-05,0.0,4.705167475096145e-06,0.0,3.336157327812767e-05
7883.0,0.00012915779446218367,6.71110810572681e-05,0.00020637664025865114,0.0,0.00010134906897040631
7886.0,3.671032686801696e-05,0.0,0.000272114629374223,0.0,0.00032008227922645876
7889.0,7.883890187949284e-06,0.0,5.000173389541401e-06,0.00011143069700817741,4.347046236461615e-05
7892.0,4.4444122020928684e-05,0.0,0.00024074040582397604,0.0,0.0005990725594117674
7895.0,0.0004942822903281911,0.00010793352069325008,0.0003518550462131162,0.0,5.018090011049032e-06
7898.0,0.0004897510008937737,0.0001237655398965708,0.0003309452195930487,0.0,0.0
7901.0,0.00032946389338976115,0.0,0.00030417274110223894,0.0,7.651885175727126e-05
7904.0,0.00020054841221496138,0.0,4.362672621526628e-08,5.3031175899921196e-05,0.0
7907.0,0.0002462972434313394,0.0,7.223176193288101e-06,0.0004075405144346495,7.612112437945209e-05
7910.0,0.00023742309264079784,1.7742187332094075e-05,7.872123383273239e-05,0.0,0.0003612985180552601
7913.0,0.0005493854695016735,0.0005795550636100761,1.7698922430337868e-07,4.642880969391842e-05,0.00016913076641423614
7916.0,0.0002807269466261521,0.000390354158100566,4.2200660632327796e-05,3.518661120417165e-05,0.0004726522147074875
7919.0,3.7021807765574773e-06,0.0,8.687893737673741e-07,0.0,0.0
7922.0,0.00046977762963064607,0.0,3.2683445084662525e-05,0.0,0.0006330861624835663
7925.0,0.00010773171246835717,0.0,1.9338973207435287e-05,6.711598599313752e-05,0.0003029174776962672
7928.0,5.7967443635526605e-05,6.201374389162171e-05,3.038427675191803e-06,0.0,0.00017749751445746058
7931.0,8.735530043708308e-05,4.395983678858181e-05,1.3528277459237424e-05,0.00033504481525279523,0.0
7934.0,0.0001434501526206285,0.0,5.435542397494292e-05,6.598031406210803e-05,0.00010911568316838946
7937.0,8.6520801393257e-05,0.0,0.0003386118507564023,0.00014620267627335238,0.0007622282901918973
7940.0,0.00019885880662213912,0.0,9.066256941175526e-05,0.00013895161533228554,0.0005410549105460379
7943.0,0.0001839755129982186,0.0,4.559884214636624e-07,0.0,0.00020591488787238956
7946.0,0.00043042293857867156,0.0,9.18755499107093e-05,0.0,3.777556198499378e-05
7949.0,0.00032664096516189073,3.6101005823046484e-05,3.342222467494558e-05,6.45642414513421e-05,2.3639873832412196e-05
7952.0,3.0531257918396163e-05,0.0,1.9474459043066046e-06,0.0,0.00011180464262207936
7955.0,3.097723705456379e-05,5.203823748687083e-05,0.00011898906253397112,0.0,0.0
7958.0,4.6288067327525473e-05,1.8096245572394736e-05,0.00017765987961529481,0.000551926519734021,0.0
7961.0,3.684500058400602e-05,0.00021298830574260607,0.000683557692037913,0.0005995409206910027,0.0
7964.0,7.052626669824202e-05,3.124166814976369e-05,0.0006128730591472816,0.0,0.00021363957337161265
7967.0,8.863614947163373e-05,0.0,0.00015247938001283935,0.0,0.00035178596994591435
7970.0,0.0002086439129168428,0.00018121212123802216,0.000247218403680253,0.0,9.710142475639603e-06
7973.0,5.523752756338915e-05,0.0002448019227123044,0.00013428109660900577,0.00010072300028692622,0.0
7976.0,4.046843026510516e-05,0.0002144259981318613,0.0,0.0,0.00036925311374209197
7979.0,7.64385191696533e-05,0.0002566978470246575,0.00024333226485456186,0.0,0.0005135319438423173
7982.0,0.0002818274968891897,0.00019936693874678563,8.219761629059519e-06,0.0,0.00026584657850985236
7985.0,4.058933749766444e-05,0.00017236805648057467,7.208249988359685e-06,0.0,8.511414817952869e-05
7988.0,0.00017727368855234232,0.00011560141309890797,8.921087937912707e-05,0.0,0.0001206511474273296
7991.0,5.324624110401599e-05,2.437356232770183e-05,0.00019010662790331547,0.0,0.00019406668375495878
7994.0,0.00018271786309796077,0.0,7.354033349684856e-05,4.8956638713349554e-05,0.0
7997.0,0.000128420731555965,9.31892479518418e-05,2.1723644175366235e-06,0.00013741387325876274,6.481682689032361e-06
8000.0,0.00015133799973564345,0.0,2.109897972482786e-05,0.0,0.0004125408861360053
8003.0,3.434137166882078e-05,3.516466589442616e-05,8.434563073758059e-05,0.0005447864052923979,0.0
8006.0,2.262737824138152e-06,0.00016735419207514516,1.991911547992539e-07,0.0,1.8386977068407406e-05
8009.0,3.7601740984803984e-06,0.0,4.235063207785638e-05,0.0,0.0
8012.0,3.1677900662630814e-06,0.00039200432288630905,2.766381139824644e-06,9.921904142782951e-05,6.11008608675947e-05
8015.0,1.9815458730363936e-05,0.0,0.0004420574398819162,0.00015517742238523356,0.00045765963894400276
8018.0,5.804076476013274e-05,0.0,2.092117403187214e-06,0.0,0.0007353461742773537
8021.0,4.5152913784144507e-05,0.0,9.162754400534217e-05,0.0,5.440109109409827e-05
8024.0,1.4767083163459645e-05,0.0,7.053713464135143e-05,0.00019329214380896234,3.8819480272451815e-05
8027.0,0.00011804827603420732,0.0,0.000610257644497343,5.898484380722968e-05,0.0
8030.0,8.575763952561617e-05,0.00010994068781789508,5.381277451710305e-05,0.00027174060573605086,9.021492016704366e-05
8033.0,1.273001623689468e-05,0.0001783664651586146,1.6239999504646862e-05,0.00014072163125950846,0.0002082041819899024
8036.0,5.361440982254499e-05,0.00039747988991223836,0.00016692090999737496,0.0006069083056495058,5.8164428331219066e-05
8039.0,2.9460904033105264e-07,0.00014600210084736738,0.0002058399252287941,0.0,0.00010990765743197815
8042.0,6.332017951487082e-05,0.0,3.295142590491433e-06,0.0,0.0
8045.0,0.00010701465313428829,3.643175930306255e-05,0.00010797170733465672,0.0,0.00011162176579198777
8048.0,8.153408677189565e-05,0.0,0.00017890895328003981,0.0,0.0
8051.0,6.557096279127433e-05,0.0,0.0002938246848828873,0.0,0.0
8054.0,6.566707565572156e-05,7.135413977219922e-05,6.0872023489104056e-05,2.977509796124273e-05,0.00012707227918078807
8057.0,5.2017184422900745e-05,5.872761891380848e-05,4.361561008645098e-05,3.4679310625097385e-05,7.101553793147314e-06
8060.0,6.268396225807484e-05,0.0005845579440722404,4.556607730000435e-05,0.0,0.0006712952005011623
8063.0,0.0002681975777636093,8.740202068181283e-05,1.601959291008929e-05,0.0,5.012295105034508e-05
8066.0,9.22071885853953e-06,0.0,0.00018315373503251136,0.0,0.00036938465331445153
8069.0,4.228029427606647e-05,0.0,5.8066280933150084e-05,6.811085176716247e-05,0.0
8072.0,1.9117188163337704e-05,0.0,1.8760059352991857e-07,3.4682300510846694e-05,0.0010508618690970475
8075.0,0.00010197823586280016,6.398054561383465e-05,4.78581425455959e-05,0.0,0.0
8078.0,0.00021678874394059637,0.00034526418057429864,7.644064797954668e-05,0.000278012345458085,2.1506439791696232e-05
8081.0,0.0006469984608829085,0.0007917591750823609,0.0002886437363178435,5.6947573432128755e-05,0.00030660551390277894
8084.0,0.00011884531027694076,0.0002722104885762982,1.71334834029138e-05,0.0,7.194115157620941e-05
8087.0,0.0002055569839590478,8.240584071027319e-05,3.561441912399694e-06,8.077510263917378e-05,0.0
8090.0,3.96664968364332e-05,0.00017894488008221698,5.68087789586811e-06,0.0,4.919132298699917e-05
8093.0,3.945091362394233e-05,9.31199649035862e-05,0.0001346196889324084,3.8056423997062526e-05,0.0
8096.0,7.142471968312264e-05,0.0002123555899338493,0.00025759644155401147,0.00018859748507438025,0.0
8099.0,0.000649629803181388,0.0005472022834711266,0.00018619221668991794,2.403487190376997e-05,0.00015909929940116624
8102.0,0.0004087472480352502,0.00035303194290601435,0.0,0.0,0.0014973659496816578
8105.0,0.00041626682465876005,0.0,4.444002175876206e-05,0.000546710345099442,0.00014418313544354607
8108.0,0.0007368324574273192,1.9022970675212248e-05,6.8296958096315295e-06,0.0008205018520961613,0.0019587338684044905
8111.0,0.00017188516735048206,0.0003104361489162354,0.00029505898121720884,0.0002741685747096331,0.0017838942499148035
8114.0,0.0005454163941311699,0.0005315365599535021,3.0207933461742602e-05,0.0,0.0010683020862665548
8117.0,0.00018711443946573314,2.74512069281501e-05,2.4982789157044873e-05,0.0,0.000754754536561521
8120.0,0.001579839177872788,0.00021095079480811416,6.022718080676759e-05,0.00043123440750868,0.00020226608505951484
8123.0,0.00026458107096766854,0.0,1.3817462769999934e-05,0.0004380167334768455,6.00102371702841e-05
8126.0,6.392881271336785e-05,0.0,0.00024152178518804533,0.0006715825242928735,0.0003935017962253095
8129.0,0.0001430088911713548,0.0,0.0001992504272816758,5.48550026433713e-05,0.00022997550534627396
8132.0,0.0002988157585872465,0.0,0.00023483487785942944,0.0,0.0001240616181678203
8135.0,0.00023723814253782474,3.457570727819184e-05,0.0002605412483983361,0.0,4.6256475452358174e-05
8138.0,0.0006018198489343126,0.00036476495712204856,9.152011602502894e-05,0.0,0.0
8141.0,5.974069297082226e-06,1.3555512941934102e-05,0.0006372362083899035,0.0,0.00012231812947199476
8144.0,2.5942745798586476e-05,0.0,2.9468705904310137e-05,0.0,0.0
8147.0,0.0002566866732079135,0.00015493563693492834,1.2581099582752982e-06,0.0,0.00033440347534032346
8150.0,6.102058174006153e-05,8.401455248849851e-05,0.0001134668143725233,0.0,2.4465195890758432e-05
8153.0,0.0001436826395553986,0.0,2.0325267213621343e-05,0.0,8.782567751055401e-06
8156.0,0.0014542079162396103,0.0013664104468664744,1.54812328311094e-06,0.0,4.199638810177674e-06
8159.0,0.0003265298342835796,0.0002444162073511127,0.00017152629273159368,0.0,2.6892589949525317e-05
8162.0,0.00010653281403428112,1.298550742549913e-05,0.00019156767495705917,0.0,0.00011128274340547755
8165.0,5.464130988721263e-06,0.0,2.604698414855228e-06,0.0,0.0
8168.0,0.00019356292773645194,0.00014526160672300755,0.0001004918913651271,0.00023500608898498687,0.00011379978372787964
8171.0,0.0003517429488869481,0.0,2.4606050393212387e-05,0.0,0.0
8174.0,0.0005362312563953019,0.0,0.00014760134113582355,6.718982441116582e-05,0.00011297405020138437
8177.0,0.0002792276277079049,0.0007724936101863446,1.8376450323112403e-05,0.0,7.757683168560226e-06
8180.0,5.920743253784962e-05,0.0,5.63221350247661e-05,0.0,0.0
8183.0,0.0002181010626472074,0.0,0.0003596344210043468,7.46988707979248e-05,8.450092615533123e-05
8186.0,0.00012964666182161308,0.00011652624698421623,0.00012521450868947199,0.0,0.0
8189.0,3.4036618718425104e-05,0.0,0.0003196952101985833,0.0,0.0
8192.0,0.00017230390608293796,0.0002666102921767226,9.483423224811493e-05,0.0001306587484800186,0.0005028816513827221
8195.0,0.00010397571087646581,0.0002767437332255648,7.326327198647695e-05,0.00012999182221278113,0.00045898969652347717
8198.0,0.00010928550837802923,0.0007426437776718427,3.096840717808802e-05,0.0,0.0
8201.0,0.00014934604339771876,0.0,0.0003253299102423325,0.0,0.0
8204.0,3.428326956653807e-05,0.0,2.781328328386552e-06,0.0,6.3552067229885546e-06
8207.0,0.00010440271053349582,9.173136356030081e-05,9.180893924213873e-05,0.0,0.00020528293932873956
8210.0,0.00011346274313576948,0.0,0.00014739473229351716,0.0,4.0757215909056045e-05
8213.0,6.003521395039731e-05,7.835446836122482e-05,0.0003456273701383613,5.701812261946979e-05,0.00022321208494193874
8216.0,5.0345801306828955e-05,0.00023949469512712387,0.0001872281984725038,0.0,0.0008854327338535912
8219.0,9.753817846467518e-05,0.00010861430070987986,0.0006299658299131753,0.0,0.0
8222.0,9.106863314267711e-05,0.0,2.877529708118803e-05,6.55100859281471e-05,0.0
8225.0,5.3202906857856044e-05,0.00015876229543959782,0.00017587472787320246,0.00018317096360280624,0.00033444634730150317
8228.0,0.00011341338773175802,0.0,2.898045476143031e-05,0.0,0.00017242544001400508
8231.0,0.0002736740489306373,0.0002542333562231358,7.492048437541827e-05,3.34216770136335e-05,0.0
8234.0,0.0002525203031350371,2.8292398153701306e-05,0.0001928292742295497,0.0,0.0001344302399172469
8237.0,5.731567333453263e-05,0.0003171584015636979,0.00020292370205095815,0.0,0.00010548458433886752
8240.0,3.2921633576863465e-06,0.00036877240857974747,1.510772740769763e-05,0.0,0.0
8243.0,0.00014877798615178702,0.0,8.453934484162461e-05,0.0,0.0
8246.0,1.976303812301673e-05,0.0004001344300913725,9.320843490983686e-05,0.00019582386074895665,0.0005541050555948417
8249.0,0.00017030115007851988,0.0,0.0001614463833227744,0.0,0.00034001349201138884
8252.0,0.00010921507398318631,0.0,0.000356698270295405,3.527748733825175e-05,0.0
8255.0,0.00012171282938566936,0.0,1.9708358364503354e-05,0.0,0.0004774236243726517
8258.0,2.1636408058236673e-05,5.9265042162951146e-05,6.448039206114556e-05,0.00013353124825009064,9.796370533688102e-05
8261.0,0.0001284764647917046,2.0162481930602695e-05,6.327848827661902e-07,0.0,1.898278106074098e-05
8264.0,1.972559634479047e-05,0.0,6.344579533253014e-06,0.0,0.0005646055335394811
8267.0,6.816806740354985e-05,0.0,3.877165843789275e-05,0.0,0.0
8270.0,3.370645110006922e-05,0.0002022021949901062,7.95473473904799e-06,0.0,5.444922531766103e-05
8273.0,0.0002634393355000703,0.0001321787071764234,0.00014220657579028465,0.0,0.0008158675621640722
8276.0,0.00035091867643641006,0.0007515372224284927,4.152693327915595e-05,0.0,0.00046544343524027807
8279.0,8.756892130887928e-06,0.00016502557130005914,9.233092959042653e-05,0.0,7.287629033110213e-05
8282.0,0.00010039860571075125,0.0,0.00034203354734606647,0.0,7.53193296168752e-06
8285.0,0.00037362660428951253,0.0,2.1204846579692296e-05,0.00014794699486310415,0.00033856806904962884
8288.0,0.00015764136786238173,3.676195471889556e-05,0.0001105085510432982,0.0,0.0
8291.0,2.9832163456771574e-05,4.627826855182778e-05,0.0004980344288619028,0.0,8.531801507575962e-06
8294.0,3.7096965927534516e-05,0.0,0.00012861042347194884,0.0,3.62308728041463e-05
8297.0,0.0007231988831313522,0.00016194667911612607,8.543090466421746e-06,0.0,0.0
8300.0,0.00014550271053017595,1.8187272041364984e-05,3.4749970729645906e-05,0.0005406230731317909,5.128257823936908e-05
8303.0,2.548494138041769e-06,7.417285375299126e-05,1.1209155068890927e-05,0.0,9.217601888965134e-06
8306.0,2.9730190994680607e-05,8.125817303681166e-05,1.552642189655709e-07,0.0,0.0005554105416365585
8309.0,0.0002949585812278928,0.0,1.0519664501827877e-07,0.0,0.000897262180308338
8312.0,0.0001323212556927887,0.00011572500075274583,0.0003381412953632311,0.0,0.0019443735394046905
8315.0,0.0002494060914657195,0.0006243073986640232,6.909172598611064e-07,8.05132328365487e-05,0.005832098310026179
8318.0,0.0007447909915640938,0.00052159453988002,0.0,0.0,0.00025451977201425
8321.0,0.003374957356865061,0.0004964842609024064,9.55687296027316e-05,0.0,1.37721267871466e-05
8324.0,0.005233903025657943,0.0007515727723570962,7.309750282485977e-05,0.0,4.999207397945489e-05
8327.0,0.0028932883909607,0.0018141144489827146,9.566869443796236e-06,5.4112438324847596e-05,3.576062510879407e-05
8330.0,0.0008784016689762633,0.0005850828294794037,5.2402342889660856e-05,0.0,7.155798790590379e-05
8333.0,0.00020966446718074773,0.00021720361998664068,0.0003976370721521238,7.214413993401028e-05,0.000654519070274574
8336.0,0.00032754208399755533,0.00015018850488643422,0.00014332084591990712,6.504822519792799e-05,0.00019399321970313893
8339.0,1.87324476265736e-05,9.215497395980756e-05,0.0001051301759845245,0.00015185262310480585,0.0
8342.0,0.0002431538844715903,0.0,0.00025422810715879,8.46191584780428e-05,6.440041262989199e-05
8345.0,0.0005515766098516742,0.0,6.026468611781403e-06,0.0,0.0
8348.0,0.0009509212502346721,0.0005462450508596352,4.1281349089763186e-05,0.0,0.0
8351.0,0.003050930340143138,0.0,2.1053649203077933e-05,0.0,0.0004562852900269813
8354.0,0.0009907204504337787,1.9297945020060142e-05,1.1371845974512878e-05,0.0,0.00042350274680797405
8357.0,5.0093056025883195e-05,4.598864564224587e-05,0.0004378615848255417,6.58706041423484e-05,2.7030497840851992e-05
8360.0,0.00023737994080132413,0.0002844008029064992,0.00018931152331111564,0.0,0.0
8363.0,1.4378406624184984e-07,0.00011267753130274693,2.4517768052576242e-06,0.0,0.000623020824846944
8366.0,6.991121627832258e-05,0.002143000723131107,2.1988246921259765e-06,0.00014145044709266763,0.0004344702604483205
8369.0,3.8247097675422846e-05,0.0001666882280425043,0.00015659198745524602,0.0,0.00029816290849758335
8372.0,0.0002516142943752823,7.308614901088722e-05,8.930215908799959e-05,0.0,0.0
8375.0,0.0004461523030231398,6.954431654411057e-05,0.0005886545635930126,0.00015854766151451643,0.00012753321646553412
8378.0,2.021178992865106e-05,0.0,2.5468164783634307e-06,0.0,0.0
8381.0,2.6551217553990763e-05,4.9765584348632594e-05,1.5443800368663067e-05,9.862983080829287e-05,0.0
8384.0,5.000908830415054e-05,0.0,3.7664718728691273e-06,0.0,0.0005059787683655687
8387.0,5.177682261379088e-05,2.6678674959112098e-05,0.00026471388398710923,0.0,5.665891120127997e-05
8390.0,0.000433617564982214,0.0,0.00010177645201016378,0.0,4.181018838326141e-05
8393.0,4.525395650891309e-05,0.0,0.00034770717281240707,0.0,7.708378620108436e-05
8396.0,5.112960909337542e-05,0.0,0.0005967585456001606,0.0,0.00011379225178453689
8399.0,3.768473019079704e-05,2.163380946824228e-05,0.0006289583080047977,0.0,2.100515975365907e-05
8402.0,8.345748441981582e-05,0.0,0.0003688578941853708,0.0,0.00013069036249889392
8405.0,0.0001605532199743939,0.00014826643262856487,8.284714220935666e-05,0.0,0.0001599973663858058
8408.0,0.00014775851098592816,0.00010026146388864395,2.6879022870938966e-06,0.0,4.840631348244689e-05
8411.0,3.390427250784827e-05,0.0,0.0001072262156708899,0.00020905369537218765,0.00014563567085875838
8414.0,0.00016293408153824233,4.407094364700119e-05,0.00034085665439189723,0.0,1.2087946128839233e-05
8417.0,0.0002683009323589313,0.0,2.9020175171359484e-05,0.0001641381277940727,6.014063954282804e-05
8420.0,0.00021430754086856563,0.00015184009707634326,3.537949734879387e-05,0.0,0.00027421581848346104
8423.0,0.000317227596295919,0.0,0.0005489559173227764,0.0,0.000703166615453001
8426.0,5.879103808753649e-05,4.661262092575327e-05,3.420335071291884e-06,0.0,0.00042053857933651147
8429.0,3.5525919810715715e-05,0.0,8.567434483345937e-05,0.0,0.00010209373666540176
8432.0,0.00010622936931752161,0.0,0.00011106488880978274,0.00011067258457103123,8.696239232492076e-05
8435.0,4.3310692381765606e-05,8.277265505765597e-05,0.001797424047249148,0.00013560230183961764,7.962659896312403e-06
8438.0,0.00020521406089194652,4.823383458182177e-05,7.765424266308621e-05,0.0,0.0005258394422031007
8441.0,0.00012354279428844283,0.0005048999035069465,0.00013582621650195842,0.0,0.0007812894700910437
8444.0,0.00112383163545808,0.005063849041131281,2.667955702537918e-06,3.9881148775326483e-05,0.0006135118412219994
8447.0,0.008165939500630756,0.009675715197431265,0.00027177326008595484,0.0,0.0012435320790283655
8450.0,0.004769325568096165,0.009827132374867547,7.779610653380912e-05,0.00026406414356548144,3.9669851869971965e-05
8453.0,0.00012786442261816957,0.0007565932516833089,6.326126965403994e-05,0.0,0.001018315995562478
8456.0,0.00027227723237127226,0.0001808898329715918,7.429720864908856e-06,0.0,0.0002402210622572363
8459.0,0.00022649513182469952,0.0,0.0003456030788835741,0.0,0.0
8462.0,0.00010322079473772171,0.0,7.69635493699836e-06,0.0,1.868457801333671e-05
8465.0,0.00026172217450309734,0.0005130994115738153,0.00012597959608924794,7.376707415142228e-05,0.0002869138430575885
8468.0,0.00030661735546681394,0.00021320503058816877,0.0006498820767527112,0.0,3.8443091670590956e-05
8471.0,5.243106341766986e-05,2.4887058264960135e-05,0.00018444525283315455,0.0,0.0
8474.0,0.00011718229634854475,0.00021529570519702426,0.00030142066865554407,0.0,0.0
8477.0,7.022700283251867e-06,0.00022447742978878884,6.581381719921009e-05,0.0,0.0005754577134126405
8480.0,8.537320458104889e-05,3.236270252012433e-05,4.934990952390952e-06,0.0005578828888730315,7.57923915278706e-05
8483.0,1.4247653432001063e-06,3.179428066582661e-05,9.71401374954169e-05,0.0,0.0004561234848960449
8486.0,1.8732596792105547e-05,0.00021746451995279182,0.00044316806545781687,0.0,0.0002828141688298705
8489.0,3.926720284215962e-06,0.0,2.7211340836800373e-05,0.0,5.663272257482192e-05
8492.0,0.00018441201944969618,0.0,3.779014544811426e-06,7.936620361602809e-05,0.0
8495.0,0.00025424613506660527,5.413501855803161e-05,0.00042565017133409884,0.00011982549793907761,2.1969847300937904e-05
8498.0,0.0015024218487998244,0.0014128934158409337,6.41468089821898e-05,0.00013919495425779928,0.00022721545816369832
8501.0,0.004175628801901798,0.006936968866252712,0.00020124628326523503,7.999427384123026e-05,3.0342905151603736e-05
8504.0,0.009411174747805718,0.006637199812841011,3.179966679046339e-05,0.0,0.00026126763543073486
8507.0,0.0009108961427510291,0.003653734998226519,0.0001923595911578023,0.0,0.0
8510.0,0.0008698079745264757,0.0014535937063885275,5.249214606040205e-05,0.0,4.656712258006788e-05
8513.0,6.951846747317979e-05,0.0002892101789536866,0.0002044384413087347,0.0,2.628997597057836e-05
8516.0,0.00020918894883840232,0.00015530597824794806,8.011827827110837e-05,0.0,0.0005807712337797593
8519.0,0.00015410517605768382,0.0,9.729709087886264e-05,0.00020678564430444613,0.0015796397332284004
8522.0,0.00029109081427716184,0.0003765141676008178,8.46216717203459e-05,0.0,0.00045184788915992886
8525.0,0.00022924591576827647,8.432728793625751e-05,4.642571257193082e-06,0.0,3.167736053285455e-05
8528.0,0.0001391810536395704,2.9675591234981522e-05,8.929122085073795e-06,4.621775725814101e-05,0.00029395025795092675
8531.0,0.00021196489370067025,0.00018426771362224114,0.0001504110499216986,0.0,0.00010710010832781188
8534.0,0.00020953805448692867,0.0,0.00021097514892536972,0.0,0.0
8537.0,0.00021487585899802487,0.0001940761504922954,9.090426143801179e-05,0.0,1.870842240382641e-05
8540.0,0.00011838592260972592,0.0,9.626089090809905e-07,0.0,1.1235705937431267e-05
8543.0,3.925820122346869e-05,0.00011532198416173663,1.6439833702860209e-06,0.0,0.00030080649509423366
8546.0,3.800126429034022e-05,8.236672661175381e-05,1.48327948312092e-05,0.0,0.0010010707822086474
8549.0,1.0968387154190665e-05,8.018561832210476e-05,0.00026693123502233876,0.0,0.0009629282642459891
8552.0,0.0001466534705905336,0.00024760035416039876,6.374570134945833e-06,3.654439351553173e-05,0.0011763275472965727
8555.0,9.201986123239362e-05,0.0,7.156737461857667e-05,6.132673329299948e-05,4.922203965056518e-05
8558.0,0.00010387903945131953,0.00026063752840810826,0.0002866866808692761,0.0,0.0002596548992328736
8561.0,0.00032683425670603297,2.3321812245739417e-05,0.00015381853336185133,0.0,2.203219793779667e-05
8564.0,4.599952261170046e-05,0.0002429158567555261,1.6655812496114472e-05,0.00015110826984391485,2.537788698190588e-05
8567.0,2.5844045589475343e-06,0.0001527020904543537,1.7707627212998737e-05,0.0,0.00042448378313616987
8570.0,0.00018716140370254457,0.0006054114843215822,3.290623125870722e-05,0.0,0.000365301125436646
8573.0,4.5405259780855576e-05,0.0,3.73567268293233e-05,0.0,2.5338019398828142e-05
8576.0,4.458681171537037e-05,0.0,7.538593847023655e-05,5.598588861902376e-05,0.00014880826865359557
8579.0,0.00016176152174153277,0.00025112716105908216,6.657378627677449e-06,0.0,0.00011405353122797101
8582.0,6.950470563531356e-06,0.00020331343967455333,1.908659632222892e-05,0.0,1.342838761667107e-05
8585.0,0.00012921817494011625,0.0,2.7250279811645683e-08,0.0,0.000843785054155177
8588.0,2.9950591724883674e-05,0.00020445216591965962,0.0002851594762237106,0.0,0.00021248552129288776
8591.0,0.00013716813865628495,0.0,7.722887683470088e-05,0.0,2.3558901430606758e-05
8594.0,0.00016131981181970452,0.0,0.0005939662188924648,0.0,0.0
8597.0,2.8037724593558944e-05,0.0,0.00016253417295413914,0.0005226060144791764,0.00016674070648385416
8600.0,7.7549809917047e-06,4.418912427897652e-05,0.0010405848375617587,0.0,0.0
8603.0,2.7604313404945932e-05,0.00013574794183473092,0.002170189136258611,0.0,0.0004533195861560999
8606.0,0.00016685234344191436,9.332303453866074e-05,0.00014125559338603358,0.0,7.14658360277372e-06
8609.0,0.00011679022312155247,8.536739059864815e-05,0.0004730569281387203,0.00016277914453933056,0.0003839625829036909
8612.0,7.057099342279549e-05,0.0,3.1851126296019626e-05,0.0,2.952198231063531e-05
8615.0,0.00018872738525721843,0.0,0.00016658819713352333,0.0,7.343358807706664e-05
8618.0,0.0002075706712867916,0.0,0.00114167847436173,0.0,5.478837322083139e-05
8621.0,2.2982517735222842e-05,6.806354656049362e-05,8.561548065148338e-05,0.0,3.953463598069832e-06
8624.0,7.433170480607469e-05,0.001593761464467104,0.00036205842864280914,0.0,0.0008398831271787074
8627.0,0.0001764572323503033,4.175709049034157e-05,0.00023288082734619262,0.0,1.2431558838920335e-05
8630.0,4.957445576174731e-05,7.988580144011228e-05,1.9963172475191052e-05,9.524554384870751e-05,0.0005935676818182561
8633.0,0.0005165923505214219,3.1299302538304873e-05,5.070770095412489e-06,0.0,0.0005959623056476489
8636.0,0.001170270360597484,0.0003526483506690035,1.729419506568341e-05,0.0,4.078229470399285e-05
8639.0,0.0003963218091835357,0.002558290964815044,0.000219235020700073,3.845341596650127e-05,1.3587955153613558e-05
8642.0,0.0013835562093806619,0.0010131047561166722,1.1664262435606521e-05,0.00034261724436653545,0.0006679196922847938
8645.0,8.762378615606214e-05,0.0,8.082134696921302e-05,0.0,3.99781557054476e-05
8648.0,0.00031205695142893586,0.0,0.0002221532739574329,0.00018487461760818925,0.0007687794793830179
8651.0,0.00010736280127946645,0.0,0.0001848689216969061,3.299090539339889e-05,0.0
8654.0,7.134191412328338e-05,0.0003736033841911045,0.0002443521130370575,0.0,0.0005420137087195001
8657.0,0.00010245933493234244,0.0,6.885852284758456e-05,0.0,5.5692134698157354e-05
8660.0,2.3581603402754994e-05,0.00037165283205775965,8.150263191914854e-05,0.0,0.0008526937576560659
8663.0,0.00031724817729405006,0.00017177945750570275,5.6203120160770594e-06,0.0,2.5762381317555858e-05
8666.0,4.003219814586636e-05,0.0,0.0005848265922884587,0.0,6.185031046422125e-05
8669.0,0.0004092170385538993,9.458887540324182e-05,2.0833862327270054e-05,0.0,7.048733928850709e-06
8672.0,6.022744075284639e-05,0.0,7.894478644448451e-05,0.0,0.0
8675.0,7.19843619396355e-06,0.0,2.7462994837158967e-05,3.132372157962312e-05,4.083549394947274e-05
8678.0,2.574677561860093e-05,0.00019245346850735412,0.00013640605907292393,0.0,1.3677760908343227e-05
8681.0,0.00035087183318920214,0.00011184112206717325,3.325410871180633e-06,0.0003652735223584972,2.7744068547363854e-05
8684.0,0.0003090191263608286,0.00020218281900167035,9.796072907498209e-05,0.0,0.00011063345704737806
8687.0,0.0006736481854452207,0.0,3.6828008529905244e-05,0.0,0.0001029654196705859
8690.0,7.994553453203252e-05,0.0,0.00024021364417275049,0.0,9.153224110858376e-06
8693.0,0.0002499303469324628,0.0,0.0004689155190001333,0.0,0.0
8696.0,0.00015674837327803105,0.0,8.478707022311034e-05,0.0,9.684587094887978e-06
8699.0,5.809517258536257e-06,3.654453043289008e-05,2.216977506031567e-05,0.0,0.0
8702.0,0.00017187513349928318,0.0,3.942596375033967e-05,0.0,4.2679431835314234e-05
8705.0,0.0001274482416685877,0.0,0.0001239537887507524,3.106065439724623e-05,0.00040088192858323473
8708.0,0.0001702478110159332,4.9141400721163516e-05,0.0002552131348608124,0.00022971157506741975,5.9013314019104685e-06
8711.0,0.00032011544536667474,7.232380729383189e-05,2.9108678851879434e-05,0.0,0.0006541212296486404
8714.0,0.0001694202038900951,0.0002698691662604057,2.3158252637395125e-07,0.0,0.00028052475627370467
8717.0,0.00031280371786336246,0.00033694209184940673,1.138050381309554e-07,0.0,0.0008414549996819511
8720.0,1.9340101782313326e-05,0.0009231301748842167,0.0003844296739000516,0.0,0.0
8723.0,9.284035431203731e-05,0.0004321577787423485,0.00021108839658112914,2.523436488829699e-05,7.910600209983798e-06
8726.0,4.3243165875471107e-05,0.00018970415166793956,3.412532079873936e-06,0.0,1.959026989914628e-05
8729.0,6.0079545977722124e-05,2.9112368058584676e-05,0.00021154121089738274,0.00032440258954583056,0.0005553323173889961
8732.0,3.915080133777781e-05,0.0002715702723849211,4.2461746741829856e-05,0.00016380838865402727,0.0005627669069902055
8735.0,0.0002306727135064887,8.755515101335927e-05,1.0228538447589112e-05,8.608784808891431e-05,9.188089430349054e-06
8738.0,5.2969749810304334e-05,8.511375662816047e-05,0.00019314742058380009,4.902569117600083e-05,0.0
8741.0,0.00020138477054800004,5.940299066843309e-05,0.00019812661253826037,6.0245470868073085e-05,0.00020601878593935652
8744.0,0.00012049833579477622,0.00012525213358997365,5.8840179006802354e-05,0.0,0.0
8747.0,0.0001117305364662623,0.0,8.441075943318841e-06,3.2782842843370786e-05,0.000260152286838845
8750.0,0.00030211725501872686,0.0004026924474894046,0.0003085061441813467,0.0,6.060927062134702e-05
8753.0,8.543410487411903e-05,0.00020573277688295234,5.289479507869436e-06,0.0,0.00018638712621372793
8756.0,0.00013684601427490898,4.662218986627881e-05,0.00022451830570910787,0.0,0.0004743663244830986
8759.0,9.396876338527488e-05,0.00022185255258119828,0.0001118676819444841,0.0,3.612004064950725e-05
8762.0,1.5150652296001212e-05,1.555533718207265e-05,0.00014780765393072656,0.0,1.3967509040272264e-05
8765.0,2.899010409986325e-05,0.00013127114103708164,0.0001357234757978641,0.0,0.00038626473587272824
8768.0,1.3606942060936487e-05,0.0,1.575040486255846e-05,0.0,0.0
8771.0,0.00011436914114690324,0.0,0.0,0.0,7.926940308545336e-05
8774.0,2.137194879362306e-05,0.0,0.00025812097652582437,0.0004276590885878579,0.0001013851045204126
8777.0,2.2660892849523705e-05,0.00043764634618345785,8.445681406837986e-06,0.0,0.0
8780.0,4.262828436472868e-06,0.0,0.00043907697181409816,0.0,0.0
8783.0,9.443412576446538e-05,0.0003252509522893841,2.0148766024095942e-05,0.0,0.0
8786.0,0.00012871200143158584,0.0,8.246397729030233e-05,0.000402781386065871,0.0007106769510555357
8789.0,2.3425485121314238e-05,0.00017555514118774892,4.458539371144807e-05,0.0,0.00022113454969862999
8792.0,9.456160956322854e-05,0.0001944003039332398,0.00016519133177182832,0.0,0.0
8795.0,8.098547543529671e-05,0.0001611473055000255,9.972103074050884e-05,0.0002943927178442928,0.0
8798.0,6.804781238468914e-05,1.898577011676946e-05,0.00015424451171041983,0.0,0.0
8801.0,0.000150591148666076,0.0,4.1616108576423415e-05,0.0,1.7926451723677548e-05
8804.0,5.393421478920661e-05,4.453075877041963e-05,0.0001888508023072566,0.0,0.0008827067814314611
8807.0,4.377750475259747e-05,0.0,8.563135504411906e-06,4.854499666010221e-05,0.0
8810.0,0.00012193197850736164,3.6700366755653046e-05,8.004779991969521e-05,0.0,0.0002443441057052306
8813.0,9.264183240988143e-05,0.00024077760035428028,0.0001247275496312232,0.0,8.958823530137818e-05
8816.0,0.0005063017412311124,0.0,2.0876391154514845e-06,0.00013199231592407647,9.073868325886186e-06
8819.0,0.00015967314300409076,0.00045085015219551594,0.0002545520383494362,0.0007554695919615908,0.0
8822.0,0.00023009540885642003,6.588116836479243e-05,1.5635214689887967e-06,0.0,2.6408441048128864e-05
8825.0,0.00022501608200769317,9.010729509590031e-05,1.116170879363267e-06,9.445155990983001e-05,7.261874996291221e-05
8828.0,0.00015045179900494778,0.00013782985855634024,1.9360211857051607e-05,0.0,0.0
8831.0,9.218662168010827e-05,0.00021226862121156124,4.3825488756139817e-05,0.0,8.94846850004959e-05
8834.0,0.0001565272361284104,0.00022028023030813636,9.15426272460061e-05,0.0,0.00021088443266359394
8837.0,0.00014234785548906416,0.0001171774830829948,5.94974215326349e-05,2.7101507556994874e-05,7.333174782271199e-05
8840.0,0.00012786964770600606,0.00031651003887539074,1.6340205742693393e-05,0.0,0.0003672157315614827
8843.0,9.744312654544167e-05,0.00043269573897324954,9.458840610924305e-06,0.0,0.0002332764236358185
8846.0,0.00030951061761457627,0.0006561676301148613,0.0005603669493999848,9.085861527397085e-05,0.00025573238469293793
8849.0,0.00044432113813031265,0.00029038755920439684,0.0003994875150457473,0.0,0.000625783315357588
8852.0,0.0002531590113800918,0.0003021567632626312,0.0003413693520840447,0.0,0.0002602068403430264
8855.0,1.820194052932526e-05,0.0,6.147344190656239e-06,0.0,6.17093958354569e-05
8858.0,0.0001971518276366595,0.0001989185887419725,2.9248805417467947e-05,0.0,1.3842996513412096e-05
8861.0,4.4383522030359056e-05,0.0,0.00016405000319917045,0.0,0.0007204372478179788
8864.0,4.587823229582138e-06,0.0,6.586546912061584e-05,0.0007274051772663277,2.345899394407143e-05
8867.0,2.8636877368013214e-05,0.00018604310180994973,0.0005563587975930838,0.0,0.0
8870.0,8.693388126326027e-06,0.0,0.00018110913482465536,0.0,0.0
8873.0,3.1462509401702517e-06,0.0004830443143717856,0.00043446086761868703,0.0,6.684759679665257e-06
8876.0,7.526350491482024e-05,0.00010143513487275082,0.00019985372408437213,0.00011179423896261506,0.0006174331864751537
8879.0,8.988180629330635e-05,0.0,0.00039359189867821246,4.5025886878641134e-05,0.0004883614320888534
8882.0,6.4242777796752034e-06,2.855455686462088e-05,0.00015734514461600684,0.0,0.0005303072549075446
8885.0,4.76988237103499e-05,0.0,7.677272817784047e-05,0.0004223033087396565,5.930496094441872e-05
8888.0,5.2637973851003505e-05,0.00044753780564195465,0.00019471782788127494,0.0,7.231164655744935e-05
8891.0,0.00012531604296008657,0.0,0.0002757407866571733,0.0,1.6450349375855852e-05
8894.0,0.00013578795959717741,8.630346017617534e-05,0.00016450855710335098,0.0,0.0
8897.0,0.0008949541769993284,0.00022051556349384754,1.8649584395254895e-05,0.0,0.000324935077952116
8900.0,7.957839127285791e-06,0.0,6.659729148730317e-06,0.0,0.0002049289106233353
8903.0,0.00011679744103903427,0.0,0.0002427570723314017,0.0,3.884177410750834e-05
8906.0,0.00021217285077166267,2.169934852590086e-05,1.8522640118972483e-05,0.0002787301069103212,0.00016616251068584325
8909.0,0.00012928311708818057,0.00010114218342035261,1.1643997696447335e-06,3.4742087534942294e-05,0.00037990894969688763
8912.0,6.040445039705321e-05,3.0002038939789624e-05,0.00041193668711435994,0.0,0.0001251984480395458
8915.0,0.0001716127384459362,5.311225060930945e-05,9.872078574442398e-06,0.0,0.0
8918.0,6.247570337184586e-05,0.0,1.968330393793818e-05,7.1811418035476e-05,1.4281292197016927e-05
8921.0,2.5710760409006567e-05,0.0,1.2299826972243544e-05,3.8351178979299825e-05,0.0
8924.0,0.00017774458961442773,0.00047235744975360113,3.775277404186839e-05,0.0,0.0
8927.0,3.175048538733853e-05,0.0,5.2828405603684594e-05,0.0,0.0
8930.0,0.00010995971292518234,0.0,3.7761708710408196e-05,0.0,0.0
8933.0,0.0003024255683836763,1.4163072457461133e-05,4.1593004507481905e-05,0.0,0.0004155746596735234
8936.0,7.478927054377701e-06,0.00037239748686063986,5.278717970415425e-05,0.0,7.475344955130674e-05
8939.0,6.348741184838992e-05,7.162368353247463e-05,5.5382894912202325e-05,0.0,6.291208703558795e-05
8942.0,1.7972056691192935e-05,0.00016722234879182587,5.4321124495820815e-05,0.00022755324104669828,0.0
8945.0,1.3643899226856498e-05,0.0002345913125482287,6.431840545164402e-06,0.0,4.90342591771195e-05
8948.0,4.3184300778414645e-05,0.0,9.932797536755398e-05,0.0,3.197870055302806e-05
8951.0,2.478129850218089e-05,0.0,5.036083540435414e-05,0.0,0.0010591218968359203
8954.0,5.723503337831225e-05,0.0,7.165068843280487e-06,0.00015914165096216968,0.0002402304750630126
8957.0,2.4845300450645266e-05,2.4943234245769596e-05,0.00016625504186599735,0.0,0.0
8960.0,1.2036879886187797e-05,3.900901627384128e-05,4.783648992551724e-06,0.0,4.074112712693507e-06
8963.0,0.00019173953623777607,6.456977706144736e-05,6.106982171478301e-06,0.0001637961333297223,3.6328722949936456e-05
8966.0,2.8452211327587402e-05,0.00014802008573616533,2.0648637554772436e-06,0.0,0.0
8969.0,0.00016872185875006247,1.6620278661179974e-05,5.272613849942224e-06,4.878773689574003e-05,0.00011173639930833397
8972.0,1.2602607791904893e-05,0.00014922247346298986,1.586998985840191e-05,0.0,0.0003062933973807847
8975.0,6.289310198609394e-05,0.0,3.3446143839841073e-06,0.0,0.0002260722996098457
8978.0,5.1589584346301866e-05,0.00016257960326884448,4.7632818146570376e-05,0.00032876709575926244,0.0003472765697026551
8981.0,0.0001497662509968578,4.520071854261118e-05,0.00010666658686169036,0.0,0.0001729381755706823
8984.0,1.1655942914334901e-06,0.0,1.4347644689834315e-05,0.0,6.886728254378335e-06
8987.0,0.00013422738585909264,0.00018217502750204139,3.0376011001923865e-07,0.0,1.7154897982586126e-05
8990.0,0.00024594880293772435,6.538662428719086e-05,0.00013151002818421526,0.0,0.0010931856792034814
8993.0,1.0923257719787362e-05,0.0,0.00021294827012255138,0.0,0.0
8996.0,0.0002449456488272651,0.0,0.00020008341657683476,0.0,0.0006168469566671595
8999.0,0.00017260178353097145,7.434387686238923e-05,3.941810678292569e-06,0.0,7.59215264652674e-05
9002.0,6.192368089358054e-05,0.0,3.2354352037967064e-05,0.0,2.7682953730553625e-05
9005.0,3.2454809465248104e-05,0.0,8.026250937697316e-05,0.0,6.748631144327159e-06
9008.0,0.00016684919113426217,0.0,3.821091839380973e-07,0.0006548945963647008,3.991336551545752e-05
9011.0,0.00016826717706799643,0.0,6.715173854985285e-05,0.0,0.0
9014.0,7.548022678811832e-05,0.0,5.8385850324262463e-05,0.0,0.0
9017.0,0.00020374589550344906,0.0,0.00010110960915000622,0.0,0.0
9020.0,2.243938186867198e-05,0.00034470988642483074,4.784002856596227e-05,0.0,0.00011616368711876935
9023.0,4.321894223826345e-05,0.0,5.9449339553091474e-05,8.296483224207812e-05,0.0
9026.0,0.00017668429093431267,0.0,0.0002827049663465109,0.0,0.00016061801890191021
9029.0,7.546456771576415e-05,0.0,2.8288644017449108e-05,0.0,0.0
9032.0,0.0001800214607068047,0.00018954285871760888,0.00014311793220647613,0.0,0.000446814253957708
9035.0,1.6090989798909277e-05,0.0005906224610334056,0.00018057173299338659,0.0,3.6514921724717496e-05
9038.0,9.836832523031455e-05,7.204147270248075e-05,0.00015681996687857492,0.0,0.0004543555440448489
9041.0,3.379854650849048e-05,1.882537502970221e-05,2.8542949902978933e-05,7.378803186070919e-05,6.908325236037504e-05
9044.0,0.00010326167536508264,0.00023380795661432459,0.00045128306544478926,9.102272757257315e-05,0.00028005539946351915
9047.0,0.0001026901462435729,0.0,0.00010800656212714306,0.00026112497540137117,0.0003296722833836574
9050.0,0.0001885376678203309,0.00021358752281866767,3.785303593328702e-05,4.405523240828821e-05,0.00010882308779011721
9053.0,9.557578264786688e-07,0.0,5.5542624910755864e-05,2.1780932811674798e-05,0.0006293042322653945
9056.0,3.774718428823842e-05,0.0002478666140229925,0.00046393247251644797,0.0005859562554073915,0.00041905847555531386
9059.0,0.00025937427163154016,0.0,0.00013360309182175527,0.0,0.00010213392087133271
9062.0,0.0001963007633232814,8.114665445103943e-05,0.0004274137803305603,0.0,0.0004493478407733602
9065.0,0.00010282740888527898,9.517748429925475e-05,1.1966457053715579e-05,0.0,6.483899520871999e-06
9068.0,0.00021986141230657692,0.00010805877633892399,7.569807141665e-05,0.0,1.2510281378186099e-05
9071.0,7.201031307258916e-06,0.0009096421579450097,4.235962729083193e-05,0.00026237843243822457,0.0003502976481265475
9074.0,6.24443022511265e-05,8.091258745095248e-05,2.3150001437029e-05,0.0,0.00012281110983884685
9077.0,2.316541591424967e-05,7.72457114028915e-05,0.00012421150603479045,0.0,1.2163217431818254e-05
9080.0,3.6187844259581364e-05,0.0009921460145681103,6.0846840160018894e-05,0.0,0.00036667679841287176
9083.0,4.797182538555387e-07,0.0023644625092501853,3.700625637234485e-05,0.0,0.0001520588925117949
9086.0,0.000133480592917627,0.00021873494810495766,1.587515373187956e-05,0.0,0.0008862861985402362
9089.0,0.0,0.0,8.38834683251832e-06,2.736849116897664e-05,0.0006811314235181796
9092.0,2.9558111737812847e-05,1.5920691881581073e-05,1.7472689651555324e-07,0.0,0.0
9095.0,8.839231123897818e-06,0.0002990797461743532,5.7132433652986656e-05,0.0,0.0
9098.0,2.9883182958250087e-05,0.0,1.2657210231348122e-05,0.00025934866075774546,0.00014192847873369362
9101.0,0.00021984791069834585,0.0,0.0,0.0,0.00015667311332228645
9104.0,2.6948986710348136e-05,0.0,0.00018303873152556208,0.0,0.00014480262291967344
9107.0,0.00015245862278582382,0.0,4.1660680965022425e-07,0.0,0.0
9110.0,6.865787989117078e-05,7.85889545295204e-05,2.155798243403991e-05,0.0,0.0
9113.0,5.986165358832395e-06,0.0,3.064723573150707e-05,0.0,0.00010696160399641596
9116.0,7.580380833443233e-05,4.790135234298085e-05,6.17994132145919e-05,0.0,0.00017300202627318988
9119.0,0.000169468328844381,0.0,1.1301335961730221e-05,0.0,0.0004312254150751591
9122.0,1.6624128929971654e-05,1.674143191503707e-05,9.123557366924838e-06,0.0,0.00024712550440417745
9125.0,0.0001239114393333885,0.0,6.333596858279915e-05,0.0,0.0001027659217922356
9128.0,6.408184983454766e-05,0.00023148164002424328,5.886112856194157e-06,8.602955422587827e-05,0.0
9131.0,0.00030336750524870905,2.990258446151254e-05,1.352597019126495e-05,0.0,0.0002794747726059855
9134.0,2.099376425961244e-07,0.0,4.051797931923034e-06,0.00031492621259054514,0.0002404609123262206
9137.0,0.00014370398341166917,0.0001328080919620786,2.985321314150634e-05,8.059364615232132e-05,0.0
9140.0,0.00011723062863550276,0.0003874804561956031,0.00011250242662417669,0.0,0.0
9143.0,0.00037082875251110526,0.00022062228644807334,7.466569148851669e-08,0.0,0.0
9146.0,4.7299480625352325e-05,0.0,1.896843469663527e-05,8.581073307623494e-05,0.0
9149.0,0.00033183823131364753,0.0,1.7281783050673936e-07,0.0,5.547395182466316e-06
9152.0,8.036978712875284e-06,0.00036688112906335674,1.2707385677541453e-05,2.7620347170701167e-05,2.308384257786054e-05
9155.0,0.0003510924680226252,0.0,1.1754160838846744e-05,0.00040188158369142726,0.00010568585266273981
9158.0,4.70465928641919e-05,0.0,0.00014284621206853292,0.0,0.00028275793972546294
9161.0,0.0001258500013694625,0.0002060769561470702,0.0001110562139613336,0.0,8.170012475131542e-06
9164.0,0.00021914730184156346,0.0010068203606272386,0.00010084558682211496,0.0,0.00014445799239216404
9167.0,0.00022356128740015933,0.0006532620503436193,0.0004995628373671919,0.00046421664615339917,9.75689148601623e-05
9170.0,0.00013368077070943703,0.00022891749136105333,0.0006781996371451671,0.0,0.0001603819522636816
9173.0,1.1218671574723644e-05,0.00015257579928958456,4.731191549027406e-05,0.0,0.0
9176.0,0.00012795852833565695,0.0,0.000560439913296117,0.0,0.0006701514322949605
9179.0,0.0001241385622623568,0.0,9.175231939131832e-06,0.0,3.8369785222397e-05
9182.0,0.0001978867857707668,5.221654767435694e-05,0.0002628591346662352,2.4979818345761106e-05,0.00028493233891223216
9185.0,8.775147546245458e-05,0.0,7.209035686710638e-05,0.0,4.609814515106565e-06
9188.0,2.257561182892909e-06,7.730708854188708e-05,1.2618974795071527e-06,0.0,4.998361812024537e-05
9191.0,2.5569854767119156e-06,0.0004629736774042883,0.0002249398496124284,0.0,0.0
9194.0,0.00018613813776659343,0.0,2.47342873511237e-05,0.0,0.00021221026467279933
9197.0,4.1274658322081776e-05,0.0,2.477585119113406e-05,0.00044540799119415034,9.699186098063841e-05
9200.0,1.0248926971411176e-05,6.611484099952337e-05,0.00011523994757794315,0.0004920499665565629,0.00026416041129087136
9203.0,0.00015520785592122282,5.808055217454868e-05,0.00011448981954427833,9.399358353654387e-05,0.00014361350592165625
9206.0,0.00016461587665048165,2.900958503749129e-05,5.066373138850109e-06,0.0001859591692638029,4.881006188501569e-05
9209.0,8.618345679888794e-05,0.0,5.058903909841665e-06,0.0,4.0722444019259756e-05
9212.0,0.00017929608855643615,0.0,8.160434302617017e-05,0.0,0.00035033722456759774
9215.0,0.00011052855570077483,0.0,0.00010186335422544558,0.0,0.001282355099248127
9218.0,6.780244199442695e-05,0.0,0.00020406065114827123,0.0,4.342549531331982e-05
9221.0,5.08886138577725e-05,0.00037456256010609567,5.091290343586999e-05,0.000761875858724193,0.0006621062484976751
9224.0,0.0003031410931300013,0.0004928936449450318,0.00039938321616040734,0.0,0.0004503554087754273
9227.0,0.00019124527793608397,0.00020049399773003807,0.0006528915206434492,0.0,2.1761862420146626e-05
9230.0,7.329763189369928e-05,0.0,0.00016328204405585987,0.0,9.858119634312471e-05
9233.0,5.652797626461991e-05,0.0,0.00032310005268169846,0.0,0.0005195301774089268
9236.0,3.537541828886805e-06,0.0,0.00010703260259611366,0.00012495170872891113,0.00013708552976278746
9239.0,0.00025197472389725385,6.092162964736988e-05,6.522904985679897e-05,6.315503951962824e-05,0.0
9242.0,1.9150110315734227e-05,4.513725796399885e-05,3.6002572662721814e-05,0.0,7.796680392691983e-05
9245.0,0.00014607242423181788,1.5663175024521927e-05,0.00012521794988519703,0.0,0.0
9248.0,0.00019207224224670607,0.00012828421286994638,4.3125901753730834e-05,0.0,1.6654186544456745e-05
9251.0,0.00013258456956247985,0.0,0.0005137511097508209,0.0,0.0
9254.0,0.00024080536263724843,0.0,1.34417324229844e-07,0.0,0.00028729004008138916
9257.0,0.00017523099772216637,6.336073224899026e-05,5.537265709754347e-06,0.0,0.0002530035807776603
9260.0,9.158182653690388e-06,0.00010062869492395008,5.827086997585525e-06,0.0,4.8764461588012925e-05
9263.0,3.367295588422695e-06,2.7603298020173416e-05,2.4546661991144978e-05,0.0,0.0
9266.0,0.0002380142101616146,0.0,0.00016733496939245592,0.00012144036409768575,0.0
9269.0,0.00023519711993342127,0.0,0.00010394618061336776,0.0,0.00014015989803065125
9272.0,7.972086116187495e-05,0.00014115073729118922,0.0003695414328560092,0.0,0.00034188068586939223
9275.0,0.00011502011533884383,0.000497484195345043,0.00039441720070113647,0.0,0.0003980877333192264
9278.0,2.9500149285464486e-06,0.0,0.00017501618114671374,4.400620754743805e-05,0.0
9281.0,9.416502111198037e-05,0.0,6.605919103318706e-05,8.78734121347597e-05,0.00037682566219627954
9284.0,2.7525859186372983e-05,0.0,0.00037397459118144896,0.0,2.2706282801749794e-05
9287.0,2.8813924401198896e-06,0.00023666153720513158,0.001043458400546482,0.0,0.0
9290.0,0.00011236612202401218,2.5994150951885305e-05,8.468534198788535e-05,4.986600943491712e-05,0.0
9293.0,0.00018172530541058982,6.633906870799166e-05,5.388898540147702e-05,0.0,0.00016353482223698803
9296.0,0.00023804034145654941,2.3410445239435653e-05,9.950026710303719e-05,0.00017165285460739232,5.741859182130946e-06
9299.0,7.484157178161223e-05,0.0,0.000739733749696295,0.0,0.0005899558144060301
9302.0,1.680022603324888e-05,0.0,3.171448612880771e-05,0.0,0.00015343505906105268
9305.0,0.0001466119705221682,0.0,4.187406683999631e-06,0.0,0.0035252662903515327
9308.0,1.4663657986802463e-05,0.0,3.0010433886804786e-05,0.0,0.0017111561364392999
9311.0,1.771389788429954e-05,0.0,2.6286169995800054e-06,0.0,0.0013267576719243096
9314.0,3.3185001582985264e-05,5.0496504571896376e-05,1.1860669804418997e-05,0.0,0.0005962307503936554
9317.0,1.9456751033818183e-05,0.0,2.0391883859486687e-05,0.0,8.26517915966396e-05
9320.0,0.00016129387252513023,0.00025408479705731996,0.00023577900806049545,7.640043295237235e-05,0.0004942119901142681
9323.0,0.00011131125677940283,0.0,0.00016973739315064395,0.0,0.0015661694386188579
9326.0,4.159546325605582e-05,0.0004016579701139792,3.1237459612428614e-05,0.0,1.2196530308407184e-05
9329.0,1.982332896889976e-05,2.8331306388544256e-05,0.00013659334761654914,0.0006515703850832584,7.51220155396645e-05
9332.0,6.637307414698194e-05,3.565797975053975e-05,0.0005745542995346771,0.0,0.00026159543209790384
9335.0,3.132617234949421e-05,2.2813934154590585e-05,4.61991632917321e-05,0.0,0.0007868547240292858
9338.0,7.628898168031771e-05,0.00015470738620377149,0.00011047690328180748,0.0,4.8333162750410255e-05
9341.0,0.00013047903448560154,9.249178181613853e-05,0.0002944212526236802,0.0,0.00080352696232318
9344.0,6.115151694854816e-05,0.0,0.00030907078208438325,0.0,6.440506901486293e-05
9347.0,2.6191884853475773e-05,3.9017756799090636e-05,3.3118954515438264e-05,0.0001227918779834999,3.0493351496664526e-05
9350.0,9.894537572121134e-05,0.00015973894248394663,0.00012725929523290793,0.0003014369332150495,0.00017444487095287842
9353.0,0.0003854756977805111,3.716808902847413e-05,0.0002213960339899666,0.0,3.193563229511672e-05
9356.0,3.287521531088351e-05,0.0,4.465977834863428e-05,6.474659240937822e-05,0.0003819549203313737
9359.0,6.824342448541748e-05,0.0,0.0008022447333710456,0.0,6.503247489352352e-06
9362.0,9.53058862586236e-05,0.0,2.4385851353299674e-05,0.0,0.0
9365.0,0.00018962503755579925,0.0,6.267197634646229e-07,0.0,0.0
9368.0,3.534003795018566e-05,0.0,3.6626230506093005e-05,0.0,5.228998250353744e-05
9371.0,0.00027302800657045466,0.0,0.0002037483762121086,0.0,0.0002108920580366311
9374.0,0.0001594659685446425,0.0,0.00010738868540328904,0.00024086798985066183,0.0
9377.0,0.0004372616837098349,0.000373564691741079,9.049839257366358e-06,0.00016561727665962146,0.00013357455037702075
9380.0,0.0001870138006707628,0.0,1.6259752976341395e-05,0.0004730059730216302,0.00015914458165971438
9383.0,9.760897057767058e-05,1.864228161209596e-05,1.2102681699807115e-05,0.0,0.0
9386.0,0.00035466639620845093,0.00016886638727298155,0.0,0.0,0.0
9389.0,2.51327268739217e-05,0.0,3.6820380145683907e-08,0.0,0.00016799250961626905
9392.0,4.083460186953004e-05,0.0001996245089299778,0.0002683092572794249,0.0,0.0
9395.0,0.00013077022836331626,0.0001602077015160056,5.137566300172983e-05,0.0,4.4358387980610006e-05
9398.0,0.00013813939663975816,0.00013104789056100503,0.00010262510248558595,0.0,0.0003992292195759228
9401.0,8.261997149832348e-05,0.0,5.6799279312142543e-05,0.0,0.00019644958640450987
9404.0,0.00019948941204793357,0.0,5.241188414460922e-06,7.475387186664337e-05,0.0
9407.0,0.0001433874908782082,0.0,0.00023873750585532666,0.0,2.0771017861508342e-05
9410.0,0.00022266524837111503,0.0,2.8301027192194218e-05,0.0,0.0
9413.0,7.21150068296794e-05,0.00014981767371707606,4.0416861799647955e-05,0.0,1.4398520982651752e-05
9416.0,0.00024849896279332466,0.0003655615974637948,5.3307728559493594e-05,0.0007575358346503293,0.0
9419.0,0.000430010486777148,3.884818465656862e-05,0.0002608696595867768,0.0,0.0
9422.0,1.7640591203882572e-05,7.889563684110713e-05,7.299458473046093e-06,0.0,0.00026801184140499133
9425.0,3.475610361247958e-05,0.0002628855833172998,0.0003528070146573728,8.633117988716762e-05,0.0002522949797759026
9428.0,8.811029266156959e-05,0.0,0.00023458488996944696,0.00017862888882308505,1.1190137727394254e-05
9431.0,0.00035884199748454943,0.0001456365390440399,0.00014576242895008996,0.0,0.0
9434.0,4.2340303772567476e-05,8.976101751045413e-05,0.00018909959720419343,0.0002818516189052072,0.0005544646556356079
9437.0,9.95224482492562e-05,0.0001904140589144972,2.7948244293261825e-05,0.0,0.0
9440.0,0.00010467355104569312,0.0005232130698674393,0.00046134705159164965,0.0,4.401733845285179e-06
9443.0,0.00032078791648425275,4.463901330079226e-05,2.693420583716253e-05,8.06866177009671e-05,0.0
9446.0,8.521963880254545e-05,0.0008849154488818396,0.0007450752805829852,0.0,0.0
9449.0,6.586417119419687e-05,0.0003165924798369403,0.0007010377199667031,3.0058312127032895e-05,0.0
9452.0,2.480220185947972e-05,0.00028291399838884944,0.0001967564873648692,0.0002413558365723994,7.691012116136601e-05
9455.0,1.8473234989205595e-05,0.0001395793910103763,1.694845970675859e-05,0.0,0.00016754569673072607
9458.0,4.498564183646066e-05,0.0,3.750770955813651e-05,0.0,3.681796990395008e-05
9461.0,2.1416754687948537e-05,0.0,3.2397244325704344e-05,0.0,0.0
9464.0,0.0001929712490003284,0.0,4.2451601733286304e-05,5.696700590768417e-05,0.0
9467.0,7.626676800083104e-05,0.0002437938653354477,8.201728045869584e-08,0.0,0.0006048698417492251
9470.0,4.7192013974324876e-05,0.00016296451377746996,3.3477413651386587e-07,6.724183915776529e-05,0.0013978399299823894
9473.0,2.171773575305331e-05,0.0,9.757485157908324e-05,2.4451743584355954e-05,0.0008692469570819632
9476.0,1.17515471481316e-05,8.424676795564034e-05,4.029880515052234e-05,0.0,0.0004009983712382087
9479.0,0.00017487533013705748,0.0,0.00037414558731687665,0.0,8.514606668870891e-06
9482.0,0.0001320671415614102,0.0,4.991780757528464e-05,0.0,0.0
9485.0,6.082445930075487e-05,0.0,1.762324962101488e-05,0.00020708369208100093,0.00015214987180011018
9488.0,0.00023259792862378997,0.0,9.348280216958878e-05,0.0,0.0
9491.0,5.4833370796197174e-05,0.0,1.4308417915196152e-05,7.066707935576674e-05,0.00018109451239226414
9494.0,7.308422286350453e-05,1.4340881627325116e-05,5.922014922934171e-05,0.0003525590599367745,0.0
9497.0,0.00018456003709802426,0.0,8.288554387734678e-06,6.207497447445365e-05,0.0
9500.0,4.779689772482215e-05,5.191298556162482e-05,2.1512482293015995e-07,0.0,0.00012731864620688972
9503.0,1.2223359131055087e-05,1.337974256655223e-05,0.000262970380506954,0.0,1.1739234422406677e-05
9506.0,0.00021009393450062284,0.0,5.679370625515968e-07,7.094897676019294e-05,0.0
9509.0,0.00023928657489415755,0.0,0.0001225092240207614,0.0,2.5252234424027284e-05
9512.0,5.1855205958241026e-05,0.0001447381276375856,1.899179527926485e-05,0.0,4.989273556469449e-06
9515.0,5.940655677245348e-05,0.00039496713275959507,1.2349486512784443e-05,4.9111784918334117e-05,0.0007966995430500541
9518.0,5.932754943903118e-06,0.0,3.4510192853299567e-05,4.351863878885716e-05,0.0046118665662210605
9521.0,7.612233946024334e-05,0.0,7.208488050310903e-05,0.0,0.002640853374171051
9524.0,9.6685181733497e-05,0.0,0.00034311743136803384,0.0,0.005590574241389065
9527.0,3.6290270776710815e-06,0.0,4.6911188892159643e-07,0.0,0.001920290863085587
9530.0,0.00014029399340586884,0.0003804275691218169,2.1714275071445655e-05,0.0,9.576129941955026e-05
9533.0,0.00023822073062135983,0.0,0.0001830526019778155,0.0,0.00044327592798351336
9536.0,0.0005133220724819083,0.0004042050544145938,2.699839153260863e-06,0.0,0.0
9539.0,8.265936936134896e-05,0.0001417464075593318,1.822873248781279e-05,0.0,8.78849006119864e-05
9542.0,6.290757418527974e-05,0.0,8.430760623469565e-05,0.0,0.0
9545.0,6.751871345925068e-06,0.0,0.00025045216080986566,0.0,1.1265504347536241e-05
9548.0,0.00023242988572726874,0.00016828193781534635,8.373066534696222e-07,6.535224561872097e-05,0.0009830031761476966
9551.0,7.6480688082054e-05,0.0,1.6481116880531012e-07,0.00016178158466086405,0.0
9554.0,8.59951123992961e-05,0.0,3.072177628756137e-08,0.0,0.0
9557.0,4.3365063930609534e-05,6.887602352361243e-05,5.876684663980363e-06,0.0,7.314384372007475e-05
9560.0,1.1021146468014327e-05,0.0,1.533492756005992e-06,0.0,0.00017887121408529272
9563.0,2.4083905136618725e-05,0.0,0.00023877958029074468,0.0,0.0003422662716337449
9566.0,6.453400798013142e-07,0.0,0.0,0.0005147878801894605,1.4443139795996269e-05
9569.0,5.160180046073513e-05,0.00035592253679372714,0.0001969517355244231,0.0,2.1546529624198505e-05
9572.0,0.00024607154766633784,0.0006315333575628306,7.213401475887576e-05,0.0,1.5132138492883325e-05
9575.0,9.753326474671118e-05,0.0008202800000674723,8.235020996253631e-05,0.00018939397424529798,0.0005220509742656573
9578.0,1.812984167591055e-06,0.00010584052701767833,3.4268714300510626e-06,0.0022424240157490677,0.00012369349667831162
9581.0,2.482782850567559e-05,0.0004166870180474326,5.242597941045458e-06,0.00019716130542268704,0.0001008839872765399
9584.0,0.00017809981886719324,0.0,7.024250417454507e-05,0.0007600690803876853,1.1499392847030965e-05
9587.0,0.00034654451663042465,0.0,4.385720917464465e-05,0.0008491271536780224,0.00018131681466592012
9590.0,0.0001945572116996205,0.0,4.023445187298429e-05,0.00040796710235301324,0.00011015130508773243
9593.0,1.5852077913123666e-05,0.00028267347768652103,8.065650199796442e-06,0.00047764027989672785,0.00013664619219653005
9596.0,0.00032092870896372567,0.0005262247612025909,5.606210719201088e-06,0.002131001664762851,3.190016676061965e-05
9599.0,1.0075289176772352e-05,3.682000331507484e-05,0.0001105315237970306,0.0,0.00017475045494613956
9602.0,8.193931277019096e-05,0.0,0.0002522636909350941,0.0005825779339647839,4.825368144877793e-05
9605.0,6.672937638829189e-06,0.0,0.0003409675685322635,0.00027159053057686043,0.00015118585524790925
9608.0,0.00010313847312653677,0.0,6.407569606155892e-05,0.0004407197363030623,8.671840067801894e-05
9611.0,0.00022893367805376365,0.0,0.0004419136562702793,0.00022834901392794306,2.2617996459221835e-05
9614.0,6.1812747334605e-05,0.0,0.0007163136401549229,0.0,4.88819442381709e-05
9617.0,3.938530390058908e-06,0.0,0.0002517910012794417,0.0,0.0004241177642866521
9620.0,1.054737781471639e-05,0.00023098915458340588,0.0008412094995069168,0.00010145032295902584,5.1411461671578455e-05
9623.0,2.1433906079274093e-05,2.2824336470962824e-05,0.0002223118802201799,0.0,0.0007373644920816359
9626.0,0.00013191349333391343,0.0,9.909491805418356e-05,0.00043337092142160284,0.00013952910603336972
9629.0,5.700149414532276e-05,0.0,0.00024119456709781675,0.0,0.0005936876361085111
9632.0,0.00013209712432131056,1.5920193344244206e-05,4.5474565364814615e-05,0.0,1.7569728656884546e-05
9635.0,3.0087993743255668e-05,0.0,4.502006589991149e-05,0.0,0.0
9638.0,0.00016086119928819003,0.0003406385428188846,1.8893577848726775e-05,0.0,0.0
9641.0,2.3735436193806754e-05,1.6535638926749192e-05,4.2252041105544026e-05,0.0,1.2912002167639758e-05
9644.0,0.00044863729299070667,0.0,0.00018090259711435157,0.0,5.8763465085352e-05
9647.0,0.00041393673360979954,0.0,4.107491467399023e-07,0.00021885829692467763,0.0002464912819327635
9650.0,1.4902665711735134e-05,0.00031759236095344384,3.899356666864657e-05,0.0003654456831159372,0.0
9653.0,0.0001843837256058933,0.00022604415033759546,4.68927567104707e-05,0.0,0.0006040841206690205
9656.0,0.00015058990080524674,0.0,1.3837385851606074e-05,0.0003138590122504421,0.0
9659.0,0.00017174045865118198,0.0,0.0003567422462363222,0.00017272723922600623,0.0
9662.0,0.00017909927880795508,0.0,0.00028780466711085875,0.0,0.00016377770546797003
9665.0,0.00028032305594434764,0.0,1.5878603472728633e-05,3.51692741431819e-05,0.00018973445641176184
9668.0,0.00013929442432364245,0.0,2.8038735502575773e-05,7.664615951012926e-05,0.0
9671.0,9.993661856770553e-05,0.00015599071059913653,2.003013284861128e-05,0.00020827615402311628,0.0
9674.0,6.882026891238849e-05,1.5651752070766e-05,0.0001549438491978616,0.0,0.0
9677.0,0.00015006894754365666,0.0,1.589933011624866e-05,0.0,0.0
9680.0,0.001409938343041514,0.0001134615048276803,9.10756183318033e-05,0.0004183531386839135,0.0004000963283010189
9683.0,0.0006317242539882223,0.000719416062488223,7.741295317718994e-07,0.0,0.0004426776485761456
9686.0,0.0010811193586213054,0.0018900242043370654,7.421165974803103e-06,0.0,0.0010011569536426386
9689.0,0.00039609961380186656,1.636679722823567e-05,4.066528067652569e-05,0.00020670463586242783,0.0
9692.0,0.0005588133779665408,0.001169117418480485,0.0006341214365578812,0.00031310867565442226,0.0
9695.0,0.00044986790557450444,0.0005004559466466842,4.1093529797479895e-05,0.0005649477144991292,0.0003434028084759743
9698.0,0.0004995829242507128,0.0003567982808732082,9.520762652896148e-05,6.079910220355594e-05,0.0007868375008785522
9701.0,0.00016130602156192014,0.0004702891101134943,0.00014240768043082482,0.0,0.0
9704.0,0.0007158215356668796,0.0005614951170124329,1.303424640546846e-06,0.00017094017132821067,0.0003405404708777892
9707.0,0.00017221581265183724,0.0006194951293640823,6.1490517387299325e-06,0.0,0.0004293418837610502
9710.0,0.0011137186190156344,0.0013418730592171934,0.0002957226867753187,0.0005595150885289991,8.255068037702149e-05
9713.0,0.0006379444858319873,0.0005402185405496215,0.0003461862349404614,0.00012176770491459732,0.0
9716.0,0.0006251556696823196,0.0,9.538766063550756e-06,0.0,0.00030477090954903363
9719.0,6.796989480678222e-05,0.0,8.612362661788763e-05,0.0,0.00011972819228207916
9722.0,2.3907143298092457e-05,0.0,0.00044661126477793105,0.0002009422885704034,0.00015231592986960998
9725.0,0.0002712434903967419,4.214970476497854e-05,3.6284136311021776e-05,8.432560087555731e-05,0.00018278677519100348
9728.0,0.00046047220240505503,0.0,2.3702971252299484e-05,0.0,4.53382767279131e-05
9731.0,0.0004546125745456438,9.892487784764765e-05,6.37495080419434e-05,0.0002509541752081192,4.295777965705901e-05
9734.0,0.00027704925850982555,0.00022523001406363902,6.195999252893474e-05,0.0,0.00021087131475700774
9737.0,0.0007636006863434859,0.0003610018732891133,0.000437845895481758,0.00024642526091477724,0.0
9740.0,0.0010145003536983193,0.00017356795152071485,4.0321437128766495e-05,3.4229409437875524e-05,0.0
9743.0,0.0008161345363289791,0.0006952409378628763,7.352441746507522e-06,0.0,5.8248252226172005e-05
9746.0,0.000754597365336538,3.872461808515545e-05,0.0004414935742603521,0.0,0.0005248443867020749
9749.0,0.001400483949164847,0.0,0.0002090381553613259,0.0,0.0003279490236322689
9752.0,0.00020668863748020104,2.7845691337871636e-05,9.155713011726307e-05,0.0,0.0
9755.0,0.00039984241342437543,0.0010607732158746358,0.00010476192294537634,2.1589970341227233e-05,5.010300428245977e-06
9758.0,0.0006172953284220307,0.0,2.3575589428924693e-05,0.0003222203364391146,0.00015479899858889098
9761.0,0.0006165875411448163,0.0013688269714313907,0.00038341300937930444,0.0,0.0
9764.0,0.0005952636917841583,0.0034161410771477536,5.0230711321122845e-05,0.0008952893361229805,3.1354837452880044e-05
9767.0,3.830330424138581e-05,0.0002391645021915761,2.9121810229559038e-05,0.0,1.8243431308451527e-05
9770.0,0.000444240906017485,0.0011066552290930677,4.307421105672865e-07,0.0,9.190448199825424e-05
9773.0,0.00020679047012644468,0.00017624861406418673,0.0003062421087189637,0.0,0.0003067590717397832
9776.0,0.00015224013796019914,0.0,9.731506176118152e-05,0.0,9.131628072933492e-05
9779.0,0.0008777227492113918,0.0,5.4087086000720155e-05,0.0,0.0007269079048593388
9782.0,0.0012841561710085795,0.0,4.619424165461811e-05,5.471569677468673e-05,0.00031399120485565323
9785.0,0.00035447644492209266,0.0006864441150987388,2.5908732237825593e-06,0.0,0.0
9788.0,0.0002200535932389658,0.0002952304959914108,0.0003346702249243044,3.5965645714302576e-05,0.0
9791.0,0.0010216753790627823,2.1770297085707238e-05,0.00012551528017231683,0.0,7.539941113351393e-05
9794.0,0.0003679527775495658,0.0011809782021113021,0.0005494384773874636,0.0,4.336184421061387e-06
9797.0,0.00018000742886019685,0.0,0.00012680812130362902,0.0,2.182525777086085e-05
9800.0,0.0005729935708963361,0.0,0.00018044885653512252,0.00014446315432986828,1.079532082611551e-05
9803.0,6.56188860832083e-05,0.0,0.00013037625316428516,0.0,0.0
9806.0,0.0002882455520145744,0.0,6.417859772973719e-05,0.0,0.00013897431767687375
9809.0,0.00015395113996466948,0.0004513218082007563,0.0007578630910001703,0.00015971172845108885,0.00014440131171090023
9812.0,2.7727500672284916e-05,0.0,0.0007720744143665658,0.0,0.0
9815.0,5.0987275301802966e-05,0.0009252911159744326,0.0023151064579683377,0.0,0.0004355501038688733
9818.0,0.00038851487582020256,0.0006317613900288846,0.0008327825316685898,0.0,0.0005952219423247355
9821.0,0.0002755454491273954,0.0007861943078660009,0.0015789013814483516,0.0,0.00028963386458159335
9824.0,3.9885081200088505e-05,0.000790747534933449,0.001018216217567314,0.0,0.00020392426725382293
9827.0,1.1340267521837904e-05,2.6672640425079275e-05,0.001580495886407687,0.0001340648555474026,0.0
9830.0,0.00011099980852766446,4.662864356852024e-05,0.0015411023681266862,0.0,0.0007080429433618962
9833.0,0.00014890462119828305,0.0,0.0010669227103000535,0.0,0.00039347815945636294
9836.0,0.0003585064550077307,0.0,0.0017672499933187931,0.0,0.0011861832414393947
9839.0,0.0003839021817659017,5.192629973289e-05,0.000210106718160024,0.0,0.0002198457889878106
9842.0,0.0003027077700997402,3.1242293181648714e-05,0.0005464567312140957,0.0,1.2646130985033315e-05
9845.0,0.000130674441683795,0.00023372145542580763,3.3146183651209824e-05,0.0,2.1534908480191138e-05
9848.0,4.7943676744890526e-05,1.9571691623705307e-05,0.0006023043384906885,0.0,0.000206133825261446
9851.0,9.338129544260127e-05,1.3273173390012443e-05,0.0001446640572356826,0.0,3.785821423382969e-05
9854.0,1.6211335162269416e-05,0.0,0.0007334501004042716,0.0,0.0
9857.0,0.00021365168119314703,0.0,9.980266084346494e-05,0.0001473766073383564,0.0
9860.0,3.834675914532326e-05,0.00013742976374136502,0.0005972956676545269,0.0004733339944919126,0.0
9863.0,0.00014707019585181706,0.0,0.0004732766418486358,0.00017421594574778824,0.00012165148689662715
9866.0,0.00033149546074009745,0.00021840413757838063,0.0001467026157801806,0.0,0.0
9869.0,0.00015074619622319657,2.6700729655626635e-05,0.00029840047123702536,0.0,0.00024528561230722335
9872.0,5.504753982497239e-07,0.0,0.0008245625112533939,0.0,0.0003381183947617283
9875.0,1.2675733412458692e-06,2.61212779727864e-05,0.000285358229666454,0.0,5.848958207051796e-05
9878.0,2.3655954573721544e-05,0.0,0.0009487976033196764,0.0,2.6725960448914877e-05
9881.0,9.767487436714808e-05,8.30131732796991e-05,0.0016710022649698063,8.85744209613612e-05,9.027888175832995e-06
9884.0,0.0003079538117603516,1.4595007934436514e-05,0.00030544473393996743,0.0,0.0
9887.0,0.00012046536148714529,0.0008011350502034121,3.933478546672158e-05,0.0,0.00014511666230027697
9890.0,6.298300293179674e-05,4.433303787050406e-05,1.0694981056277694e-05,0.0003327041374012981,0.0002961425961108862
9893.0,3.6939011506622186e-05,6.170497814041822e-05,7.936830629824254e-05,8.499672153555634e-05,0.0002516673587258246
9896.0,5.710526673400825e-05,0.00034099616398895847,7.070335970155652e-05,0.0,7.898038257265943e-05
9899.0,0.00013040789579990233,0.0005173103778777926,0.00014839413271833617,0.00025901236988355215,0.00018720955950142233
9902.0,0.00018644781075916565,0.00010117963572774909,6.460503927585093e-05,0.0,0.0001642309149845088
9905.0,0.00010335736996289793,0.0,0.000303111473369309,0.0,0.0
9908.0,0.00019822620971352237,0.00016489885848679613,1.6609645621879004e-05,0.0,0.0
9911.0,0.0002361943009910347,1.3659605553643732e-05,6.613963616001494e-07,0.0,0.0
9914.0,0.0001783119304383362,0.0,6.835235461117988e-05,0.0,0.0
9917.0,0.00011236124378214794,0.0,2.0700775356055157e-06,0.0,2.9242748794262397e-05
9920.0,0.00011908100692525541,0.0,0.00026055942266067024,0.0,0.00015963279428094968
9923.0,0.00019709307294005432,0.0,6.618459704936801e-06,0.0,0.00028477723995713755
9926.0,1.7389189944979524e-05,2.8286155275706806e-05,0.00011104656097797929,0.0,5.267172160693717e-05
9929.0,0.0002381080749246517,6.350408777633474e-05,3.1332737778132536e-05,0.0,0.0004001463462182181
9932.0,5.4988314804096734e-05,0.0,0.00022220807021123063,0.0,0.0
9935.0,0.00015631217818666638,0.00036808205590216424,9.747386300738098e-05,0.0,1.5357382386311175e-05
9938.0,0.0001764265349836629,0.00024720546050360965,4.427039902130565e-06,0.0,0.0
9941.0,5.7555614583507546e-05,0.0001451694393228186,1.562549110133417e-18,0.00021570419553148715,3.153837678444095e-05
9944.0,0.00017497897839836065,0.0,4.122455227590004e-05,0.0001229571840982238,3.1224245389744465e-05
9947.0,5.411887440782399e-05,0.0,9.610519529964897e-06,0.0,0.00021955819634499258
9950.0,0.00029009221614699493,0.0002514359664948498,6.312857682242523e-05,0.0,2.595446993802067e-05
9953.0,7.967387958227694e-05,0.00019869780738987025,3.101541253636941e-05,0.0,0.0
9956.0,1.4564195436809932e-05,0.0,0.00047183689572470085,0.0003914178317128262,0.0
9959.0,7.990428311843177e-05,6.570142209214192e-05,2.651066896402704e-07,0.0,0.0
9962.0,0.00015897879447360569,4.867371937304919e-05,1.7328381806587925e-06,0.0,0.0
9965.0,7.4218883079267795e-06,0.0,4.3205839940116834e-07,0.00019553120118128502,1.2481465395473659e-05
9968.0,0.00012001715236336151,0.0,1.972774359822498e-05,0.0,0.0
9971.0,0.00012486129128226056,9.048317984647176e-05,0.0002614232662687515,0.0,9.748490174648486e-06
9974.0,0.0003584816840626281,0.0,5.901259659560274e-07,3.301242971988977e-05,0.00015719823727894616
9977.0,0.0005533856611593418,9.581498705855954e-05,3.681253037736179e-06,2.8207581757284303e-05,0.0003696066252811071
9980.0,0.00027703911454120343,0.0,2.867153600532279e-05,0.0,3.5847107031365715e-05
9983.0,0.0001742641710207389,0.0,0.000170275877006609,0.0,0.00015756886627045483
9986.0,0.0004027591928689758,0.0,0.00016870838352455667,6.558481525372884e-05,0.0
9989.0,0.0002601370523189807,0.0,5.1419009792407916e-05,0.00020091116560593187,0.0
9992.0,5.901899469020959e-05,0.0,4.989035243777833e-06,0.0,3.681131846469687e-05
9995.0,0.00010428590881771852,0.0,3.137674340286617e-06,0.0,0.0
9998.0,5.9090911410206534e-05,1.66082939228131e-05,3.6769281258661584e-05,3.255744323235293e-05,0.0
10001.0,0.0001628688400050787,0.0,8.304789733764484e-05,0.0,0.0
10004.0,4.3913975872256204e-05,0.0,0.00018992300813396338,0.0,0.0
10007.0,8.492319553562193e-05,4.9761985454723174e-05,0.00020210933204656804,0.00028966557662031257,9.459470605588843e-06
10010.0,0.0001234132788851941,0.0,3.6221989215488255e-05,0.0,0.00018076486600589306
10013.0,0.0001571072030084561,5.345436627609263e-05,2.204467688569817e-05,0.0,5.432984293038378e-05
10016.0,0.00015331081195995273,1.823185888930623e-05,0.0018581437634310636,7.490962388876426e-05,0.0
10019.0,0.0001415401652214429,5.4583245788724466e-05,7.467112194129334e-06,0.00029725653661116417,0.00016289294608050833
10022.0,1.0948560894222514e-05,0.0,5.099703722633207e-06,0.0,0.0
10025.0,0.00016382985895179009,0.0,2.436529933632923e-06,0.0,7.343738566383664e-05
10028.0,0.00017489984213103082,0.0,4.7159174251581975e-05,0.0,1.3070080963744855e-05
10031.0,0.00023885985905568516,7.160641578650812e-05,1.58909029920075e-06,0.0,0.0
10034.0,0.0002791823598142369,0.00018190392240219604,1.2544508280652804e-05,0.0,0.00028137673033204377
10037.0,0.0001873743137640802,6.661897385993255e-05,4.4746304418682246e-05,2.972765713402257e-05,0.0005238664906497183
10040.0,9.638671651431973e-07,0.0002369592656869368,0.0008288997907476815,7.599985240730838e-05,0.0035953495306401836
10043.0,0.00019630573645761272,0.00012168180264558207,5.381847397814059e-05,0.0,0.0020605828801414498
10046.0,9.256512827073945e-05,0.0,4.38539917775786e-05,0.0,9.761853829642959e-05
10049.0,8.655416202439072e-05,0.00013192258299953664,0.00011273376906120273,0.0,0.0
10052.0,0.0002463069639705079,0.0,0.0003538527925413873,0.0,1.522482641212481e-05
10055.0,5.7137377874461626e-05,0.0,0.0005648111348118442,0.0,0.0002968400143332127
10058.0,0.00020219364664451382,0.0,0.0002839516114038259,8.514230295704727e-05,0.0
10061.0,6.530990439148169e-05,0.0,2.8775243122474855e-05,0.0,0.0
10064.0,2.2271706420611742e-05,0.0,0.00012027540630041617,0.0,4.003369918689584e-05
10067.0,2.471592015912281e-05,0.0,0.0006534393917708211,6.703885478079174e-05,8.33784448197019e-05
10070.0,9.978782689627008e-05,0.00010961694114373299,1.6961652791135867e-05,0.0,0.0
10073.0,5.859940972346008e-05,0.00023061776659000726,2.2154442579983182e-05,7.043420324856049e-05,0.0004137350742902125
10076.0,0.0001857131419382636,2.3674474085439797e-05,8.1424115085904e-05,0.0007354735781786927,0.0004867883449995825
10079.0,0.00011904160056162941,0.0,5.746091933300613e-05,0.00025328769729014716,0.0002952739830733369
10082.0,8.040847341051034e-05,0.0,6.9029539996459045e-06,5.957494889794997e-05,0.00017920117379144703
10085.0,2.4705706594883784e-05,0.0,0.0006446097860987371,0.0,0.00034508692118541303
10088.0,7.296039152196276e-06,7.836237551062747e-05,2.6718783811723185e-05,8.870565520761169e-05,0.0
10091.0,0.00024312352537224493,0.0,6.303870555314022e-06,3.7355115825523066e-05,0.00022264285273218364
10094.0,5.632470143370043e-05,9.9907547024603e-05,1.4794639417521028e-05,0.0,0.0
10097.0,0.00020150920648621403,3.6068692666704675e-05,0.00024253194023596785,0.00015082786916417843,1.5100978274202532e-05
10100.0,9.69715337140505e-05,0.0,0.000318881293483659,0.0,0.0001687531443516625
10103.0,0.00033050099724932095,0.0,5.276618597364245e-05,0.0,0.00014605857140494302
10106.0,0.00017312896239424734,0.0,7.777488978581154e-05,0.0,0.0
10109.0,4.311226112665636e-05,0.0,0.0001150468341598325,0.0,0.0
10112.0,0.00020474524065194536,0.0,2.6095301157959898e-05,0.0,4.633412213453701e-05
10115.0,0.0001526262707411267,0.0,6.85725923600206e-05,0.0,0.0
10118.0,5.971154137641277e-05,0.0,8.625272114804673e-05,0.0,0.0
10121.0,8.799082114237549e-06,0.0,4.660134477766014e-06,0.00023429221901694405,1.6985798257480053e-05
10124.0,7.402799520435687e-05,0.0,0.00015010475226860876,0.0001465031188094108,4.260951150574124e-05
10127.0,2.983282133103076e-05,0.0,0.00012363129519872375,0.0,0.0
10130.0,0.00033559076645629137,2.4369192065077154e-05,9.496407751991267e-08,0.0003544937975433663,9.9999062735578e-05
10133.0,2.9467516348677337e-05,0.0,8.866146126053428e-06,0.0,2.5620453590034658e-05
10136.0,0.0005425148128136167,0.00020205863111880004,2.900827701567521e-05,0.0001351443325935919,0.0
10139.0,0.00016536573788907222,0.00019790572581242834,7.719417375097097e-05,6.053454542374972e-05,0.00047805536010422
10142.0,0.00014482654873683275,0.0002539368629233891,3.302765841070719e-05,0.0,0.0002585169085679754
10145.0,3.2322072461277517e-07,0.0,8.425932070814589e-07,0.0,0.0002533206641732058
10148.0,1.3295745450396471e-05,0.0,0.00014470064976603397,0.0,0.0001711754686698408
10151.0,5.286343066227018e-05,0.0,5.601990648130244e-06,3.357473136768261e-05,0.00022908166251630203
10154.0,7.060874011004747e-06,0.0,0.0004704706521048391,0.0,0.0
10157.0,5.56425781721415e-05,0.00018955705090985543,1.245720335793911e-06,0.0,9.213140573871254e-05
10160.0,4.6114576726981966e-05,9.889899483083732e-05,8.89570296012899e-05,4.480556900430804e-05,1.5679461911170893e-05
10163.0,0.00012018787633562285,0.0,0.0004775171654472874,0.00039632431619094206,7.82795050923047e-05
10166.0,8.531704431456796e-05,0.0006522999824160173,0.00038367609388057465,0.0003559316795710402,0.0
10169.0,6.232239132309245e-05,3.9053542354793705e-05,0.00012516940119379559,4.695404602385835e-05,0.00021832588887547388
10172.0,1.6240961667955402e-05,4.7751339730003777e-05,0.0006617350781949489,0.0,6.501885680776533e-06
10175.0,7.555000302567404e-05,0.0,2.585330919249673e-05,0.0,0.00030319978070840784
10178.0,5.802061144663534e-05,0.0,5.079877614733276e-05,0.00025433816995002704,0.0
10181.0,0.0002419298428812721,2.3143293714291632e-05,6.054824199274525e-06,0.0,0.0
10184.0,3.3795585976728278e-06,0.0,1.725421797959624e-05,3.9108988507877826e-05,3.163682808897178e-05
10187.0,0.00013037578367373066,0.00018621120562359897,1.4841122250497222e-05,0.0,0.0004921317307819405
10190.0,8.536805706241209e-05,0.0,2.3874352684946273e-06,0.0002677258448826842,1.588086047037476e-05
10193.0,9.578215862668206e-05,0.00015538628988460355,0.00011657296906204883,0.0,0.00032128895864768573
10196.0,2.3558173717731928e-05,9.785502664387202e-05,0.0004150175364355609,9.220563185845529e-05,0.0004830378845449376
10199.0,0.00014685802802641304,0.0,2.935259897411393e-05,0.0,0.0004439195623169694
10202.0,0.00015558977176992003,4.5045918979086086e-05,0.0001754486303733991,0.0,0.000604595428827589
10205.0,4.362231207041409e-05,0.0,0.00044379920177927367,0.0,1.2039401380861727e-05
10208.0,0.00020983855701995005,8.644451895937087e-05,1.3579341726968283e-05,0.0,0.0
10211.0,8.233812284508897e-06,0.00019177686653124154,2.3686081419921298e-05,0.0,6.531209015041543e-05
10214.0,4.403989785402697e-05,5.260936533238507e-05,0.00011724278264246284,0.0,0.0009942469708316998
10217.0,0.0002288893692054586,0.0,0.00032015903904221573,0.0,0.0
10220.0,1.2066028259933482e-05,0.0,6.490144101153643e-06,8.127728940889136e-05,6.001492281101795e-06
10223.0,3.187236436248383e-05,0.0,1.9677566115672672e-05,0.0,6.461194500786726e-05
10226.0,1.4045005186103959e-05,6.14288827066337e-05,0.0005225379818759375,0.0,9.252356130930258e-05
10229.0,3.454238326121026e-05,0.0,0.00016513107823645472,3.649118138918045e-05,0.0
10232.0,5.1846527538042355e-06,0.00018380935690655444,2.021706445756712e-05,0.0,1.3532601362756958e-05
10235.0,7.930702848610705e-05,0.00021005028384018894,0.00011009927569424263,0.0,2.4921889674283975e-05
10238.0,0.0001642009370228056,9.921991025937735e-05,1.3888461185562929e-05,0.0,0.0
10241.0,3.206983577194395e-05,0.00011657576711953571,0.0,0.0,4.172817032386622e-05
10244.0,0.0003101944560162437,1.7812823375957938e-05,2.1629711631875453e-05,4.943493846974456e-05,0.0
10247.0,1.5055836988201658e-05,0.00013558467457733486,0.00012421534169868188,0.00023421539071316643,0.0003338089038649684
10250.0,1.3749136817428587e-05,0.0,0.00014426331478566539,0.0,1.1129750057851989e-05
10253.0,0.000151006467424439,0.0,2.4423413328250024e-05,0.00022000503036389052,0.00027347828117286934
10256.0,0.00012699164971322513,0.00023508026606285865,1.4316694444668948e-05,0.0,0.0004177690627241023
10259.0,7.95429486680087e-05,0.0,2.5062664096775015e-06,0.00031326631105511106,0.0006826815585177289
10262.0,3.884849790715449e-05,1.8942888464943122e-05,9.958536963698737e-06,0.0,0.0
10265.0,5.5746784711115685e-05,0.00021519374563063655,3.437249242885892e-06,0.0,4.8270147724613606e-05
10268.0,1.2173042446735172e-07,0.0,0.00013890474761022473,0.0003691716776676407,1.6206137366998077e-05
10271.0,6.237361209653938e-05,0.0008548916789227616,8.53856879214075e-05,0.0,0.0
10274.0,7.446668934539934e-07,0.00010757960506935177,0.0,8.490105944609921e-05,0.0004200936841190392
10277.0,2.7335702119116965e-05,0.0,1.2512238220406302e-08,0.0,8.089262605870924e-05
10280.0,1.0132274684674677e-05,0.0,3.8235052910320034e-08,0.000343842591488263,0.0
10283.0,5.9212211144087344e-05,0.0010004882605712945,2.4219437105130553e-05,0.0,0.00038214237616022474
10286.0,3.558019425166623e-05,0.0,0.00017135444177938003,0.0,0.0003745443336680142
10289.0,2.4852391005513095e-06,0.00031776595239822655,7.023196034362831e-05,0.0,4.691292192249145e-05
10292.0,5.374971947324104e-06,0.0005988543455038904,1.330144949416386e-06,0.0,0.0
10295.0,7.377346117649535e-06,0.0010796293910866723,2.1951758599226378e-05,0.0,0.00013556161689226337
10298.0,0.0,0.0,2.0762242372550573e-05,4.4379882684388414e-05,0.0
10301.0,0.00037176639909084966,0.00035580747636060643,1.0358564475121877e-06,0.0,0.0
10304.0,2.9692760791324856e-05,0.0,6.405037585754483e-07,0.0,0.0003269847838869091
10307.0,2.892994723359436e-05,0.0,3.4356085051932505e-05,0.0,0.00015080617206965325
10310.0,0.00027029275563464307,1.5917135152521038e-05,5.52357190675588e-05,0.0,0.00017601998707086588
10313.0,2.7290336697893295e-05,0.0,1.897870690518492e-05,0.0,0.0
10316.0,7.25474759546113e-05,0.0,3.795523259088771e-05,0.0,0.0006402997172462668
10319.0,8.316364963682224e-06,6.347724860955744e-05,0.00018043402082835379,3.110280501541412e-05,8.348224898510732e-05
10322.0,0.00018822751576865759,0.00013035213334184454,0.0002896840344184749,0.0006450454244891279,0.0003257503048847966
10325.0,0.00014590114003972768,6.0959702026080874e-05,6.861570344893755e-07,0.001540280794777967,4.31794449100714e-05
10328.0,0.00013812160866959286,0.00021108870486917462,4.472038801518102e-05,0.0010837853040634624,0.000116073151857436
10331.0,0.00025264735062169145,0.0,1.7992093067636896e-05,0.0,7.102535182432132e-05
10334.0,0.00020114335048732252,0.00010486752227223097,6.880457210784547e-05,0.0,0.0
10337.0,5.261513277644872e-05,0.0,0.0006240385308028918,0.0,0.0004921517001994488
10340.0,0.0001973584312676075,0.0,0.00022092325673149103,0.0,0.0
10343.0,0.0004725098562362735,0.0,5.960293793146395e-08,0.0,0.00035869551675161266
10346.0,2.9797096791224276e-05,0.0,5.604582144882627e-05,0.0,6.947749641494171e-06
10349.0,1.3746767950885482e-05,0.0,2.8015786027530335e-05,0.0002903211705434704,0.00014336445444337588
10352.0,0.00010729693114104588,1.9543873984393702e-05,4.626142668515612e-05,0.0001769407811545094,5.571398592183338e-06
10355.0,0.00019970096712740998,0.0,1.4767876755100988e-06,0.0,1.4921936780252408e-05
10358.0,0.00013035386676377392,3.471504474341828e-05,8.53081569873326e-06,5.3427838233565176e-05,3.0319883697412107e-05
10361.0,0.00028969065658165,9.786322274650723e-05,0.0001313465725341394,4.927978870112978e-05,0.0003497995489449239
10364.0,8.839678068101015e-05,0.0,8.90133258655056e-05,0.0,0.0003305662630551009
10367.0,2.561528693416021e-05,0.00038567646907872665,2.6762147663423634e-06,3.2474040030831e-05,0.00015403625177616375
10370.0,0.00013093809808572085,2.2975596667424696e-05,6.210549446913013e-06,0.00034366324110686686,0.00026711331434988697
10373.0,0.00013660592633933728,0.0,0.00036202995128583676,0.000602452292539446,0.0
10376.0,7.381219830570258e-05,0.0,2.700254511596905e-05,0.0002622486877894034,3.619201831982542e-05
10379.0,7.478926053044046e-05,2.1526033632924455e-05,7.296179939411672e-05,0.0,0.0
10382.0,0.00012519951293169987,2.136665794309826e-05,0.0002687475174601566,0.0,5.937335903058714e-05
10385.0,7.358705368411373e-05,0.0,8.436899722219432e-05,0.000141731147117342,0.0
10388.0,0.00015055228922972102,0.00012993955277088032,1.4968759163552829e-05,0.0,0.0
10391.0,0.00017379372536051503,0.0,0.0003445318711308426,0.0,5.44414980213209e-05
10394.0,3.3824792868959276e-05,0.0,4.625238524618252e-06,0.00029567037905755774,0.0013578851977619395
10397.0,6.977863059675273e-05,0.0,6.841416850097149e-06,9.521475408366095e-05,0.0002526322326606251
10400.0,3.189688189014317e-05,0.0002321076665036591,1.4775262957143902e-05,0.0,0.00016505560757208577
10403.0,5.1235753008020006e-05,9.639110771829822e-05,6.450662071885482e-05,0.0,0.00025218452511497827
10406.0,0.00014987836250873892,0.0,0.00012979150826613123,0.00013004711906280743,0.0
10409.0,7.38412615758472e-05,2.0977791379486196e-05,1.2419596536999545e-05,0.0001124680127453082,0.00011791389142777961
10412.0,0.00016952709753623432,0.0,0.00016538653674122076,2.478000738149287e-05,0.0
10415.0,0.0002719916033614251,0.0,0.0,0.0,0.000547089822345703
10418.0,0.0003700460872599221,8.727302352582718e-05,0.0,0.0002638734180764431,0.0002719920921929906
10421.0,2.055663211123493e-05,8.309743849105592e-05,7.899799629326688e-05,0.0,0.0
10424.0,9.057166014346674e-05,0.000466862526581518,2.4984948120798455e-05,0.0,0.00011893883971233914
10427.0,7.72790185736504e-05,6.0214842599666875e-05,0.0001685244950198361,0.0,0.0
10430.0,0.000195938355952631,0.0,2.7809739077293378e-06,8.682054471537622e-05,0.0
10433.0,0.00041394701657446366,0.0,6.146582606785658e-05,0.0,0.00010274185703978994
10436.0,0.00020226945109610265,0.0,0.00018727923426147957,0.0002702593578923062,0.0002968950014832989
10439.0,1.2200620834713916e-05,4.4971847740139826e-05,9.893304536710997e-06,2.4976290351849524e-05,2.860134308932463e-05
10442.0,9.404185432025549e-05,0.0003588491221008194,8.730688856327018e-08,0.0005154975272557002,0.00040956599218063927
10445.0,0.00014318462168501472,0.00023644056363092186,0.0001580046764091557,0.0,0.00020065013922134428
10448.0,0.0001720641271066207,0.0003176286239640591,6.245624063376397e-07,0.0,0.0
10451.0,0.0006887453885514523,0.0005567943786996905,5.332038025314059e-05,0.0,0.0
10454.0,0.00033876849197759444,7.650355548740878e-05,7.005224263424329e-05,0.00010105960654239347,9.913931796912159e-05
10457.0,8.41137988432036e-05,0.0003612923990225291,1.750064375160747e-05,7.678964551705454e-05,0.0
10460.0,8.0492413512611e-05,0.0,3.383426490930814e-05,0.0002638351589424686,0.0003232912004102597
10463.0,2.1705978651528868e-05,0.0,2.650990306555656e-06,0.0,0.0004062240167309485
10466.0,0.0001260146011128711,3.754322473289765e-05,1.7195758958340226e-05,0.0,0.0007538772657056248
10469.0,0.0005855842558396458,0.00017921140409519072,5.515314929179588e-05,0.0,0.00024938635861709114
10472.0,0.0023552457190660295,0.0014017382535237482,0.00017813919550178217,0.0,0.0
10475.0,0.0017889873863974157,0.0004358678253954684,2.1157787587444895e-05,0.0,0.0003025500215394307
10478.0,0.0015792284581330886,0.0015796850023307113,0.00024200063116807443,0.0,0.0
10481.0,0.0010491341717317284,0.0011470423141788462,0.00034021914990887855,0.00031995737423531824,5.577186892057854e-05
10484.0,0.0007483608696578337,2.1629855893540956e-05,1.0486153698800763e-05,8.051741653841962e-05,0.00020098352657042817
10487.0,6.660794405089874e-05,7.452406214553043e-05,5.201330580525731e-06,0.0005182154795106635,0.0
10490.0,0.0002576891801699,1.5546306463448107e-05,0.00019475180263745702,0.0,0.0
10493.0,0.00015111589758731158,0.0,2.65800948111335e-06,0.0,0.00022374132499569023
10496.0,0.00011256239398995551,2.37117180488746e-05,8.59501952908684e-05,0.0,0.0011367750204731328
10499.0,2.0846813353692936e-05,0.0,0.0001450053956806316,0.0,0.0003498973169858311
10502.0,5.974369808437914e-05,0.0,2.96495387896059e-07,0.0,0.00033193191074199825
10505.0,4.158066565271102e-05,0.0,0.000193179839413847,0.0,0.00055464540151368
10508.0,1.958927497623892e-05,0.0,4.072867122525631e-05,0.0,0.00021282875179058272
10511.0,5.8269015624121836e-05,5.9603353072148475e-05,1.0753876325307811e-05,0.0,0.0
10514.0,0.00021719326885893963,0.0004421340304728194,5.535962006163911e-05,0.0,2.5171675377839453e-05
10517.0,8.836835289663149e-05,0.00041590997691979544,0.0005310706230258614,0.0,0.0
10520.0,0.00044483995794612394,0.0006538670254019075,0.00014718120539696254,0.0,0.0004973250477129526
10523.0,0.0004952229158170006,0.000590377140979103,4.953833755354955e-05,0.0,0.000158233855423352
10526.0,8.397892461649393e-05,0.0,1.1630461864433479e-05,0.0,0.0007719809884777305
10529.0,0.00032709183041590954,0.0,0.00038101959140867265,0.0,1.4333636419232995e-05
10532.0,0.00010165459862828115,0.00011037719818102892,3.735573564752735e-05,8.904166277320302e-05,0.0
10535.0,0.00011794807771868956,3.635248938621543e-05,0.0003432304852336049,0.0,0.00017248544688676262
10538.0,0.00027490852679897616,9.855639674857147e-05,6.392682415330406e-05,0.0,5.953485933534895e-06
10541.0,0.00017958385249551939,0.00036617204775179005,0.0001906130660490564,0.0001262948409564626,0.0006521053679128397
10544.0,0.00011758472106226346,0.0,0.00011483095107352961,0.00035585305163400463,2.5014768227851387e-05
10547.0,0.00016664527503990105,0.0,5.346343293360622e-06,0.0004546589614111575,6.774299867566627e-05
10550.0,0.000133540061469484,0.0,6.087219012320583e-06,0.0,0.0
10553.0,0.00017646037385409238,0.0,1.0569581705475442e-05,0.0,0.0
10556.0,8.353201932477245e-05,0.0,0.0003508906033309928,0.0,0.0
10559.0,0.00013716799334578998,0.0,3.2623660412095126e-06,4.1597058105014474e-05,0.0
10562.0,0.00010023984216149611,2.8187534173276423e-05,6.286765201062493e-05,0.0,3.1810866847467696e-05
10565.0,0.0001832963852175039,3.161992405304183e-05,0.00010114674552492467,4.490123109376517e-05,0.00011932450427850472
10568.0,9.718068782770124e-05,5.396058133597594e-05,3.1554197608799464e-05,0.0,0.0006580398843153432
10571.0,6.797031991488484e-05,0.0,2.5524523254743726e-06,0.0005881964994685754,0.00028578037099245536
10574.0,0.000129964250102976,5.7748069935707755e-05,4.132766513207199e-07,0.0,0.00010706423038143149
10577.0,6.389203880321814e-05,0.00023530726176967492,0.0005312115173116785,0.0,0.0
10580.0,3.976969350211387e-05,0.00022187190128649629,0.00021754487439694454,0.0,5.4423291499460404e-05
10583.0,0.00026991307705421407,0.0,0.0008622694294987979,0.0,0.0
10586.0,0.00027703648049691443,0.0,1.8132517892186694e-05,0.0,5.384376409237087e-06
10589.0,9.547735363816702e-05,0.0,7.857489330588637e-06,0.0,0.0007296121886703774
10592.0,0.00012039997763967998,6.64067507321132e-05,0.0004395392458958236,0.0,0.0
10595.0,5.366664036192998e-05,0.0003406797601993028,2.3843362701516276e-07,0.0,9.986594240828815e-05
10598.0,4.337517185707586e-05,0.00011563470844821197,9.731491186789479e-05,0.0,2.6425920894588543e-05
10601.0,1.885290982195304e-05,1.757985762252555e-05,1.7474315089440165e-05,0.0002601859534946103,0.0
10604.0,3.58782604305985e-05,0.0003404633602711089,7.170378484320948e-05,0.00010364214084923543,0.0
10607.0,0.00021068074899013032,0.00011661508584158888,8.059094543191117e-05,0.0,0.0
10610.0,0.00011620407179600049,0.0,5.939472890808669e-05,0.0,0.0
10613.0,0.0002929275898591188,0.00014458957591262554,0.00014667533625954538,0.0,9.727986603533977e-05
10616.0,4.502105557245071e-05,0.0,1.977948994826775e-06,0.0,0.0
10619.0,8.382257113875937e-05,2.731159663154527e-05,7.501812765460258e-06,0.0,6.463727483612434e-05
10622.0,0.00040810657003221456,0.0,0.00020236931963464385,0.0,0.0
10625.0,8.399295003153375e-05,0.0,9.328101060618877e-05,9.537229504814914e-05,0.00044206959396903537
10628.0,8.699434146726131e-05,0.0,5.974607279269088e-06,0.0006445058302930568,0.0
10631.0,0.00016233486170566386,2.328789682512091e-05,8.420638102723422e-05,0.0,7.793409173720444e-05
10634.0,1.3617250283412512e-05,7.449347278744295e-05,0.00032087381332866755,0.0,0.0
10637.0,0.0003447162194166464,7.372094329869021e-05,0.000343944002972391,0.0,0.00013969218331812472
10640.0,7.3116682958001e-05,0.0,0.0001228992128331573,0.0,0.0
10643.0,7.011576774133462e-05,0.00021862676798314277,4.1852549456760545e-07,0.0,1.5592316071528504e-05
10646.0,3.2135541998096194e-05,2.1239325058520748e-05,4.573102827165588e-06,0.0,0.0
10649.0,0.0001862624163900201,0.0,0.00012475916583102453,0.0,0.0
10652.0,5.722363177951397e-06,0.00012857487749933665,0.0006472864335809419,0.00030724260534139723,0.0
10655.0,0.00028642024100027286,0.0,4.8330050006502275e-05,0.00019853284334667208,0.00041415483597615936
10658.0,8.137180114374556e-05,0.0,3.0781753696791476e-05,0.00013176602184187495,0.0005235805084894607
10661.0,7.637524554014908e-06,0.0,0.0002696982684714018,0.00018849477056073017,0.000939601757383501
10664.0,8.31845427660736e-06,0.0,1.38216570428617e-07,0.0,1.8738727599243384e-05
10667.0,0.00013885844427502387,0.0,5.324468345690442e-05,0.0,0.0001185607155831249
10670.0,8.304667808470714e-05,0.0,0.0003336848904041565,6.417023936765267e-05,0.00012943947290126862
10673.0,5.797705820509649e-05,0.0003509715054547397,0.00016946848237279377,0.0,0.0
10676.0,0.00023024492954950594,0.00011577433238638572,1.3033315864315633e-05,0.0,0.0012934138568942563
10679.0,8.456705068717599e-05,0.0,0.00011565211635487111,0.0,2.1661953989877012e-05
10682.0,0.00030430458219062284,0.0,2.112625254789333e-05,0.0,0.00025482060760844723
10685.0,2.1740937571232625e-06,0.0001759150851449669,1.6594554112376218e-06,0.0,5.984709099292616e-05
10688.0,5.976156476561583e-05,3.230049200528204e-05,0.00022129256036981795,0.0,0.00017688097662284653
10691.0,0.00026903462945676647,0.00026387804714073917,4.5477213692686435e-05,0.0,0.0
10694.0,0.0001778241548058588,0.0,0.00038697666998423414,0.0001284516782524943,0.0
10697.0,4.027139777356366e-05,0.00015610785447187398,0.00017243401189112308,0.0,0.0
10700.0,0.00010856472645434479,0.0,0.00017515145004678317,0.0,0.0
10703.0,0.00041026160418398863,0.0,0.0003261717458283992,0.00031575787479167227,1.2073031352171015e-05
10706.0,0.00011063919703818812,0.0,1.1560740780393054e-05,0.0,0.00024178487526967102
10709.0,8.86677651471198e-06,0.0,2.308923693367279e-06,0.0,0.0
10712.0,0.00019836941438234633,0.0,0.00033427934865117487,0.0,0.0
10715.0,0.00031807225213246494,0.0,1.7378353282169808e-06,7.23453211140957e-05,0.00011746178985529352
10718.0,7.666719847952388e-05,0.00011696297065188226,4.35591917180193e-05,3.73805245089469e-05,0.0001752811799657913
10721.0,4.9277866667070686e-05,0.0,0.00015704613248339216,0.0,1.6535659180443316e-05
10724.0,4.4208060325011514e-05,0.0,0.0002707882409756992,0.0,4.799528228238704e-06
10727.0,2.633733217786017e-05,0.0,0.00024073578901709805,0.0,0.0
10730.0,0.00019795970171634754,4.8255055902489606e-05,0.00028195410814001523,6.362317936628392e-05,0.0
10733.0,0.0005717245668483933,8.548115632286415e-05,4.58582478575994e-05,0.0,0.0
10736.0,6.394820128512537e-05,7.439152314219627e-05,1.6953891594232307e-05,0.0,6.7912855747537484e-06
10739.0,0.00030474033074183123,0.0005836188993925462,4.652635177916731e-06,0.0,0.0
10742.0,0.0002727452597521626,0.00012262619109986475,4.966402373146249e-07,0.0,3.0481983273446014e-05
10745.0,0.0007698781218219288,0.00022733934041763498,6.878656069603173e-05,0.0,0.00018088015824877142
10748.0,0.00032514995776191806,0.0002571555787084592,3.5619736674857146e-07,0.0,0.0002111361398101573
10751.0,9.460575390393042e-05,0.00014648417901126203,8.14075050806968e-05,0.00015013910497099127,0.0
10754.0,4.420305612591388e-05,0.0,0.00017328492311331154,0.0,0.0001992314810358244
10757.0,1.6925203872546447e-05,1.731439145121437e-05,0.0008873013040002185,0.0,0.00035334496802601797
10760.0,0.00037755249923471126,0.0,0.00027260660463439463,0.00016179802012340975,0.0
10763.0,2.9639974306810214e-06,0.00025336594590212185,0.0006091367453188246,0.0,0.0
10766.0,0.0003114502427429732,0.0,3.2257603015488316e-06,2.6493286752083133e-05,0.0
10769.0,0.00027479981965560787,0.0,0.0007413001973876169,0.0,0.0001075531007854647
10772.0,1.7160518520855476e-05,0.0,4.414470668904711e-06,0.0,5.2736513684395826e-05
10775.0,7.098437360505887e-05,4.3117814667469166e-05,0.0001916538119800252,0.0,0.0
10778.0,3.941505473365739e-06,2.1296540278853327e-05,0.0006652585061087178,0.0002554062897067252,0.0002582805654156008
10781.0,8.624823319988153e-05,9.017464972236777e-05,0.0002495925032968363,0.0,0.0002155540884260907
10784.0,0.00029356318417121847,0.00012172195350333931,0.0002067060182939087,0.0,2.4624921975061096e-05
10787.0,2.0773928267927175e-05,0.0,0.0001396188663502531,0.00043107685585330117,0.0
10790.0,0.00013178976005670463,0.0,6.343093339559216e-05,0.0012480686408796687,3.654522503266589e-05
10793.0,4.605331948676674e-05,0.0,1.506957915066765e-05,0.0016167979562198048,1.060338980927659e-05
10796.0,2.856419305647692e-05,2.0033608788879937e-05,0.0002040565060209549,0.0006576110091314119,8.601198489300228e-05
10799.0,0.000160559649239147,0.00018890914087360788,9.671485554485444e-06,0.00046714774269507537,5.3558573253312676e-05
10802.0,0.00021290360068885108,9.294552644138789e-05,7.648308569547989e-07,0.0,0.0
10805.0,0.00015295086399553663,0.0003857444053320871,9.051473313676217e-06,0.0,3.054639361038567e-05
10808.0,0.0001714854404013977,0.00018437278346634245,1.3820164167766827e-06,0.00018004196798447145,0.0
10811.0,0.00015527495972027317,0.00017774811516207246,3.646515405641287e-05,0.0,0.00016522517869246807
10814.0,0.00022332237932061276,0.0,8.574118336901721e-05,3.979266383711979e-05,0.0001963277276584641
10817.0,0.00025305695855755916,7.959513929100726e-05,0.000475252382166285,0.001171975259215586,4.133677351564276e-05
10820.0,0.00027295449228409717,0.00015572212918954124,0.00026565004579286617,0.0076842385800947365,0.0008483826963854527
10823.0,0.00022813865003082928,0.0,8.495502709583036e-05,0.0009728062829303534,7.56561974580087e-05
10826.0,1.2267791486937114e-05,0.0,0.00034268953066447463,0.0005492643026556002,2.1885139598825404e-05
10829.0,2.5628991229499857e-05,0.0,0.00024129342938536256,0.0,0.0
10832.0,2.065277605996765e-05,0.0,3.253601915058961e-06,0.00010707246278392164,9.029028678718565e-06
10835.0,3.220089728900913e-05,2.3486386613466473e-05,1.8176110207655075e-05,5.684563578986526e-05,1.5485599070246943e-05
10838.0,2.0850100519322133e-05,0.0,8.344428588463206e-05,0.0,4.531534964715014e-05
10841.0,0.00035180508810106557,4.7287154343960664e-05,1.4123565463780614e-05,0.0,0.0006002874323340722
10844.0,5.4949914283054706e-05,0.0,2.0324826774058946e-06,0.0,9.802525757453317e-05
10847.0,0.00017471373832772652,1.5892499719195507e-05,6.588922591892001e-08,0.0,0.0
10850.0,9.29540331062797e-05,0.0005758384305594535,7.109834246984009e-08,0.0,0.0
10853.0,6.164576035711006e-05,0.0,1.87869502422669e-05,0.0,0.0
10856.0,6.347238974525898e-05,0.0,8.289484798980111e-07,0.0,0.0
10859.0,5.2573484528269686e-05,0.0002028167997559087,9.714903217103861e-05,0.0,2.3421691902652297e-05
10862.0,0.0001751463255241453,9.512734037219286e-05,2.9336413927860973e-05,0.0,0.0001413078148927778
10865.0,9.658744871900422e-05,0.00037788696084601107,2.7006144254026457e-05,3.740025276581006e-05,8.334139381160305e-05
10868.0,3.256452159235672e-05,2.527321883735567e-05,0.0003212662348111438,0.0,6.514393935013471e-06
10871.0,7.107671372537152e-05,0.00022495307533286675,0.0002557337486403094,0.0,6.831375407256021e-06
10874.0,0.00027799672142884724,0.0,3.778546562869723e-06,2.5545471587769947e-05,2.3866130352729758e-05
10877.0,0.00023924315309474013,0.0005855628080818273,4.888843933784929e-05,7.139708900504751e-05,0.0
10880.0,7.168030402800735e-05,8.064647516533157e-05,2.628253111824342e-06,0.0001384742670651576,0.0
10883.0,8.622898890410272e-05,6.589034293996194e-05,1.4584953262672655e-05,2.724018622676183e-05,0.00010402349114114272
10886.0,0.00014137981448026846,0.0,4.0399582498381777e-07,2.7627820103259342e-05,5.0439173760221065e-05
10889.0,4.121881173849553e-05,0.0,2.7048308756741415e-05,0.0,1.0406456056983466e-05
10892.0,0.00032156358411135805,0.0,2.0389538679223515e-08,7.760545312736084e-05,4.3582876217919844e-06
10895.0,7.493904090662463e-05,0.00021209655886264014,3.876166882145447e-07,0.0,6.755280979232074e-05
10898.0,5.4271644809243105e-05,0.0,0.00011916662413436441,0.0010782435739907091,0.0
10901.0,0.0001538664221308183,0.00020084105908562577,9.72138447141541e-06,0.0011999993193623092,0.00045432735092676576
10904.0,8.609649116617381e-05,0.0,0.00012153813168426725,0.0028573393548168434,9.185660069548033e-05
10907.0,0.00014308450324195923,0.0,0.0009085278761630415,0.0004110067149983275,0.0
10910.0,0.00015786961978040627,0.0,0.0013718674326392698,3.9463530514210725e-05,6.473195780964807e-05
10913.0,7.809164373754005e-05,0.0,8.293532542200957e-06,0.00015089931282270312,2.4379253784198827e-05
10916.0,0.0002723733779791348,8.768353057831568e-05,8.282054472155787e-05,5.237052162185987e-05,0.0002904447201370576
10919.0,0.00020633004211650485,0.0,5.545879825781001e-08,0.00011895319966262339,5.328136451885204e-06
10922.0,0.0005048428022148414,0.0,0.0002527944647695293,0.00034431193584193094,0.00038856657174704524
10925.0,0.00010710634525704408,0.0,0.00022204451495886336,0.00013954172398663605,4.1155957801233496e-05
10928.0,0.00016245941149922304,0.0,3.879696567695696e-05,0.0,0.00011491001539246662
10931.0,0.00014677984885252875,0.0,0.00016129593566317185,5.799266501038588e-05,0.0
10934.0,8.568348450283472e-06,0.0,0.0,0.0,2.223134852192943e-05
10937.0,8.612648407604495e-06,0.00013500873745870526,4.109430531233497e-05,0.0,0.0
10940.0,5.583790268711154e-05,2.5895529849454922e-05,0.0006775567314893367,0.0,4.180005338482214e-05
10943.0,0.00021524337563948954,0.00042066558410301625,8.019232912649485e-05,0.0006621345637249123,0.0007158773544873071
10946.0,2.534851291015536e-05,0.0005048643461374871,0.0004230924926896094,0.0011061609105397915,7.92842876626244e-05
10949.0,0.0002024835262181291,8.041529645742761e-05,6.213795466221717e-07,2.2355343674933857e-05,0.0
10952.0,1.8189010423005966e-05,0.00042791678238460944,0.00023802406516694295,0.0,2.2980862292487468e-05
10955.0,0.0003503789511845079,0.0002915256554570476,3.3411375699838525e-05,0.00047204434879023885,1.191035987315932e-05
10958.0,9.378273155892673e-06,0.0,7.579443059952484e-05,0.0,0.0
10961.0,5.86625970586936e-05,0.0,8.694602749897331e-08,3.609568614443147e-05,0.0
10964.0,4.409475536200019e-06,1.884647233610714e-05,7.449217639304078e-05,0.0,0.0
10967.0,5.088129205924371e-07,0.0001898385533655025,2.063775322650466e-05,0.0,0.0
10970.0,5.358490844452749e-05,0.0,7.718820000273729e-05,0.0,2.0553216256666015e-05
10973.0,5.5214097644135985e-05,2.6663277348230156e-05,0.0009352982699468281,0.0,0.0005366429121747826
10976.0,7.932455561178319e-05,0.0,0.0001956877979005641,0.0,0.0003236908341313382
10979.0,0.00016383002552842574,0.00029941306178904084,9.263992130611101e-05,0.0,0.00013976565869475602
10982.0,1.0563125992102397e-05,0.0,0.000640819346296636,0.0,5.998575953408797e-05
10985.0,0.0001183050959721201,0.0,1.2106258135484427e-06,7.820721485251022e-05,0.0005658098064382767
10988.0,3.036294897552576e-05,0.0,1.3602417872353398e-05,0.0,1.6088719834505895e-05
10991.0,0.00013785624549152482,0.0002318199410122996,8.312431951682829e-05,0.0002117088707173061,0.00011831827401978912
10994.0,0.0001284335403506144,0.0,4.8234985820540515e-05,0.00025439765406555444,0.0
10997.0,0.00011109848889553465,0.0,6.303798512725055e-07,0.0,0.00024477482697744975
11000.0,1.2858282588644487e-07,0.0001373989685196011,0.0002821760461171843,0.0,4.4948018063239486e-05
11003.0,7.060472544526346e-05,0.00013536558601992123,0.00011095173894626043,0.0,0.0002363312839722403
11006.0,9.675911445239945e-06,0.0001385597445006514,7.398346711781677e-05,5.53724666958151e-05,5.341309944420891e-05
11009.0,6.293651044415554e-05,0.0002732199894791751,0.00023352728345525298,0.0,2.5659021650999505e-05
11012.0,2.1485713901655336e-05,8.341930510899241e-05,0.00014969209839525168,0.0,0.0014463750405453585
11015.0,0.00018844674850073407,0.0,2.7032364851898776e-06,7.628623285854344e-05,7.25852785389631e-05
11018.0,0.00011446188137125591,0.00012945310186407574,3.6945466380252715e-05,0.0,2.5354327599170784e-05
11021.0,0.00011980169688434893,3.74582315578176e-05,5.384556532117216e-07,2.890999821782023e-05,0.0008506819214188653
11024.0,5.304449028144779e-05,0.0,1.4675893484613886e-06,0.0,5.8442399131116274e-05
11027.0,1.7827974557396053e-05,0.0,0.00040407430283515044,0.0,0.000322921275444529
11030.0,1.1054822743719762e-05,6.891326748704722e-05,0.0004485460714570483,0.0,0.0014040572165455055
11033.0,0.0002730531464474755,0.0006024771828470521,3.030237270571191e-07,2.8278968397725564e-05,0.000650588466044332
11036.0,0.00018160001341993739,8.670543504737617e-05,1.3325687139036172e-05,0.0,0.0002106266648554409
11039.0,0.00022133718733311075,0.0,3.2852089843047755e-06,0.0,0.0
11042.0,5.472237594701354e-06,8.77378289831848e-05,2.3394496689883974e-06,0.0,0.0001032323681258807
11045.0,0.00010990887773350956,0.00021806084625638515,5.740471290613162e-06,0.0,0.0009517548419402822
11048.0,4.4200094315645744e-05,0.0002567540106040407,1.0401995228226752e-05,0.0,0.0010015734075399104
11051.0,7.495946541953329e-05,0.0,0.00014460288871475489,0.0,0.00015494830301546477
11054.0,6.243754553270107e-05,0.0,2.5629390724944523e-07,0.0,9.35136112436714e-05
11057.0,4.376791746107403e-05,0.0,6.95326929141783e-05,0.0,0.00021895621466801776
11060.0,0.00018894729399686726,0.0001405310218976125,0.0002241766839837049,0.0,5.996115449376313e-05
11063.0,9.291093580337968e-05,0.0,9.224289705974135e-05,0.0,0.0008747805992246683
11066.0,2.1045413713170936e-05,6.226050623180198e-05,4.628840058056418e-05,0.0,0.0005539820884328761
11069.0,0.00013759523315698413,0.0,9.002789804354645e-05,0.0,0.0007374823946935514
11072.0,0.0005839562589102574,0.0,0.00011859727698627439,0.0,0.0
11075.0,0.000139925341743923,0.00015159353687941153,0.0002682187531995394,0.000131829401005226,7.320464285776605e-06
11078.0,0.00013447640857970158,0.0,0.00025029113912010707,3.234938068232483e-05,0.00011309707634674287
11081.0,0.00014001503133600373,0.0,7.762426622821481e-05,0.0,0.0
11084.0,0.00023468547779631344,5.195459978768429e-05,4.993175572651715e-07,3.221904447088819e-05,0.0
11087.0,0.00022745356701827513,5.794967992290794e-05,0.00010447971219902458,0.0,3.3879638102322296e-05
11090.0,0.0004791766576419576,0.0,1.8591730479618632e-06,0.0,0.0008607611078842789
11093.0,0.00021693871846425024,0.0,1.6591678664857637e-05,0.0,0.0
11096.0,0.00018501182700462045,0.0,8.169290128114657e-05,0.0,0.00014722542335179943
11099.0,1.212962704960702e-05,0.0,8.991251607945986e-06,3.658444871913396e-05,0.00016906125472160934
11102.0,0.00016271367865117046,0.0,0.0003308886800874589,0.0,0.0008839439614011024
11105.0,0.0005475254715283272,0.0,1.046736580932658e-05,0.0,0.0
11108.0,0.00016466764946522334,3.113638996170071e-05,2.4913743732193683e-05,0.00023809409394678837,8.844666410859593e-06
11111.0,0.00010413577882383933,0.0,9.552379734293607e-05,0.0,2.8447127941389597e-05
11114.0,3.213509098804894e-05,0.0,4.3995247692655765e-06,0.0,0.0003929876195863764
11117.0,8.41156057331921e-06,4.340764096044223e-05,0.0001976094981480622,0.0,0.0011157850251138609
11120.0,0.0001408974407110319,0.0,2.030334443225652e-05,0.0,0.0006789000208930205
11123.0,8.231186790594296e-05,2.1967539290568004e-05,3.1227731009893826e-06,0.0,0.0006554075319316427
11126.0,0.00036759826366478815,0.0,1.335590977536126e-06,0.0,0.00011969291360697088
11129.0,9.511840919355308e-05,5.014134260465589e-05,7.33076860301781e-05,0.0,0.0001169385646920188
11132.0,2.1342139559184487e-05,3.203201104723971e-05,0.0005007850318012867,0.0006675961940813519,0.0
11135.0,0.00013431528999323852,0.0,0.0003490597185614157,0.0,1.1806874689942823e-05
11138.0,0.000215450945137752,0.0004431795426373579,0.00019945139804325058,0.0,0.0
11141.0,2.612997005130816e-05,0.0004280651902530246,1.7863962389794418e-05,0.00015535708636608853,0.0
11144.0,6.15273537748009e-05,0.00014354760063486506,4.185900305056382e-05,0.00032361636719355853,0.00034458184214500445
11147.0,0.0001828388087052172,3.2968993369741865e-05,6.669025534323998e-06,0.0,0.0
11150.0,0.0001370327879079669,0.0,2.8109929297394953e-06,0.0,0.0002606107605052354
11153.0,7.450481954539297e-05,0.00037816615663636814,0.00023940083826430133,0.0,2.6776501194908915e-05
11156.0,0.00010573231004355971,0.0,0.00012675426630391257,0.0,0.00013570728416689593
11159.0,5.6289024169334715e-05,4.006014380420393e-05,0.00013047518878325125,0.0,3.7955113095458764e-05
11162.0,0.0002442617294112636,0.0,3.2887215805351583e-06,0.00014521170198352083,0.0004856781284347441
11165.0,3.87935588285508e-05,0.0,0.0001459074944643587,0.0,2.9463717571371147e-05
11168.0,0.00013521179810708573,0.0,0.000141266113695893,7.16613535671762e-05,6.86836176955623e-06
11171.0,3.643538777810423e-05,0.00019252525788386298,5.801325713406908e-05,4.338381596698145e-05,6.451853041322495e-05
11174.0,0.00012836909310146136,0.0,1.0340934755132682e-06,0.0,0.0
11177.0,8.533816402239755e-05,0.0,7.083959768499e-05,0.00018395389316076078,0.0
11180.0,0.0001355633124900692,9.096798384386499e-05,7.5035977773618655e-06,0.0,5.0071273104535476e-05
11183.0,0.00012407066360348024,0.0003824186838402718,8.101125949659006e-05,0.0,0.0
11186.0,0.0002830572788833122,0.0004575020689136308,0.0006029093217667805,0.0,0.0003149301194914274
11189.0,0.0002674469028877466,9.468749898595746e-05,0.0002437377621935508,0.0,0.0
11192.0,6.510938507267447e-05,0.00018040879652750553,0.0003938594348440677,0.0,2.1758948876469775e-05
11195.0,3.3960204273112274e-05,0.00042805431172188277,0.0005786623127430901,0.0,0.0003963152851930768
11198.0,0.00010250728426285528,0.0,0.0006721966576385299,0.0,0.0002650496015108095
11201.0,1.7623952551993802e-05,0.00012629451811480168,0.0010008757734350194,0.0,0.0005054893175649491
11204.0,2.5755613578772815e-05,0.00020249868332928236,1.3080785879897139e-05,0.0,0.00038399762564522754
11207.0,0.00014989712698416883,0.0,4.919165891824913e-06,0.0001687307205957036,1.7487775715155146e-05
11210.0,0.00011223101904233631,0.0,4.784189902903579e-05,0.0,5.509743629054074e-05
11213.0,0.0004508417559776269,0.0007337139768938803,0.00015886524120714403,0.0,0.0
11216.0,2.1141061582082352e-05,0.0,5.488915769405019e-05,0.0,5.4663798407508294e-05
11219.0,0.0002991598277324413,5.5443996543820606e-05,2.8686996194842566e-05,0.0,2.871303168282893e-05
11222.0,8.233988386501728e-05,4.455302181089584e-05,4.207005974560372e-06,0.0001609475383911239,3.825974297335598e-05
11225.0,0.00012074812009501877,0.0,0.0,0.0,0.0
11228.0,0.00018479096704679764,0.0,8.819619494939262e-06,5.6279146876571304e-05,0.0
11231.0,4.478399950146463e-05,0.0,0.00011363305965456775,2.767035915712053e-05,1.3085724303282466e-05
11234.0,2.0581971279027965e-05,0.0,1.5442821374110232e-06,0.00035263229253766653,0.0
11237.0,4.549550549373853e-05,0.000159358605621337,2.2286502692700776e-06,0.0,0.0006045793773229723
11240.0,0.0001281697318357613,2.3627661181479456e-05,8.452507986669952e-06,0.0005410594895422841,3.432328381559887e-05
11243.0,0.00012463044015191403,0.00012967884750712195,1.7262557091555624e-05,0.0,0.0
11246.0,0.0002084995205062472,0.00021819815484827053,2.6990945871846664e-06,0.0,0.00014068937071490443
11249.0,5.627392640012363e-05,0.00021360417049331968,5.6289715626528674e-05,0.0,0.00022642855175322962
11252.0,0.00023483592136573183,0.0,0.0010075325894419616,0.0,6.715951419071228e-05
11255.0,0.0002583420985789817,9.185085130260713e-05,0.00010596465083716482,0.0,0.0
11258.0,1.4810525662961666e-05,0.0,4.846528298061579e-05,0.0,5.433174172376877e-05
11261.0,3.9551211828835886e-05,8.255501994740355e-05,0.0001325613542078342,0.0,0.0
11264.0,5.5587020882241325e-05,0.0,3.71750692178193e-06,0.0,0.00013140824229615922
11267.0,5.834904484488959e-05,0.0,2.0121830103165866e-06,0.0,2.5699302117827706e-05
11270.0,3.421854593563289e-05,0.00010066281372795975,0.000247761582886999,0.0005901958064910095,0.0
11273.0,1.9277627189738667e-05,2.0553908148601056e-05,4.8452331849467154e-08,0.0,0.0
11276.0,5.6995579679279356e-05,0.0,0.00017795487876047202,0.0,0.0
11279.0,4.09550576821394e-06,0.00034550234004506136,0.00045192564091032047,0.0,0.0002188190976260234
11282.0,3.824728383955016e-05,0.0,4.0731709350302604e-05,0.0,0.0
11285.0,0.00012491563309364206,0.0001372048514741655,4.679580350996765e-05,0.0,5.5111689037606785e-05
11288.0,0.00010424015103180754,4.8405068515466685e-05,3.186927399615566e-05,2.7871843245774105e-05,5.42570092930675e-05
11291.0,4.411108211699875e-05,0.0,6.160526730916409e-05,0.0,1.0444297914414638e-05
11294.0,0.00015691734253505746,8.036892132381531e-05,0.0003601212005387174,3.02065876529654e-05,8.075392731805025e-05
11297.0,3.778216046289249e-05,0.00016590701879549104,8.64689147968808e-06,0.0,0.00012686410130633514
11300.0,7.196549275359369e-06,0.0,3.211849667681233e-05,0.0,0.0
11303.0,5.51406980134098e-07,0.0,3.5254074606430167e-06,0.0,0.0
11306.0,1.0823835623284095e-05,2.5049968361279042e-05,2.3993315521223697e-05,0.0,0.00015013356886853037
11309.0,0.0002554335263812254,0.0002227006067560585,4.079598768430665e-05,0.00021161202550261802,0.0001880878005161653
11312.0,5.2338987421067694e-05,0.00013341709376348318,0.00010065724863187378,0.0,0.0002811057681748273
11315.0,0.00015236594553032828,0.0,7.277639713071613e-06,0.00013657923542640714,0.0
11318.0,2.2320884727152467e-05,0.0,9.3205352929591e-05,0.00024056157467036523,0.0005006914913614966
11321.0,4.590254359364196e-05,0.0,2.777485379401917e-05,0.00012541028022844297,0.0001458994483668496
11324.0,2.5527580997712758e-05,0.0,2.7884139394452845e-06,0.0012842948414170476,7.711766720571394e-06
11327.0,0.0002258961607444816,0.00010490747222688229,0.0004806940263577716,0.0,1.6267064852552377e-05
11330.0,0.0002120281640119148,0.00019644388040533027,1.820734895903333e-05,0.00012733754133884633,0.0001404420519327746
11333.0,0.00017633908463128708,0.00022631297109471817,0.00010696644304978229,0.0,0.00012740179580369475
11336.0,0.000211653139124766,3.2960255324777776e-05,0.00046093573345180774,0.0,3.706898812448408e-05
11339.0,7.208500046133741e-05,0.0,0.00022789006194316695,0.0,0.00027663415882734775
11342.0,0.00013984614872459316,0.0,2.9142485594133775e-05,6.608524159012084e-05,0.00011713584668226374
11345.0,0.0001682938057602968,0.00011815537275025789,1.3584710495087162e-05,0.0,0.0
11348.0,3.3995249467567564e-05,0.00031275874755871486,7.393127317667472e-05,0.0,0.00010210440746898234
11351.0,0.0002008443958248433,0.0002582853585646397,1.1379412239085582e-05,0.0,0.0004026850631734532
11354.0,8.344655450187065e-05,0.00015744943084680947,2.7593690864747282e-05,0.00010561483824486373,1.5995303352395017e-05
11357.0,6.851970685564429e-05,0.0001415239879788166,6.698376950968333e-05,0.0,1.0790791845273269e-05
11360.0,8.814737300324063e-05,0.0,0.00016708717501985604,0.0006405634432057006,0.0
11363.0,1.1288814753241807e-05,0.0,5.597729969352618e-05,0.0,0.0
11366.0,3.716063371749011e-05,0.0002657226514090014,3.9711159388772405e-08,0.0,0.000463939714980421
11369.0,0.0002765030897051345,0.0,0.0001453089288062042,0.0,0.0
11372.0,0.0003438139368575544,0.0,3.191355648376912e-06,0.0,4.1310774579776346e-05
11375.0,0.00012843544081552575,0.0,4.838410765077792e-08,7.362149629356156e-05,0.0
11378.0,1.431044605048674e-05,4.9728132041236115e-05,0.00029073852452494347,0.0005072677580399974,5.79626197194676e-05
11381.0,3.7535977879777084e-05,8.820763221533738e-05,4.390394560880088e-08,0.0,3.973793286142003e-05
11384.0,5.028560305991001e-05,0.0,0.0002567560964082248,0.0,6.332976873116672e-05
11387.0,0.00028136316723048653,0.0,6.766645488981084e-05,0.00038612452230227126,0.00010359358997401876
11390.0,7.181942013245244e-05,0.0,0.00016757747322341043,0.0,0.00019926568196637718
11393.0,2.5789741694090422e-05,3.199214542228715e-05,0.00047976981823609054,0.0,0.00020875577958077477
11396.0,3.54908251546721e-05,0.00013312226721542988,0.0003910840467505839,0.0,4.827996444866465e-06
11399.0,1.4968399479442679e-05,0.0,0.0003002128193824787,0.0,0.0003906186143679324
11402.0,6.57188269505733e-06,0.0,8.556454947623176e-06,0.0,9.625165431761657e-05
11405.0,0.00011482556343184099,0.0,3.626530107310348e-05,0.0,2.1839476543492573e-05
11408.0,0.00011237942496608464,6.599936635876458e-05,3.955860401834116e-05,0.0,7.621200316006583e-06
11411.0,0.00012594430561647428,0.0,0.00022031185460162905,0.0,0.0
11414.0,0.00045696201338104664,0.0001595866331268206,5.860006817209143e-06,0.0,0.0
11417.0,0.0002683896606902227,0.00012715651645338262,2.2763736561947585e-05,0.0,1.6980478899172634e-05
11420.0,0.00032482693429808335,0.0,1.3682575504471894e-06,0.0,0.0
11423.0,0.00031135953798790264,0.0,1.5945738114792944e-05,7.009879437284506e-05,0.0
11426.0,6.512570072126272e-06,0.0,3.661579072839185e-05,0.0,0.0
11429.0,5.7359313016736e-05,0.00015825171383751773,0.00011675357909740737,0.0002612030046485308,0.0
11432.0,3.0216650751765008e-06,0.0,8.524635402741224e-07,0.0,1.2683750121172807e-05
11435.0,4.7944691956678276e-05,0.0,1.1142386855402199e-05,0.00018681652880240122,0.00022227612089141223
11438.0,0.00025076289156037904,5.534371116998208e-05,4.154252173615387e-07,0.0,0.0
11441.0,8.902677049155833e-06,0.0,0.0,0.0,0.0010420177349523257
11444.0,0.00013175279987507214,0.0,0.0002467141568912526,0.0,0.0
11447.0,8.419886397196805e-05,0.0001672089664127161,8.562812310913081e-05,0.0,0.0
11450.0,0.0002065030863135263,0.0,0.00035901894085869104,3.0682496213486996e-05,0.0
11453.0,0.00012364150185628279,0.0,1.9450145913538225e-05,0.0,0.00010689269818120125
11456.0,2.9245504281336038e-05,0.0,1.064696909119493e-05,0.0,0.0006193321563384601
11459.0,1.6949024917019327e-06,0.0,6.454262817666912e-07,0.000331317058485951,1.2985690356352711e-05
11462.0,2.2095544757664675e-06,0.0,8.983967562040906e-06,0.0,0.0
11465.0,0.00016426883593543144,7.873126833705649e-05,3.243647738272074e-05,0.0,0.0
11468.0,3.518539912458026e-06,0.0,0.0001379541489724412,0.0003850510285912108,0.00039069454911611507
11471.0,4.191035995060314e-06,0.0,0.00010441838740066175,9.144961839950501e-05,0.00019238043820603195
11474.0,2.4010354329885605e-05,9.752379446880115e-05,0.0004246469454987904,0.0002130056757520792,0.0
11477.0,0.00012200058116430685,1.817389338268309e-05,0.00021429648663780083,0.0,0.0
11480.0,5.2792290268643206e-05,0.0,0.00016381897199629818,0.0,0.0
11483.0,1.4553120218129374e-05,0.0002184772179433663,0.0001818241059638817,0.0,0.0
11486.0,3.761308344050337e-05,0.0,1.3260793329500981e-05,3.55297923573832e-05,0.0
11489.0,2.7984426589555928e-05,0.0,0.0007167216102553983,0.00010626024731287076,0.0
11492.0,0.00011677183121836687,0.0,4.1565501622858435e-06,0.0,0.0
11495.0,0.00027281892837663336,1.1663443454688689e-05,0.00010997978053413995,0.0,0.0007531460712331745
11498.0,8.065479313534617e-06,0.0,0.00025847988780034094,0.000150334521979206,0.0
11501.0,8.625772033852033e-05,0.0,5.515854076863316e-05,0.0,0.0
11504.0,9.681775493255472e-06,0.0,0.00014131189156118198,0.0,0.00042418635489461506
11507.0,4.231448234452873e-05,0.00013481942720609973,0.0002166774203405863,0.0,0.0001359232407712076
11510.0,0.00014758216664302644,0.0,0.0004213392547207107,0.0,0.0001710717617090669
11513.0,1.3076948522930262e-05,0.0,0.0008348397148536994,0.0,0.0
11516.0,0.00016628633332797156,0.00012375534096358972,0.002295098388905621,0.0,3.722456460912779e-05
11519.0,9.445277182682286e-05,0.0,0.0009837541094426011,0.0,0.0
11522.0,1.55957481504819e-05,0.00014762039768797242,0.0017075897683354294,0.0,3.249296401551556e-05
11525.0,0.00021595441163931893,0.0,0.00021869687790666365,0.0,1.1969702828846124e-05
11528.0,0.0002334095303388002,0.0,0.00017484392307998546,0.0,0.0
11531.0,0.00025961228547914287,0.0,7.722902141353606e-06,0.0,0.00017619476854824549
11534.0,0.0002481086844520285,4.360675826095808e-05,0.00040250152203979555,0.0,3.3555594666411795e-05
11537.0,0.00021300366361937415,0.00011806277874100455,0.00039094802329487526,0.0,4.9292974494496465e-05
11540.0,0.00039726369628443286,4.412732549148707e-05,0.00018159293990277736,0.00011701367966428483,0.00032942626223617186
11543.0,0.00036518409990045505,0.0002676855603235018,1.842097236270253e-05,0.0,7.738524890671517e-06
11546.0,5.388402568221158e-05,3.610531159825445e-05,6.318310952774958e-07,0.0,0.0004481815418547958
11549.0,4.9017196835485906e-06,2.937889455184367e-05,4.090909041078729e-05,0.0,0.0
11552.0,6.985001731260299e-05,0.0,9.933775517492427e-06,7.985825898504805e-05,0.00020900976867684358
11555.0,0.00028770232712106844,0.0,2.872799055797047e-05,0.0,0.00033192768469986206
11558.0,0.00010189651261191117,0.0001859779794402145,0.0001506928466596197,0.00039553541398874934,0.0
11561.0,6.338120204677162e-05,0.0,8.613673145604923e-05,0.0002163585671294817,6.3766450629141165e-06
11564.0,0.00013394906331546264,0.00018117925249778254,0.00013949210675739815,0.0002572875158420277,0.00012077527491060076
11567.0,6.702195210645002e-05,0.0,7.603955181122269e-05,0.0,0.0
11570.0,0.00017966020301553556,0.0,8.322327240410386e-05,0.0,0.00010332895366772657
11573.0,6.209650280624215e-05,0.00025512073284047706,0.00015883770849355112,0.0,1.2407270893315851e-05
11576.0,9.023855011690224e-05,0.0,3.570908881225035e-05,0.0,0.00024443660818068474
11579.0,6.697600592146624e-05,0.00022587771327563962,0.0001159918640322869,0.0,0.00032427983285572977
11582.0,1.3786191793932291e-05,0.0,0.00017427684391506742,0.0,0.001960138072355674
11585.0,0.00013116679650486328,0.00016999032853766462,0.00010828314522859561,0.0,0.00468462178204931
11588.0,8.355349777551118e-05,3.659384098410527e-05,0.00034035370299168423,0.0,0.003695292930511926
11591.0,0.0001826971717188976,0.0,1.6324715237241742e-05,0.0,0.002611851593299036
11594.0,3.106768808964388e-05,3.505709840307001e-05,0.0006965849544829146,0.0003505104287085523,0.00398062373810526
11597.0,9.51509757261084e-06,0.00014087067836156231,0.0002224005284404851,0.0,0.00026145974103841685
11600.0,3.124956768006576e-05,0.000162796191698718,0.00012123863021533147,0.0,0.00024897886358940383
11603.0,6.976379369154997e-06,0.0,1.3866301713567805e-06,0.0,0.0
11606.0,3.9980023187330924e-06,0.0,4.7358278688829423e-07,2.542460928725649e-05,7.350325831705365e-05
11609.0,0.00019866118506142873,2.9642925878133072e-05,5.403922418755004e-05,0.0,0.0006247746427145383
11612.0,5.053107418863208e-05,0.0,1.645262341339575e-05,0.0,1.2867035588210566e-05
11615.0,0.00018925463273039287,0.0005636464718001264,0.0004189887365643057,0.0,2.7229552164087503e-05
11618.0,0.00016444794220249427,4.980449010319029e-05,2.8438696751625916e-06,0.0,0.0
11621.0,9.40387774932513e-05,0.0,2.9959798010765865e-05,0.0,0.0011690253919278267
11624.0,8.847846639652646e-05,0.0,0.00020016803914791554,0.0,0.0009860537245621622
11627.0,3.1094636496263883e-06,0.0,0.00011005844222789145,0.0,0.0
11630.0,0.0003258575916964973,7.698376351621885e-05,6.602930872807699e-05,0.00012191777651015753,5.563196597496962e-05
11633.0,5.699299969334427e-05,0.0,1.3822080353853084e-05,3.96925187008538e-05,0.0006592259563546841
11636.0,0.00011110602075941998,0.0,2.6003551734681297e-05,0.0,0.0006313742204656119
11639.0,0.00010735002384237094,0.0,7.429798317845819e-05,0.0,0.00014222372883651458
11642.0,8.532299244142789e-05,1.6546479013469475e-05,1.818025181027072e-07,9.43588877061222e-05,2.2577621618964955e-05
11645.0,2.0587902063101292e-07,0.0,0.0002665485549990681,0.00019592549548265198,5.638879557371875e-05
11648.0,0.00012787394572088748,0.0,4.5049544673242424e-05,0.0,5.3062551230854285e-05
11651.0,6.0796028822730124e-05,1.722093058226335e-05,6.14989294902951e-05,8.340247454136479e-05,0.0004696403155151355
11654.0,0.00012214082690194093,0.0001611077722332975,5.7855163010620355e-06,0.0,0.0007789742699954917
11657.0,0.00013545071645371812,0.0,1.4648750523215704e-06,3.161877590679837e-05,4.970653678991345e-06
11660.0,3.2299738250887977e-05,0.0,6.906646064738102e-05,0.0,0.00022374711763674247
11663.0,2.1002652237669124e-05,2.292441350083968e-05,0.00024259350419326295,0.0006768725516000016,7.4051275380042e-05
11666.0,0.00014250345098845281,0.0,1.5563231840946028e-06,0.0,1.827129789447147e-05
11669.0,8.357928545489713e-05,0.0,4.515656246243365e-06,0.0,0.00019474820807629457
11672.0,0.00027175650503436806,0.0,0.00046356520433977095,0.00020637222756335235,1.761653127136866e-05
11675.0,0.0002017036113845537,1.7420773366217175e-05,0.00027916376864469,0.0,0.0009048939745135808
11678.0,3.336466853833717e-05,0.0,0.00021179591444201788,0.0,7.025870738898971e-05
11681.0,0.00025804091361657954,0.0003687555575217043,0.0008440031942158256,3.142715594657637e-05,0.0
11684.0,9.650270998987666e-06,0.0,1.4752776403662562e-05,0.0,0.00013442067517025041
11687.0,5.432213781026677e-05,0.0,4.2124361144984366e-05,0.0,0.00043787796982228816
11690.0,7.480121676658372e-06,0.0,3.1654181124316966e-05,3.459471360745386e-05,2.6978627373247884e-05
11693.0,0.00024455875093373335,0.00020530085008697537,7.961354644036464e-06,0.0,4.592809461366565e-05
11696.0,0.0001829260941010489,0.0,0.00026181005829221347,0.0,4.694395332144209e-05
11699.0,0.00015938159275504662,0.00038482310337298634,2.3475430408248875e-05,0.0,2.4243531581480326e-05
11702.0,0.00041944366016426096,0.00032886337739503253,9.000302067001266e-06,0.0,0.00047734287846707514
11705.0,0.0005998910804879178,0.0,4.532083765445988e-07,2.7753912031111434e-05,0.0
11708.0,0.0013107837954539627,0.0005500165899850151,1.6744870372090902e-05,0.0,3.982520657705828e-05
11711.0,0.0018140315295088123,0.0,2.4586247819026705e-05,7.719052540705644e-05,0.00012304588450483687
11714.0,0.0006036537443839873,0.00013137669453680827,3.966400456940587e-05,0.0,0.0001881960298516414
11717.0,0.0003610476887936052,0.0002416951595629267,2.61786998080672e-05,8.690096159477906e-05,0.0005739059669867965
11720.0,0.0005555105372495088,0.00019108318035027151,4.004203243836719e-05,0.0,8.193559400574049e-05
11723.0,0.00032815946034183384,0.00011051680847763375,0.0002082533362393641,3.467004518654171e-05,0.0
11726.0,6.056057434881417e-05,0.0,0.00029769135699976107,0.0,3.291729337541038e-05
11729.0,0.0001368948315157588,0.0005873034772364938,0.0005500686353047809,6.488769078406029e-05,0.0
11732.0,0.00033631240751644384,0.0004032532970328095,2.3514595743320302e-05,0.0,1.3548372106423284e-05
11735.0,0.0001993609763771041,0.0002306413503823834,0.00011291215520819277,0.0,0.0
11738.0,0.00026521603027222204,2.613480048801326e-05,3.589729761417917e-05,4.476102719026674e-05,0.0
11741.0,0.0006620997867023149,0.0,0.0001236686365907375,0.00011326946605311364,0.0004155849912046279
11744.0,0.0002886696756285893,4.148290983677625e-05,8.598962390160596e-07,2.3401121252007128e-05,6.167605134376936e-05
11747.0,0.0008204062506744761,0.0,8.408916069017241e-06,0.0,5.4192091698948706e-05
11750.0,0.0003055947530364038,0.0,0.00020160838618751102,0.0,0.0005706456103968977
11753.0,0.0005160726253770159,0.0005488621226095187,6.443284612276335e-05,0.0,0.00011286815943947088
11756.0,0.0008830856026791938,0.0005399959597505646,3.212316920861208e-05,0.0,0.0008022225875285859
11759.0,0.0005466348098074022,0.00010721385848477257,9.578370441239297e-05,0.0,0.0
11762.0,0.00035154454071326276,0.0,2.6284694161482392e-05,0.00011371847633278207,0.0006495143869528029
11765.0,6.0056167784281534e-05,0.0,2.4695120055324e-05,0.0,0.0
11768.0,0.0001782700315249175,0.0001509327392809632,5.3474853745328546e-05,0.00016750567281891398,0.0
11771.0,0.001327496329292263,0.00021080303553429403,0.0006270241332433447,0.0,0.00011063323715728925
11774.0,0.0019056072835329165,0.0006366090083543232,0.00015072517832386342,0.0,0.0003417065253691733
11777.0,0.008231121955557702,0.00866546640421939,0.0004983597168443224,3.7510860720383535e-05,0.00011456269144730277
11780.0,0.0166401088417209,0.010254511955988544,3.4980312814813244e-05,0.0,0.0
11783.0,0.006159162297990087,0.0022318869390704783,7.289363299777012e-05,0.0,0.0003333374340337148
11786.0,0.006689336531338894,0.0035945295945225973,9.092199025425042e-05,0.0,0.00039423847237836455
11789.0,0.0014360805722665544,0.0006699512486912645,7.384434398382041e-05,0.0,3.121389073714995e-05
11792.0,0.0010507479492840395,3.508289833032419e-05,3.8808275625133756e-07,0.00020806361911716994,1.3110551121164699e-05
11795.0,0.00041377041495908174,0.00022050805691051407,6.53865342376519e-05,0.0,5.908044655759455e-06
11798.0,0.0001407217630845754,0.0003699848489027228,0.0005096965525012726,0.0,6.448920575773194e-05
11801.0,0.00021211044098274755,8.497997500191204e-05,2.5869790433870703e-05,6.512056689126653e-05,5.757530833697159e-05
11804.0,0.0002229906628362368,0.0,0.0006370928016071247,0.0,0.0
11807.0,0.0001744720179547889,7.943513856929604e-05,0.00034790790715112267,0.00020680598194207586,0.0004106729358749711
11810.0,0.00035487427004968306,5.3465123273256766e-05,9.235781783694371e-05,8.051711719348166e-05,0.0
11813.0,3.201861882425523e-05,7.530718121219239e-05,0.00017068374234593977,0.0,0.0002996762543752984
11816.0,7.023979794422674e-05,0.0,6.183034485977126e-05,0.0,0.0
11819.0,0.00017688594336072195,0.0,1.4389538832629622e-06,0.0,6.336745392870629e-06
11822.0,0.0002202627518225075,0.0,8.665426251069917e-05,0.0,0.00020756799938237482
11825.0,1.3859120495293597e-05,0.00012789139521191824,2.0040247327408465e-06,0.0,0.0004139285775683732
11828.0,5.544088964501888e-06,7.518673235934858e-05,6.522770026997036e-07,0.0005431006371470576,7.69834030724685e-05
11831.0,0.00024438911626804637,0.0005983346897781937,5.075358309677802e-05,0.0,0.00017845321152005646
11834.0,0.00016038168824013195,0.0,0.0001770088455797113,0.0002288590121750891,0.0
11837.0,3.380857462105206e-05,6.629814400123392e-05,8.177097362680278e-07,0.0,0.0
11840.0,0.0001245368505506806,0.0005689127126714177,3.172067884615967e-06,3.333199469567499e-05,1.5292149113073453e-05
11843.0,0.00010675862229804523,0.0001935934423359452,1.994759872219194e-05,6.322977597247039e-05,4.126964003341861e-05
11846.0,8.822965337040975e-06,0.0,7.609418566817744e-05,0.0,0.00011400371338244064
11849.0,4.494886759448498e-06,0.0,5.105251635470825e-06,0.0001135773779581,0.00023994506150266275
11852.0,1.6858364890137278e-05,0.0,7.038068370769456e-05,0.0,0.00016702639467088148
11855.0,4.399148257153875e-05,3.30755216215749e-05,4.1303382648251515e-06,0.0,6.781405809252341e-05
11858.0,3.4688042749262477e-06,0.0,4.851724867853756e-05,6.914577987205005e-05,1.9703541135049508e-05
11861.0,0.00014722692465399953,0.0003470901268967072,1.59495857279697e-05,0.0,5.181520629921011e-05
11864.0,0.000278858000497134,0.0005196999640645213,9.028902077038062e-07,0.0,0.0
11867.0,2.347074993095266e-05,0.0,0.0001968692375048515,0.0,2.8712651357911363e-05
11870.0,1.808770383803575e-05,6.992902118905964e-05,1.3316730431691104e-06,4.534575476299452e-05,9.931870958849211e-06
11873.0,2.7587590879164098e-05,0.0,3.054937817142654e-06,0.0,4.5413579174123585e-05
11876.0,0.00018677192120679297,9.78941407423914e-05,0.00013530144508009946,0.0,4.5821062876999445e-05
11879.0,5.5187172406776185e-05,0.0004927466396779302,4.7531547021531644e-05,0.0,0.00016331405070034522
11882.0,0.0003331286881738932,7.625367170823126e-05,0.00012351863579756952,0.0,0.00018135291816479503
11885.0,0.00018050759833895144,0.0,4.543721772544446e-05,0.0,0.0001613870774095474
11888.0,2.289526064219427e-05,0.0,0.0001794283690040731,0.0,0.00011574442561199451
11891.0,3.5393513266370335e-05,0.00016032026182158618,2.993048727989564e-05,0.0,3.5981972323351825e-05
11894.0,8.625835994283213e-05,0.0003976118014034022,0.0011843244112048695,0.0,0.0008964918968335966
11897.0,2.1943038577551923e-05,3.560392565376855e-05,0.00018521505677296927,0.0,4.505315289398927e-06
11900.0,4.731130666860129e-06,2.7309515672213768e-05,0.00022605003082028975,0.00012704546977015995,4.0592929700679676e-05
11903.0,0.0001843457716054884,3.1893524319856766e-05,0.0010094955531888812,5.048212189893714e-05,0.0
11906.0,4.748817474999466e-05,0.0,0.00028182042404905337,0.0,0.0
11909.0,9.96638501271183e-05,0.0,8.581148789743121e-06,0.0,0.0
11912.0,6.7581800212177715e-06,0.0,0.00021921863889583533,0.0,0.0
11915.0,4.8386816485293235e-05,0.0,7.295704802165263e-05,0.00022670724236122133,0.0
11918.0,4.416348869981905e-05,0.0,0.00013805363329680745,0.0,8.139041947042392e-06
11921.0,5.542620125145572e-05,0.0,9.54849427320834e-05,8.47668317504692e-05,0.0002450414333290656
11924.0,6.346476360376055e-06,0.0,7.863777327628796e-06,4.74577580273074e-05,0.00011550182455756427
11927.0,4.418399388547614e-05,0.0,1.516941132214726e-06,0.0,3.996498400600706e-05
11930.0,0.00022646843976339894,0.0,0.00017557666036930802,0.0,0.0
11933.0,0.00019605132104777496,0.0,2.5329905229359626e-07,0.0,5.279971745704983e-05
11936.0,0.00023310986339236274,0.0,1.6351009038684623e-05,0.0,1.2894871030999044e-05
11939.0,5.131156883928761e-07,0.00019024407008405182,3.697391603828016e-05,0.0,7.17467149448391e-06
11942.0,0.00025073538908247016,4.6577043714011873e-05,4.191449277702384e-06,0.0,9.340601043523027e-05
11945.0,2.217373593584133e-05,0.0,6.804706465129401e-05,0.0,0.0
11948.0,3.5762418716623725e-07,0.0,0.00023254317920051533,0.0,6.474469161637955e-05
11951.0,0.00016499489785439038,0.0,2.031065577142599e-06,0.00018665241650379894,0.0
11954.0,9.212277470413027e-05,0.00028283847122245666,4.668647419114642e-05,0.0,0.000552633705421021
11957.0,0.00012318223857500779,0.0,1.6342285314510706e-05,0.0,0.000582427495946661
11960.0,1.6610559531647352e-05,2.799216458378548e-05,2.3592819789352354e-06,0.0,0.0
11963.0,0.00011810423113464451,0.0005847663438403345,9.770750972190306e-05,0.0,3.670713774931102e-05
11966.0,0.0001597690471304853,0.0,6.435037890491597e-06,0.000249115106818245,0.0
11969.0,3.942027630804246e-05,0.0,1.823877811157623e-05,0.0006862314534852918,0.0
11972.0,0.00010027925431255736,0.0,5.2779595890331894e-05,0.0,3.339925847566723e-05
11975.0,0.00038455818338475764,0.00012231576355753836,0.00021906767333729817,0.0,0.0002451964095987029
11978.0,6.839997095899044e-05,0.0,6.769131383231597e-06,0.0,7.214349858837149e-06
11981.0,0.00022671080498154673,2.775143801778067e-05,1.6751419257196766e-05,0.00021009789604289135,0.00023354906469633113
11984.0,3.243917232268655e-05,0.0,5.128112347786086e-07,0.00010644379921428889,0.0
11987.0,0.00020122494109566083,0.0,5.43656956582387e-05,0.0003915711747209226,6.97368449780251e-05
11990.0,4.139756521599746e-05,0.000253098546348452,4.6936529919034833e-05,0.0,6.343632765695525e-05
11993.0,1.9968658592661597e-05,0.0,2.9937617793095037e-05,0.0,3.043704830911543e-05
11996.0,9.717789658573994e-05,0.00019547618223019248,1.168806463757346e-06,0.0,2.9446775653454933e-05
11999.0,9.933684151149148e-05,0.0,3.890189360782359e-05,3.1813385752769674e-05,0.0
12002.0,9.617432923483619e-05,2.6790196025169573e-05,1.8400520229236442e-05,0.0,7.069380664456524e-05
12005.0,0.00015009730507852608,0.0,2.864241401503399e-05,0.0,0.0
12008.0,2.261113594585125e-06,0.0002458891173107469,0.000379921174890161,0.0,0.0
12011.0,6.256712646181877e-05,6.124585253630152e-05,3.4696885732431124e-06,0.0,0.0
12014.0,2.3388833479273938e-05,1.7632850157206308e-05,9.327282408278588e-05,0.0,0.0002837663580321224
12017.0,0.000201819538924339,0.000189351276523707,1.1778460101892053e-05,0.0,0.00018714509018108975
12020.0,0.00031990215864362775,1.3925591344716473e-05,1.7816473246686742e-05,0.00022227846251325473,0.0
12023.0,0.00020435065161806393,3.16652810295557e-05,2.093244566701611e-06,4.3431647011710015e-05,5.0839562468728934e-05
12026.0,2.973027067195114e-05,0.00043503356036650025,1.272540255503386e-06,0.0,1.1276746110360323e-05
12029.0,7.150707037787768e-05,0.0,0.00010911466363076479,0.0,0.0003274197396948731
12032.0,3.174136023179184e-05,0.0,0.00027054710823465344,5.0517098929484814e-05,0.00037118862971565375
12035.0,9.752241509161178e-06,6.75885421701549e-05,0.00012491628936471387,0.00026847500548073344,4.5966095962191284e-05
12038.0,7.957450418539879e-05,0.0,5.425889310360388e-06,0.0,0.0
12041.0,0.00014518943831893092,0.0004813292566426937,3.431131823718313e-05,3.4314305800457e-05,0.0
12044.0,3.283279111695841e-05,0.000335913676291152,0.00014191251645070136,0.0,3.1424853099616004e-05
12047.0,0.00010409936595986135,0.0,3.2188685223805043e-06,4.5645587918286375e-05,0.0010375699416833072
12050.0,9.589179710794507e-06,0.0,0.0002646005394508879,0.0,0.0
12053.0,2.759740877021573e-05,0.0,0.0003475554436470981,0.0003441286066674012,0.0
12056.0,0.00010056534634650372,0.0,0.00010025514105296414,0.0,6.061436961769848e-05
12059.0,0.00026209238262402216,7.400086705277053e-05,3.803586246078195e-06,0.0,0.00026489337007457075
12062.0,6.848586361291972e-05,0.00011937710174152463,5.553328240341927e-06,0.0,0.0009505102083572439
12065.0,7.385380209896156e-05,0.0,0.0002768590086236544,3.9300907813037776e-05,6.088859898301576e-06
12068.0,7.393852827725988e-05,0.0,1.123221346562563e-06,0.0,4.5383178661543644e-05
12071.0,9.620939061068719e-05,0.0,6.262535933096207e-05,0.0,1.0970974313976107e-05
12074.0,6.880536689121942e-05,3.825063433220043e-05,0.0001999471526064355,0.0007655527838696687,0.0
12077.0,7.052745198059765e-05,0.0,4.0348135420038383e-05,0.0,0.0006962119864604234
12080.0,5.2444337510402325e-05,0.0,2.9684602513785187e-05,0.0,0.00021910440360066458
12083.0,6.657721962092283e-05,0.0,5.653752510789337e-07,0.0,0.0
12086.0,4.9405415493963866e-05,0.0,0.00025358627371697273,0.00015131393407080912,0.0
12089.0,0.00019871466995176852,0.0005036542546446511,0.00014481549038328716,0.0,1.7786452517171374e-05
12092.0,6.847863324220455e-05,0.0,3.8834899117914325e-06,0.0,0.0
12095.0,9.433887871204386e-05,3.953041936050224e-05,2.769183849628532e-06,0.00018944300979703877,2.213986480763787e-05
12098.0,9.85357581135926e-05,0.0,5.764876309635029e-05,0.0,1.336001972999982e-05
12101.0,0.00023580360384632934,0.0,4.5576964069240216e-05,0.0,3.825857085537181e-05
12104.0,0.0004420819583883278,0.0005209603656635316,2.258537164532821e-05,0.0,0.0003072689138071372
12107.0,8.855459937534221e-05,8.4348092569002e-05,4.74531779284308e-05,0.0,8.714453728907295e-05
12110.0,6.595773508867739e-05,0.0,6.360048171316801e-05,0.0,9.417702624777822e-05
12113.0,1.556407569371705e-05,0.0,4.061459063456805e-06,0.0,7.5960573471382785e-06
12116.0,9.348988323597677e-06,0.0,0.0002586257291991082,0.0005061231057608293,6.09104492629575e-05
12119.0,5.544217809597164e-05,0.00015319561265442896,6.631225391649186e-05,0.0,6.123373299276714e-05
12122.0,0.0002857371909780657,0.0,0.00018554723360407325,7.765686918408441e-05,3.161592909319111e-05
12125.0,6.201893790078109e-05,0.0,0.00030903086195804684,5.7908663118988046e-05,1.54454464794146e-05
12128.0,0.0003048837698554608,0.00036426996163253,9.380588290897921e-06,8.255737389070169e-05,0.0003476711884197336
12131.0,7.874107993564079e-05,0.00018051594981122358,6.637201144138626e-05,0.0,0.0005219489023245353
12134.0,0.0003072718124260319,0.0,2.9358972358858405e-05,0.0,8.270014665402546e-05
12137.0,6.773658851562186e-05,0.0,3.237635744244592e-06,2.3724574148355522e-05,0.0007970981915125372
12140.0,2.9706227226003384e-05,1.7719445596563063e-05,0.00023996453373592257,0.00010014366092308158,0.0
12143.0,0.0001001417503162579,0.0,0.0005513994588000559,0.0,0.0
12146.0,5.196672497533814e-05,0.00016577833291530527,3.434037815798465e-07,3.9477581908143424e-05,0.0002485659383146304
12149.0,3.285504891953916e-05,0.0,0.00038355789989564837,0.00030603912287284593,3.368029735573075e-05
12152.0,1.2497250353601039e-05,2.395764577306553e-05,0.0003655772189352526,0.0,0.0
12155.0,6.731531479868782e-05,0.0,3.2569551247489285e-06,0.0,0.000553854403543211
12158.0,0.00018363875649705968,0.0,6.376184322640081e-05,0.0,0.0002368818670487544
12161.0,0.00018885714785129372,3.4253982036515053e-05,9.720322701206807e-06,0.00047014999067759877,0.0006378142486106945
12164.0,7.227590817748927e-05,2.2285665638335366e-05,7.566923824273314e-05,0.0,0.0004296133923404187
12167.0,5.918370538060634e-05,6.233852732502167e-05,0.0002981643180438067,0.0,0.000510511280661511
12170.0,9.404007401538273e-05,0.0,3.374970454598986e-05,0.0,0.00024195996251695956
12173.0,0.000151265248980837,0.0,0.0002605467191828544,0.0,0.0005854331443149645
12176.0,6.783824974447455e-05,0.0,4.138435511258243e-06,0.0,0.00016593036243237334
12179.0,0.00035031368469607956,0.00021386841016357076,1.819759102202823e-05,0.0,5.1017214785808926e-05
12182.0,3.3906386629644265e-05,0.0003996984405881429,4.323481729450448e-06,0.0,5.3055899791601084e-05
12185.0,0.00019065362412594634,0.0007585157530305279,9.347752994392563e-06,0.0,0.000447453537676102
12188.0,5.34018224520031e-05,0.0004586642909009866,2.5908904638882823e-05,0.0,0.0
12191.0,3.003319490016157e-05,0.0005307076535808339,7.690058381525616e-06,0.0,6.545668062422677e-05
12194.0,0.0002710119391819212,4.5535695948421705e-05,4.9170126712352154e-09,0.0,0.00019774158129273002
12197.0,5.207005425429074e-05,0.0,2.6728046167524213e-06,0.0,6.668894562570255e-05
12200.0,8.642851695138977e-06,0.0,7.238027729008143e-07,0.0,0.00027239430042120334
12203.0,0.0001091409017444929,4.039387362652965e-05,9.486088600049301e-07,0.0,8.042744244153986e-06
12206.0,2.3746492742396852e-06,0.0,0.00023447698234835786,0.0,0.00017241948788185838
12209.0,4.354586051915043e-05,0.0,7.461514336860284e-05,3.5345944674657335e-05,7.45675650400432e-06
12212.0,1.7904766513304353e-05,0.0,1.866079862843256e-05,0.0,0.00016503379173844548
12215.0,2.73851075507728e-06,0.0,7.355744184602108e-05,0.0,0.0
12218.0,6.348341632215655e-06,0.0,4.58367345421432e-06,0.0,0.0
12221.0,4.48610205344055e-05,2.743372835793666e-05,0.00038121402141118966,0.0,0.0
12224.0,1.0940260765386303e-06,0.0,0.0004278177960873899,0.0,8.265363140663167e-05
12227.0,0.0001551574907512733,0.0003945635010578419,7.20233100725756e-05,0.0,0.00039851298753872225
12230.0,2.8356452882552136e-05,0.00015821654835312916,0.0001002425547262848,0.0,2.7311377701688187e-05
12233.0,7.67234527796282e-06,2.8028783515335254e-05,2.757562706530802e-06,0.0,9.765691808240422e-05
12236.0,0.00012386157049700956,0.0,0.00018060845681717585,0.0,2.7366540858218857e-05
12239.0,0.00018227420593351938,6.301878276131937e-05,0.00011655636663143493,0.0,0.0
12242.0,0.00031900089854769686,0.0,0.00011416055496403816,0.0,0.00019116983096270342
12245.0,6.502061077372696e-05,0.0,3.1942285454855108e-06,0.00022202466789669395,0.0
12248.0,0.00014977456791218414,1.4101944587133986e-05,2.3830313814894196e-05,0.0,0.0
12251.0,0.00016054519566125372,0.0,5.6563241376092014e-08,0.0,1.1081712095186482e-05
12254.0,0.0001905914786754526,4.838010320420183e-05,1.3027709938796065e-05,9.62834582757142e-05,6.931280156961917e-05
12257.0,4.656149237362554e-05,4.9084099930989535e-05,7.142654656294152e-05,0.00015559533642765707,0.0
12260.0,9.237230446457703e-05,0.0,9.090519510691031e-05,0.00029485604679015993,0.00023236360608427662
12263.0,7.509142679982419e-05,0.0,0.0001271907023017083,0.0001752000636130886,0.0
12266.0,9.28290315219063e-06,0.00020809884996543483,5.5351166680923505e-05,0.0,0.0
12269.0,0.0001666535478418929,0.0,0.0005502244551334149,0.0,3.0404653685987534e-05
12272.0,4.286554627517003e-06,2.1609673812396246e-05,0.00011674524454853223,0.00011331102510866605,0.00039338074295647757
12275.0,0.0002444124534614608,1.6172800476635054e-05,0.00029648652330306965,0.0,1.2346312264530085e-05
12278.0,6.02583714516994e-05,0.0,5.6837080969479946e-05,0.0,0.0001068835099841852
12281.0,0.00013949926977470205,2.3057989263411693e-05,8.603830154713145e-05,7.966783284094765e-05,0.0002772918736763624
12284.0,0.00014071815276925188,0.0001906177684631683,0.00025851687122967475,0.0,0.000199441280245782
12287.0,9.093045700360187e-05,0.0,0.0006058605280211109,0.0,0.0
12290.0,0.0002505911955722633,0.0,1.2741659682559928e-05,0.0,0.0
12293.0,9.758470717990435e-05,7.668082147480125e-05,2.9877438114258416e-07,7.6834490239664e-05,1.5782663030367072e-05
12296.0,0.00025614322507360815,5.7114312407142625e-05,5.4301731561485226e-05,0.0,0.0
12299.0,5.522168256113776e-05,3.222246967191972e-05,0.00011672441923140862,0.0,0.0
12302.0,9.540805625476105e-05,0.000480974871004739,1.822091471008934e-06,3.081552652936521e-05,0.000453462241030889
12305.0,7.729462997042073e-05,0.0,4.789069818591527e-05,0.00011315198741948811,3.980155282089451e-05
12308.0,4.652436992909499e-05,4.927726578702871e-05,4.398070731588606e-06,0.0,0.0001242112736635488
12311.0,0.00017583954788609487,5.6780165896893555e-05,9.01100301736637e-06,0.0,0.0001639100698640962
12314.0,0.0002859349735426874,4.350091828828416e-05,7.480708435534238e-05,0.00021631463469620694,0.0006002157311779
12317.0,7.555727099031939e-05,3.53546259817693e-05,4.309797664611898e-05,0.0,8.619200739874351e-05
12320.0,0.00025318799292345254,0.00011657763849476291,0.00011878685707180705,0.00041487015876737426,0.0007834717098222675
12323.0,4.803751500088858e-05,2.4878317739710785e-05,0.00013239867019801404,4.0112528157842966e-05,0.0007887960024444026
12326.0,1.2107227781808685e-05,0.0,0.0006360373542994518,0.0,2.9714546101313513e-05
12329.0,0.0003554682392243064,8.869866172872831e-05,0.00021118738955944497,0.00011755984163083973,0.0005537611399460546
12332.0,6.718500256417628e-05,4.125920050792689e-05,2.256031367152758e-05,0.0,0.0001752618282223738
12335.0,8.852570847902809e-05,0.0001800251360826501,0.00038576593225260854,0.0001870239890989232,0.0004330404728043567
12338.0,6.727742862741449e-05,0.0,6.857086645127315e-05,0.0,0.0012171148301081383
12341.0,0.00015615642531393285,0.0,7.695066721696294e-05,0.0,2.3818694492539213e-05
12344.0,2.1419735841718656e-05,0.0003112515526159587,2.8403689426185824e-06,9.71432054465557e-05,0.0
12347.0,0.00016520591601993233,0.0,0.00024156086479100143,3.833533507936962e-05,0.00052888690271898
12350.0,8.408047073101468e-05,0.0,8.384863908947297e-06,0.0,6.922194732609689e-06
12353.0,4.662129846080851e-05,0.0,0.0004460709663459584,0.0,0.0005176210425836176
12356.0,0.00020483351783655532,0.0,0.00034576677966269417,0.0,0.0008919525981443979
12359.0,0.00011464751182481769,8.152030942516391e-05,0.00029979891932491995,0.0,0.000306240228334802
12362.0,1.5011895910423992e-05,0.00016874529478611328,0.00025537367357052123,0.0,8.72664526591759e-05
12365.0,4.883027067959802e-05,0.0,6.403796444099645e-05,0.0,0.001232746117215172
12368.0,3.5080124642768264e-05,9.365278846371782e-05,1.9078125927805865e-05,0.0,0.00018117627375593333
12371.0,2.3144048839920952e-06,0.0,7.773884926192449e-05,0.0,0.0002988858429356886
12374.0,1.9780285265653063e-05,0.0,0.0006651791407710451,3.461414251937907e-05,5.908361278612669e-06
12377.0,7.974254163607031e-05,3.3783139564839345e-05,5.2887946773348404e-05,0.0,0.0
12380.0,4.836172480111438e-05,0.0002090288974103555,1.4808822848830063e-05,0.0,4.426148911898092e-05
12383.0,0.00014566152995306825,4.2171341533427096e-05,1.5432678851594544e-05,0.0,0.00019090985104138218
12386.0,0.0003268925179188671,0.0001074262043867122,3.5911425165464056e-05,0.0,0.0011755025706449754
12389.0,9.382598023302542e-05,1.9255605310562685e-05,2.0055947987081774e-06,4.287472288190968e-05,0.00022232489307935286
12392.0,7.193688444612917e-05,0.0,2.5525082011088286e-05,2.719543415853792e-05,0.0
12395.0,4.4675028937076105e-05,0.0,2.998107806686625e-05,0.0,4.675205863837321e-06
12398.0,0.0002108285933472267,0.0,1.0935121149370974e-05,0.0002819933230970256,0.0002977167307452154
12401.0,6.252719706239141e-05,0.00016811132891358647,2.405145163248171e-05,0.0,0.00017443948694877235
12404.0,0.00024062293447994488,0.0005143421585023587,4.793577002615041e-06,0.0,0.00013984102153996085
12407.0,3.1164561655361856e-05,0.0,6.363749125210457e-05,0.0,1.1894843937750423e-05
12410.0,0.00025141071512331645,0.0,0.0,0.0,1.776618676709713e-05
12413.0,6.0858880418401716e-05,0.0006890515472199669,4.019909439201969e-05,0.0,0.0
12416.0,6.495123228815073e-05,0.0,5.682039083047885e-06,0.0,2.5300463021018718e-05
12419.0,5.1067544959762874e-05,0.0,1.7034620156037796e-07,0.00034371853439326295,2.2855083274214446e-05
12422.0,0.00028648642763234926,1.9844647016353152e-05,4.2487155275189396e-05,0.0,0.00022205604205573592
12425.0,3.910990568065248e-05,0.0,1.0980227883253215e-05,0.0,0.0003451863530298678
12428.0,4.743163027784139e-05,0.0,3.4812033026608116e-06,0.0,9.78687071561055e-05
12431.0,2.2066381861653123e-05,0.0,0.00014441803930685784,0.0,2.230456154042899e-05
12434.0,3.563257616224988e-05,0.0001756941214918982,3.552275828631194e-06,0.0,0.0
12437.0,0.00010000990090771183,2.5740316078291725e-05,0.0002607571249542433,5.750210636605568e-05,2.886034388632334e-05
12440.0,0.00014793794045148327,0.00021446803896698518,1.9442210906395444e-05,0.0,0.0
12443.0,1.7818753855489914e-07,0.0,4.234462757834691e-07,0.0,0.0
12446.0,5.1796141521614425e-05,4.958207300296037e-05,3.341127506765479e-08,0.0,0.00030115285878976067
12449.0,5.571090029951001e-05,0.0,1.2134880144453469e-06,0.0,0.0
12452.0,7.381686889282832e-06,0.0,2.8773384118597583e-05,0.0,1.541273523343349e-05
12455.0,0.00015116728076029081,3.933107511388528e-05,1.2206986190049803e-06,0.0,0.0007213282863415176
12458.0,0.00028248781679358984,0.0,0.0001248437620215307,3.7502493316641715e-05,0.0
12461.0,1.6694692785739813e-05,0.00014210115779921944,0.00049671953971292,0.0006138054268377458,9.60700458664064e-06
12464.0,7.011876988797697e-05,8.20096920291435e-05,4.031988656436352e-05,0.0,0.0
12467.0,7.84066105254432e-05,0.0,2.3863266902882127e-06,0.0,0.00031983595514026715
12470.0,4.048474516220518e-05,0.00010486377952177657,5.680518751904281e-06,0.0,0.00022283757106823855
12473.0,0.00031876483544639915,7.348499872266291e-05,4.1437411373422185e-06,0.0,0.0
12476.0,6.46426632220146e-05,0.00012226978650970997,4.600382277565782e-06,0.0,0.00013554929596928237
12479.0,7.722218502252199e-05,1.4789191947574112e-05,1.9930482989560574e-06,7.691430842919092e-05,0.00028686009738995656
12482.0,0.00015719907999731412,0.0,7.01472852630738e-05,0.00018028351084035745,0.0
12485.0,5.482199150781541e-05,3.926763809798289e-05,8.025385164813276e-05,0.0,0.0
12488.0,0.0001191976886664263,3.533361300506315e-05,0.0008222254322138974,0.0,0.0
12491.0,1.0341239003631642e-05,0.0,2.1399839039062676e-07,0.0,0.00038936283056429586
12494.0,9.488757438123646e-05,0.0,8.355289547918244e-06,0.0,3.252431109358513e-05
12497.0,4.800593812952153e-05,0.0,1.6966372545667698e-07,0.0,4.248214984506929e-05
12500.0,6.877131528130648e-05,6.259735501283969e-05,0.0003206250223056323,0.0,0.0
12503.0,7.1859527644347605e-06,2.1485877814596706e-05,0.00011768040700254692,0.0,2.0109061870608873e-05
12506.0,3.005887685393854e-05,2.470438029513461e-05,0.00030970556204461014,0.0,0.0003257683556904998
12509.0,4.0151690540817645e-05,0.0,3.1586803187655906e-06,9.986085835658111e-05,0.00013380592948704695
12512.0,5.6900163239461046e-05,0.0003096930170085036,7.51441871712741e-05,0.0,3.5150414068838564e-05
12515.0,0.00010098484483355037,0.00011475917767326314,0.00024697841971856195,0.0,0.00036711161454816126
12518.0,0.0001101684994342187,0.0003091126736631131,0.00013504704500974334,0.0,0.00029649821028989224
12521.0,1.125717455191291e-05,0.00013681797409933037,8.128877005470648e-06,0.0,0.0
12524.0,1.043526429236028e-06,0.000456407648004089,9.708614289879783e-06,0.0,0.0
12527.0,0.0003516573010132273,0.00032121064573301447,0.00013249645202715988,0.00015842240703976457,1.9528963504275835e-05
12530.0,0.00038380764604099886,0.0,4.7172148948782245e-08,0.0,0.00027145255930124035
12533.0,5.40624467872092e-05,0.0,5.5431040198394035e-06,0.0,6.203682633372265e-06
12536.0,0.00015802595552497073,1.9565511992984887e-05,5.6841865821013484e-05,0.0,0.00012271104946735706
12539.0,3.1256897032515095e-05,0.00010224349456234128,1.3671422579901876e-05,0.0,0.0
12542.0,0.00015274213347725248,0.0,3.3023958218689985e-06,0.0,6.367049833300173e-05
12545.0,0.0002639675761381248,0.0,0.00023313885789333585,0.0,0.00032830192221586474
12548.0,0.0002732882501813439,1.3071583245094323e-05,0.0001476487275587182,0.0,8.222452014510574e-06
12551.0,7.1128092643170695e-06,0.0,0.0003174460161279594,0.0,4.1118116415669465e-05
12554.0,5.826559067263946e-05,0.0,3.7130186954401564e-05,0.0,7.754579320864446e-05
12557.0,0.00018516657682601196,0.0,0.00013291909979196476,0.0,0.0002660679889546073
12560.0,2.4569397445335508e-05,0.0,1.0417530283180628e-06,0.0002974068736971753,0.000553145696371346
12563.0,2.661147814515323e-05,0.0,1.5222884391384036e-06,0.0,0.0
12566.0,0.00029590796941093703,0.000616967790614407,0.00018420576640474842,0.0,0.0003224374644000072
12569.0,0.00015977522959479535,0.00010326220724466654,2.1089875364035466e-06,0.000296211445032907,0.0
12572.0,0.00015883795490412414,0.0,1.7433744827447878e-05,0.00029611818483021396,0.0002267255826826497
12575.0,0.00015777189238743575,0.0,4.14095913832851e-07,0.0005115353976569599,4.2347882880621e-05
12578.0,1.2616378023016186e-05,2.35296651109341e-05,5.112581965701971e-05,9.364472552040185e-05,0.0
12581.0,8.951899387050517e-05,8.76285972204205e-05,0.0003443355445180626,0.0006238192705018647,0.00010633150375636664
12584.0,8.651644417671914e-05,0.00015084452049490506,1.090577772701488e-06,0.0009319661612645145,0.0
12587.0,0.0002589803958087778,0.00016156842073256265,9.330727511244725e-05,0.0,0.0004484646243914573
12590.0,4.9206330102517365e-05,4.5452264112911586e-05,8.684035265866756e-08,0.0007240301913816001,2.0572152285130187e-05
12593.0,0.0002898661235376555,0.00010912633327883592,0.0004276771460305811,0.0,0.0
12596.0,8.638812865616863e-06,0.0,0.00029868550747263925,0.0,0.0002895898639142067
12599.0,5.589740546584111e-05,0.00019939440790601846,2.5172321884405224e-05,0.0,8.916574669520972e-05
12602.0,4.496073907837231e-05,0.0001295139817058771,9.487323535102929e-05,0.0,9.767173282323804e-06
12605.0,1.0911088500170963e-05,0.0,0.00022875982623053853,0.0004637745136800432,0.0
12608.0,7.802910043747096e-05,0.0,6.946837998795255e-05,0.0,0.0
12611.0,0.00010809057326354855,0.00017807518541848033,5.900140048599253e-06,0.00017104361282242435,0.0
12614.0,4.030284343703936e-05,2.5666038975669054e-05,1.5104106896604632e-06,0.0,0.0
12617.0,1.7393891011296333e-06,0.0,2.503435470716339e-05,7.13062093073372e-05,0.0
12620.0,0.00010848416822490826,0.0,1.4945616641662776e-05,0.0002232231024830475,0.0
12623.0,0.0002588399836116231,0.00038945829022664385,9.049736766295165e-05,0.00017989847841391596,0.0004452043182913428
12626.0,0.00010954197352566571,0.0005467537573660601,4.931726646217896e-05,0.0,4.5777109396327106e-05
12629.0,4.6110894024799596e-05,0.0,0.00031374168663499916,0.0,0.0
12632.0,0.00013619934361201662,0.00014341028212183868,9.724933426900693e-07,0.00011490974802240604,0.0
12635.0,0.00016009116519740833,8.434393561090951e-05,4.838484217763272e-06,0.0,0.00017591670384678674
12638.0,0.00010195536887654115,7.961760819515989e-05,8.458748346792474e-06,0.0,0.0001799127805869081
12641.0,8.87348678335772e-05,7.85798022769182e-05,3.84856680825455e-05,0.0,0.0004752218115923202
12644.0,0.00017428276586478234,0.0,8.31530541710998e-06,0.0,0.0
12647.0,0.00015179848286773223,0.0,8.046378590826909e-06,0.0,0.0007708479486429007
12650.0,5.2338390632065275e-05,0.0,6.081823328816476e-05,0.0,0.00017139257474251378
12653.0,0.0003001592229476203,0.0,1.0372909235409224e-05,0.0002837104084246841,0.00021818461940261772
12656.0,0.0006468337373586545,0.000192089784279967,6.768490446326929e-05,0.0001852294589594601,0.0
12659.0,0.0003435310523314859,0.00045121300304705637,1.3760118649567397e-05,0.0,0.000636304109542086
12662.0,0.00011930488202949082,0.0,1.8652406715816679e-06,0.0,0.00014031538014186627
12665.0,3.5843464281291346e-05,0.0,0.0004089497179091233,0.0,0.000214769452640316
12668.0,9.058465273066379e-05,0.0002043901687093495,6.772262244872252e-08,0.0,0.00017428131141990287
12671.0,1.6943123528822876e-05,0.0,0.00038579403861029857,0.0,0.0
12674.0,5.4764081815795864e-05,0.0,2.555558879644725e-05,0.0,1.4672847552600571e-05
12677.0,0.00021654127217455918,0.00025834776254173215,0.00015843670638750792,0.0,8.159530418408313e-06
12680.0,0.000398594994128596,0.00022923040414920827,0.00012566736794280086,0.0,2.4189414082539404e-05
12683.0,0.00012880146195639358,0.0,0.0001050608029073467,0.0,0.0
12686.0,0.000515052273292721,0.00012950334996311846,4.768507050154735e-05,0.00021768182677314634,0.0003647801954351567
12689.0,7.906152071989435e-05,0.00011250005449110753,0.00021549657155859846,6.112106193884479e-05,0.0
12692.0,0.0005548558658526392,0.00041121402307731585,7.544421575127807e-05,0.0,0.0
12695.0,0.00023909942795688626,0.00019815206278368686,3.905012037209473e-05,0.0,0.0
12698.0,0.00016631004116123203,0.000251047102411523,0.00011514538076372483,0.0,1.6912839575370777e-05
12701.0,5.7688740643665356e-05,0.0,0.0001962214944499699,0.0,0.0
12704.0,0.00033577045267706856,4.7787897894564725e-05,9.616666322963679e-05,0.0,1.4510177489190305e-05
12707.0,2.2312987991337186e-05,0.0001159297334190859,5.669871290256745e-05,0.0,5.21160414215402e-06
12710.0,8.442130503172771e-05,0.00021840809115308198,0.000105571189994214,0.0001860359940039503,0.0
12713.0,1.2940763905715641e-05,0.00018517027950650268,5.014089489231705e-05,0.0,0.000584858441277549
12716.0,5.848657286929292e-05,1.7885728880832913e-05,1.1406467630554722e-06,0.0,0.0
12719.0,0.0001521952722884016,0.00025561608921150067,0.00018552562776163038,0.0,0.0
12722.0,2.8715460003235558e-05,0.0,9.921333274344884e-06,0.0,5.495683734089532e-06
12725.0,0.0001852352548660093,0.0,5.9703705802348133e-05,0.0,0.00014584792424972873
12728.0,0.00022572567235889753,0.0,0.0004250798914942736,6.249737869094643e-05,7.187243450785206e-06
12731.0,2.343149306468458e-05,0.0003625232901875391,0.00012942106910225024,0.0,0.0
12734.0,1.0518578717080181e-05,0.0,1.8231457276775326e-05,0.0,1.0381630182835519e-05
12737.0,0.00033281265717131464,0.0,3.0242986103417464e-05,0.0,6.389058471855234e-06
12740.0,6.666793660475624e-05,0.0,8.903688857512248e-07,0.0,0.0
12743.0,2.721228224177481e-06,2.4981100760804167e-05,0.0002651960270771636,0.0,4.409042501095692e-05
12746.0,0.0001923350024452514,0.0,4.303406942603222e-05,0.0,0.0
12749.0,2.7927441081653606e-06,0.0,3.570830695575623e-06,0.0,0.0
12752.0,0.0001213986279348409,0.0001325388644381736,2.9240546095443406e-05,0.0,1.135423377331184e-05
12755.0,3.604055040176494e-05,0.0,7.3886956971447216e-06,9.413647798085365e-05,0.0
12758.0,6.76750668881873e-05,0.0,0.00022405991319627584,0.0,1.1131175096625022e-05
12761.0,0.0001061978441134096,2.6013293793506897e-05,0.0002792730120185041,0.0,2.1420371224742198e-05
12764.0,5.598718312843742e-06,0.0,4.23754467150358e-08,0.0,0.0003431888950563935
12767.0,4.335557608928044e-05,0.0,0.00017311245775737235,0.0,5.092569520961447e-05
12770.0,0.0,0.00010147467061976405,1.1840191716178213e-05,0.0,0.0003346847430759515
12773.0,8.274524246682492e-06,0.00020457325344595736,1.7716032030660328e-05,0.0,3.5015417597786594e-05
12776.0,4.05927788745322e-06,0.0,2.4794306769871563e-05,0.0,0.0
12779.0,9.694902684680243e-08,0.0,6.18799263040661e-06,7.862902037912709e-05,2.1544471811586188e-05
12782.0,6.37236920029087e-05,1.9475983616310498e-05,3.7873314932251816e-07,0.0,0.0
12785.0,3.6947741515999194e-05,0.000329253636638817,9.503082202720981e-08,0.00012243612790652456,5.8857196774714655e-05
12788.0,2.2010844481310995e-05,5.136682674780332e-05,1.059238443754559e-05,0.0,0.0
12791.0,3.548650034972359e-06,0.0,5.20901957973794e-06,0.0,0.0
12794.0,9.791570711538242e-05,0.0,0.00047382700327949713,0.00010949566718390813,0.0
12797.0,7.815479739243787e-05,0.0,3.91843467138918e-06,0.0,7.200068327875358e-06
12800.0,5.313855005079827e-05,0.0,0.00026954661596073723,0.0,8.180873913038055e-06
12803.0,6.097385944341871e-05,3.229737180642742e-05,0.0001438335926079014,0.0,0.00012715233285726536
12806.0,0.00021050439010544353,0.0,1.9881842625333503e-05,0.0,5.1718624532301385e-05
12809.0,0.0003133634024862437,0.0,0.00010313202663785047,0.0,0.0
12812.0,0.00013725601608332026,0.0,9.483952656782028e-05,0.0,0.0016807928447396332
12815.0,0.00016252170042540935,0.0,2.9107997239081465e-05,0.0,0.00016744974915325805
12818.0,0.00022171859362399662,3.250272950465251e-05,8.6772066787758e-05,0.0,0.0007786754525770667
12821.0,1.698357537847636e-05,5.093016756755399e-05,4.689450730281175e-05,0.0,0.0001239517391848109
12824.0,0.00010567300524781766,0.0,0.0005596603886993301,0.0,0.00038055822567391
12827.0,0.00010004908730000019,0.0,1.0326807555842287e-06,0.0,8.688329276380742e-06
12830.0,1.8171212956762247e-06,0.0,3.406772007457871e-06,0.0006804538645468432,0.0005500890160433521
12833.0,9.69623316236773e-05,0.00018999584313542667,3.1556361739908546e-08,0.0,0.0
12836.0,6.84424274766686e-05,0.0,0.00022885064456175817,0.0002623321052454462,0.0
12839.0,4.98691117164144e-05,5.350008041368365e-05,6.000847500300177e-05,0.0,0.0
12842.0,0.00014624886375997433,0.0,1.1405693739885015e-05,0.0,5.045323162615689e-05
12845.0,0.00027899752988106195,8.249535172495076e-05,0.00032574973459500593,3.6224229849870606e-05,9.470554009799605e-05
12848.0,1.6682112580143582e-05,2.500169952987223e-05,0.00015993083241823725,7.109246989437862e-05,4.5601454020997934e-05
12851.0,7.515443531989961e-05,0.00028229543012720453,0.00012984240506667944,0.0,0.0005311645327525753
12854.0,0.00018552696321060775,0.0,0.00012361386493628724,0.0,0.0
12857.0,0.00023381876753722605,4.5350749757727695e-05,0.00012596250976315096,0.0,0.0
12860.0,0.00028231243872790525,0.0,0.0001335611183411632,0.0002811258072123182,0.00010815122070173801
12863.0,2.9356437996464963e-06,0.0,8.165293573628645e-05,3.8525162533594115e-05,0.00024217912970531485
12866.0,8.512187627506074e-06,0.0,9.214823634566077e-06,0.0,8.827661073999308e-05
12869.0,3.7812637233581653e-05,0.0,0.00019433749960048847,0.0,0.0
12872.0,0.0001428378384766748,0.0,3.096937535644429e-05,0.0006493596870801765,0.0005773645870505986
12875.0,6.263800437134592e-05,2.7633468210052277e-05,0.00016512955249428638,0.0,4.620074228031829e-05
12878.0,7.335494192739775e-05,0.00011964348313809604,0.00013990262364270512,0.0,0.0
12881.0,0.00017451426982368145,7.887316545666924e-05,0.00012473619875553926,0.0,0.0
12884.0,6.871260142857405e-06,0.0,9.484047587563015e-05,0.0,2.3187834546389033e-05
12887.0,2.247384666047189e-05,9.549956422172345e-05,4.217551772277803e-05,0.0004812528654805099,4.42704187328024e-05
12890.0,0.00015691741122303272,0.0,1.8948106603329976e-05,0.0001218092568428893,6.097264512739323e-05
12893.0,7.81129628337377e-05,0.0,0.0002474182021882391,0.0,0.0001620151457896773
12896.0,0.00018548478325035425,0.0,0.00016508453560958836,0.0,0.0
12899.0,3.039372337458853e-05,0.0,5.611310185681454e-06,0.0,7.206370113575308e-05
12902.0,8.612556054582008e-05,1.856633899792251e-05,2.0734703034053807e-06,0.0001425170558701552,0.00021174727712531527
12905.0,0.0005356857381159008,0.0,4.8437807748936955e-05,0.0,0.00023477215376933657
12908.0,0.00035264760082984127,0.0,0.00018658108953772213,0.0,0.0005347981843833431
12911.0,0.0002318580653601555,0.0001795954911491105,5.319356772052982e-06,0.0,0.00032247116232018513
12914.0,0.00013584767533010139,0.0,2.3715510540736016e-05,2.7145452462975373e-05,0.0003036124096506152
12917.0,8.877290020346795e-06,0.0,9.490674990983643e-05,0.0,0.00022987511844272095
12920.0,0.00020769017278743783,2.3864228309106525e-05,1.3453690094453697e-06,0.0,0.0
12923.0,0.00018449990457216603,3.777209305508375e-05,0.00016539334597738688,0.00011926768290172385,0.0
12926.0,4.2489857130991975e-05,0.0,0.0001233999434408308,0.0,1.0372605251851074e-05
12929.0,1.5757416201708681e-06,0.0,4.5047169286789635e-05,0.0,0.0
12932.0,0.00019570666605407507,0.0,5.1302156652928156e-05,0.0,0.0
12935.0,0.0002696358616381648,8.146769265369975e-05,4.8053553130270355e-05,0.0,0.001160418195016213
12938.0,9.6856550775439e-05,0.0,3.5306714014975994e-08,0.0,4.4018133077121254e-05
12941.0,1.4967583148524461e-06,0.0,0.00013061511689241079,0.0,0.000238478304955483
12944.0,3.426712088496897e-05,0.0,0.0001584484503278897,0.0,6.434562979827888e-06
12947.0,4.8142865480606705e-05,0.0,0.00019004706633821378,0.0,0.0006417105348873321
12950.0,3.70883187672939e-06,0.0001857445300311568,4.253970014151498e-08,0.0,0.0006955078186504779
12953.0,9.42492821873874e-06,0.0,0.00011544854606706904,0.0,0.00017253474803777098
12956.0,0.00014770062513658034,0.0,4.11110725145417e-05,0.0,9.030422008019563e-05
12959.0,0.00018942508806025482,8.920653733959189e-05,0.0004485961356584332,0.0,1.4195064138968429e-05
12962.0,2.5760754558486146e-05,0.0,2.645087043906072e-06,0.00023024309764105668,0.0003395025358657093
12965.0,3.4911945219380615e-05,0.0,1.157681910340137e-05,0.00020057579058470348,0.0002092122803706387
12968.0,3.957205487188534e-06,0.00014608677778607705,5.512805451239186e-05,0.0,2.6420315112925087e-05
12971.0,3.952802234677489e-06,0.0,0.0004598367857105515,0.0,0.0001943412236088564
12974.0,2.0568829877644116e-06,0.0,4.983636688282356e-05,0.0,0.0006520739245738728
12977.0,7.621504913708783e-07,0.0,0.0007327735456710085,0.00040032709968316045,0.00043315612932866976
12980.0,5.7790807441926946e-05,0.0,0.0,0.00022090809524179489,0.0
12983.0,2.8147643975262974e-05,4.51824090768363e-05,7.707105350815175e-06,0.0,1.4609420114920598e-05
12986.0,0.0002620355094489694,0.0,3.0325125450185338e-06,0.0,0.00020721184444362243
12989.0,0.00019308944005191214,0.0002678116481048798,5.5369760409063324e-05,0.0,0.0003260062899788819
12992.0,2.7043629312491233e-05,1.6524382152105553e-05,2.0938861725950597e-07,0.0,9.586905783161729e-05
12995.0,0.000270017861126525,1.4458603406527704e-05,0.0001199882331650947,0.0,0.0
12998.0,8.449482923382591e-07,0.0,1.4606830451252228e-05,0.0,0.0
13001.0,3.2440008563162814e-05,0.0001770621277865434,9.608848307611666e-06,0.0,0.0
13004.0,6.692361228961827e-05,0.00010585644176803658,2.9465070553137934e-05,0.0,0.0
13007.0,6.371244793360865e-05,0.0,3.694142552413565e-05,0.0,0.00014865703240293676
13010.0,3.7104280572285825e-06,0.0,0.00010876172980696848,0.0,0.0
13013.0,1.0606097571999116e-06,0.0,5.257477919610009e-06,0.0,7.072262451474625e-05
13016.0,0.00014104845699255088,0.00018351286360680774,2.237540354653366e-06,0.0,0.001005826930274793
13019.0,8.23373267360356e-05,2.600309982109633e-05,4.929579477708102e-06,0.00045384914782687063,0.0002948060116650844
13022.0,7.076028142808324e-05,0.0,3.757565138223267e-05,6.483985973933172e-05,3.181691429677736e-05
13025.0,1.561587280983105e-05,0.0,1.4773095827835002e-06,0.0005419775305761617,5.719344230131028e-05
13028.0,6.400672410369643e-05,0.00017169684664461305,7.054772834390392e-06,0.0,5.366167905534589e-05
13031.0,0.00016334260909755806,0.0,5.7297772550343234e-05,0.0,0.0003262599506554189
13034.0,0.00015448289074564375,0.0,0.00018959517292920633,0.0,3.8674195210205405e-05
13037.0,0.0002067690885103309,0.0,0.00040053429836799104,0.0,2.2120326676698735e-05
13040.0,0.000247500743383942,6.844159163952482e-05,0.0009868802447667777,0.0,1.933339156055853e-05
13043.0,0.00013524762293641107,5.933016701297163e-05,0.0009109126541616783,2.7469263504160248e-05,0.00013951897410206687
13046.0,2.9808374941003087e-05,0.00012282488675188674,3.9606083659781576e-05,0.0,9.883294690146527e-05
13049.0,0.0002107137905998751,0.0,0.00012191928440446888,0.0,0.0
13052.0,0.00018141748253321815,0.0,6.31773277549002e-05,0.0,0.00010346419645342739
13055.0,6.417779577101411e-05,2.798072302789012e-05,2.3536368593354413e-06,0.0,0.0
13058.0,6.016748177196913e-05,0.0,0.00015731233134842992,0.0,3.096467504910368e-05
13061.0,0.0001153177907536611,0.0003094399473029121,8.267783492235145e-05,0.0,0.0004227536709301251
13064.0,5.724399122525425e-05,0.0,3.0902722286393218e-06,0.0,0.00016757198161808137
13067.0,4.6957850996352906e-05,2.981769669855595e-05,0.00014792191147156283,0.0,5.8707414818591754e-05
13070.0,3.668240730438618e-05,5.947102489306126e-05,0.0001090944261444547,0.0,0.0
13073.0,0.00018961121409589895,0.00023434955418355654,3.7018868765735994e-07,0.0,0.0
13076.0,1.013282047983357e-05,8.011818556665167e-05,0.0006751383393005584,0.0001258207213383083,8.241990145449712e-06
13079.0,9.235424491437657e-05,6.137707450816364e-05,0.00036103993604711694,0.0,0.0005185225881728382
13082.0,1.5100356321525499e-05,0.0,6.551380527661705e-07,0.0,8.391512952137464e-05
13085.0,0.00018156287778044484,5.3398750839751484e-05,3.9570625932949055e-06,0.0,1.8905261310823714e-05
13088.0,0.00023207157181055047,0.0,5.0413269562693835e-05,0.0,0.0
13091.0,0.00019930273792362753,2.7218593375224355e-05,0.0001397337608849903,0.0,6.501439388832316e-05
13094.0,0.0001337435463169621,0.0,2.312699163449453e-06,0.00018410037261706557,0.0002518847724558751
13097.0,0.00026861180229656597,0.0,2.788422077784522e-05,4.2424522349749865e-05,0.0
13100.0,0.00018635322299126366,0.0,1.589522024057592e-05,0.0,0.0002872360849047455
13103.0,7.110762897479787e-05,0.0,4.910903944835269e-07,0.0,4.7233546209080956e-05
13106.0,9.687169578105251e-06,0.0,0.00011253330482487833,0.00012853389832878529,0.0
13109.0,9.522382655572282e-07,4.003039030224842e-05,6.221320440198172e-05,0.0,0.0006120120332126281
13112.0,0.00011224031118442133,7.228615284318688e-05,4.741157987755306e-05,0.0,0.00024374041822853245
13115.0,6.118306433620206e-05,1.3859677763983929e-05,0.0003039665563925276,0.0,4.656237276540253e-06
13118.0,6.265696022252276e-07,0.0,5.4207881160293865e-05,9.213119475055108e-05,0.0
13121.0,9.702243939922217e-05,0.0,2.8473649064089937e-05,0.0,5.847346120143124e-05
13124.0,7.337218440495137e-05,0.0,2.196725655270191e-05,0.0,0.0
13127.0,0.00012817017792697655,0.0,0.00014738176689514388,0.0,8.537026775574988e-05
13130.0,0.0001048375449334427,0.0003239308105396486,1.244112695980993e-05,6.171117059319528e-05,0.0
13133.0,2.156777988973032e-05,5.153077856393061e-05,0.00028794714414994517,8.336929714407505e-05,0.00013585041468376565
13136.0,0.00022669718624850874,0.0,4.537798461049556e-05,0.0,1.2820327819022271e-05
13139.0,0.00018128280822189425,4.431770226675357e-05,2.7494387941932063e-06,0.0,6.014887173701159e-06
13142.0,0.0004402447733916845,0.0,7.768128014645947e-05,0.0,0.0009667929458050968
13145.0,0.00014322511460301146,0.00014831886585891995,8.75165981093142e-07,0.00034432844079526577,0.0
13148.0,3.98809456335373e-05,0.00021324192235109695,3.1043025197541376e-06,0.0,0.00017245473163879805
13151.0,7.241242231740872e-06,0.0,4.230046510778894e-06,0.0,0.00014961329193116755
13154.0,1.1802812034913022e-05,0.0,0.00015383286428967625,0.0,6.0719502325046114e-05
13157.0,4.615728084538935e-05,9.323961882500481e-05,4.2941446750715485e-06,0.0,6.693784988143418e-05
13160.0,1.2789924350803045e-05,0.000609519647762184,1.1738865136138637e-05,0.00013903771263824903,8.729992125192215e-05
13163.0,2.818976755438076e-05,9.381364488384307e-05,0.0001082084683053532,0.0,0.0005233795959534145
13166.0,4.336889613014981e-05,0.0003621017657079343,1.586057754913882e-07,0.0,3.7706435335955965e-05
13169.0,7.933181647144902e-06,0.0,0.00034812718058169944,0.0,2.11945884590366e-05
13172.0,2.1923785312712405e-05,0.00020735565729071426,0.00012244127342121732,0.00011215083896539637,0.00027774807483059026
13175.0,0.00011082293810397013,0.00030876791401224484,2.386383767966158e-07,0.0,0.0
13178.0,9.635153484179595e-05,2.0423515832157747e-05,3.451198352534083e-05,5.225363455084982e-05,0.0
13181.0,5.523354818927273e-05,1.4237829495281236e-05,1.5048617906057887e-06,0.0,5.816401922240575e-06
13184.0,5.74483271282621e-05,4.620070135081031e-05,8.359644348822768e-06,0.0,0.0
13187.0,2.9910485715964946e-05,0.0,4.190526450259432e-05,0.0,0.00033178114635848286
13190.0,9.22929274965462e-05,9.319548834955104e-05,0.00015460149259150218,0.00040289977698883126,0.0
13193.0,0.0001952523088685264,0.0,1.4260235815599514e-07,3.0441252702538937e-05,0.00015934978346809396
13196.0,0.00041462226184496565,1.2899245584509585e-05,0.00016732395023765775,0.0,0.0
13199.0,0.0002028873235104429,1.8483488789305406e-05,0.00012318613277553995,0.0,5.3674060377321254e-05
13202.0,4.769580215188845e-05,0.0,0.0,0.0,0.0
13205.0,7.029320843723272e-05,0.0,0.00024085609904928617,0.0,1.566403940545639e-05
13208.0,1.3737949617243612e-05,0.0002037052329747699,0.0003480352206259542,0.0,0.0003193054047114585
13211.0,2.723472890212896e-06,7.189353856854992e-05,6.317808519081633e-06,4.5804026917588415e-05,0.00011260944034715677
13214.0,1.9021197469404004e-06,0.0,4.017230266143721e-06,0.0,0.0
13217.0,6.34612126755256e-06,0.0,2.5046900319210098e-05,0.0,1.0075699839091124e-05
13220.0,6.181193221387562e-06,0.00013992795169840252,5.297792067324645e-07,6.89197815711563e-05,0.0
13223.0,9.150092994257646e-05,0.0,2.666665996936042e-06,6.25012630478794e-05,0.0
13226.0,9.88384129674346e-06,0.0001408513296562643,0.00012338821559707705,7.026530499458118e-05,8.328439226068174e-05
13229.0,5.502333975716801e-06,0.00012041200572601441,1.0829110923110514e-05,0.0,0.00019067888151203644
13232.0,1.289506805414553e-05,3.391172003290166e-05,9.823044956895227e-06,0.0004556146842709149,1.5101105678331247e-05
13235.0,4.173485594720434e-05,0.00016147187810917852,2.461371085651208e-06,0.0,0.0
13238.0,0.00011854883924399143,0.0,5.681745879546439e-07,0.0,4.5091372717002294e-05
13241.0,3.5373778258543224e-05,0.0003652226788847092,3.0254491114975665e-06,0.0,1.0055623779608524e-05
13244.0,4.2241389848014145e-05,0.0,0.00044631908087128214,3.45803628685832e-05,0.00011535166605146093
13247.0,0.00015430595853400237,8.18226437966933e-05,0.00012449352643053468,0.0,0.000874679701288999
13250.0,0.00031043791445456036,0.0,4.638519214106108e-05,8.884346791523671e-05,0.0021639198310135226
13253.0,5.680261093348629e-05,0.0,2.5030135154551216e-05,0.0,0.0005764851540994515
13256.0,1.2377409473066846e-06,0.00014274905791432596,2.4217642298001158e-05,0.0,0.000743749226362989
13259.0,6.77826992667663e-05,0.0,1.1730529079403608e-05,0.0,0.0005752676094653808
13262.0,8.347520281388343e-05,0.0,0.00039936668446434616,0.0,0.0009016150692981425
13265.0,0.0001733617422923083,0.0,0.000384956097276632,0.0,0.0018009878561304007
13268.0,7.701844489351949e-05,0.0002526780883915082,9.976658130279429e-05,0.0004999536137168872,0.00035679823994761686
13271.0,0.0001563382929683795,0.0,0.00034388055787839926,0.0,9.694955148509363e-05
13274.0,3.581857834873147e-05,0.0,0.00010692896072045572,0.0,0.0009079273771635241
13277.0,0.00018370980195918122,0.0,0.00019467548176939603,0.0,0.00047002413979944186
13280.0,1.1094649784595756e-05,0.0,2.698542443176718e-05,0.0,1.6976804941594212e-05
13283.0,0.00014252058043046659,0.0,4.986862692652873e-06,0.0,0.0
13286.0,0.0001550995243462921,0.0,6.412694383297086e-08,0.0,0.0
13289.0,5.0291451765854343e-05,0.0,3.111091354103632e-08,0.0,0.0006033283485245397
13292.0,5.924846933812614e-05,2.235723923002677e-05,0.00018652617889178068,6.836106137172825e-05,2.1047433859168085e-05
13295.0,0.00011690670346388031,0.0004769623610052563,3.1965325983092614e-05,0.0,7.131858516697143e-06
13298.0,4.842545119739156e-06,0.0,6.657657597754868e-05,0.0,1.570393954736702e-05
13301.0,7.931922074810902e-06,5.4323065105298175e-05,0.00015594445556055674,0.0,0.00031682298528136677
13304.0,0.00011206659458111524,1.7643295878570566e-05,0.0001865186523846318,0.0,3.779772841592159e-05
13307.0,2.9110237397151444e-05,7.568920342863487e-05,8.750253846031739e-06,6.231711602021556e-05,0.0004929670545362581
13310.0,2.7146342722448288e-05,0.0,3.5380870514111567e-08,0.00014366468734418195,0.0001943874580952999
13313.0,5.275358387237632e-05,1.320559553787175e-05,5.792874721121722e-05,0.0,8.149650652906905e-05
13316.0,4.899005019212913e-05,0.0,1.8089507947950912e-05,0.0,8.803595094699073e-05
13319.0,4.218795159874195e-05,0.0,8.026670787125364e-08,2.6574418139343815e-05,7.950183729041216e-06
13322.0,1.228755187945073e-05,0.0,6.521896851778476e-08,0.0,2.1711131983560948e-05
13325.0,0.00013353433826207244,0.0008138879527569839,5.610339534320064e-05,0.0,0.00032895408837914033
13328.0,0.0003472632712731207,0.00015375884079139632,1.4303772662805831e-05,0.000310314490221927,0.00022905268798622942
13331.0,1.1576571645903035e-05,0.0,3.9248209717635525e-05,0.0,0.00038443851187944955
13334.0,0.00014709869642319764,2.9386385013322964e-05,1.4146388381840974e-06,0.0,0.0
13337.0,0.00013396249157063573,0.0,2.8029262868727245e-05,0.0,8.835444805649784e-05
13340.0,6.672977168085538e-05,0.0,2.034108255907144e-05,0.0,0.00020128526814954068
13343.0,0.0002545304277156858,0.0,3.8920627485601206e-05,0.0,0.00026224259882879524
13346.0,0.00033845045000229775,0.0,6.328908582856398e-05,2.781202593082169e-05,0.0004247964668424704
13349.0,1.4693370767239977e-05,0.0,9.352028910424904e-05,0.0,0.0
13352.0,0.00016125295505532735,6.010082388635455e-05,2.035144449147049e-05,0.0,0.0
13355.0,2.212049650888115e-06,0.0,7.263669974440314e-06,0.0,0.00014142623844601968
13358.0,0.00019796627856557943,0.0,8.369683869599975e-05,0.0,1.5705586363697448e-05
13361.0,0.00018190358610440527,4.6073744229449393e-05,1.1371843141699494e-05,0.0,0.00046546699415114605
13364.0,9.557192722050888e-06,0.0,0.00018698554664488306,0.0,1.206672909460392e-05
13367.0,3.7576117412878107e-05,0.0,0.00018661942465910683,0.0,2.7562494070588022e-05
13370.0,9.567531652092324e-05,0.00013235743653211812,3.0644852644806115e-06,0.0,7.61151071296396e-05
13373.0,1.5451891697381215e-05,0.0,6.011684001224699e-06,0.0,1.721468354965343e-05
13376.0,1.4103616289901528e-05,3.5057723434955035e-05,0.00028939554882139774,0.0,5.0609063862792316e-05
13379.0,0.00028107689033043796,0.0,7.129868411199507e-05,0.0,0.00021020669743541956
13382.0,5.344145119758479e-05,0.0,0.00012610356739811837,0.0,2.5522223591194076e-05
13385.0,0.00010161887841197184,0.0,1.4094129427741482e-06,0.0,1.173983652488164e-05
13388.0,0.00010726459675003355,0.0,0.00014615107560886595,0.0,0.0
13391.0,8.671377186649701e-05,0.0,4.680367175449566e-05,0.00028954361493987817,0.00015938300574619134
13394.0,0.00019004541578180266,0.0,0.0001210387552169943,2.7393600507462522e-05,3.310919230528355e-05
13397.0,0.00029167113357590416,0.0,0.00014484686515525092,0.0,3.6032956624460646e-05
13400.0,5.356875427807034e-06,0.0,2.8273876608830686e-06,0.00013501638401439847,0.000290167761492183
13403.0,1.7337974646661057e-05,0.00024044200783772577,6.700551523066061e-06,0.0,0.0005507026589730415
13406.0,2.4125952952060477e-05,0.0,5.959264086697965e-05,2.6349795399712547e-05,3.757574701192313e-05
13409.0,0.000371071578938069,0.0,0.00015284932588661445,0.00011652611090570393,0.00039589993640865495
13412.0,0.00014639959243621585,0.0,4.403412158741796e-05,7.217403166424297e-05,5.7877438262743135e-05
13415.0,0.00013967858566794002,0.0002644312822084019,0.00017293157258500754,3.0640349158949317e-05,5.452933986499978e-06
13418.0,0.00015674007981499293,0.00011083680496048569,0.00022860069556882023,0.00011747225472744689,0.0003692427439897489
13421.0,7.061128236541815e-05,0.0,1.1203767031093992e-05,0.00031684241932002555,5.977837581203737e-06
13424.0,1.6080304339106223e-06,0.0,0.0001854726929087392,0.0,0.0
13427.0,4.7041829316997344e-05,6.454023190345353e-05,0.0003008104097151297,0.0,0.00012068597877238595
13430.0,0.00033602318411891956,0.0,5.888935502516677e-05,0.0,0.0
13433.0,2.4725791200886754e-06,0.0,3.177637150955055e-05,0.0,1.4152251633048805e-05
13436.0,2.2282358229357864e-05,0.0,1.2654042771397355e-07,0.0,0.0
13439.0,9.884043408036384e-06,0.0,0.00013578440322530228,0.0,0.0
13442.0,6.977854981664883e-05,2.328061470760329e-05,2.2145970730446427e-05,0.0,3.291286159919968e-05
13445.0,1.11831797425162e-05,0.0,2.5380355879861506e-06,0.0,8.422644245362367e-05
13448.0,0.00012371415413685362,0.00017610920219040253,0.0004117665235147651,0.0,0.00047663577234042766
13451.0,1.6057217840210176e-06,0.0,4.034150117338344e-05,0.0,1.281697142803135e-05
13454.0,3.997148077674055e-05,3.874082550917414e-05,0.00036781865064780837,8.149614619483683e-05,4.905230715161982e-05
13457.0,2.7494142167332626e-05,0.0002568466070935793,1.822103664653685e-06,0.0001230492576120557,0.0
13460.0,3.793946051323747e-05,0.0003263425307920202,6.092510763325572e-07,0.0,2.9201486843775946e-05
13463.0,3.208026937583773e-05,0.00022104485760805696,7.032486322530555e-05,0.0,0.0
13466.0,5.046626718157279e-05,3.37731514561052e-05,0.00035155983030101494,0.0002636704622085113,0.000137243109795322
13469.0,9.102750628092919e-05,4.918885849929095e-05,0.0001288562978140084,0.0,0.0
13472.0,1.7463717637601158e-05,0.0,3.91315536196413e-05,0.0,7.734249774352418e-06
13475.0,0.0003497722738170608,0.0,4.045945374216654e-06,0.00019078314857521073,0.0005212610785768353
13478.0,3.640036850511275e-05,5.794295834985864e-05,0.00016738294675928115,0.0,0.00012254156658613057
13481.0,1.2986758185945516e-06,0.0,0.0,0.0,7.186407113460265e-05
13484.0,5.731570430170306e-05,0.00011628966125444971,1.9765525461477764e-05,0.0,0.00013583657576418434
13487.0,9.717914649608254e-05,0.0,0.00012865287415998806,0.0,6.414391414435467e-05
13490.0,5.498434009506303e-05,0.00022042608100245043,0.0002730929748751519,7.133461144014055e-05,7.236617363707074e-05
13493.0,2.746548235852604e-05,0.0,0.0004860357676188996,0.0,2.7565597068922943e-05
13496.0,7.889631772663657e-05,0.0,5.56953046804337e-05,0.0,0.0
13499.0,7.011956556760852e-05,0.0,6.9846500711115365e-06,0.0,0.0
13502.0,3.8690513865894766e-05,0.0,7.633260230270199e-06,0.0,2.723829303105163e-05
13505.0,1.4853180778481333e-06,0.00014429557529956318,2.932347456510585e-06,0.0,3.940416801862145e-05
13508.0,2.1221444831878583e-05,0.00010255284566086568,3.6186815239850855e-05,2.3548409652370435e-05,0.0006631715282107144
13511.0,1.6266129145089052e-05,0.0,2.19051124522174e-06,0.0,0.0009053596550068521
13514.0,5.380847393561612e-05,0.0,1.673516857739393e-05,0.0,2.4354647800139696e-05
13517.0,0.00019220368097181952,0.0,1.4564714575695847e-05,0.00037994245064367475,9.397784357667971e-06
13520.0,0.00011953485524592342,0.0,1.8562368938084777e-05,0.0,0.00012564526470002592
13523.0,0.00015758908200565606,0.0,6.133762554711717e-07,0.0,6.226134449548396e-05
13526.0,0.0002341677717641214,0.0,0.0003663335853882482,0.0,0.0002864453639202897
13529.0,0.0001433834532783941,0.0,3.809008068867537e-05,8.676614233653357e-05,4.833094497483633e-06
13532.0,3.187467026016982e-05,0.0,5.619974515737926e-05,0.0,0.00010398033417220842
13535.0,6.659398319552875e-05,7.05396847815871e-05,3.4371829020100334e-13,0.0,0.0
13538.0,0.00017192082326087082,1.8250335774336036e-05,7.082712059575034e-05,0.0,4.285644618801636e-05
13541.0,4.908008302889439e-05,0.0003078796990584864,0.00018122029208069506,9.0799124031183e-05,0.0
13544.0,8.396343606364867e-05,1.2788203213506913e-05,4.714253551365783e-07,0.0,0.0002469604499960916
13547.0,7.096358885602422e-05,0.0,0.0002366829002325375,0.00036035300430459964,1.5534682218635053e-05
13550.0,0.00012063060400673154,0.0,7.441069467380316e-05,0.0,4.2518693124121854e-05
13553.0,0.00033202752245176277,0.0,0.00013777783631096306,0.0,3.992448176162147e-05
13556.0,9.504085983511455e-05,0.0,3.97390995910655e-05,0.0003091566952745307,7.408560277098922e-05
13559.0,9.987257659517374e-05,0.000290413282242808,8.742759274903021e-05,0.00019565106744715374,0.0004980722870838795
13562.0,8.095584267371528e-05,4.6797585718586716e-05,0.0002037698161114601,0.0,0.0
13565.0,4.894906320478606e-05,0.0,1.452875149472264e-06,0.0,9.598993226280193e-06
13568.0,0.00024078422835835506,0.000783904029820719,4.684771811628562e-05,0.0,3.358229007818185e-05
13571.0,0.00011620004354587099,0.0,1.2328011118398315e-06,0.0022320726285947356,0.00016171792658526698
13574.0,2.330210799096436e-06,0.0,0.00011420293273582575,0.0,0.00045166399120933893
13577.0,1.2512686038762017e-06,0.0,3.67499554882316e-05,6.453853342298032e-05,8.645667579200145e-05
13580.0,0.0003122469348926534,0.0,8.754193101123871e-07,0.0,0.0
13583.0,0.00019723580584018888,0.0002957884225186391,1.0593708613189463e-05,0.0,1.199836120793267e-05
13586.0,3.6126440937863776e-05,0.0,0.0001196055175739937,0.0,0.0
13589.0,3.1837530228863e-06,5.577589467548326e-05,6.562004496762055e-06,0.0,7.24528820558712e-05
13592.0,8.617447040515316e-06,0.00015348606397928705,1.8886404918500055e-05,0.0,0.0
13595.0,0.00010258433888829556,9.953953097901268e-05,6.082280195331075e-07,0.0,6.932328079513953e-06
13598.0,0.00036504857755907346,0.0,0.00014878954697414065,0.0,0.00020336268920100075
13601.0,7.68524149704317e-05,0.0,2.2633580441191376e-05,0.0,0.0
13604.0,0.00015428241187056621,8.067497860351704e-05,1.027439324466738e-05,7.487733739902794e-05,0.0
13607.0,6.610310258939745e-05,0.0,0.0003183933398330079,5.855407218699507e-05,4.7910700096934676e-05
13610.0,0.00014086494862460832,3.287266157060466e-05,1.3833308380900468e-05,0.00010521904721880701,0.0003986293400670718
13613.0,3.9563035744494835e-05,3.2115735556410275e-05,0.00013073791925459247,0.0,0.0001950228187102637
13616.0,0.00030519245724683304,0.0001269093411457069,0.00022814810989140775,0.0002351609429722939,0.0003132841836650916
13619.0,0.00014587521126598846,0.0,0.00038943973381982787,0.0,0.00029988145995861514
13622.0,0.00017326615558673037,0.0,0.0002461014109221272,0.0,0.00013192694130979455
13625.0,6.397623300593315e-05,0.00015516699298322826,0.0005128905266574457,0.0,0.0010154787315686913
13628.0,4.707389845218707e-05,0.00011091004282358523,0.00014782402632653016,0.0,0.0
13631.0,6.1062411916707e-06,0.0,4.913764758520469e-06,0.0,0.0
13634.0,0.00010657640206874862,0.0,8.055903648842841e-05,2.2873524017050613e-05,2.9910024615336428e-05
13637.0,0.00019966296717886816,0.00039097859595727403,0.0002920229941278062,4.4149397773055576e-05,0.00010922113226265674
13640.0,0.0002387658226703058,0.0001610971615729636,2.178334575422391e-06,0.0,0.00014042960785246917
13643.0,0.0001325723776908614,0.00011231113612357277,0.00014997567815932064,0.0,5.910831314361449e-05
13646.0,2.9604370044157334e-05,9.015835548836505e-05,4.4247790108689004e-05,3.472325731289299e-05,0.00023566502266552457
13649.0,0.000326643952200692,0.0003322478469234699,5.962051647498202e-06,0.00023596986564902733,0.0
13652.0,0.00030260493611008235,0.00048158932943371125,5.490857858174983e-05,0.0,4.19378039084565e-05
13655.0,0.0001464037572229714,0.0,0.00010348799853130786,0.0,8.308236139950573e-05
13658.0,1.783787482912389e-05,0.0,0.0003801279356450116,0.0,0.00015615527310685207
13661.0,2.4521809756329228e-05,2.4990463837653287e-05,0.0007027862135014088,0.0,0.00010838969527799933
13664.0,3.3003591594624406e-05,0.0,0.0004803514973033265,0.0,0.00023696812625003435
13667.0,0.00010953817683150394,4.647613082800306e-05,0.0019031215945482234,7.568805614538906e-05,0.00031456908639014667
13670.0,0.00023099936735135841,0.0,9.06042511517672e-09,0.0,6.765968486909534e-05
13673.0,7.6882499034848e-05,0.0,0.0020482561000646133,0.0,0.0
13676.0,0.00016677905198645356,0.00018031642326364015,0.00019191808143576673,0.0,0.0
13679.0,0.00024369020961015973,1.6803372078786223e-05,7.330972962644972e-05,0.0,0.0
13682.0,5.958384896647157e-05,0.0,3.816996873016513e-07,0.0,5.215087465406512e-06
13685.0,6.302084934251151e-05,2.2159163649319298e-05,4.6334797991633054e-08,0.0006212041503603485,4.2067159679676405e-05
13688.0,7.721848133722697e-05,0.00016683799510724083,2.2818702203756423e-05,9.191805402746844e-05,0.0
13691.0,0.00023297517451973464,5.6482451056657274e-05,7.943108333534822e-06,0.00017915053301376953,4.6420193532693905e-05
13694.0,6.245431783237802e-05,1.203914094372316e-05,8.865992636142846e-06,0.0,0.0007690855711053253
13697.0,9.891180687904265e-05,0.0,0.0002038866352754696,0.0,8.207637934290755e-05
13700.0,3.6702840600923384e-05,0.0,2.429227175552385e-05,0.0,1.4850876419660984e-05
13703.0,5.99071842491198e-05,0.0,1.54034061734851e-05,0.0,0.0
13706.0,9.21254024437259e-05,0.0,4.7617296817491045e-05,0.0,0.0
13709.0,0.00030081684898146144,0.0,4.5984930720699424e-06,0.0,2.6346343332058958e-05
13712.0,0.0005325280483343472,0.00021020557946076565,3.7697688614560225e-05,0.00032454607555275583,0.00018264490172820375
13715.0,0.00019041319792307963,0.0006290195834932315,5.0441058411396603e-05,7.100756996816694e-05,0.0004341933971206089
13718.0,0.0002809529128585959,0.00014872229417728198,9.641800792748818e-06,0.0,0.0
13721.0,0.00031728450699658483,0.001405674528235397,6.37901638860667e-05,0.0,0.00013085534235197108
13724.0,0.0001373937644060074,0.0002506337715542682,3.0021931871383555e-05,0.0,3.624195601961021e-05
13727.0,0.00040635155612464167,0.0009325757485013042,1.9165918984797178e-07,0.0,0.0003843126790683222
13730.0,0.00010031560395392895,0.0009237461512477668,0.00027596449765845743,4.9562587704000046e-05,8.346647257903529e-05
13733.0,0.00030223785932345664,0.0019061528569762499,0.00022736843447520092,0.0,1.3944076117931598e-05
13736.0,0.00017633015049038257,0.00039730540804504803,5.453651156570014e-05,0.00021120845150817455,8.050787691480183e-06
13739.0,2.904266695319502e-05,0.0,0.0003336784689173701,0.0,1.425795364810494e-05
13742.0,0.00015775374193643937,0.0003122008607160507,5.759302902208421e-05,3.443956383883908e-05,0.0003021405446697411
13745.0,3.410052625264216e-05,0.0,0.0,0.00028233379232764453,5.481950229628072e-05
13748.0,0.0003519296606442227,0.0,0.0002018947147105962,0.0,0.0002978423181854282
13751.0,0.00027871822848986636,0.00045482119306562675,0.00037122513160838303,3.699758393344086e-05,0.0001548626440291912
13754.0,0.00018995748496494517,0.0006634810091478736,5.66645928921438e-05,2.913429310347183e-05,0.0
13757.0,0.00010984600431540081,0.0007424208223497118,7.831555278246664e-05,9.982289500391434e-05,0.00025955483319897813
13760.0,0.0003563677942910611,1.3894549334569411e-05,0.0003309193236914124,0.0,0.0001433338349844414
13763.0,0.0006162806910347873,5.015736524742286e-05,0.0005092458719144557,0.0,0.0
13766.0,0.00021902267058472927,2.0430069985952132e-05,6.407284021263514e-06,0.0,6.326136875752972e-06
13769.0,8.389011421683307e-05,0.0,7.007709547087231e-05,0.0,1.7212562034976756e-05
13772.0,0.0006033482417704141,0.00018367120253739609,2.287978885842585e-05,0.0,6.2245509577886135e-06
13775.0,4.652720814394984e-05,0.00022251917388943252,7.3008368533156996e-06,0.0002017117618606709,0.0
13778.0,8.619236890264438e-07,0.0001739782440285285,3.4579851790796946e-07,0.0,0.0
13781.0,0.00036225604227679706,0.000233024605640991,0.00020794674554480268,0.0,1.6346674502047713e-05
13784.0,2.991212078841944e-05,0.0,9.014373346555323e-05,0.00011294631606533341,0.0001594665384991168
13787.0,0.00019481321114903086,0.0,1.6245092261337206e-05,0.0,2.9342624193831972e-05
13790.0,2.8283432899771026e-05,0.0003608242402195026,6.844751876812528e-05,0.0,0.00022869143121992272
13793.0,0.0002639657927101841,1.7055646852952494e-05,0.00029043707323318893,0.0,5.586028172350093e-05
13796.0,7.204711561736794e-05,0.0004244182383364415,6.2434718919367255e-06,0.0005140644347470335,0.00023200532679964472
13799.0,0.00015631693199379284,0.00022894036951227352,1.768083018186823e-05,0.0,0.0
13802.0,0.00010459869964708067,0.0006362516265317768,9.758404776926736e-05,0.0,0.00040235803470599357
13805.0,4.5867303549026674e-05,0.00027019685906841336,0.0,0.0,0.00013335718383368465
13808.0,9.107156798720559e-06,0.0,1.3274089760993906e-05,0.0,0.0
13811.0,0.00011932461093757588,0.0,1.8478666566046786e-05,0.0006811503689448545,0.00013225089131601068
13814.0,0.0002101128004172029,4.075881287825735e-05,7.93179026031589e-05,0.0002851220086795318,5.100749054771798e-05
13817.0,9.33327351424057e-06,0.0,7.098561054999842e-05,0.0,0.0
13820.0,6.805148103306583e-05,0.0,0.00010980997233520066,0.0,0.0
13823.0,8.753015331985709e-05,4.2821951360178017e-05,0.00028402399002284317,0.0,0.0002539665615814815
13826.0,7.370521033315232e-05,3.0197616873242245e-05,2.8618699866090645e-05,0.0,0.0
13829.0,8.227898911539271e-07,0.00019786603256730122,0.0008913826196535489,0.0,0.00019639859455352674
13832.0,4.352505240566384e-05,3.616419357028044e-05,0.00016344342288056744,0.0,6.17819142655214e-06
13835.0,1.0669982171186067e-05,5.681637062080523e-05,0.00026586691919619607,0.0,0.0
13838.0,5.34828045207959e-06,0.00028604488727293216,4.773882460167475e-06,0.0,0.0005298156467303455
13841.0,4.497390366853553e-06,0.0,0.0001348086286433557,0.0,0.00026107705112272316
13844.0,1.398681033846335e-05,0.00014101426331529317,4.0072823069871405e-05,0.0,2.757550911013696e-05
13847.0,2.469263401810942e-05,0.0,5.3858884138621675e-06,8.571477164183985e-05,0.0
13850.0,3.6015056212687594e-05,3.38898736803488e-05,1.7619782046727122e-05,0.0004698271364711263,1.494495823444404e-05
13853.0,0.00015937535837949187,0.0,4.3940116772793605e-06,0.0,1.4198895700172742e-05
13856.0,6.767933395541748e-05,0.0002398829366588509,6.819104436029155e-05,9.131001318588249e-05,3.621820789001776e-05
13859.0,5.380335482713788e-05,3.6335219159963666e-05,2.3398262441192132e-05,0.0,0.0
13862.0,1.9511280258554157e-05,0.00029997460829260324,3.252340157151116e-06,0.0,0.0
13865.0,1.3451403420903299e-05,0.0,0.00013230228351482774,0.00014755329212435268,0.0007244172041608807
13868.0,0.00018523332472219307,0.0003581517006102508,0.0004265841383126994,0.0,3.348127276012527e-05
13871.0,6.585853397850884e-05,0.00027846314385528457,1.0950252873739852e-05,0.0,1.243950696908357e-05
13874.0,5.858212656794669e-05,0.00019907565156579557,1.5454462408082963e-05,0.0,0.0
13877.0,0.00013034187218221224,0.0,2.291052865548895e-05,0.0,5.381083059696522e-05
13880.0,1.2533337735343315e-05,6.639114477726958e-05,7.071713965449433e-07,0.0,0.0004879137670112494
13883.0,0.00011142138893962866,0.0002594400826496604,4.904870939852022e-05,0.0,5.592599111068633e-05
13886.0,4.4177395330922126e-05,0.0002229993868788131,9.236754936319505e-06,0.0,0.0003945356835610334
13889.0,2.6456034817249394e-05,0.0,5.642092288310326e-05,0.0,5.764057228157363e-06
13892.0,3.4973193392939255e-05,0.0001812988915374896,0.0001683649125783396,0.0,0.00046444259700740995
13895.0,0.00031132255006952313,0.0,2.123492275144448e-05,0.0,5.037089883137706e-05
13898.0,0.00010699249648982967,1.6717214409777516e-05,2.5440016342542e-05,0.00025764473413465114,2.1518885759470243e-05
13901.0,2.724709527516795e-05,0.0,7.058748259804731e-06,0.00016043486029405715,0.00014219036311080558
13904.0,6.903540143689849e-05,8.166260339041794e-05,8.847747690249552e-05,0.0,0.0
13907.0,3.4861147992502344e-05,6.028703874295805e-05,3.5497160448844494e-05,0.0,0.0
13910.0,0.00022477735922367065,0.0,3.618819686849118e-07,0.0,0.0
13913.0,1.3282600028062668e-05,0.0,0.0005152826204407278,0.0,0.0005185743057554878
13916.0,1.731203022830344e-05,0.0,3.1995830813509475e-05,0.0,2.4208634175023895e-05
13919.0,0.00017758368462629179,0.0,3.7970329507939486e-05,0.0,3.0137960038950165e-05
13922.0,6.337914758533264e-05,0.0,0.00018064896460244566,0.0,4.7537387125114425e-06
13925.0,5.858656573573892e-05,0.0,0.00019236505687222842,0.0,0.00025000710739409276
13928.0,4.274491486806638e-05,0.0,6.6345228396171574e-09,0.00013435902253065463,0.0
13931.0,0.00016169217852710497,0.0,8.439312812159993e-07,0.0,1.5682438449111388e-05
13934.0,0.00014599698463263984,0.0,2.5608729475418502e-05,0.0,8.75612714754278e-06
13937.0,0.00023526770910555883,0.0003518083313782367,0.0002895114574370983,0.0,0.00014361629465647365
13940.0,0.0003024688363524791,6.12599355959967e-05,0.00018338182485215816,0.0,0.0
13943.0,0.00011876181089828237,0.00013171306834321907,1.100589636162669e-05,0.0,4.2683104849158365e-05
13946.0,7.129133860494929e-05,0.0,0.00018085529832009806,0.0,0.00033643240873973033
13949.0,0.0001299215007488816,8.251037109233086e-05,5.8556371602053924e-05,0.0,0.0
13952.0,9.903293077443948e-05,3.0959952389584426e-05,0.00012909103689487953,0.0,7.83425238930385e-05
13955.0,0.00016850256447402862,0.0,0.0001679024268654447,8.981651001783283e-05,0.0024345409901357427
13958.0,5.764297799747992e-05,0.0,0.00018665812991989757,0.0,0.00034680483468206693
13961.0,6.470155940335655e-06,0.0,5.053029411737957e-06,0.0003478483684298609,0.0003640303258767725
13964.0,6.595131776965912e-05,0.0,2.858810639399916e-05,0.0,0.0002209119265553165
13967.0,4.9809783849008015e-06,0.0,0.00011601952877274295,0.0,0.0004901070758019227
13970.0,4.958885089923196e-05,0.0,2.525084617207528e-05,0.0,5.506766949553438e-06
13973.0,0.00010666002263220224,0.0,3.618692866944464e-05,0.0,0.00021315934568617775
13976.0,6.253581097171817e-05,0.0001589913299408962,2.5769653620408786e-06,0.0,2.3690856246052446e-05
13979.0,0.00010025346585240444,0.0,1.9681850682723481e-07,0.0,1.0373301727754715e-05
13982.0,4.573470172509947e-05,2.299203351782976e-05,8.00635757754926e-05,0.0,0.0
13985.0,1.6423396822883037e-05,0.0,0.00015165580424325348,0.0,3.8785406746027744e-05
13988.0,2.4218029622074166e-05,0.0,4.2059561684523055e-08,0.0,0.0
13991.0,1.0571180501405603e-06,0.00019343627037957077,2.093867531044172e-06,9.028464986448851e-05,0.0008377261748076977
13994.0,2.0855388761447892e-05,0.0001317426135012129,0.00016602122374843238,0.0,0.0
13997.0,0.00026053260148153933,1.492118652829412e-05,0.00015363124610019856,0.0,0.000343502006274326
14000.0,5.575154686268926e-05,0.0,1.739567699466297e-05,0.0,9.213517029478249e-05
14003.0,0.0001902118394749583,0.0,0.00012462836979769786,0.0,1.837649406794989e-05
14006.0,1.6446544328959153e-05,0.0,2.5918346708050366e-05,0.0001879698335757282,0.0
14009.0,3.0359104713135606e-06,0.0,3.832057139082474e-08,0.0,0.0
14012.0,0.00011659113027378129,4.877958166829044e-05,8.311159794269763e-05,0.0,0.00043433095016784373
14015.0,9.750116610828911e-05,3.723258884660959e-05,8.803036071500849e-08,0.0,0.0
14018.0,0.00012837805971251272,0.0,1.2524002636863642e-05,0.0,1.2500179646380441e-05
14021.0,7.252894487971113e-05,0.0,0.00020560796270742806,0.0,0.0004374560998339447
14024.0,0.00016432767445713172,0.0003494490815604991,0.00014539080817284062,0.0002778343920197326,9.450321856665971e-05
14027.0,5.549952989094406e-05,0.0,7.945956284034231e-06,0.0,0.00022135462475936915
14030.0,6.07923207748996e-05,0.0,0.00018059156782667364,0.0,0.0
14033.0,4.011886346632037e-06,0.0,3.158149827635981e-07,3.281572802298301e-05,0.0
14036.0,0.00022016736697447322,0.0,0.0002704894057069934,0.0,1.4771013849376794e-05
14039.0,7.616029152824998e-05,0.0,6.439996675815845e-06,0.0,0.00010290712237248885
14042.0,5.9273965440082595e-05,4.777341674908563e-05,1.7869280189220828e-06,0.0,0.00010328588540981523
14045.0,0.00011804479933739322,0.0,1.1907555225474896e-06,0.0,0.00012015208186179635
14048.0,4.776683921100533e-05,0.0,0.00017251338523119957,0.0,0.0007479742511536138
14051.0,0.00013101529086787862,0.0,1.5068351968885981e-05,3.966382078674271e-05,0.0
14054.0,0.00023379362623530546,0.0,0.00041988495472280616,0.0,5.566110093987099e-05
14057.0,2.9285058034249093e-05,0.0004148890220595969,0.00040073391343942177,0.0,0.0
14060.0,0.00015655205016209078,0.00012193480166304369,9.986895178864964e-05,0.0,0.0001494429214678443
14063.0,7.194462351581198e-05,1.3352652890963864e-05,3.489445245902e-05,5.6769406175963555e-05,0.0
14066.0,0.00026905238962186763,0.00015724761499593288,1.4988465411840826e-05,0.0,0.0
14069.0,1.764203696962265e-05,0.0,8.554807303759036e-06,0.0,0.0002414358257063638
14072.0,0.0001290116624832326,0.0,3.6202247096115483e-06,0.0,0.00011912798671303207
14075.0,7.378229604287807e-06,0.0003018629883555273,0.001215147950879564,0.0001069343578586191,0.0002327781394822747
14078.0,0.00014280641640212157,0.00019326699215085183,1.2380630297925559e-07,0.00018206638078176125,7.563187742543848e-05
14081.0,0.00015613846350599896,0.0,0.0001244123214381083,0.0,3.458301364733411e-05
14084.0,0.00010846873748785803,0.0,2.9245619310120167e-05,0.0,0.000483655407638147
14087.0,3.573975431987741e-05,4.251194050577497e-05,4.308813228599139e-06,8.927034805127793e-05,6.38349119455068e-05
14090.0,0.00019616990318554008,0.0,7.602735848838223e-05,3.0373992745885164e-05,0.0
14093.0,7.002328858594162e-05,0.00017112801058267725,7.35176019736006e-06,0.0,3.271272953140867e-05
14096.0,3.5059051507689158e-06,0.00024175445574259078,1.3292172849646257e-05,4.84364841200944e-05,0.0
14099.0,3.527167192419357e-05,1.6671294408510073e-05,0.00027664867096855095,0.0,0.0
14102.0,0.00017249253143176874,0.0,3.4467570293732362e-06,0.0,0.0
14105.0,5.523337567880801e-05,0.0,6.049257595136197e-08,0.0,2.4753361380288543e-05
14108.0,4.0130162882239865e-05,2.980937286122995e-05,0.0008661807133908399,0.00011390022860094227,0.0008402557889738697
14111.0,0.00037976443797764953,1.977261705217427e-05,0.0005661169972634712,0.0003178468498775441,7.1432899701128685e-06
14114.0,1.0548553278927234e-05,0.0,7.497164850128416e-05,0.0,0.0
14117.0,0.00012183834610057843,0.0,0.00013670630450508513,0.0,1.8004857168222956e-05
14120.0,7.228424839871002e-05,0.0,1.847033846928325e-05,0.0,0.00031650888031123034
14123.0,1.4037153578620247e-05,0.00011734422522003738,7.568628884406834e-05,0.0,7.5590709848380705e-06
14126.0,6.635204331971368e-05,0.0,0.0005964351069631125,0.0002822417366319637,1.8962386962803735e-05
14129.0,7.381325035017271e-05,6.665226424866604e-05,3.48742694362409e-05,0.0,0.00017221045639974306
14132.0,1.487592812195991e-05,0.0,0.00044915051225109185,0.0,7.509702828695352e-06
14135.0,1.8491947426516146e-05,0.00012510045918587368,3.4835599202937843e-06,0.0,9.513509302716818e-05
14138.0,1.9597778114250085e-05,0.0,2.077063032712916e-05,0.0,0.00034313012825048876
14141.0,6.759810727232916e-05,0.0,3.6599141817589385e-06,0.0,0.0
14144.0,5.452836159807794e-06,0.0,0.00028729002448861377,0.0,3.692636439292639e-05
14147.0,3.492878408920238e-05,0.0,3.242181972220929e-05,0.0,2.7650114136709515e-05
14150.0,0.00019101052869970427,0.00014279815764129422,0.00031213053869482966,0.0,0.00010662257877870289
14153.0,0.00010319086300094364,0.0002568268317792169,0.00016911676851147638,0.0,8.432052190907099e-05
14156.0,5.617438509026177e-06,0.00016455223366141383,0.0001207997961004442,0.0,9.134376463110158e-05
14159.0,7.456077139588759e-05,5.312026317083557e-05,5.02025452139311e-08,0.0,1.5209087755424236e-05
14162.0,0.0001625486291567014,2.5370175668377905e-05,2.1832617304485114e-06,0.0,0.0
14165.0,0.00017108928641769636,5.113546077836237e-05,4.90529752028464e-06,0.0,1.1581915804269579e-05
14168.0,9.618660105699363e-06,1.876955248954202e-05,2.6158938747912997e-06,0.0,2.744900058526026e-05
14171.0,1.157356506840806e-06,0.00030937691333336417,1.4163363986883464e-06,0.0,0.0
14174.0,7.892283018225248e-05,0.0001699507977512219,1.6167926072470783e-05,0.0,1.4352066606119458e-05
14177.0,3.086802083160391e-06,0.00032531066019640095,0.0007334786491910139,5.8789635271382464e-05,0.0
14180.0,9.33771908432205e-05,7.425865674120807e-05,0.00011505648561063623,0.0,5.440483016934248e-05
14183.0,4.427183542162922e-05,1.628336415258292e-05,0.00019263544889807312,0.0,0.00044821699795195
14186.0,8.864304070645059e-05,0.0004922589411876408,7.427101883574754e-09,0.0,6.924570111809505e-06
14189.0,3.065109870133448e-05,0.00018630089273852989,6.236801106451973e-05,0.0,3.622485555433382e-05
14192.0,0.00015027753941724393,0.0,0.00014456339222694475,0.0001382709334524231,0.0
14195.0,2.3703828121039177e-05,0.0,2.3703288529806307e-08,0.0,9.842888140417611e-06
14198.0,7.421108497384155e-05,0.0,3.1146947911309376e-06,0.0,5.4684508656431604e-05
14201.0,0.00041390667936092235,0.0,0.00015537379142274566,0.0,0.00015859201013505804
14204.0,0.00019975191430058716,3.120338494680576e-05,6.826285977913456e-05,0.00015405730213645676,0.0004004034760619933
14207.0,0.00027047323878427894,0.00011269188471353524,0.00015576472523959187,0.0,0.00011782364023046658
14210.0,0.0002907592249309294,0.0,0.00011310564505686712,0.0,4.466428623738865e-05
14213.0,0.00014528598154213873,0.0,4.946866510681886e-08,0.0,0.00043748131263915017
14216.0,0.00011038081171127401,0.0,0.00027889271347713196,6.114378364508747e-05,0.0006601277510897564
14219.0,5.2126399982208686e-05,7.028896762656289e-05,6.280909401324153e-05,0.0,9.852957785257518e-06
14222.0,6.460715452524034e-06,0.0,3.5346905389842883e-06,0.0,0.0
14225.0,5.7145699581745306e-05,6.241759137819237e-05,7.540445372708615e-05,0.0,0.00022179700586870144
14228.0,0.0001789425381185953,0.0,6.0822989305286856e-05,0.0,0.0
14231.0,1.3486986651645596e-05,0.0,2.6875316311676183e-06,0.0,4.959823856183439e-06
14234.0,2.912624932738362e-05,9.284511333285857e-05,5.533222588485993e-05,0.0,0.0
14237.0,0.00011908017268549453,0.0,2.6831772060205712e-05,0.0,0.00019687675829207645
14240.0,0.0002026636476969797,0.0,0.0002948674406060612,0.0,0.00010580191310532761
14243.0,8.133953122456676e-05,2.9832885965476216e-05,0.00014024427047567257,0.0,0.0002722062330525345
14246.0,2.3351990119901167e-06,0.0,4.100778407888816e-06,0.0003314754832307322,0.000154819579546217
14249.0,5.9229043621379436e-05,1.6836682309801767e-05,0.00012990724234871118,0.0,0.00018437769980202872
14252.0,2.1655142601012407e-06,6.088438568393508e-05,6.1007238281852536e-05,2.8127346623022372e-05,2.2778259528333677e-05
14255.0,5.125004744608313e-05,0.0,3.0747491838777295e-05,0.0,3.7882279458142493e-05
14258.0,0.0,0.0,2.368856239963932e-09,0.0,0.0
14261.0,1.1795432498665911e-06,0.0002449697338522932,1.1186968714031777e-05,0.0,0.0
14264.0,6.0472017708182115e-05,0.0,1.0301668683988187e-07,0.00010537449276872952,0.0001254083298262535
14267.0,2.8933419850901e-05,1.6986611833222696e-05,4.88116361101481e-05,0.0,1.6629613591097656e-05
14270.0,2.1168454235355623e-05,6.0609535353350086e-05,8.512435793515086e-06,0.0,0.00015835545747367173
14273.0,0.00017609228914609065,6.426912680360819e-05,0.00016945716521775167,0.0,4.012426370399208e-05
14276.0,1.2308795221731948e-05,0.0,0.00013423407866219043,2.88250109826683e-05,0.0003910523829581636
14279.0,7.876790810414554e-06,6.653616705630747e-05,6.235724356937822e-05,0.00023848722828652075,3.7299614134549425e-05
14282.0,4.752619408107681e-05,0.0,5.27949315940916e-05,0.0,7.232855638839982e-05
14285.0,3.567607650682569e-05,0.0,8.902523609137458e-05,0.0,3.249384923827655e-05
14288.0,9.798467202868818e-05,0.0,0.0002891761407114687,0.0,6.468002977425246e-05
14291.0,2.9044322335350636e-05,0.0,3.661024436804132e-06,0.0,0.0
14294.0,0.00014013376237579194,0.0,2.0479307642938317e-05,0.0,0.00018330450923633059
14297.0,5.6176249991237054e-05,0.0,0.0004566921450406227,0.00014756374781539974,7.261500805646514e-05
14300.0,0.00014316710001494788,0.0,4.270516109534394e-05,0.0,0.0
14303.0,4.691351330846747e-07,0.0,8.154051176930518e-05,9.106517753567898e-05,0.00010417349770602587
14306.0,0.00025283917473380987,0.0,8.782782874549532e-05,0.0,0.00018581376139153105
14309.0,0.00018719353110247035,1.948959046123613e-05,0.000556337678637332,2.5879177048243217e-05,0.0002101773189870722
14312.0,0.000327132312344611,2.8869143845325012e-05,0.00016084931882598663,0.0,0.00040707877291796504
14315.0,0.00018839778303615247,0.0,0.000135905484590434,0.0,0.0003219466319723918
14318.0,8.851030051109496e-05,0.0,2.0525679432483138e-07,0.0,0.0
14321.0,0.00023002078560767938,0.0,1.818601260552243e-05,0.00012126638767065189,5.6693775577036365e-05
14324.0,6.914703938432616e-05,0.0003574016449862212,0.0002478945070410188,0.00013679925395580227,0.0002693846529788596
14327.0,0.00023491393285038754,0.0,4.239608419219475e-06,6.794822906598952e-05,3.622802272660024e-05
14330.0,0.0002659556111519582,0.0,4.652492181125893e-05,5.701124837678752e-05,0.00013647370116226445
14333.0,0.00011998793003146344,8.283694405154449e-05,0.0,3.4838348314275325e-05,0.0
14336.0,5.891237831394491e-05,0.0,1.401486518463313e-05,0.0,0.00048353112538245284
14339.0,7.834923441933886e-05,0.00022343298538705402,1.1025397580656294e-05,0.0,2.9699980978198546e-05
14342.0,5.13534713344748e-05,0.00013226505086682647,3.38358686094473e-06,0.0003331435757702125,0.0005355496686710919
14345.0,8.783730029701187e-05,0.0,0.0005401080688095379,0.0,4.8952495925981746e-05
14348.0,0.00012942585213542433,0.0,3.989277005750139e-05,0.0003103491714711669,0.0
14351.0,0.00012178783861632725,0.0,0.00011302652403169853,0.00026890181434417043,0.0005134575398311477
14354.0,0.0001900548189879909,2.8891406885801224e-05,5.329356408058038e-06,0.00026548531929471343,0.0001463858490182543
14357.0,0.00020411355907550018,0.00022687431173460415,0.0004122404884911909,0.0,1.3482093647462957e-05
14360.0,7.111716682425217e-05,0.0,8.108323230484737e-05,3.556775927368019e-05,4.5441224454453275e-05
14363.0,0.0,0.0,6.219121492659104e-06,0.0,0.00013848728094855976
14366.0,4.597080994496918e-05,0.0,2.5808641187660953e-05,9.702931182492517e-05,0.00012059445919619149
14369.0,9.493144182292813e-05,0.0,1.0754808790608159e-07,3.355679561681695e-05,0.0
14372.0,2.512788425455102e-05,0.0,1.5284604810497053e-06,9.796767980554178e-05,0.0
14375.0,0.00016827359920825081,6.508177738669507e-05,0.00013254921522204183,0.0,0.0012337769298645896
14378.0,0.0,0.0,1.1341378877805903e-05,0.0001714429924241063,7.5045410740138266e-06
14381.0,3.026149058993503e-06,0.0,6.253169871627138e-06,0.0,0.0
14384.0,6.957704789283496e-05,0.00010355985635734348,2.1518603920799015e-06,0.0,0.0
14387.0,3.8196595061205705e-05,0.0003925307386294765,1.8560741813095686e-08,0.0,0.0003180358272874864
14390.0,5.439849100440985e-05,3.8209228450102625e-05,0.00017276807744970248,0.0,0.00022969826641231617
14393.0,0.00019877024660468984,0.0,9.208227007190013e-07,2.9111542888187438e-05,0.0005325342559559902
14396.0,0.00014300016803272725,0.00011767965651805012,5.891838825518887e-06,0.0,4.60509593804611e-05
14399.0,2.800934084443808e-05,0.0,6.381048587473048e-07,0.0,0.0
14402.0,0.00011763532241422507,8.19389518132988e-05,4.415323628868462e-06,0.0,0.0005489006672450444
14405.0,0.00014902479639347942,0.0,8.354873873524509e-08,4.280058868257364e-05,2.9019689645708434e-05
14408.0,3.189220849225629e-05,0.0,7.038030545184283e-07,0.00048064303213292647,4.012204781588673e-05
14411.0,6.73105807547256e-05,0.0,0.00050285661009451,0.0,0.000422927831430344
14414.0,1.690317917770781e-05,0.0,0.00015089652482698396,4.030743734875223e-05,0.0
14417.0,1.552613767951609e-05,0.0,9.302590226993343e-05,0.0,6.77792229725299e-05
14420.0,2.7129041999677804e-05,0.0,0.00010610777371673245,0.0,1.4428129702165085e-05
14423.0,0.00030880588117458506,8.137968221160327e-05,7.534809001176022e-06,2.695706115172701e-05,0.0
14426.0,1.1214557635417845e-05,0.00012065909794413399,5.679946650901627e-05,0.0,3.5181952253101215e-05
14429.0,1.8894948229152657e-05,0.0,3.013035019341579e-06,0.0,7.428351517573772e-05
14432.0,0.0003619816213038537,0.0,1.3670933624752195e-05,0.0,0.000162660826139067
14435.0,0.00025456810467068666,6.008975561339052e-05,7.871498459007183e-08,0.0,0.0003416907008326526
14438.0,3.034075483473282e-05,0.00021155495881312292,8.125714956544622e-07,0.0,0.0
14441.0,0.00013773319388244899,7.271330260975687e-05,6.549475243166816e-06,0.0,0.0
14444.0,0.00020397493768453418,0.0,0.00016029601535898027,0.0,3.248251121455522e-05
14447.0,2.314683656843082e-06,7.481451099010326e-05,5.66698277355599e-06,0.0,0.0
14450.0,5.513000857169513e-05,7.6314637119874e-05,8.563741549572911e-05,0.0001946023908569016,2.5684704435879844e-05
14453.0,0.00012668735452651112,0.0,9.048105900412116e-06,7.525343224089343e-05,0.0003226021422581126
14456.0,0.0001412625068958038,0.00016432814484891998,9.620409316947451e-05,0.0,0.00012024644538126401
14459.0,5.197676396007995e-06,0.0,0.00033042525054709937,0.0,0.0
14462.0,0.00016654111067210348,0.0,1.1660274072505762e-05,0.0,0.0
14465.0,8.917512863236734e-05,0.0,0.00017203665116036877,0.0,0.0002785851256186526
14468.0,0.0,0.0,7.054326579768856e-06,0.0,0.00010676349718240437
14471.0,0.00016078955968191423,0.0,0.0002057645695613248,0.0,0.0
14474.0,0.0004267976995091296,0.00016841759949782036,0.0003101760432472621,0.0,0.0
14477.0,1.3299107140234116e-05,1.3987031730986133e-05,2.9700406425555642e-05,0.0003627385268787063,0.0
14480.0,0.00010919221945992026,0.0,1.0440991772395303e-06,0.0003764687949655897,8.017031259776468e-06
14483.0,0.00014176315145174786,0.0,1.5078176837326023e-05,0.0,5.008587078648334e-05
14486.0,1.6206442261505088e-05,4.173774426532882e-05,1.0077739643867228e-05,0.0,1.2255588256339382e-05
14489.0,2.134808050298817e-05,0.0002726293145055422,1.316572016305924e-05,0.0001704618751354459,0.0
14492.0,3.289402058138824e-06,0.0,6.784183321396868e-05,0.0,2.367986740401722e-05
14495.0,0.00010883909318350206,0.0,0.0005104932897103297,0.0,0.00011386185124445238
14498.0,5.3901442251283044e-05,1.9421159390966672e-05,5.093908388128718e-05,0.0,0.0
14501.0,1.7934885097380856e-05,0.0004096354604065447,1.0798548541319681e-08,0.0,3.0118896606357276e-05
14504.0,4.764496269527603e-05,0.0,1.327761827588695e-06,0.0,6.6149667542209745e-06
14507.0,6.921190769135314e-05,0.0,0.00034016352045629437,0.0,5.586503059443199e-06
14510.0,6.987593103705862e-05,2.6676177311857247e-05,2.299181130886159e-06,0.0,0.0
14513.0,6.926496236932615e-05,0.00014455274367654357,8.113312040631239e-05,0.0,0.0
14516.0,8.281464900145499e-05,4.904132121100141e-05,0.00013991676939876672,0.0,1.2398181788399904e-05
14519.0,5.9904091572545866e-05,0.0,2.909342573209236e-05,0.0,0.0
14522.0,0.00020403454299748768,8.685149408565192e-05,0.0004391655406185981,0.0,0.0
14525.0,0.00022991702892712114,0.00034496622142596447,1.966488201349192e-06,0.0,9.063912117907549e-05
14528.0,4.9362105802925516e-05,0.0,1.7938276373454241e-06,0.0,1.1920937247045512e-05
14531.0,3.124051421844721e-05,0.00024675251329007075,0.00018556855053686327,0.0,0.0006574547558452616
14534.0,0.00011917666072799589,0.00026395294927524687,2.9077493053150693e-06,0.0,2.589965501944182e-05
14537.0,0.00010096601004029413,0.0,0.0,0.0,0.00013685709227253317
14540.0,0.00012529675872807662,0.0,1.5039367425649076e-05,0.0,0.001186331941876025
14543.0,0.00024095821955740876,0.00019489470291415378,0.0003994833873440001,0.0,0.0001801112658383687
14546.0,8.94139438982389e-05,0.0,0.00012904749344013782,0.00014562303043730938,6.158146510301002e-06
14549.0,5.694081933775707e-06,0.0,7.689848117708027e-05,0.0,0.0009512987983896803
14552.0,0.00012847104122314166,0.00017098673849494952,0.00033534389868374904,0.0,0.0003349140733388411
14555.0,5.4505158315960535e-05,0.0,9.66388307423729e-06,0.0,2.087925474685876e-05
14558.0,8.506186437770127e-06,7.921209643718109e-05,4.465636655267618e-06,0.0,7.601440501883482e-05
14561.0,0.00020941855633382087,0.0,4.382441542655668e-06,0.0,0.00011974200194589758
14564.0,1.6906549007041245e-05,0.0003767174592214229,8.53464908053451e-06,0.0,5.247798711387622e-05
14567.0,2.2082692035112903e-05,3.113306141888441e-05,6.739557654317926e-06,0.0,0.0
14570.0,0.0001844506382146289,0.00012258832706511544,9.52253013486274e-05,0.0,0.002579584692810176
14573.0,0.00022489134784577075,0.0,0.0003049760166585849,0.00017265818319972474,3.1568745681922276e-05
14576.0,3.042995841888631e-05,0.0,4.022264608644074e-06,0.0,0.0015276378935647702
14579.0,1.8175324905112242e-05,0.00011841343030950329,9.746318329287365e-07,0.0,0.0010843629904766922
14582.0,0.00015943557423270626,0.0,3.4810618691186596e-06,0.0,0.0002425527994086955
14585.0,0.00013548619378317886,0.0,0.00011231348715612557,0.0,0.00029309690132185755
14588.0,5.296090348616615e-05,6.023231868959506e-05,1.498046302057631e-06,3.602902131402339e-05,0.0008619499979142002
14591.0,8.440013453500593e-05,0.0,4.299821262896883e-05,0.0,0.00011161954612894528
14594.0,6.252123110476554e-05,0.00015506774684891284,6.130913885766352e-06,0.0,5.586186436589985e-06
14597.0,4.035868990351056e-05,0.00013090204482726147,1.9215678127407854e-06,0.0,4.505660271467458e-05
14600.0,0.00010396378672984554,0.0,0.0005647413639356397,5.700915652585207e-05,0.0
14603.0,4.898411077082106e-05,0.0003086590989374039,7.794883666877122e-05,0.000381700232628374,3.85102251528151e-05
14606.0,0.00013755440152275132,0.0,3.387109972787638e-05,2.842831835816751e-05,0.0
14609.0,0.00014700257551685048,3.079745650090361e-05,1.2682935289466927e-05,0.0,3.114273647499699e-05
14612.0,0.00012690997918362662,0.00022303350072225227,1.7940113283199403e-06,2.9694355009675344e-05,0.00010153821408363067
14615.0,1.4580368087925389e-05,6.854893342492249e-05,3.0412633389301582e-05,0.0,0.0
14618.0,1.2395067162501581e-05,7.603932669637364e-05,0.0008331825991598471,0.0,1.0945356646761553e-05
14621.0,9.089654874250686e-05,0.0,7.77343965680029e-05,0.0,0.00013184336986376335
14624.0,3.027918561955069e-05,0.0,0.00041780066275323637,0.0,0.0
14627.0,6.756587703563224e-05,0.0,1.1686488738805325e-06,0.00022878487441212287,0.0
14630.0,0.00015581299190825328,0.0,0.00018062223996178421,0.0,0.00030145294081212993
14633.0,6.87177318093756e-05,2.357647801489444e-05,0.00013790242689939696,0.0,2.082576954988998e-05
14636.0,1.5565156958391496e-05,0.0,0.00010402552215965149,0.0,0.0
14639.0,6.053699636686243e-05,1.8718307315825554e-05,2.4151010981791292e-05,0.0,0.0
14642.0,3.0511987964662404e-06,2.3004102585895408e-05,5.334837862449834e-07,0.0,1.1505567700469344e-05
14645.0,4.326089720099185e-06,8.998988831292549e-05,1.9319720320494294e-05,0.0,0.0
14648.0,0.00016872503310462234,0.0001683784804387305,2.2622959186748584e-06,0.0,0.0001762625248950989
14651.0,0.00014207974615832803,7.030207841443692e-05,7.660019224006685e-07,0.0,0.0
14654.0,4.5970761186071147e-05,0.0,4.2121225710749794e-07,0.0,0.0
14657.0,0.0001013190435127969,0.0,1.8336244684880493e-05,0.0,0.0
14660.0,2.975478097751589e-05,0.0,2.4380739967347288e-06,0.0,3.188876645043539e-05
14663.0,2.9406191864905775e-05,0.0,1.267673917858725e-05,0.0002922334715342366,7.998284921903937e-06
14666.0,4.9731977335204305e-05,0.0,7.72952880357505e-05,0.0,0.0
14669.0,0.00031682840176159937,0.0,6.263212292453152e-05,0.0,0.0
14672.0,8.095063257660484e-05,0.0,0.0,9.087475851883902e-05,0.00024837489629548964
14675.0,0.00010065484217173865,4.4310420149235946e-05,3.85909214512315e-05,0.0,0.000566528943289612
14678.0,5.4567263674069735e-05,0.0,3.8081652361748276e-07,0.0,3.883559783846853e-05
14681.0,2.588707656622023e-05,0.0,2.495791808564292e-06,0.0,0.00014615863885443994
14684.0,1.951314832163572e-05,0.00011183092313419217,0.00030366408888896383,0.00011361444683958312,0.00014614166909636227
14687.0,4.850286584424692e-05,0.0,1.3542372733862167e-05,0.0,0.0
14690.0,0.00010873844728355217,0.0,0.00023953930154789374,0.00015270131233109416,0.0
14693.0,0.00010284945235756355,0.0,1.0913313168829399e-05,0.00017339834919511462,0.0001548537804767698
14696.0,0.00013046057839361043,4.440529602092668e-05,0.0001733573208611353,0.0,0.0
14699.0,1.8594932582421347e-05,0.0,0.0001925790562444464,0.0,7.300957203695503e-05
14702.0,0.00029571940679673324,5.292895008788416e-05,5.832178000743258e-07,0.0,0.0
14705.0,0.00021044128024181382,5.379323524947302e-05,5.843969718146945e-07,0.0001397829674975841,0.0006530615878042303
14708.0,1.7751307885309627e-05,0.0,1.4224411261541975e-06,0.0,1.4052628682400942e-05
14711.0,5.710648701424387e-05,0.00025555471331264773,9.815724598375705e-07,4.419065392003982e-05,5.4048485539998474e-05
14714.0,7.605085711995694e-05,0.0,2.3653296316596482e-05,0.0,0.00014773737466528434
14717.0,6.994366309002076e-05,2.5710565056621478e-05,7.79688385180631e-06,0.000448584839238995,3.836835923988969e-05
14720.0,0.00011692341302893024,3.3874892757390205e-05,2.286319595215926e-05,0.0,2.1703025306037534e-05
14723.0,1.900742809713639e-05,0.0,1.489170284168082e-07,0.00010553801350471633,0.0
14726.0,0.00014718723830733373,6.536415786332348e-05,2.948216091336016e-05,0.0,1.5455928064270684e-05
14729.0,6.125511028289414e-05,0.00010095764027601304,5.3918946884893716e-05,0.0,0.0002851369178559824
14732.0,7.7553303595543e-05,0.00034831847824961295,1.2475461396229635e-08,0.0,0.00011547621066528685
14735.0,9.172959800940248e-06,0.0,2.3132463839809157e-05,0.0008272116688803682,0.0
14738.0,8.546891125147365e-05,0.0,0.0002975018735975886,0.0,0.00012549674357291017
14741.0,6.403156935829654e-05,0.0003734473444849504,1.3538469210665049e-05,0.0,1.2300586450867182e-05
14744.0,2.4707806994700067e-05,0.0,2.962908554042689e-07,0.0,0.0
14747.0,3.40044081082582e-05,7.155356586822969e-05,7.302894868827858e-09,3.162325895360723e-05,0.0
14750.0,0.00017075653898907797,5.226752249698028e-05,0.00012410600200629118,0.0,0.00011323010796300977
14753.0,9.003824340094428e-05,0.0,1.9192286683015863e-07,0.0,2.2118806320762736e-05
14756.0,2.387806464683828e-05,0.00037588188708212385,6.811460389954824e-05,0.0,0.00010777270397906048
14759.0,3.492151932570165e-05,4.0053070030647985e-05,0.000369445450521816,0.0,7.671388577244509e-05
14762.0,2.8987148486933036e-06,0.0,8.253867762815205e-05,0.0,3.0006511536949332e-05
14765.0,6.335954246785261e-05,0.0,0.0001520603555315826,0.0,0.00018550821703510994
14768.0,1.5235883611017822e-05,0.0,0.0005049124266535692,0.0,0.0
14771.0,0.00022351460788954712,0.0,0.0011852382602067538,0.0,0.0
14774.0,0.0002607455385576125,0.0,0.0007650866784167063,0.0,0.0
14777.0,5.457429967284469e-05,0.0,0.0010552308538380128,0.0,0.00022351691630710617
14780.0,0.0,0.000158463522757699,3.3832666710913986e-05,0.0,0.0
14783.0,8.586278260434507e-05,0.0,1.8491485785840765e-06,0.0,0.0
14786.0,9.602632251724587e-05,3.178054732635282e-05,0.0001721410977840234,0.0,0.0
14789.0,0.00011006595216171587,2.7039868980100154e-05,9.867961302598994e-06,0.0,0.0
14792.0,3.079275587048059e-05,0.0002470421287587969,1.4692815688975084e-06,0.00033433633705726574,0.00011830535524113744
14795.0,4.0480366406258204e-05,0.0,8.62051584703127e-05,0.0,0.0
14798.0,0.00017143978940489072,3.8834870485303435e-05,0.00010730123195906679,0.0,7.450043250155334e-06
14801.0,0.00021706483919025631,2.999454847831033e-05,3.550882600234614e-06,0.0,0.00012326533575721249
14804.0,4.1819751922802106e-05,0.0,2.683357528639503e-05,0.0,0.0
14807.0,4.003904331543128e-06,0.0,6.272569011923779e-05,0.0,0.0
14810.0,9.966545189010142e-05,0.00012031546310263028,0.00037653804727494296,0.0,1.3847145169336765e-05
14813.0,3.5403820249378776e-07,1.7205346949987053e-05,0.0007001760989048425,0.0,0.0
14816.0,1.529555310301726e-06,9.864825783353104e-05,1.770078940068126e-05,0.00017605561995479875,0.0
14819.0,1.2892119975616694e-05,0.0,4.532928232090889e-06,0.0005578828888730315,5.854372976895606e-05
14822.0,8.103196530736852e-05,0.00016765359226921428,3.427875004820282e-05,0.0,0.0
14825.0,0.00016586446739928155,0.0,3.437469627719441e-05,0.0,0.0
14828.0,0.00011985958995579135,0.0,0.00021187928841950583,0.0,0.00015827597239710228
14831.0,1.948990422492432e-05,0.0,0.0001882418393749418,5.2346905444433545e-05,0.0003161611453697846
14834.0,5.791973764080335e-05,8.662844699296646e-05,5.269549356850195e-07,0.0,0.0004443764429598837
14837.0,6.013678179951894e-05,0.0,0.0004991589868094929,0.0,0.0003728230378276765
14840.0,0.0001409176380988254,0.0001399291174324738,9.21725150104508e-05,0.0,0.0001311000016908808
14843.0,1.6413799566820983e-05,1.6932661908432334e-05,0.00011562522804141552,0.0,9.785223710533268e-05
14846.0,9.199501002444528e-05,4.2718543307199604e-05,4.3854022206727905e-07,0.0,0.0
14849.0,0.00015311431990555673,0.0,4.372302136819994e-06,0.0,0.0
14852.0,5.727983410005647e-05,0.0,9.819442946095771e-05,0.0,0.0
14855.0,6.303711519768547e-05,0.0,2.4196736938536846e-05,0.0,1.7842471168833007e-05
14858.0,0.0002197911643003318,0.0,1.6557296295216208e-06,6.912993597211986e-05,0.0
14861.0,6.722105834437494e-05,0.0,0.0009492219471176237,0.0,0.0001465798090638098
14864.0,0.00021210375919843323,0.0,0.00011221637416724254,0.0,0.0
14867.0,7.162389099797554e-05,0.0,1.474799313772392e-07,0.0,1.1637395111786319e-05
14870.0,0.000177542289629643,0.0,7.686562580066888e-06,0.0,4.649175784739447e-06
14873.0,6.930633380633124e-05,0.0,0.00034481937806405696,0.0002994621101139987,0.0
14876.0,0.00012085451644138829,0.0,0.0001610545773602749,0.0,3.85846414325303e-05
14879.0,0.00010918979720843474,0.0,3.5961621775816886e-05,0.000136421395116981,0.0
14882.0,0.00025614167859868694,0.0,0.0003283798708941523,0.0,0.0
14885.0,8.051617445754543e-05,0.000620742896389988,0.000291774093533349,0.0,0.0009817839922471698
14888.0,1.3684490092071157e-05,0.0,3.709931071589143e-05,0.0,0.00032398754419110074
14891.0,6.55264426088664e-05,0.0,5.883965173258402e-05,0.00045677574350358696,0.0
14894.0,3.0860045804379494e-05,4.402662591001045e-05,0.00010894868970034416,0.00014690877396389908,0.0
14897.0,0.00038187044414004617,0.00039754300325091455,7.976263600061487e-05,0.00043336585750306916,0.0
14900.0,1.2302407220513856e-05,0.0,1.3750138573754878e-11,0.0009154109322346101,6.750910734496869e-06
14903.0,0.00024483592266586997,0.0,0.0005322175135115421,0.0,2.4353793720610164e-05
14906.0,0.00017295849628980105,6.467235173857907e-05,0.00042670358345594074,0.0,5.3979992608534226e-05
14909.0,8.714652366811482e-05,0.00018346936436395217,0.00047009949781850005,7.41673553515483e-05,0.0005696190068023992
14912.0,9.751752032676627e-05,0.0,0.00011145273449081432,0.0,7.771805869041553e-05
14915.0,0.00010487416723816365,0.00020855518152820834,1.0232214148198849e-06,0.0,0.0
14918.0,5.978020641663986e-05,0.00024423788104177243,3.337256508246001e-05,0.0,0.00038833539459615644
14921.0,7.849905978722036e-05,0.00020554115996505683,1.669761200962734e-07,0.0,1.676502058656437e-05
14924.0,0.00012888777418473948,7.30630525945643e-05,0.0001919484004989524,0.0,7.046881803126195e-05
14927.0,0.00011542061809704004,0.0,0.000523727020906712,0.0,1.6892413390467782e-05
14930.0,5.7957192867740876e-05,7.451199059717951e-05,0.00020218921605283857,0.0,4.939050754556626e-05
14933.0,1.8898019493192106e-05,8.04377889242902e-05,0.0001629288775398923,0.0002457155817758658,6.675285153666591e-05
14936.0,0.0003014293391688505,0.0,0.00013238000317814403,0.0,0.0
14939.0,1.6963015909994832e-05,0.0,7.471850546333906e-05,0.00015703085220486904,7.0429389284627575e-06
14942.0,8.519646235929306e-06,0.0,4.7538228348711e-05,3.224206195843861e-05,4.3088215060302986e-05
14945.0,0.00014742811643764892,0.0,1.9283401579508017e-07,0.00016536765149041072,0.0
14948.0,3.454631710685203e-05,8.935883429529163e-05,0.00012859711808695123,3.50087432929444e-05,2.0658792755062006e-05
14951.0,9.982842465175336e-05,3.7298043574569396e-05,3.9141266475625864e-05,3.0340512440027255e-05,0.0002663159570259265
14954.0,5.953887144004423e-06,0.0,0.00016876852220112655,0.0,0.0
14957.0,4.0618430310079754e-05,2.0416525148157947e-05,0.0007040797182751334,0.0,6.232340823711954e-05
14960.0,3.61743564514067e-05,0.0,0.0011005788514112896,0.0,1.5983903042210758e-05
14963.0,0.00015663189352127844,4.16228921761698e-05,1.5080731379471778e-05,0.00020981240649920973,1.3065806791160044e-05
14966.0,0.00014330894745700755,0.0,5.604805339922656e-05,0.0,0.0
14969.0,0.0001862813019331302,0.0,0.00010204089078942392,0.0,0.00030874080474070414
14972.0,1.9240113971333533e-05,2.30492512184476e-05,5.1094905965490205e-05,0.0005018838540221493,0.0
14975.0,4.5796348538760034e-05,0.00014843891166540932,0.00011472218638884807,0.0,0.0
14978.0,6.568511969793785e-05,0.00013599950476702813,6.806171960478414e-06,0.0,0.0
14981.0,6.882148789459901e-05,0.0,0.00039644830581402356,0.0,3.302812553004944e-05
14984.0,4.321016459234094e-05,0.0,0.0001697457436189147,3.429995862521656e-05,0.0
14987.0,2.1725239157982144e-05,0.0,5.5239179109136753e-05,0.0,0.00023372766452263503
14990.0,0.00014447499296343962,5.5158329689225284e-05,1.9741579742306217e-05,0.0,0.0
14993.0,3.607827973647073e-05,0.0,1.657468576014669e-06,0.0,0.0
14996.0,0.00014747925452787244,7.500239259840016e-05,3.9536488437909155e-07,0.0006130430950624266,0.0
14999.0,1.004493168775889e-05,0.0,0.00012143301616364963,0.0,0.0
15002.0,8.82768983417492e-05,0.0,2.394121887299148e-05,6.0162666356427066e-05,0.0
15005.0,2.9692639577250874e-05,0.0,0.0002473164296800612,0.0,0.00028978395985749947
15008.0,3.4583121828018774e-05,7.22156184910186e-05,1.35354371638764e-05,0.0005296271927624166,0.0002778857831221153
15011.0,6.635452268430394e-05,0.0,4.853397680884377e-06,0.0,0.0
15014.0,0.0002023176928336099,0.00013222031644191236,0.0002987651857337649,0.0,1.1117337120778015e-05
15017.0,7.460130762693266e-05,5.7646948705737264e-05,0.0,0.0,7.373537165235494e-05
15020.0,4.059083047052818e-05,0.00019319896288679417,1.214836217058321e-06,0.0,2.2293700102522476e-05
15023.0,2.067543548908403e-05,0.0,1.647676084466032e-07,0.0,0.0002707529841742014
15026.0,6.978450376998236e-05,0.0,0.0003418663084795223,0.0,0.0002461903175188361
15029.0,0.00011730020399147354,0.0,0.00040603585346499324,0.0,0.0001890922037053017
15032.0,0.00014225638750498977,0.0,1.9038821288843607e-05,0.0,0.0005399062934330705
15035.0,1.4700328962585155e-05,0.0,4.318463490162647e-05,3.354812530450696e-05,9.70009472543515e-05
15038.0,0.0001303773258837122,5.59310675219397e-05,0.0006461552877345087,0.0004967469683780105,0.0
15041.0,9.320714164882351e-05,7.252271501024343e-05,8.903074494035944e-06,0.0001864473367122597,7.331294108584511e-06
15044.0,0.0001745697498859675,1.8677693884867696e-05,0.00011724890529436877,0.0003556243770468204,0.0
15047.0,0.00018070424028108885,0.00038288687364686403,5.600878722053465e-05,0.0,0.0
15050.0,0.0002197626827894252,0.0007411850648650256,1.4969594776924288e-06,0.0010069071664809408,0.0002424413217398043
15053.0,0.00032077411527621144,7.960502322776057e-05,0.00020375152827138015,0.0016842759820972447,0.0
15056.0,0.00028486492684040603,8.088291703855312e-05,2.0832508004514477e-06,0.000507239655252132,0.0
15059.0,4.768149386497098e-05,0.0,6.607615714030279e-05,3.1984974547560344e-05,7.072167323058518e-06
15062.0,0.00043156172169304176,0.0,1.8050099533785668e-05,0.0,0.00011208380818958363
15065.0,7.705636327143084e-05,2.499753761120923e-05,2.1887467387334628e-05,0.00012368391164407772,0.0003550032733776505
15068.0,0.00011875724893536302,0.0,8.948316777307019e-05,0.0,0.00012739577855388226
15071.0,4.698656141837911e-05,0.0001427933756513167,0.00021130961065568253,0.00013949998674957293,0.0
15074.0,4.953736678284153e-05,0.00010954703678402025,0.00010656860514946622,0.0,0.0
15077.0,1.8034120736969193e-05,0.0,3.452849865910101e-06,0.00017483594613237143,0.0007117405320468587
15080.0,0.000195797270939289,0.0,4.6352226813062295e-05,0.0002237041070347747,1.3325534263559571e-05
15083.0,0.00020128982565240062,0.0,8.830941293469609e-05,0.0,0.00019962424437129512
15086.0,9.657338228441906e-05,0.0,6.6356391056342756e-06,3.1092641542044586e-05,0.000372464736837156
15089.0,8.760715324281068e-05,0.0,9.392755973558137e-08,0.0,0.0
15092.0,0.00023578065131728783,3.6469419954420705e-05,0.0001188223376007253,0.0,2.2871740184376053e-05
15095.0,0.00022092155397445185,0.0,6.846596199317723e-05,3.349760728259726e-05,5.8284350062641214e-05
15098.0,2.003804340245038e-06,0.0,5.608341302144544e-06,0.0,4.890949184200191e-06
15101.0,6.167882251078608e-05,0.00036627567406987115,3.5544321107230565e-05,0.0,0.0
15104.0,0.00016856813923854023,3.2901581696713464e-05,1.1963012436409946e-06,0.0,0.0
15107.0,9.013896421548611e-05,0.0,7.522744596804768e-05,0.0,2.5108881185865907e-05
15110.0,0.0001240178429018526,0.0,0.0002322535765414239,5.0793020126042597e-05,0.0
15113.0,1.393670468569913e-06,4.847289935670369e-05,0.00012344524430437075,8.359170330571338e-05,1.977450570661082e-05
15116.0,0.00012165508371327359,0.0,7.054655969681152e-10,0.0,0.00015069121768364956
15119.0,0.00015322028105241038,0.0,0.00024563278175133714,3.9941235144360034e-05,8.142123569795718e-05
15122.0,7.155523189157752e-05,0.00020077655182663452,4.121159130599252e-05,0.0,0.0
15125.0,0.0001339011945308236,0.0,3.50969897228653e-05,0.0,0.0006158554769753463
15128.0,9.739207147026754e-05,0.00039074390144501676,0.0002749153914535646,0.0,0.0005353639172263628
15131.0,1.2785304884395461e-06,8.380599274200529e-05,0.00013321037504226112,0.0,0.0
15134.0,0.00010560031511956734,0.00014347394608384215,3.1852122085674204e-05,9.858469386800588e-05,0.0
15137.0,0.00018369740673680222,0.0,6.368185188054241e-06,0.0,0.0
15140.0,7.727718095072157e-05,0.00027156383356439123,0.0,0.0,6.631275048937048e-05
15143.0,7.283277342151909e-05,0.0003468972499939006,3.919722245970241e-05,0.0,0.0
15146.0,0.00033124415228510983,0.0,4.3940326005911946e-05,0.00020500696519217367,0.0009147239552001582
15149.0,6.706264708694174e-05,0.0,4.5355669406925793e-07,0.0,0.000450710100454168
15152.0,1.3483172136477462e-05,0.0,0.0002661849261330639,8.092606514228744e-05,1.0419027541417619e-05
15155.0,0.00023897673878960315,0.0004267402020258949,0.00033616160128603894,0.0,1.5997202145780014e-05
15158.0,4.6901857823765755e-06,3.055797999866885e-05,1.3037071308631287e-05,0.00011761664233281623,1.1763744145568554e-05
15161.0,0.00020116232839516662,0.0,0.0001674414343705892,0.0,0.0009573621722717003
15164.0,3.420070582975236e-05,0.0,1.0153656052644121e-05,0.00023745170149175725,0.0
15167.0,0.00021017865779008333,0.0,3.108225852159726e-06,0.0003538256560782259,0.00018103941718460213
15170.0,2.8273548838717656e-05,0.00011233609771440973,0.00013063134493458147,0.0,0.0012091259910227106
15173.0,1.207624790439538e-05,0.0,6.486934661132629e-06,0.0006663021597690701,0.0
15176.0,3.629040739141352e-05,0.0,4.413345446639337e-06,0.0,0.0001170908796309674
15179.0,0.00013979232817276814,0.0,0.00028890513149226076,0.0,0.00021043855973740057
15182.0,1.236626564448773e-05,0.0,0.0008941305879155283,9.661318672486896e-05,8.522903036985945e-06
15185.0,6.557547953802582e-05,0.0,1.91984695060062e-05,0.0001989752787285962,0.00047719783783200896
15188.0,0.00011947967414907444,4.6577043714011873e-05,5.533886138147672e-05,3.9254872837936924e-05,4.0968494422508175e-05
15191.0,0.00026919407977841873,0.0,2.4202409822926913e-05,0.0,2.0308908930645274e-05
15194.0,6.552573332110143e-06,8.460442508985042e-05,4.903125144820448e-05,0.0002111689949944482,0.0
15197.0,0.0004998952808467582,0.0,1.3684276831320254e-06,0.0,9.060948414753355e-05
15200.0,0.00018099384197973515,0.0,2.06042677628062e-06,0.0,0.00019178322049973677
15203.0,3.581884058884161e-05,0.0,9.457462743370508e-05,0.0,0.00010892220253985164
15206.0,6.524602210531692e-05,0.0,4.300599479167277e-05,0.00047087372121044295,0.00037507346660792414
15209.0,1.972549906122449e-06,0.0,3.0110240731602185e-05,0.0,0.0003908107567812516
15212.0,5.7395469672028776e-05,0.0,0.00022576647081699213,9.705651657797671e-05,0.0
15215.0,4.2451514406225804e-05,0.0,1.722579683114317e-05,0.0,0.0
15218.0,1.706936302900612e-05,0.0,2.5252386690672323e-05,0.0,0.0
15221.0,3.516946698873366e-05,0.0,0.00030214489775374804,0.0,1.1046815632464342e-05
15224.0,0.00018363245767895014,0.0007508545325922142,0.00021561081092803794,0.0,0.0005075358903019101
15227.0,3.2696496684867743e-06,2.0660019712510736e-05,0.0002498109633800134,6.675935213586917e-05,0.0
15230.0,4.948807966666225e-05,0.0,8.344016552006903e-05,5.3507982495256655e-05,5.5041705477836573e-05
15233.0,1.3819480955608374e-05,0.0005719225003876339,0.00019717225100393055,0.0,0.00024865365464164915
15236.0,0.00010978667321757104,0.0,6.945204679075406e-05,2.402790678851725e-05,0.00012960533986457534
15239.0,2.1177802241318204e-05,0.0,7.531040995323e-05,0.0,0.0
15242.0,3.297809747386417e-06,0.0,7.142413993286899e-07,9.569454700111551e-05,0.0
15245.0,0.00013807028065780094,0.0,0.00011516983932716287,0.0010550201478138638,0.0
15248.0,3.0144898500332863e-05,0.0,9.586631109727683e-07,0.0002900730296262437,0.0
15251.0,2.408300947977512e-05,0.0,4.746098313920293e-06,0.0,0.0004953798103325027
15254.0,0.00013016724889372894,0.00023063190421597813,8.189245764065426e-05,0.00020403272570982574,1.6493448305131512e-05
15257.0,4.126920977873499e-05,0.0,9.574433441679262e-05,0.0,0.00026741949383948306
15260.0,0.00015140246241470402,0.00023319522942446243,5.1266702877479594e-05,0.0,0.0
15263.0,7.237367765380012e-05,1.6235885292030798e-05,1.843127823564885e-05,0.0,0.00016821671068331003
15266.0,1.5967356996651497e-05,1.7019027921402716e-05,2.432067553543618e-05,0.0,0.00026191336107937035
15269.0,0.00010332241563020019,1.5873587544102914e-05,1.185086959067375e-06,5.8764705896222384e-05,4.2123368493796826e-05
15272.0,9.434263126359237e-05,2.2942514622652894e-05,0.00029502581328973664,0.0,0.0
15275.0,7.903162745540931e-05,0.0,8.696934095583266e-06,0.0,0.0001982351920740857
15278.0,0.0002061302739638516,0.0,3.0392926716859773e-06,0.00031055275453801634,5.154756325548024e-05
15281.0,0.000150169142960577,1.6663637767918486e-05,8.656161328873119e-06,4.287322972085013e-05,0.0
15284.0,8.844000134509335e-05,0.00026101926787203134,1.0917854525529982e-06,0.0,0.00022706408507156792
15287.0,0.00012066836252260329,0.000977178906798406,1.6756527161759046e-05,0.0,0.0
15290.0,6.248664232716885e-05,0.0,0.0005097098398130013,0.0,0.0
15293.0,2.8792474682685113e-06,0.0,0.0002608822136850826,6.663438987879482e-05,0.0
15296.0,3.3232048112636606e-05,0.0004025056125614866,2.8769276233409044e-06,0.00011944823779013224,0.0
15299.0,1.3320479494499552e-05,4.807321130851078e-05,6.246224056039517e-05,0.0,0.0
15302.0,5.867615222753965e-05,0.00015589053311770672,3.395439410674681e-05,0.0,0.00026244214861253134
15305.0,0.00014902572792656584,0.0,5.3941035448758473e-08,5.4736622411301703e-05,0.0
15308.0,4.2393551573253534e-05,0.0,7.2489830742026905e-06,0.0,6.769087434353903e-05
15311.0,4.272424829787407e-05,0.0,0.00022859570680886253,0.0,0.0
15314.0,0.00018533162135285112,0.0,0.000184439989973576,0.0,0.000340057425201774
15317.0,2.1438944173418347e-05,0.00011261219562847952,7.785611881230568e-05,0.0,8.204895725573668e-05
15320.0,0.00011555837191925461,0.0,0.00014714360307311838,0.0,0.0
15323.0,5.117418820417133e-06,0.00026489379588218105,6.664642059817013e-05,0.0,0.00027024598180331634
15326.0,1.7927433359707067e-05,1.7539140019586857e-05,1.5919956917223875e-06,0.00026523150329637137,0.0
15329.0,2.094929060115706e-05,0.0,0.00010010854179229287,0.0,8.822879361115068e-06
15332.0,2.8472026032204215e-05,0.0,0.0002455632139829871,0.0,0.0005077053094810723
15335.0,5.430612876887243e-05,0.0,0.00038547938224807205,0.0,0.0
15338.0,1.1440794062035398e-05,0.0,3.769314620854079e-07,0.00012449194341325768,4.886991162601449e-06
15341.0,5.499723871695377e-06,3.560721327187809e-05,4.458490475666419e-05,0.0,1.8141307933810847e-05
15344.0,3.2189205362008526e-05,7.060002020077432e-05,9.331456642790364e-05,0.0,0.00033594162633003214
15347.0,3.1780057942026046e-05,0.0002117732239158309,8.481964838180863e-05,0.0,0.0
15350.0,8.611159532791457e-05,0.0,1.968622234589115e-06,0.0,6.57769538416616e-06
15353.0,5.213381236922657e-05,0.0,1.722691184317213e-06,0.0,0.00012318759564533926
15356.0,0.0001307501155130677,7.392276411013732e-05,0.000211884802220427,4.600084799610734e-05,2.7902908465171235e-05
15359.0,0.0001596682942264205,0.0,4.123432867484454e-05,8.72215439869903e-05,0.00019593722173540736
15362.0,7.59863276853194e-05,0.00017739254146747913,4.686306145591136e-06,3.022033970196015e-05,2.590655937948388e-05
15365.0,0.00011545573572715209,0.0,3.5605079499406453e-06,0.00030814927126763256,0.0
15368.0,7.924052353533203e-06,0.0,3.2583658356718706e-05,0.0,0.0005262552071743431
15371.0,0.0002096462692981572,0.0,0.00047252368155523616,0.0,0.00018884329944957007
15374.0,7.186637594674004e-05,0.0,4.7829662646261314e-05,0.0,0.00013640933187776625
15377.0,1.0687260163877783e-05,6.276407730760022e-05,0.0006853633192578895,0.000419800001059726,5.7543039230503836e-05
15380.0,4.5504802242348734e-05,0.00019294408877367747,0.0001556964609937593,0.0,0.0005229038727117304
15383.0,0.00017494491794626163,0.0,5.6586239258297104e-05,0.0,0.00028334886036472955
15386.0,0.00031748864764928966,0.0,6.067564785080111e-05,0.0,0.0
15389.0,0.00011476120199873886,0.00023619339824438717,0.0003558846144555603,0.0,1.1175001173168644e-05
15392.0,0.0001285840947889443,0.0,2.0183998131668542e-07,0.0,0.0
15395.0,5.0345432160199783e-05,6.0910602299112614e-05,2.149765226254095e-06,0.0,6.460592587058619e-06
15398.0,4.5339877182617444e-05,0.0,3.3216221263096017e-06,0.0,0.0
15401.0,2.9930669781921856e-05,0.00023282487322973114,9.143553121570904e-05,0.0,8.238696890282576e-05
15404.0,1.9236033507412095e-06,0.0,0.0002138760064142041,0.0,0.0
15407.0,7.909628312054868e-05,2.0279474505939417e-05,4.325862381923178e-05,0.0,8.024536778559203e-06
15410.0,0.00011855488735782301,5.661787835217441e-05,0.00010537280119644782,0.0,0.00019918968870666877
15413.0,0.00011856064707585053,0.0,3.7830579250003333e-06,0.0,0.00018792686928317842
15416.0,2.3215530048095236e-05,0.0,0.00029844823704328196,0.0,0.0
15419.0,2.1942383611649747e-05,0.0,0.00013639759660628132,0.0,6.687299457377831e-05
15422.0,5.864291156125274e-05,0.0,0.00042807785151940714,0.00048251768337048467,0.0
15425.0,9.791218536831343e-05,0.0,0.0001301022433388042,0.0,0.0
15428.0,0.00014767350698145884,0.0,0.0007596389543309527,0.0,0.0
15431.0,6.29379513886595e-05,0.0,5.539282770263823e-05,0.0,1.2959501729894658e-05
15434.0,1.1694411986717966e-06,0.0,6.111022197943924e-06,0.0,0.0
15437.0,2.712254363704678e-05,0.0,1.9559635052656132e-05,5.881056090799744e-05,4.663710613983809e-05
15440.0,1.0945381796503239e-05,7.128550159811071e-05,0.00010532829555747174,0.0,0.0
15443.0,4.272713964392206e-05,0.0,1.2699386923866851e-05,0.0,2.207849565443736e-05
15446.0,0.00012449637713233926,0.0,2.1539107051490558e-06,0.0,0.0
15449.0,9.545854423935686e-06,0.0,0.00012611979102672993,0.0,0.0007273629527702682
15452.0,0.0002740893659029958,0.0,3.588848404182702e-07,0.0003112522523854072,0.00011792418945631692
15455.0,8.555247180322509e-06,0.0,0.00019560670695300858,2.9856170548604885e-05,0.0002660110218499875
15458.0,5.2545112724883646e-05,0.0,4.947873309898014e-07,0.00022697747956758823,6.400964623617209e-06
15461.0,9.22712113022614e-05,0.00016176378784176835,0.0002729797350012157,0.0,0.0
15464.0,1.8668025723068689e-06,0.0,0.00019966724001425218,0.0011349970935031798,0.0
15467.0,0.00025907946842422026,0.0,2.030240924095858e-06,0.0004057235476793608,0.00015546145475896244
15470.0,2.1256641534166764e-05,0.00015633339177095854,0.00037465086823201187,0.0,0.00022538478635072604
15473.0,9.625159619961686e-06,0.0,1.2227473557809105e-06,0.0001458752820019876,0.0
15476.0,4.1186648901508354e-05,0.0,0.00022296263580821415,0.0,0.0003194354833831421
15479.0,8.098831729047761e-05,0.00013047156651787518,6.203301498966097e-05,0.0,4.40623073916167e-06
15482.0,3.198925000095213e-05,0.00016090696957894883,1.0638873924560455e-05,0.0,0.0
15485.0,0.0002346651909521429,0.0,2.391134341872453e-07,0.0,0.00033734503518507915
15488.0,6.462850069453311e-06,0.00017345995990057956,0.0001423428243164736,0.0,5.1544459313411036e-06
15491.0,6.248804581437684e-05,6.981542164395592e-05,4.0523447556265055e-07,0.0001484067566151274,7.0788805769075034e-06
15494.0,2.6021584681532367e-05,0.0,6.475449101206056e-08,0.0002144322040538922,0.0
15497.0,1.8592808066664903e-05,3.191100289007021e-05,9.454637554292528e-06,6.35977706828601e-05,0.0
15500.0,0.0001198205896495536,0.0002599841753858619,3.3688923526424417e-06,3.457827101764775e-05,0.00046472061357842007
15503.0,0.00013230610538771928,0.0,9.146266217788917e-07,0.0,0.00047684392237471915
15506.0,0.00010714067724038032,0.0003202522895523011,0.00010914552668484052,0.0,3.934381337977922e-05
15509.0,8.631660938560397e-05,2.7677577603081347e-05,4.105787846205938e-06,0.0,0.0001322461348952053
15512.0,6.383374810667089e-05,0.00014436132270118342,0.0003016136744342212,5.3603943929651736e-05,0.0
15515.0,0.00020571923957646702,5.087434130696591e-05,7.53672911486439e-05,0.0,0.0
15518.0,0.00010057034532422217,4.231147020965086e-05,5.6670408292569036e-05,0.0,0.00010753647596226883
15521.0,1.4604493924308938e-05,1.5868218966661874e-05,3.9427140805517765e-05,0.0003267074030228568,0.0
15524.0,1.6734830425480902e-05,0.0,9.678736719782174e-05,0.0,5.242573820882312e-05
15527.0,0.000103085299498714,0.0,1.4474216391164233e-06,4.381847550777922e-05,1.4198009533677459e-05
15530.0,5.834759743953885e-05,0.00018187521062004892,0.000202260796546803,0.0,0.00011228549600334639
15533.0,6.455066591696466e-05,0.0,2.9743550315700703e-05,0.0,0.0
15536.0,3.062729754690047e-05,0.0,7.730977626812238e-06,0.0,0.0
15539.0,0.0001221738388230212,0.0001465035686412668,0.00014323896032942166,0.0,0.0
15542.0,0.0006418720120238823,0.0,2.4874525530620407e-05,0.0,5.499249350971832e-05
15545.0,5.489594513175381e-05,0.0,3.643606527659935e-05,0.0,0.0
15548.0,7.606595600176097e-05,0.0,7.867333676449735e-07,0.0,0.0
15551.0,1.1288051368084568e-05,0.00010132756986167993,1.4675073470006416e-05,0.0001973233365612445,1.8069804961838928e-05
15554.0,0.00014060522822519303,0.0,4.070177319613171e-05,0.0,4.791443728471031e-05
15557.0,0.000222767654373592,0.0,2.034016543427498e-06,0.0,6.042943922179887e-06
15560.0,8.176340221166496e-05,0.0,0.00023536186906419782,0.0,0.0
15563.0,0.0001418401072223286,0.0,0.0001432559106321896,0.0,4.522858366055818e-06
15566.0,1.319397341118983e-05,0.0,6.594022379441621e-05,0.0,0.0
15569.0,6.705509394715615e-05,0.0,1.5907535920176714e-05,0.0,4.980850256092824e-06
15572.0,1.820584703836307e-05,0.00022883952607425195,6.16357678596998e-05,9.462733597012181e-05,1.3102729451395894e-05
15575.0,3.414525619785944e-05,0.0002120749059723374,0.00034706436340346,0.0,5.4780140082913545e-05
15578.0,0.00016028394184524502,0.0,0.000346523885301469,0.0,0.0004810873764084961
15581.0,1.0778268637304392e-05,0.0,0.00013022589163881715,0.0,0.0003399151440457624
15584.0,7.596160990068872e-05,0.00027131956515103796,1.5556542904696037e-06,0.0,3.165174380937428e-05
15587.0,1.556603979113742e-05,9.218555587703926e-05,2.3346299625833576e-06,4.051519699021217e-05,0.0005163601470432167
15590.0,0.00020672250746419477,0.00020827570422547446,8.00030105669962e-05,0.00022043370656955945,0.0
15593.0,0.00017609252352257914,0.0,0.0003754091888121003,0.0,0.0
15596.0,1.3786691777588504e-05,0.0,0.00019486632786278822,0.0,0.00012158593511306764
15599.0,2.9560977787010618e-05,2.4469685782877363e-05,0.00040497960080254034,3.7321336174727206e-05,0.0005057641462015384
15602.0,1.2405672164267121e-05,0.0,2.0453983881903408e-05,0.0,0.0006909766186170612
15605.0,0.00010458057379024425,0.0,5.096156923363731e-05,0.0,0.0
15608.0,4.2218701911143326e-07,0.0,6.197748522181907e-07,0.0,0.0
15611.0,0.00017097054470091968,0.0,0.00030283067421087975,0.0,0.00016996977261974066
15614.0,2.0136479458572266e-05,0.0,0.00029305746394608933,0.0,2.7897334770473533e-05
15617.0,1.9273144338033787e-05,0.0001697340009773867,8.334361204914181e-05,0.0,0.0
15620.0,0.0001397166135679398,0.0,1.4541479282022654e-05,3.171174389181392e-05,2.9306145088710906e-05
15623.0,0.00018952227081945732,0.00021424499683487023,7.682387797872986e-05,0.0,0.0
15626.0,0.0,7.740737639601088e-05,2.9539871411965914e-05,4.074717506260456e-05,0.00011398458766338483
15629.0,0.00011109227543477542,7.295839943838635e-05,9.292779965741156e-05,0.0,0.0
15632.0,7.11244164018351e-06,0.0,3.151737943360858e-05,0.0,5.144217833514446e-05
15635.0,6.659775070852456e-05,0.0,6.325161253907268e-05,0.0,5.916246084205259e-05
15638.0,4.213077255822392e-05,0.0,0.00022234381840010523,0.0,0.0
15641.0,4.367094050228844e-06,0.0,1.2830084330386408e-06,0.0,0.0
15644.0,5.957335051987992e-05,0.0,5.193998442894533e-05,0.0,0.00010586195159318376
15647.0,9.597541408963015e-05,0.0,0.00014814491879803785,0.0,0.0
15650.0,5.6444048342484174e-05,1.8728294184417072e-05,0.00023525371168873653,0.0,1.716610765844446e-05
15653.0,4.511262207955865e-05,0.0,7.391104203246593e-06,3.611182582566941e-05,0.0
15656.0,3.196122356008107e-05,8.937360687428855e-05,5.5875810701260785e-05,0.0,0.0
15659.0,4.121050552943645e-05,0.000134844180452975,8.949435225731763e-05,0.0,7.134106963635388e-06
15662.0,3.470229950555913e-05,0.0,0.0002842522847047572,0.0,2.2622080941215005e-05
15665.0,1.1431228739342916e-05,0.0,6.867453180555473e-05,0.0,0.0
15668.0,2.3039533907748393e-05,2.0143236157142893e-05,0.00028686177039590106,0.0,0.0
15671.0,2.4775315367681408e-05,5.7525463093655595e-05,3.532475692072654e-05,0.0,2.4478147700110153e-05
15674.0,0.00016422240048281827,0.0,1.049201858436324e-06,2.501871002409855e-05,0.00017842534870897366
15677.0,2.5418744344621268e-06,1.2569904626947974e-05,0.0001172166076337177,5.662950518103329e-05,0.0
15680.0,0.0001455428324862603,0.0,9.628027379534839e-05,0.0,2.53440352330392e-05
15683.0,1.659537175952239e-05,0.0,4.9292751521950155e-05,0.00010307385586631375,0.00011017815810312838
15686.0,9.459465368118727e-06,7.08476121963734e-05,0.00021942882354243526,0.0004545576260224001,2.080908055276262e-05
15689.0,5.32303458594093e-06,0.00011489483935573715,3.309629620966156e-05,0.00012142901037182484,0.0001859230156224426
15692.0,0.00011059396771440903,6.885771405783754e-05,3.4075602894387024e-05,0.0,4.90915759352926e-06
15695.0,5.228159912523885e-05,0.0,6.64667275683548e-06,0.0,0.00010383973286322729
15698.0,0.00011457661053131942,0.0,2.3737715407979513e-05,0.0,7.665470419532133e-06
15701.0,0.00014903467325195737,0.0,0.00018698189247730396,0.0,1.290300885175392e-05
15704.0,0.0002104245941583309,0.0,3.265652849373307e-05,0.0,0.00014328664827010257
15707.0,0.0001537181258950714,1.581200082100303e-05,0.00031109817179044986,0.0,0.000531515344267796
15710.0,0.00011453685354476091,0.0,2.841041200255202e-07,0.0002913366626091724,0.0
15713.0,3.4731568907946634e-05,4.865058203201952e-05,3.747692419480921e-05,0.000315437408217443,0.00035373170089939617
15716.0,0.00012283346621638696,6.490829135403585e-05,2.657243102666739e-07,0.0,0.0
15719.0,4.436625115240647e-05,0.0,1.4139427720397432e-05,0.00020655098638213304,8.86521811242273e-06
15722.0,8.972042769191903e-06,3.379583118450476e-05,0.00010903613587816597,0.0,7.61257769894859e-05
15725.0,0.00015044573745216452,0.0,7.27096464899244e-05,0.0,0.00020372020594832893
15728.0,2.8536873922174606e-05,0.0,4.4229726723160395e-05,0.0,0.0
15731.0,5.878590331492067e-05,2.6190770605146302e-05,0.0006537348018699832,0.0,0.0004873055161074075
15734.0,0.0003140331989010921,0.0,8.421169467767182e-05,0.0,2.122577934908171e-05
15737.0,1.6519238731908695e-05,0.0,2.2883087250762497e-07,0.0,5.939489504701139e-05
15740.0,0.0002571837075949279,0.0,0.00016265553415762898,0.0005913341440174388,0.0007098350211612107
15743.0,2.7731772150848546e-05,0.0,8.590265579728295e-05,0.0,0.00017213986696256074
15746.0,0.00014138500181802135,0.0,0.0001342806040173636,0.00010164971519674397,0.0
15749.0,5.622393998023717e-07,0.0,0.0002273507309266733,2.958093713267835e-05,0.0002241161649295865
15752.0,7.931220887503381e-06,7.068844733079414e-05,0.0,0.00022583852196950168,0.0004682204031067485
15755.0,0.0,0.0,0.00011206438694782443,0.0,0.0003156054680155905
15758.0,4.489668191016313e-07,0.0,4.054423311962162e-06,0.0,8.831936379065263e-06
15761.0,0.00010966767476509144,0.0,0.00032978817345602067,0.0,5.6549977840025914e-05
15764.0,5.105181597948504e-05,0.0,0.0002488711862956741,0.0,0.0
15767.0,5.149328454671992e-05,0.0,2.014469340930217e-06,0.0,0.0
15770.0,6.513058312071114e-05,0.0,3.736070628391761e-05,0.0,7.02074088243634e-06
15773.0,3.806567959636413e-05,0.0,7.2285579335267e-05,0.0,0.00010772887837438399
15776.0,0.0001234730140006584,0.0,0.0003816582831163183,0.0,1.3565724548754246e-05
15779.0,4.099131669598353e-06,0.0,6.4173828368688616e-06,0.0,4.673590662605503e-06
15782.0,0.0001344153910544691,5.63729898675066e-05,0.00024345552221544497,0.0,3.082144827133673e-05
15785.0,5.619689355808215e-05,0.0,0.0011592876541844186,0.000683045949382658,0.00015833044096519788
15788.0,0.00010055010257386697,0.0,0.00039342662497946065,3.42838153803484e-05,2.9273274823502476e-05
15791.0,2.173587706907598e-05,0.0,1.3212418093779829e-05,0.0,0.0003191276976577899
15794.0,7.334592762124336e-07,0.0003199581674052611,8.510405465152414e-05,0.0,0.0
15797.0,7.619500021213595e-06,5.0902973719984785e-05,1.3508764227089077e-05,0.0002125243861099349,0.0
15800.0,1.8274752613378192e-05,3.543535430634815e-05,0.0005938725386317775,0.00028484010771147544,6.236267513332374e-05
15803.0,2.0248389678965802e-05,4.918800528116218e-05,0.00011537392762894899,0.0,0.0001600862184970387
15806.0,0.0001515629269721853,2.0843798928990835e-05,4.4394219264659166e-05,0.0,1.638559221656581e-05
15809.0,3.472111745376773e-05,3.129372561690216e-05,5.1679664251275344e-08,0.00030701361359112395,0.00011765802618794872
15812.0,7.945931984794424e-05,0.0,0.00012367023648757593,0.00022875856056662474,1.0060563284865512e-05
15815.0,0.00012979570562222624,0.0,0.0,0.0,0.0
15818.0,4.5627916878839205e-05,0.0,0.00013890793983973383,0.0,0.0
15821.0,0.00011113744003297168,0.0,1.1122156183633817e-05,0.0,0.0
15824.0,0.00011108001860334403,0.0,7.341856967390354e-05,0.0,0.00016516121238251035
15827.0,5.967927342867062e-05,0.0,0.0006494831661760013,0.0,3.9970049971658476e-05
15830.0,0.0001317015471292173,3.711399400699617e-05,8.306835024150155e-06,0.00016551353225683962,0.00024759789343262634
15833.0,1.775601583213547e-05,2.3907087638365542e-05,0.00021503718018393318,0.00010668473981666878,0.0
15836.0,8.40822620447019e-05,0.0,0.0003100657987691282,0.0,4.815456292410634e-05
15839.0,0.00024880408334833473,0.00018426625769479466,0.00013173843514538674,0.0,0.0
15842.0,6.138849077549226e-05,0.0003258514144686452,0.00029115921546244734,0.0,1.8586189939003095e-05
15845.0,0.000209147785758826,2.0456368450543183e-05,1.6207180756393752e-05,0.0,0.0004776436579090823
15848.0,5.2755723466695106e-05,0.0,6.353828344847951e-06,0.0,0.0
15851.0,0.00011534092081935476,9.764904391376191e-05,0.0,0.0,0.0
15854.0,0.0003136306057076182,0.0,7.714523840435301e-06,0.00017687471323216212,0.0002118277743569073
15857.0,8.147067706446603e-06,0.0,0.0005139528464025806,0.0,0.0
15860.0,6.597966695032185e-05,0.0,0.0002696090964510437,0.0,7.539532476405218e-05
15863.0,6.003786531795374e-05,0.0,1.5526836224779173e-05,0.0,0.0
15866.0,0.00012053621183559797,0.0,0.00014443005292748891,0.0,3.255471066243078e-05
15869.0,0.00012708512725487743,0.0002807241570148068,0.00029476042602134383,0.0,1.3784254716465968e-05
15872.0,8.119199489956402e-05,0.0,3.6224249832760143e-07,0.0,4.452052153107824e-05
15875.0,3.1521561834036765e-06,0.0,2.1408586594132864e-09,0.0,0.0
15878.0,2.527095989187159e-05,0.0,3.446795949829442e-06,0.0,0.0
15881.0,0.00010671685988221423,0.0,1.1323256341934526e-06,0.0,0.0
15884.0,2.61555935744361e-06,6.135085789298612e-05,4.896830224763354e-05,0.0,0.00030600891811737876
15887.0,0.0002838830211276942,0.0013104447334799075,7.896900296625995e-06,0.0,5.590214577646234e-05
15890.0,0.0,0.0003202439607544046,2.4212377228996204e-05,0.0,1.2588402758711185e-05
15893.0,0.00012059334648951307,0.00013080968148453714,1.320960951405066e-05,6.198828560587467e-05,0.00023540320812474982
15896.0,0.0002817855970095719,0.0,4.091279961191194e-05,0.0,0.0
15899.0,0.0001053714318928802,0.0,2.0325644273556857e-05,6.85018675287328e-05,0.0
15902.0,0.00010080346631985849,0.0,4.0208126442349136e-05,0.0,0.0
15905.0,9.626704094167483e-06,1.5612136954624506e-05,0.00022090368601378936,0.00015606168733194546,0.0004397535265816738
15908.0,2.1818924168940773e-05,0.0,0.0004686006093119512,3.386679580910854e-05,5.651767947779527e-06
15911.0,3.1005761849239984e-05,9.82888334960746e-05,2.9091820627252346e-05,0.0,0.0
15914.0,0.00017183464877933974,0.0,2.09800471705308e-05,0.0,0.0
15917.0,0.00014501592837488542,0.0,2.2166828226192443e-05,0.0,6.318695530901739e-05
15920.0,6.616647267290273e-06,0.0,7.721286290552078e-07,3.979415699817934e-05,3.734907807972225e-05
15923.0,3.326542948289329e-05,0.0,9.28346380870863e-06,0.0,9.556271885092672e-05
15926.0,6.108903005889354e-05,0.00010630106762453475,6.0971209037274364e-05,0.0,2.5076169468017654e-05
15929.0,4.7228834759772274e-05,0.0,5.2390123536689353e-05,0.0,0.0007106347746265253
15932.0,8.606307217270818e-05,0.0,7.998114178686813e-06,0.0,0.0
15935.0,8.099338913327468e-06,0.0,0.00024916793164496545,0.0,0.0
15938.0,0.0002081073414267713,0.0,8.71747717072913e-06,0.0,6.560500262340803e-05
15941.0,0.00015076487732247236,0.00014191057516027653,1.9021947153052914e-05,0.0,4.628149196083205e-05
15944.0,4.6789426011989776e-07,0.0,2.4035522500409695e-05,0.0,0.0
15947.0,4.8696227432947064e-06,0.0007902683487821652,1.4895738123485814e-05,0.0,0.0
15950.0,3.8231222164701626e-06,2.4332364789565705e-05,1.582149102656456e-05,0.0001420779168461788,0.0
15953.0,3.031192757092773e-05,4.256624387121461e-05,2.1318517892497004e-06,0.0001612216670816842,0.0
15956.0,7.151872037769134e-05,0.0,4.257418448365886e-05,0.0007834171053313231,1.6369728043205094e-05
15959.0,5.522422641708075e-05,0.0,4.7860694542452975e-05,0.0,0.00023546786902314262
15962.0,0.0002060781888813554,0.0,0.00019035728351839655,0.0,0.0
15965.0,0.0002690050149260941,1.4216940532837982e-05,3.83100736180004e-05,0.0,0.0
15968.0,5.487263728541831e-07,0.0,1.7187875322095276e-05,0.0,9.06486557265748e-05
15971.0,0.00013772664145170443,0.0,0.0002374058270442876,0.0,1.0888451356737494e-05
15974.0,5.733326737193914e-06,6.741917837159457e-05,0.000418479420806929,0.0,9.099233072311883e-05
15977.0,7.741515999493174e-05,1.929700871237523e-05,2.3948654775472216e-06,0.0,0.0
15980.0,0.00012042261111805379,0.00011693300880596509,1.4112514222725124e-05,0.0,0.0
15983.0,9.670890836372256e-05,6.27049249844811e-05,2.218129623343272e-05,0.00013692660384511982,7.481329740483697e-05
15986.0,9.046188758499372e-05,1.4284310041016998e-05,5.481903277415314e-05,0.0,0.0
15989.0,2.7930513458286002e-05,2.2294612027261133e-05,3.1699356321325374e-06,0.00014334481589619834,0.00024575364788940736
15992.0,5.1133382452364e-05,1.5983755614552125e-05,4.3907531224783555e-06,0.0,0.0
15995.0,5.7284236376608786e-05,0.00021800050587662744,7.454926830565342e-05,0.0,0.00031753044625210607
15998.0,0.0002444320641419056,0.0,5.471726206282174e-05,0.0,0.0001675370228688963
16001.0,1.8377046751465818e-05,0.0,3.582583146743552e-06,0.0,0.0
16004.0,0.00017056932722862798,0.0,6.68262832448817e-06,0.0,0.0
16007.0,1.2695490350078414e-05,0.0,0.00014378219011747,0.0,0.00020830741142112717
16010.0,6.403277754640352e-05,0.0,5.2087505356279155e-06,0.0,1.0197109367616369e-05
16013.0,9.393433243972364e-05,0.0,0.00030220222440321373,4.3816084311905814e-05,5.583589846073348e-05
16016.0,3.403754296109985e-05,0.0,3.4817118511925314e-06,0.0,0.0
16019.0,0.0003311095507900666,0.0,0.00010793841642781977,0.0,0.0001465726758482032
16022.0,0.00011231981746698358,0.0,7.97824130800288e-06,0.0,6.781975636014697e-06
16025.0,8.151257637802777e-05,0.0,2.938945207939977e-05,0.0,5.194409020328663e-05
16028.0,2.3330662054642796e-05,0.0,1.4835275423171257e-08,5.638258124352455e-05,0.00018223545317054283
16031.0,4.399053858521895e-06,5.487078525868961e-05,3.528308284960426e-08,0.0,0.0005321876228243243
16034.0,0.00023994100767887785,0.0,1.964527573161798e-05,0.0,0.0
16037.0,2.5295538670700677e-05,6.875763950824594e-05,5.5526426325601025e-05,0.0,4.160720623792434e-05
16040.0,8.714717239764072e-05,0.0,0.0001606390448539474,3.491308120348727e-05,0.0
16043.0,0.00011107356775038388,0.0,7.990654867597999e-05,0.0001146469801849671,0.0
16046.0,0.00011279892096443653,1.4828973242827896e-05,1.94333855133393e-08,0.0,6.217774473742414e-05
16049.0,0.00026846139073859383,5.6461270660696194e-05,4.9423522678902686e-05,0.0,0.0
16052.0,3.094818875562605e-05,0.0,7.121588604612665e-05,0.0,8.182520540621623e-05
16055.0,0.0001274866640218265,4.245430363694853e-05,0.00024045581394645466,0.0,0.0
16058.0,1.7460815214421605e-05,3.3866988088272814e-05,5.835975927602362e-05,0.0,6.616534296871311e-05
16061.0,0.000160267014495005,0.0,0.00021378851581564434,0.0,7.64840204122149e-06
16064.0,0.00014138048111863701,0.0,1.9544070893782125e-05,0.0,5.1188117987137034e-05
16067.0,9.894124167715575e-05,0.0,3.734732788081383e-07,3.183191662988103e-05,0.0005335828830056721
16070.0,8.036172725167663e-05,0.0,6.172169314376604e-06,0.0,0.0
16073.0,0.00015740241385421745,0.00010008315122087257,0.00013331841011727247,0.0,0.0
16076.0,4.506182505763171e-05,0.0,2.7243463793408246e-06,0.00031629236586927723,6.071158557404792e-05
16079.0,0.00016444685535533588,0.0,3.783284304248444e-05,0.0,0.0
16082.0,7.517715075928738e-05,3.13334238225998e-05,6.542089825985168e-05,0.0001690975179263415,0.0003213956421464001
16085.0,2.4687936231013935e-05,0.0,6.011924130445627e-06,0.0,0.00022271502528363202
16088.0,3.0445412588705592e-05,0.0,8.993155088805684e-05,0.0,5.714239382626996e-05
16091.0,1.5018480372133976e-07,0.0,4.624806023810512e-07,2.5624958359686996e-05,0.0
16094.0,2.3962437332885416e-05,0.0,1.05049860217476e-06,0.0,6.905626816591323e-05
16097.0,1.155067844585945e-07,0.0,1.5237223346489049e-05,5.233106154450334e-05,0.00010045363689189545
16100.0,9.087031242465337e-05,2.6872380277194892e-05,2.4422386304085187e-06,0.00013816391050984462,5.2740817112743526e-06
16103.0,4.99451037472707e-06,0.0,8.604219350715308e-05,0.0,0.0
16106.0,0.00014062691525783106,0.0,2.2531400706212645e-05,0.0,0.0
16109.0,7.054892602000294e-05,0.0,4.8786281819001014e-05,0.00015474755949070347,9.191509145910617e-05
16112.0,0.00015159399763327945,0.0,7.062785710612764e-06,0.0,0.0
16115.0,1.4734418800801465e-06,0.0,4.599694402508989e-09,0.0,4.876667653238399e-06
16118.0,1.2811126214838336e-07,0.0,6.558939833112272e-06,0.0,1.9872925396043044e-05
16121.0,5.558957408786892e-05,0.0,0.00010286885672216084,0.00010880152903635868,0.00010995461765008816
16124.0,8.140713207939714e-05,2.6291886874546278e-05,9.496319885026524e-09,0.00035215009773344793,0.0
16127.0,0.00014997198553655877,0.0002603147874896183,0.0001645907604518014,0.00028688546039990105,3.908940620942139e-05
16130.0,5.704038237246021e-05,0.0,3.587623220587994e-05,0.0,0.00028188444333484674
16133.0,1.0486235239892088e-05,0.0,2.4504308474656964e-07,0.00011211765800447642,0.0
16136.0,2.4975376132280396e-05,4.9253961026744116e-05,0.000229567682680244,0.0,0.00010603421707495484
16139.0,0.00019178151827359957,3.6612564657518254e-05,3.3295247956658026e-05,0.0,0.0
16142.0,1.6007137591651638e-06,0.0,3.362734563140577e-09,0.0,0.0
16145.0,3.371862575577573e-05,0.0,0.0,4.3933566509161556e-05,0.00040118156988169204
16148.0,4.442529473279506e-05,2.5822708674278722e-05,1.1329666665007199e-08,0.0,3.401612095487594e-05
16151.0,0.00015690325773292903,3.109248891263331e-05,5.214069385653504e-06,0.0,5.450717437780626e-05
16154.0,1.0587318369352003e-07,0.00016391264746249228,0.00016794335161393956,3.229617211960376e-05,0.00032389983730142486
16157.0,6.580322081492482e-05,0.0002807310075626895,0.00010465646494296132,0.0,0.0003416178596454621
16160.0,0.00011688150173059532,2.3524878160386074e-05,9.862908874575175e-05,0.0,1.7215538572917248e-05
16163.0,0.00014897198980421498,0.0,1.903801459548255e-05,0.0,0.00017436221776030822
16166.0,2.984301139418362e-05,0.0,0.0004898530501217388,0.0,0.0001568202660346864
16169.0,0.0,0.0,1.8153363253365871e-06,0.0,0.0
16172.0,9.014083430856183e-06,0.0,0.0002970708588872623,0.0,0.0
16175.0,0.00012927258340947884,0.0002595628443685073,7.37712777198393e-05,0.0,0.0
16178.0,0.00023463196260245514,0.0,2.060126619509957e-05,0.0,6.815979231728118e-05
16181.0,0.00011855770171048697,0.0,1.0499506020343246e-08,0.0,8.652926028346602e-05
16184.0,1.292427769858014e-05,0.0,2.4588541383849723e-05,0.0,0.0005858596253890332
16187.0,4.559237113467164e-05,5.041764638240209e-05,0.0001310270217992102,0.0,3.214684757837164e-05
16190.0,0.00011414625376169822,0.0,0.00045792430618648417,0.0,0.0
16193.0,0.00013889307445278976,0.00012259748427828813,1.3372363768053633e-07,0.0,0.0
16196.0,0.00010817787733923027,0.0,6.534313308038681e-05,7.970370434267897e-05,0.0
16199.0,0.00011999107898181761,0.0,5.981490363192819e-08,0.0,0.0
16202.0,0.00019173607369236349,0.0,4.3576187370404454e-05,0.0,4.7247003860010385e-05
16205.0,4.475052662531764e-06,1.4416470800849295e-05,6.807740112906642e-06,0.0,0.00035384965258549464
16208.0,1.0160319366214354e-05,0.0,1.8954555321559267e-05,0.0,0.0
16211.0,3.2126350574951894e-06,0.0,2.2678721340397956e-06,0.0,0.0
16214.0,0.00010233510660982859,0.0,1.6935355697333911e-06,0.0,0.0
16217.0,5.892463873690441e-05,1.8676860509020995e-05,1.8902423788459335e-05,0.0,0.0
16220.0,5.7201149028206066e-05,0.0,8.2981591717423e-05,0.0,0.0005876831781424131
16223.0,3.269021072989422e-06,0.0,6.85354210786518e-05,0.0,0.0003312687052469031
16226.0,2.9330762161949216e-05,0.0,1.1367723745246053e-05,0.0,0.0
16229.0,5.232744144869482e-06,0.0,1.974971229007888e-05,0.0,6.646189731231838e-06
16232.0,0.00011085520481224471,0.00016559295143454847,6.478632721069538e-06,0.0,0.0
16235.0,9.798759621574737e-05,0.0,6.117806303719176e-05,0.0,0.000488486923268169
16238.0,2.032054273712825e-05,3.908953625445845e-05,1.4013297242178414e-05,0.0,4.5424596800054556e-05
16241.0,0.00014551410915230012,0.00029816177771863924,4.467959859278609e-06,0.0,0.00012555516733140165
16244.0,0.0001535088814369212,6.983227270199908e-05,8.46013431290394e-06,0.0,0.0
16247.0,0.0001419045128858803,0.0,0.0002803541273655766,0.0,0.0
16250.0,6.3318767595379425e-06,1.764358607194576e-05,7.70739204617799e-06,0.0,0.00013088004554066176
16253.0,2.4822558504218453e-05,0.00033775024567532074,8.72251655506299e-07,0.0,0.0
16256.0,6.983049674242753e-05,0.0,0.0001544999820585699,0.0003577283193795898,0.0
16259.0,2.7224679318475372e-05,0.0,3.0129861920862924e-06,3.217719319765825e-05,0.0002607657726367756
16262.0,6.000053146124359e-05,0.0,7.105640000460387e-06,0.0,0.0002184756340259596
16265.0,0.00013269050523681073,7.5023613919068e-05,1.5480401501343925e-05,0.0,5.324241660483677e-06
16268.0,9.690720642974423e-06,5.019689603386558e-05,1.0178560910759635e-06,0.0,0.0
16271.0,0.00019201883891723715,0.0,5.042179045464929e-06,0.0,9.82569330171254e-06
16274.0,3.6039568518967734e-05,0.00014499092327165607,3.63869761548038e-05,0.0,1.9760667258896672e-05
16277.0,0.00010974610155922414,0.00021472144971179964,8.311531371829966e-05,0.0,0.0
16280.0,2.2500970505432788e-05,0.0,8.087829189086451e-06,0.0,0.00012544544972695526
16283.0,0.00011195110346079423,6.56040510534816e-05,0.00018775202449566205,5.141331629193353e-05,8.159910743325884e-06
16286.0,4.6635202671533944e-05,0.0,5.063358425484678e-07,0.0,6.195829631625138e-05
16289.0,4.853428242415253e-05,0.0,2.233870643913033e-05,0.0001645691845047244,0.0005608442644960497
16292.0,1.4577512940186609e-05,0.0006262060260254909,1.8410863922838678e-05,0.0,6.923905156631043e-05
16295.0,8.855267722462797e-05,2.097259022130008e-05,7.062599893199172e-07,0.0,0.0
16298.0,3.5449590293331365e-05,0.0,5.425892327540759e-06,0.0,0.00026337079919420243
16301.0,4.9684248678719395e-05,3.0868821748633336e-05,5.486902841571098e-06,0.0,0.0002056163870768178
16304.0,0.00011709341971056505,0.0,3.1722607756494475e-06,0.0,2.0355648314932176e-05
16307.0,1.6783026244130016e-05,0.0,1.7568521997351812e-05,0.0,0.0
16310.0,0.00010607354534619478,0.0,5.492399245784356e-05,0.0,0.0
16313.0,0.00016555814897204827,0.0,3.3836163011334164e-06,0.0,0.0004373633057445959
16316.0,1.6436867795769647e-05,0.0,5.374477706932236e-06,5.201328907471561e-05,4.954187403155666e-06
16319.0,3.425360980017865e-05,0.0,0.00010279648898299066,0.0,1.4271823710917698e-05
16322.0,1.899816220834116e-05,0.0,7.746870927965143e-05,0.0,0.0
16325.0,0.00014868546450315102,0.0,5.2752407832915065e-06,0.00038117709171299973,4.8711609636750575e-05
16328.0,3.628218212837131e-05,0.0,1.8127411646561488e-05,0.0,0.0
16331.0,0.0001610328498747058,0.0,1.0114890668644979e-05,0.0,8.105222662635177e-05
16334.0,0.00013275143676056014,0.0,2.053496326136811e-08,0.0,0.0002615922904064632
16337.0,0.0002995395593074292,0.0,2.2976627029658862e-05,0.0,0.0001836328999842331
16340.0,3.2976399305677935e-06,3.279089400650269e-05,0.00010560090387935001,0.0,0.0
16343.0,5.786807542170469e-05,0.00011318977221566467,0.00023855109257892476,0.00014773683333488017,9.776135171857893e-05
16346.0,0.0001388703922935946,0.0,4.981354323607464e-07,0.0003661766175272584,0.0
16349.0,0.00021797673225892983,0.0,8.313723115247131e-06,0.0,8.985138428243441e-06
16352.0,9.552902684656094e-05,0.0,9.906599159134872e-05,0.0,0.0004419186738693626
16355.0,0.00010905382336902655,5.999512901036822e-05,2.1412480022505842e-05,0.0,0.0
16358.0,9.055656969394612e-06,8.90107510621776e-05,2.421761861269627e-07,0.0,0.0
16361.0,5.316941962535617e-05,1.721543799055941e-05,9.966878535640488e-05,0.0,0.0
16364.0,0.00023421950492566,0.0,0.00018437935904556496,6.0660099243439535e-05,1.5040400914068625e-05
16367.0,0.00014805331719920097,0.0,5.07280973568163e-06,0.0,0.0002065155299185443
16370.0,6.450892658255756e-05,0.0,4.181683167972135e-05,0.0,0.0002625957715672014
16373.0,4.103893426884605e-05,0.0,0.00019200679870836734,0.0,1.571888641100099e-05
16376.0,4.1632354183656976e-05,1.7590593537264997e-05,4.811149849485853e-05,0.0001366922310132238,7.671582042773299e-05
16379.0,1.5255843411418688e-05,0.0,0.00017182829609565788,0.0,0.0
16382.0,0.00013238756610571052,8.429046066074606e-05,4.749763694158119e-05,0.00014704658667152412,0.0
16385.0,8.029356387375476e-06,0.0,3.648836479858061e-05,0.0,0.0
16388.0,9.767264676087123e-05,0.0,4.6462400431720204e-08,0.0,0.0
16391.0,3.1685057953556448e-06,0.0,0.00024045403618046826,0.0,0.0
16394.0,7.722137111198141e-06,0.0,3.084907214444302e-07,0.0,1.892818791971952e-05
16397.0,0.00012287686577370496,0.0,2.75779345282559e-05,0.0,2.589262608647391e-05
16400.0,1.3378620566814262e-05,0.0002978315823028062,0.00011870234935953077,0.0,6.799899037589159e-06
16403.0,5.5082915088669396e-05,0.0,2.8246753086443773e-07,0.0,0.0
16406.0,0.00010333329100181208,2.7495938872778943e-05,5.078223013795521e-08,0.0,0.0
16409.0,8.750273241257866e-05,0.0,2.0366511827864075e-07,0.0,8.391313352335811e-05
16412.0,5.845690526598491e-05,0.0,0.00012436959848887658,0.0,0.0001783271852434003
16415.0,3.0143583708254047e-05,0.0,0.0001619442143963336,0.0,4.407402196531846e-05
16418.0,7.934567305538853e-05,0.0,4.2945393605275804e-07,7.570360426401153e-05,0.0
16421.0,9.69912624367034e-06,0.0,1.168678578420018e-05,0.0001861050500302318,0.00010830333934395498
16424.0,0.00027336984571827376,8.505960083969369e-05,2.3454920921285976e-07,0.0,0.0005198161534349116
16427.0,9.146572037715225e-05,0.00023668649879596856,2.2112428569199876e-06,0.0,4.409365541342056e-05
16430.0,8.716191216567131e-05,7.576909837736702e-05,1.1378533652842282e-05,0.0001555618668126898,0.0
16433.0,0.0003650313789215859,8.591895643433218e-05,8.198529919543347e-06,0.0,0.0
16436.0,5.800865571799063e-05,0.0,5.523790967805051e-06,0.0,0.0
16439.0,3.909035365532723e-05,9.67293094949442e-05,2.3802597279020693e-05,0.0,0.0
16442.0,4.3850848792714535e-05,0.0,0.00016834219953221208,0.0,0.00034503783190275206
16445.0,1.7018718246881118e-05,0.0,0.0002660230098745659,0.0001723718027484897,0.00014512774551574088
16448.0,2.409534579328529e-05,0.0,1.3596705614637424e-06,9.971797103953175e-05,0.0
16451.0,1.2623232103084291e-06,0.00010348579503953825,4.7179137335520043e-07,0.00038086617210411297,0.00014571939283040833
16454.0,5.5458418956842576e-05,0.00010476453834803168,1.9396918513494265e-06,0.0,0.0
16457.0,3.3586565813412914e-05,1.4670077488199132e-05,0.0002711722387451808,0.0,0.0
16460.0,2.6951805923286562e-05,0.0001190614804818679,5.8469562731132165e-08,0.0002531268777858624,2.726182032682097e-05
16463.0,7.065096188037286e-05,3.106377713048619e-05,6.85866358439834e-05,0.0002097840114936668,0.0
16466.0,5.0984143352649824e-05,0.0,0.00013511070336622317,0.0,2.8127107644743624e-05
16469.0,4.348797410374654e-06,0.0001340294166668483,8.559554684165737e-05,0.0,0.00016633635031640468
16472.0,2.3191510415540436e-05,0.0,0.00012408978833157642,0.0,0.0
16475.0,3.3079116814661646e-06,0.0,1.7804825062640356e-06,0.0,0.00015572619110108902
16478.0,0.0001391593895419625,0.0,2.4681658355105844e-05,0.00016325535957205056,2.0704803576479518e-05
16481.0,5.6181183774912486e-05,0.00010399054301069144,0.00012856997600349106,0.0,0.0
16484.0,0.00017117089405651445,3.282397605127449e-05,1.3187954207110835e-05,0.00011744445128451943,1.2332948987029328e-05
16487.0,0.00012127277672959706,0.0,0.00014565182843552702,0.0,0.0
16490.0,0.00042829580115309404,7.729294099477519e-05,4.60001460933579e-05,4.13668761022498e-05,0.0
16493.0,2.2103952583546492e-05,0.0,6.998911593545322e-06,0.0,1.913193071489174e-05
16496.0,0.00013397761342650823,0.0,5.881571635802599e-07,0.0,2.0301562902957005e-05
16499.0,0.0002740147209879714,4.503487054840412e-05,0.0,2.7946966352494454e-05,7.231867643415155e-05
16502.0,4.655471474040457e-05,0.0,0.00048799924028893776,0.0,0.0
16505.0,0.0,1.951559873245199e-05,1.0055164848653582e-05,0.0,2.0053487245929167e-05
16508.0,0.0006175365400374432,0.00014414806777469672,0.0001120008733614971,0.0,0.000915652456671812
16511.0,0.00017769292993282177,0.0,8.644811735209622e-06,0.0,0.0
16514.0,9.295435477251678e-05,0.0,2.552629617560959e-05,0.0,0.0
16517.0,5.984179673204968e-06,4.050248283769418e-05,2.2553692263984742e-05,0.0,4.693572348659426e-06
16520.0,9.744176498542062e-07,0.0,0.00021852928133971213,0.0,0.00010994534262951771
16523.0,3.931096973082357e-05,1.9262075134658297e-05,1.2855371038849908e-05,0.0,1.1839206082873503e-05
16526.0,5.629809871166179e-05,0.0,6.1198558465440295e-06,0.0,0.0
16529.0,3.0480864250451806e-06,0.0001755137353056511,5.267817121973919e-05,0.00048461294113642323,0.0
16532.0,5.039175889101067e-05,0.0004769724669275402,5.1567961042849227e-05,0.0,0.00015381169586503097
16535.0,0.0002217237743642685,0.0,0.00026035553269532826,0.0,0.00017936590827360963
16538.0,0.0001701244501450557,0.0,0.0,0.0,4.0804208685998946e-05
16541.0,2.934029993332682e-07,0.0,1.2358573689403082e-05,0.00010235876891855295,6.948626795327016e-05
16544.0,1.4646554524810026e-05,4.2792822890107535e-05,0.00046566114074495754,0.0,0.0
16547.0,5.484866039985579e-05,0.0,4.655138823068289e-07,0.0,8.791687999202811e-06
16550.0,1.862413365793833e-05,0.00023062982077636136,6.928513143274901e-06,0.0,0.0
16553.0,5.131013358462303e-05,0.0,3.8393258575795775e-05,0.00014630312788181676,0.0
16556.0,0.00015761014541042665,0.0,8.762051991075826e-05,0.0,0.0
16559.0,3.885962590568304e-05,0.0,2.511957351789666e-07,0.0,0.0
16562.0,8.233886225094027e-05,0.0,2.247103379538478e-06,0.0,1.6862425289771165e-05
16565.0,5.638491490557552e-06,0.0,1.1018507135953775e-08,0.0,0.0
16568.0,1.7860303619673736e-05,0.0,2.976384193721956e-05,0.0,2.836754990699287e-05
16571.0,8.162520568481189e-06,0.0,7.465454366549826e-06,0.0,9.011073190178351e-05
16574.0,0.0,0.0,1.8483042977395977e-05,0.0,0.0
16577.0,0.0001359724603394735,0.0,0.00012777441303326,0.0,0.0
16580.0,3.0625582728858338e-06,6.930296494622074e-05,0.00016375189300284136,0.00044347148246334236,0.00010131812769808006
16583.0,8.793381109887075e-07,0.00010715599218955975,7.995463793509294e-05,0.0,3.3831186784039186e-05
16586.0,9.454852616307188e-05,0.0,1.3827593336462854e-05,0.0,2.2524864984865564e-05
16589.0,6.218563305685685e-06,0.0,0.00033390152018919337,0.0,0.0001434030899813422
16592.0,0.00010293065411466596,5.7800289861530634e-05,1.5669634543093686e-06,0.0,7.538861198207033e-05
16595.0,2.5798557031539e-05,1.8592096760327307e-05,0.00020308679600808963,0.0,0.0
16598.0,0.00010048205038692295,4.2679554463085765e-05,0.000269706196269393,0.0,0.0001504382062963019
16601.0,0.0002066718490967243,0.0,0.00028868551485156384,0.0,6.0992784417073046e-05
16604.0,5.638715443806803e-06,0.0,2.220912449752926e-06,0.00029754082877509396,0.0
16607.0,1.261998395628503e-05,5.2222352782003394e-05,1.3151525442930338e-09,0.0,0.0
16610.0,0.00024108904202314318,0.0002900197118182041,5.7183720135612896e-05,3.120713741718123e-05,1.8410757284965606e-05
16613.0,2.039619144522331e-05,0.00018722736361210846,0.00010721476833144685,0.0,0.00020433579249878192
16616.0,2.2185677435007787e-05,0.0,3.433657470435931e-05,0.0,6.096428364161239e-05
16619.0,0.00010760423553058387,0.0,1.567070592745536e-06,0.0,0.0
16622.0,0.00017717998043068102,0.0,0.00052324461460839,0.0,0.0
16625.0,5.132106828476596e-05,0.0,4.3885005412659196e-07,0.0,0.0
16628.0,1.8304716107853273e-05,3.8766208748504974e-05,0.0,5.046657734394489e-05,0.0
16631.0,0.0003685596941537758,0.0,0.0002171108373598382,0.0,0.0
16634.0,1.1279451590640184e-05,0.0001943530693807856,5.8894030517080916e-05,0.0,0.0
16637.0,1.729563896243297e-05,0.0,4.542183821513759e-05,0.0,0.0
16640.0,6.5404364069680445e-06,0.00020813880240037143,0.00026680802767356146,0.0,0.0
16643.0,5.494065505029799e-05,2.387026036285409e-05,0.00026851529827104614,0.0,0.00025299955669466146
16646.0,6.911764569359467e-05,0.0002811810602833323,8.789971166606719e-05,0.0,0.00023634581370531952
16649.0,4.477623337820588e-06,0.0,0.0001765093464535123,0.0,7.130896002098059e-05
16652.0,0.00015665799766504142,0.0,0.00024337157742057293,0.00019013803172488123,3.22206315561147e-05
16655.0,1.5353906622027822e-05,0.00014473471228478529,1.9097594563628627e-05,0.0,0.0
16658.0,0.00011981990741536458,0.0,0.00017005095750524142,0.0,0.0
16661.0,7.093452406338398e-05,0.00021871248416137554,0.0,0.0,0.0007036599563263506
16664.0,5.2510178047994687e-05,0.0,0.00016571637428192834,0.0,0.0
16667.0,0.0001505561455159227,0.0,0.0003422104866639824,3.3049495037742686e-05,0.0
16670.0,1.2502288799090435e-05,0.0,7.095304846634551e-06,0.0,1.7676507472761894e-05
16673.0,4.3281170791642853e-05,0.0,9.878869272946982e-06,0.0,0.00010927432867693376
16676.0,0.0001583928934033907,0.00040800196809830623,0.00046673685195252435,0.0,5.568488162829633e-05
16679.0,0.0003056484471820544,0.00014898174689698503,1.538657953706842e-08,0.0,0.0
16682.0,2.3023873498330768e-05,0.0,0.00024464380039000304,0.0,4.4404936730570976e-05
16685.0,8.79456951531065e-06,0.0,3.9168346302305295e-05,0.0,0.0
16688.0,3.201722429634836e-05,0.0003563136926606324,1.8834885835886037e-06,0.00026752705133484196,0.0
16691.0,1.5205183296982074e-05,0.0,0.00011091012029429241,3.762834648126949e-05,0.0
16694.0,1.1682519334285829e-05,0.0,0.0,0.0,0.0002004892787684289
16697.0,1.1675693078801052e-05,3.098304880590734e-05,3.0275325593198414e-07,0.0,0.00022379896828592655
16700.0,2.894114257327513e-06,0.0,6.69750776458406e-06,0.0,0.00040228405726272173
16703.0,3.4829605406565396e-05,8.734521966911834e-05,2.6802039564978264e-06,0.0,0.0
16706.0,9.539600679504014e-05,0.0,8.319677083204108e-05,0.0,0.0
16709.0,0.00012156608078623452,0.0,2.855336299429036e-08,0.0,0.0007610094809538824
16712.0,3.277645386036221e-06,0.0,3.1994519190184617e-06,0.0,6.703917674433681e-05
16715.0,9.210158497126197e-05,0.0,0.00012256860548858156,0.0,0.0
16718.0,4.057319333478424e-06,2.0611852572799505e-05,0.00010959267331482882,0.0,0.00024661401646422737
16721.0,0.00013620560028822833,0.0,3.903235375522815e-05,0.0,0.0
16724.0,6.303736980579836e-05,0.0005065983036402454,5.696316457847436e-06,0.0,3.760361359794307e-05
16727.0,9.372968265862938e-05,4.506402010089929e-05,1.060493540380745e-08,8.774276945112468e-05,5.573076740492084e-05
16730.0,2.608607892309818e-05,8.203216093329613e-05,0.00020723700860152456,0.0,0.000196651621040623
16733.0,3.7998285312958065e-05,4.034310714786799e-05,7.829945359288322e-08,0.0,0.000566898069384269
16736.0,1.7069092727476892e-06,0.0,1.2032155483214839e-05,0.0,5.328516682429346e-05
16739.0,0.0001049528770505678,5.36130574071876e-05,0.00014251424374332194,0.0,4.893514442738507e-05
16742.0,0.00017031055131327147,0.0,1.5307774131445546e-05,0.0,7.424456537425387e-05
16745.0,2.2822786415533703e-05,0.0,1.4842298927430348e-06,0.0,1.9254921942081623e-05
16748.0,0.0,0.0,7.265875947385841e-06,0.0,0.0
16751.0,0.00020151660629312394,4.827752728692749e-05,8.03838848703677e-07,0.0,0.0
16754.0,5.310975291483911e-05,0.0,5.476448447664933e-07,0.0,1.4291931857366047e-05
16757.0,0.0,0.0,8.011625698852107e-05,0.0,0.0
16760.0,4.1197920034143914e-05,0.0,4.340643552072638e-05,0.0,0.00010160755967902302
16763.0,0.00028100306627478025,0.0,8.959980383249463e-05,0.0,3.609913882252372e-05
16766.0,5.4865867450107585e-05,0.00018285456613589953,0.00015121553481134601,0.0,0.0
16769.0,0.00012985992230112988,0.0,1.4882240893801374e-06,0.0,1.0232386155256081e-05
16772.0,9.169524777563804e-07,0.0,0.00012065604003340288,0.0003680656123764268,0.0
16775.0,0.0002031300668052422,0.00029706176128555526,6.475095871618106e-06,0.0,0.00024351766956855883
16778.0,1.975250426864244e-05,0.0,0.00012695021013680788,0.0,8.158548934750066e-06
16781.0,0.00020829553894457462,0.0001300681332389426,4.037825188183011e-06,0.0,0.0004149345898244686
16784.0,5.630557881069621e-05,0.0,5.40133272923806e-05,0.00018096958092910303,0.0
16787.0,1.7693410207342023e-06,1.5348544638825782e-05,0.00029324961702583037,8.300907114755126e-05,0.0001164917518064758
16790.0,3.730341398090173e-05,0.0,3.6646115701563684e-07,0.0,1.0958972845051168e-05
16793.0,8.044274673872705e-05,0.0,5.348281478790659e-06,0.0,0.0
16796.0,0.00015418643203905314,1.2705685363114386e-05,2.6280535009068385e-05,0.00018237937442343237,3.0006322318224835e-05
16799.0,0.00019415329297852178,0.00015509521104757517,0.0,0.0,0.0
16802.0,0.00019134000055708316,0.0001151603290897583,0.00015139289659853023,0.0,8.870569085828754e-06
16805.0,2.9921867044100454e-05,0.0,2.0904819509010127e-05,0.0,0.0003716988143585538
16808.0,7.114336034631545e-06,0.0,2.06601137236428e-06,0.0,0.0
16811.0,7.291182580519626e-05,0.00013036357985831041,5.304490185507837e-05,0.0,2.8172927831835207e-05
16814.0,1.1553146996827004e-05,0.0,6.606622335669949e-06,0.0,0.0004984175447228224
16817.0,3.422162910636882e-05,0.00018360857285434519,2.6677847914146935e-06,0.0,8.291516565832323e-05
16820.0,0.00015047997802720633,1.8496055154565292e-05,6.848069128501856e-06,0.0,1.680045403409569e-05
16823.0,0.00013714043457458167,0.0001372585298077201,0.00023956842575982302,0.0,0.0001662692522242163
16826.0,3.787311300412441e-05,0.0,0.00013238386048375667,0.0005748946189333135,3.3472722527487073e-05
16829.0,6.374671612828246e-05,3.359692470823585e-05,2.4019957537033518e-05,0.0002944109458128359,0.0
16832.0,5.6617095008681203e-05,3.36576768153464e-05,1.4808041286445182e-05,0.000174256610332157,0.0
16835.0,0.00010224350091797773,0.0,3.516141834705723e-06,0.0,4.336247651258602e-05
16838.0,3.990152448455916e-06,0.0006242924276622056,9.936742021378301e-05,0.0,0.0004826124755530187
16841.0,3.207790640408534e-05,0.0,0.0001271213947845531,0.0,0.0
16844.0,4.65899341922907e-06,0.0,7.826200980503628e-05,0.0,1.2384154121961255e-05
16847.0,1.3040453522265765e-05,2.5426351649187366e-05,3.184551101716775e-05,0.0,0.0003915495572801861
16850.0,4.4570131897542464e-05,0.00010276278196567712,0.00014536320706094348,0.0,1.1350085589254313e-05
16853.0,2.322385198960901e-05,0.0,0.00043444147707106254,0.0,0.0
16856.0,5.896853697009393e-06,8.907983196718467e-05,3.4597064412265596e-07,0.00019783273611851464,2.3018069960477924e-05
16859.0,2.526264419649367e-05,0.0,3.4532088847677603e-06,0.0005596496512058692,0.0
16862.0,0.00011609763096543216,1.5260138591230654e-05,3.6295925683233494e-06,0.0,3.007402392848962e-05
16865.0,4.890543439476292e-05,3.711128801577964e-05,2.60320127590798e-08,0.0,0.0
16868.0,1.075879630876885e-05,0.0,1.2700741863922609e-05,0.0,5.824001720078559e-05
16871.0,0.00023982465341089844,1.345747470653936e-05,9.030221171615572e-07,0.0,0.00010445665385396177
16874.0,0.00012576367568264575,0.00028289899638346615,0.00019787906272462753,0.00013573532502823542,0.0
16877.0,0.000311220453182454,0.0,3.0320929098073668e-05,0.0,7.25418648743028e-05
16880.0,7.122842401114182e-05,0.0,4.8004834364713276e-05,0.0,4.765648214530135e-05
16883.0,4.925231837084148e-06,0.0,3.3759078942962254e-05,0.00035646380083455303,0.0
16886.0,1.053303488126408e-05,0.0,0.0002909817264451236,0.0,0.0
16889.0,0.00011511411866850109,0.0,1.063042524593463e-05,0.0004587637074910508,1.0407754635362071e-05
16892.0,0.00014800611171515165,0.0,0.0004397449715053996,0.00024270556151584626,7.102060578459312e-06
16895.0,0.00023169345924373643,0.00021456959796730372,3.1339735915103797e-06,0.0,8.843494670369131e-05
16898.0,5.6729996080932646e-05,3.074398651131068e-05,1.008533653530819e-05,0.0,0.0
16901.0,0.00012271757135169986,0.0,0.00026421489272685384,0.0,0.0
16904.0,2.11791583945279e-05,2.792100768001743e-05,0.0,0.0,0.0003568784318811671
16907.0,2.162828476336234e-05,2.3363007303590285e-05,3.5901782220325175e-05,0.0,0.000197306542908016
16910.0,9.921032720084969e-05,0.0,2.060391075662148e-05,0.00017039312558136277,3.768689626128254e-05
16913.0,5.016241101037326e-06,0.00020864189354097222,0.00013315257516151592,0.0,0.0006725346860136661
16916.0,8.057011973689585e-05,0.0,0.000133590413607155,0.0,5.803355267593031e-06
16919.0,1.7126283030558641e-06,0.0,1.424194220289411e-05,0.0,0.00010811356192875848
16922.0,5.0941849205225195e-05,2.2644364492353826e-05,4.7668300117546863e-07,0.0,4.240421909887013e-05
16925.0,0.00012619889413211159,0.0003327089071500879,1.353430324252545e-07,5.402484785782455e-05,0.0
16928.0,7.086482824482744e-05,0.0,0.0004304204311750246,0.0,0.0
16931.0,2.5363952225882804e-05,2.8885580695730076e-05,5.532315262044731e-06,0.00017529303159810416,0.00011604113755922567
16934.0,0.0002583451925633403,8.127981104540284e-05,5.230051188154539e-07,0.0,0.0
16937.0,0.000139448285212546,0.0,9.632058636899329e-05,0.0,0.00037308266101743735
16940.0,1.9101203638026603e-05,0.0,0.0004896002323009351,0.0,0.00016290371314498615
16943.0,0.00030948559053886517,1.6843319553152295e-05,3.546581188497714e-05,0.0,1.9363570295581075e-05
16946.0,3.5763677469152395e-05,0.0,0.00020058594143670765,0.0,0.0009124355165777763
16949.0,2.934607269016295e-05,0.0,4.873807066884642e-06,0.0,0.00024863750357306526
16952.0,6.529517159179641e-05,0.0,0.0,0.0,0.0007592824986425997
16955.0,0.00016616241061717373,0.0,0.00011047764047320421,0.0,4.905515722916589e-05
16958.0,0.00017168130801788057,4.4207845472104245e-05,6.609885823900752e-07,0.0,1.049756039009174e-05
16961.0,5.756508138316647e-06,0.00012199493369883973,3.6559227147546385e-05,0.0,6.087625021987329e-06
16964.0,0.00014515590446488263,0.0,1.2244668452208814e-05,0.0,0.00022219536743596133
16967.0,7.899393391886964e-05,0.0,2.5193655099653466e-08,0.0,0.0008651278947770576
16970.0,1.437653379842483e-05,0.0,1.0599153889218175e-07,0.0,1.4098165277339347e-05
16973.0,7.042965871041303e-06,0.0,1.1003530891483974e-05,0.0007889166705313877,0.0
16976.0,5.161372763282747e-05,3.974368172784472e-05,3.2702137847138855e-05,0.0,0.0
16979.0,0.00014651412201271958,0.0,4.339495224197546e-05,0.0,0.0
16982.0,5.47256898343927e-05,0.0,0.0001802634432769528,0.0,1.3250865534922656e-05
16985.0,4.5133841637725675e-05,0.00011169631309266755,5.2623572323008505e-05,0.0,9.802482156929268e-06
16988.0,0.00023928209238403822,0.0,2.047815233611432e-05,0.0,0.0
16991.0,5.132058395548774e-05,0.0,8.448877774946988e-05,0.0,0.0
16994.0,6.31806714556411e-05,0.0,4.685765978486987e-07,0.0,0.0
16997.0,3.123295307580004e-05,0.0,1.8601616178921707e-06,0.0,0.0
17000.0,3.6644712108716677e-05,0.0,5.2639532946717745e-05,0.0,4.3904925543282384e-06
17003.0,1.3379627209684387e-05,0.0,2.6292318331921253e-05,0.0,0.0005951859860484093
17006.0,2.764667114584126e-05,0.0,6.06432277765514e-07,0.0,0.0006413505210190811
17009.0,3.150262052464498e-05,0.00018519295923490224,0.00017564224276759048,0.0,0.0006563191424470319
17012.0,3.37141803028093e-05,0.0,1.7731511226718642e-06,0.0,0.00046733119401212465
17015.0,5.193129437478127e-05,0.0,0.00011711162562406312,0.0,0.00038512820799597455
17018.0,1.2581681733806057e-06,0.0,2.2609485050355292e-05,0.0,6.480416197619506e-06
17021.0,7.090099762662201e-05,2.61129541354604e-05,1.3774698829852649e-06,0.0,0.00020340164655235888
17024.0,0.00016878342195333885,0.0,8.26340849363457e-05,0.0,0.0
17027.0,3.5931009438297997e-06,0.00012511591384331655,0.00013774386281471354,0.0,0.001044132152747163
17030.0,0.00022097139025284762,0.0,6.271989437985755e-06,0.0,3.4965923453116595e-05
17033.0,0.0,0.0,1.3328522387235482e-05,0.0,0.0
17036.0,5.5112147746210804e-05,0.0,0.00039034124856786925,0.0,0.0
17039.0,2.516229723270208e-06,0.0003603806709645244,7.9365260999528e-07,0.0,0.0
17042.0,3.135842994231427e-05,5.9390921600367444e-05,8.506852851253625e-06,0.0,2.0110645456742083e-05
17045.0,5.143499962784833e-05,2.6443980446854852e-05,0.00021089205877463925,0.0,0.0
17048.0,8.639524448836751e-05,3.3559680744801046e-05,1.3702393736682381e-05,0.0008419227477837137,0.0
17051.0,1.1987627192072845e-05,0.0,3.278234733100916e-08,0.0,0.0
17054.0,3.917733150704462e-05,0.0,2.2494367696791666e-05,0.0,0.0
17057.0,1.63383982642634e-05,0.0,1.9590800899968727e-08,2.8983298527686254e-05,0.0
17060.0,2.2223507781441905e-06,0.0,0.0006042358692828619,0.0,0.0005112867886492641
17063.0,0.0002809162304640961,0.0,7.418040159989227e-05,0.0,0.0004553859792005518
17066.0,8.937800707764955e-05,0.0,0.0009491206221176121,8.543765662916047e-05,1.879344720065927e-05
17069.0,9.937016417783069e-06,1.6376888268808023e-05,3.561882484841671e-05,0.0,3.628375589864012e-05
17072.0,1.8592481774383463e-05,0.0,4.932371386501636e-07,9.045235430234623e-05,0.0
17075.0,4.890898768481799e-05,0.0,5.313956849670391e-06,0.0005523483430787889,0.0
17078.0,9.160334002456094e-05,0.0,0.00019073514529611445,0.0,0.0
17081.0,5.736289624920484e-05,0.0,0.00019047540974063607,0.0,0.00043992608650854234
17084.0,8.893678748724571e-06,0.0,2.1753713671497102e-05,4.7435635010940616e-05,0.00012388650638344033
17087.0,5.118409047661456e-06,0.0,1.9623918466720568e-05,0.0,0.00021347205487330404
17090.0,4.920894337840466e-05,8.641664055307045e-05,4.563317533977201e-08,0.0,0.0
17093.0,3.449313707674002e-05,0.0,1.1384070290029104e-06,0.0,0.0
17096.0,9.608661578350653e-05,0.0,0.00012092402659097973,0.0,0.0
17099.0,6.309848356056144e-05,0.0,7.383714039691211e-08,0.0,7.886882279888527e-06
17102.0,5.752862040442322e-05,0.0,1.040547186287136e-06,0.0,0.0
17105.0,0.00011888632598674918,0.0,0.00020402235913034354,0.0,0.0
17108.0,8.695645370517525e-05,0.0003571402923680105,1.1137863221161125e-06,0.0,0.0
17111.0,2.8934437346432175e-06,0.0,3.5885411577149104e-05,7.74129386959552e-05,0.0001772654086720336
17114.0,1.6236067937626152e-07,0.0002140743730513988,2.433732134002987e-05,0.00018350039983428348,0.00038241375639173024
17117.0,1.3490822091368851e-05,0.0003778249487539894,1.7584544318156272e-05,0.00020208303511085724,1.4430029439284366e-05
17120.0,3.0450939969998404e-05,4.785807632579848e-05,0.0001502497215169756,0.0,0.0
17123.0,1.4722440468952621e-06,6.740461413655932e-05,0.0001727431048359877,0.0,0.0
17126.0,8.337529778372291e-05,0.0,3.094280225072225e-05,0.0,8.820979623995786e-06
17129.0,0.00010586471786641102,0.0,3.7549285469611914e-05,0.0,0.0
17132.0,0.0002496476246204944,0.0,0.00011881236763542091,0.0,4.4357629218243436e-05
17135.0,1.6032071131478252e-05,0.0,3.858223681212717e-05,0.0,0.0
17138.0,1.2231951588809012e-05,0.0,5.700290688979092e-08,0.0,0.0
17141.0,1.578423281486209e-06,0.0,0.0002497215674744828,8.087399337760455e-05,0.00013984754651881964
17144.0,9.158752672144902e-06,0.0,6.65142890952584e-05,0.0,0.0005619182992320673
17147.0,3.1557586539709546e-05,0.0,8.653679490239055e-06,0.0001052354826813527,2.0956837255106097e-05
17150.0,5.841578712930801e-07,0.0,0.0001903594272025532,0.0,0.0
17153.0,0.00034514953619101205,0.0,0.00040322227864433234,0.0,0.0
17156.0,0.00014769224834618609,4.96082896181379e-05,5.139655628945475e-05,0.0,0.0
17159.0,7.085534479531262e-05,0.0,1.0536159903930779e-06,0.0,0.0
17162.0,3.7441139597909075e-05,0.0,0.0001237074032673175,0.00012286092688252096,0.0
17165.0,0.00012965451453193015,0.0,1.6733913330859826e-05,0.0,0.00020437548690661802
17168.0,0.00010493048743500128,0.00027740015312053266,3.6733102218833094e-06,0.0005082614299979008,0.00035999075053590505
17171.0,0.0,0.0,9.205390207875393e-05,0.00012722185521121828,2.414704324426599e-05
17174.0,0.00018134295053661852,0.0,4.9537066967974796e-05,0.0,5.548250111356708e-05
17177.0,8.210107465008983e-05,2.1867462260691147e-05,7.708488104988063e-07,0.0,0.00011575455943076592
17180.0,0.0003429824799746785,0.0,3.224383623747392e-06,0.0,0.0006857168307052943
17183.0,4.261290116662808e-05,0.0,2.9118468294056636e-08,0.0,5.079174628362082e-06
17186.0,4.881021000410305e-05,0.0,6.9866217292734e-05,0.0,1.6887600345605222e-05
17189.0,2.984540128287772e-05,2.666556665152333e-05,8.866219128864447e-05,0.0,8.55613385587864e-05
17192.0,4.3991160817465396e-05,0.0,9.382494120241855e-06,8.273734078012481e-05,0.0001115815476116225
17195.0,1.4441663974697626e-05,2.8975047065273018e-05,0.0001310552568591863,0.0,0.000327351171736533
17198.0,9.76070556588105e-05,0.00023926436839720602,0.0,0.0,0.0001299575981244576
17201.0,0.0001713520035276639,0.0,0.00022556663365193123,0.0,1.825372367458311e-05
17204.0,8.776868220039959e-06,0.0,0.00021556170722981897,0.0,0.0008141539336929475
17207.0,0.00016121008477994658,0.0,2.0066493829939853e-06,0.0,0.0
17210.0,5.646768762440361e-07,0.0,0.0002505374999627479,0.0,0.0
17213.0,4.725838415495918e-05,2.628439641306698e-05,6.122685990996911e-08,0.0,9.177765920986003e-06
17216.0,9.774787596286676e-05,0.0,0.00013661601940928307,0.0,0.0
17219.0,0.00013481763531341903,2.7424990312972567e-05,0.00015266556360597124,0.0,0.0
17222.0,0.000124087496490675,0.0,0.00023104574384236537,0.0,0.000410418656108742
17225.0,8.634369013222745e-06,0.00021613231533570385,0.00014899375164569844,0.0,0.0
17228.0,0.0,0.0,7.710824538061972e-06,0.0,0.0
17231.0,5.802740622745115e-05,0.0,0.0006476555371488971,0.0,0.0
17234.0,6.356173283295301e-05,0.0,0.0,5.983950924138641e-05,1.6355668289800694e-05
17237.0,0.0,7.880679302316396e-05,6.0407690796331846e-05,0.0,0.0001934229309828498
17240.0,3.906611630589945e-05,0.00023869220875302445,5.322700273017877e-05,0.0,0.0
17243.0,3.411152401923808e-05,0.0001355205889668375,3.195793946309622e-06,0.0,2.4550601012508862e-05
17246.0,9.788541854857431e-06,0.00028960815684519407,0.00014172416614198887,3.624754668235898e-05,1.800526863637199e-05
17249.0,1.3147557848615545e-05,5.7617403547743433e-05,1.255872117629382e-05,0.0,0.0
17252.0,8.5111952141142e-06,0.00017182896896002385,1.671866723165055e-07,0.0,0.00021309015439134127
17255.0,0.00017695373014544954,2.2610657415696993e-05,2.965504002247833e-06,0.0,0.0
17258.0,2.7858909210994914e-05,0.0,6.380316206006156e-05,0.0,0.0
17261.0,3.51688718491015e-07,0.0,0.00012049776811140707,0.0001681370340566185,0.00012217398349703248
17264.0,0.0,2.005437373706029e-05,1.341726052403344e-05,0.0,0.0001004146870904116
17267.0,0.00012150316644617632,0.0,0.00011517538896661197,0.0,0.0004037169346927405
17270.0,2.4765085114548138e-05,0.0001874924614610588,0.0,0.0,0.0
17273.0,8.092430160051435e-06,0.0002177194151483332,5.48601347717522e-06,0.0,0.0
17276.0,0.00016627804134839073,0.0,1.3054869038158512e-09,0.00011091054241492224,0.00023378910539964136
17279.0,3.855865411218618e-05,0.0,9.617233854811006e-11,0.0,0.0
17282.0,5.689919450282791e-06,0.0004073592728618137,0.0,0.0,1.3382059700533203e-05
17285.0,2.0911149489944857e-05,0.0,3.277480569698795e-07,0.0,0.0
17288.0,8.421089209723118e-05,0.0,8.990195282306672e-05,0.00035293931353509944,8.239520392821217e-06
17291.0,3.945570302428359e-06,0.0,1.898449154669682e-05,0.0,0.00028123733653108256
17294.0,0.0002461867115769762,0.0,4.9856397659442e-08,0.0,0.0
17297.0,1.7252453803728277e-07,0.0,1.629977405370852e-05,0.0,0.0004272860605406102
17300.0,3.3435925959175184e-06,0.0,1.4684072326058996e-07,0.00010063003230191068,0.0
17303.0,4.999450839815956e-05,0.0,1.8299639167638195e-05,0.0,4.853155551591074e-05
17306.0,2.1581441711346137e-07,0.0,4.682725443427633e-05,0.0,1.4519486956062214e-05
17309.0,0.00012886172935974797,0.0,1.0665140648199574e-06,0.0,0.0
17312.0,2.1312898000899476e-05,0.0,2.9419068423425533e-07,0.0,0.0
17315.0,1.4295934207857424e-07,5.235532459511507e-05,0.00010738318968386743,0.0,0.0
17318.0,8.11179144985869e-05,0.0,5.964890831054741e-05,0.0,0.00019694675317665812
17321.0,8.886817092288863e-05,0.0,3.966279463124167e-05,0.0,0.0
17324.0,1.9630145648820817e-05,0.0,1.7802338262924795e-07,0.0,0.00014567810115229183
17327.0,0.000345106389348447,3.2629023149706905e-05,1.552196159091275e-06,0.0,0.0
17330.0,3.316359004397691e-05,0.0,6.8677794972456855e-06,0.0,0.0
17333.0,2.2011280949573207e-05,0.00010920768415501454,1.2538658594906928e-07,0.0,0.0004139377431157664
17336.0,7.624525943200597e-05,4.059298844676024e-05,5.9044726947375304e-06,0.0,0.00012095577353028966
17339.0,0.0001217137176545054,3.852319287920699e-05,3.4077789175136754e-06,0.0,0.000387478331922543
17342.0,0.00018621356449287585,0.0,4.185737674635534e-05,0.0004627569404542964,0.0
17345.0,0.00010062244325033523,0.00011053199774455403,1.1398469410227475e-05,0.0,7.390826754862958e-06
17348.0,5.1938454027527024e-05,0.0,0.0003620437751332627,0.0,0.0
17351.0,2.716554553022158e-06,0.0,2.0055905546094062e-07,0.0,0.0
17354.0,0.00013212918296494396,0.00011642762588178584,1.8441451280594753e-06,0.0,9.989345320648197e-06
17357.0,0.00012709957810008626,0.0002061330949236008,4.236898649581829e-06,0.00011332955598577741,0.0
17360.0,8.664975547384347e-06,0.0,8.776163371620096e-05,0.0,9.987160575774309e-05
17363.0,0.00016548306405579104,0.0002331348890447047,8.577857801922121e-05,0.0,0.0002849161897311168
17366.0,1.4633304206432165e-06,2.0445591611096977e-05,2.5871308028362572e-05,0.0,0.0
17369.0,8.963316507496406e-05,0.00029324196324990954,0.00010523558039943106,0.0,0.0
17372.0,5.1610931920975206e-05,0.0001791346343058837,8.796229853978312e-06,0.0,0.0
17375.0,0.00023310600526159906,0.0,7.285637960834425e-05,0.0,0.00034535011829691785
17378.0,9.353455755154658e-06,2.573033044984284e-05,2.528928957842832e-05,0.0,0.0001389657646130327
17381.0,0.0001466162788334142,0.0,6.222308253345896e-09,0.0,0.0
17384.0,0.00024133445845913814,2.568767698426024e-05,2.2337021605811137e-05,0.0,5.862926182296806e-05
17387.0,1.135529588086428e-05,0.0,1.3841829255297155e-05,0.0,7.656635556633045e-05
17390.0,9.581260071179804e-05,0.0,7.485769990162873e-07,0.0,0.0
17393.0,4.2839400262777615e-05,0.0,0.00032299731174861,0.0,5.489781242366316e-05
17396.0,1.0624850794624897e-05,0.0,3.0102422782496924e-06,0.0,0.0
17399.0,4.04080915777253e-05,0.00016124326401623136,3.5746421131231795e-05,0.0,0.0
17402.0,6.105186699496074e-05,9.004522843760299e-05,1.0384192751981234e-05,0.0,1.267165427881919e-05
17405.0,6.948634061003131e-05,0.0,0.00012874307937310023,0.0,0.0
17408.0,0.0001366861397625553,0.00010139602573480196,9.069269291717066e-06,2.5130543867465547e-05,0.00030657193961179256
17411.0,0.00010609446302080814,0.0,0.00012826709377370662,0.0,0.0
17414.0,0.0001163369421842504,0.0,3.786477130755425e-06,0.0,0.0
17417.0,0.00016000147958723923,0.00017350136826296264,4.367723567069774e-06,0.0,5.059161799076696e-06
17420.0,4.293674109801525e-07,0.00019139694635655522,3.302435650991068e-06,0.0,0.00039270295110424596
17423.0,7.263794568906062e-06,0.0,0.00020349720280143056,0.0,0.0
17426.0,7.688346276481288e-05,0.0,0.0004085955601592322,0.0,0.000775743294685143
17429.0,0.00023765167148547697,0.0,1.4244023840060644e-05,0.0,0.0
17432.0,0.0001484219806897666,0.0,6.215572074500478e-05,0.0,2.1231163825054915e-05
17435.0,5.583348436579774e-06,0.00014145221596430457,2.1020075389489423e-05,0.0,6.545199498349293e-05
17438.0,0.00013151575675505837,4.792403207138041e-05,1.7015725137124025e-05,0.0,7.934755419360848e-05
17441.0,1.1874438856129481e-05,0.0,1.2169027614458182e-05,0.0,0.0
17444.0,0.0,0.0,1.1069264179512811e-05,0.0,0.0
17447.0,4.206456621178124e-05,0.0,2.1074450695156865e-09,0.0,3.0461685908273167e-05
17450.0,0.00021368992284762737,0.0,4.0326211136302106e-05,0.0,0.00038882935644666677
17453.0,4.94577556920715e-05,0.0,1.0149288566083738e-05,0.0,2.7143198589378863e-05
17456.0,0.00016824834207954844,0.00016987668930799676,9.721924425985394e-08,0.0,0.00023097522195094223
17459.0,8.500422923263142e-06,0.00022887794569289904,1.4935005964544237e-06,5.235437837699171e-05,0.0
17462.0,2.514314582867497e-05,0.0,0.00012110746523147313,0.0,0.00041285820074645114
17465.0,2.9532524881454307e-05,0.0,5.7008554656373884e-05,0.0,0.0
17468.0,5.946979054380327e-06,0.0,2.292647041962602e-06,0.0,0.0
17471.0,0.00015532829375667243,0.00018479931068131266,2.103275213720157e-05,5.6613361936165136e-05,0.0
17474.0,8.043820954564022e-05,0.00012663512080757745,0.00017867532870930188,4.866935666367043e-05,0.0
17477.0,1.4125352823166215e-06,0.0,0.0004884485920168601,0.0,0.0
17480.0,3.23234184254781e-05,0.0,5.028381939081204e-06,0.0,4.427827248953696e-05
17483.0,0.00012212640577467535,0.0,0.00023941716597717847,5.410227485147806e-05,0.0
17486.0,9.945051728026183e-05,0.0,0.0005731182194919438,0.0001106295430453099,0.0
17489.0,5.299342992633693e-05,0.0,0.000293926394964184,0.0,1.1136843164751402e-05
17492.0,2.6809232738797788e-05,0.0,7.743398110119326e-05,0.0,0.0
17495.0,2.527803881331139e-06,0.00029206621006632854,1.788421133218487e-05,0.00019103874638865968,4.776570004244287e-06
17498.0,2.901083110141998e-06,3.0389449575955212e-05,5.243276552905202e-05,0.0001625677927586152,0.00013875992484027526
17501.0,9.855815140852352e-05,0.0,1.7387747191314973e-05,0.0,0.0007349495874024201
17504.0,5.421275528393969e-06,0.0001353127361016428,4.011428649699964e-06,0.0,0.0
17507.0,0.0001617499672685594,0.00031688668135310854,4.0913514862174e-05,0.0,2.61863954701989e-05
17510.0,1.7834681501926365e-06,0.0,0.00032905536129614266,0.0,0.0
17513.0,1.8324497395643247e-05,0.0,6.01512268389582e-08,0.0,2.7388929538571206e-05
17516.0,8.387917182613535e-06,0.0,8.298388728383041e-05,0.0,0.00015843842304229084
17519.0,8.148487101781855e-07,1.575168400395526e-05,3.2608246609894517e-05,0.0002863437743528946,2.6337825186386512e-05
17522.0,0.00012991618573620793,0.0003479140379748656,0.00010503138599522139,0.0,0.0
17525.0,2.8561249018417215e-05,0.0,0.00012100371394754341,0.0,0.00046579792024121
17528.0,4.256881500282595e-05,0.00047017613063970516,1.2749770860955076e-06,0.0,6.874726785453395e-06
17531.0,8.370389412804634e-06,2.014523402691825e-05,2.174934426755664e-07,0.0,8.684940326556927e-06
17534.0,2.4029546167882798e-05,3.885359415871641e-05,6.735848120561165e-06,0.0,4.276841465374584e-06
17537.0,0.0002518540289747562,0.0,0.0005190356233043618,0.0,0.00019828719560822423
17540.0,7.168717896431347e-05,0.0,2.878778007895065e-05,0.0,4.8124165242729265e-05
17543.0,0.00011515039969997412,1.5472985510792412e-05,0.0,0.0,8.191481486421424e-06
17546.0,0.00010906212141907067,0.0,1.2547957367783483e-07,4.3313566124578365e-05,1.2689576736659366e-05
17549.0,6.954929654545049e-05,0.0,8.385462725695728e-07,0.0,0.0
17552.0,7.95165892329617e-05,0.00019731732774066235,3.182902337603705e-05,0.0,0.00010920846357359104
17555.0,0.0001340210669348247,1.9644325537344525e-05,0.0001080489032786721,7.25088418500825e-05,0.00043236351332576607
17558.0,1.260730406626435e-05,0.0,1.2320537407516214e-05,0.0,0.00022561984130579923
17561.0,0.0002772278722885952,0.0,2.2985324188159534e-06,4.480586834924599e-05,0.0
17564.0,2.3918070073450528e-05,3.008089464899865e-05,2.0342887645026156e-05,0.0003486166585948975,1.007462303826991e-05
17567.0,1.6987956418166763e-05,0.0,1.6426090724282641e-09,0.0,0.00015701171952197618
17570.0,3.578316916070909e-06,0.0,2.3348067302848734e-07,0.0,0.00011516853913178336
17573.0,1.9539031020363392e-05,0.0,0.00011911475127125632,3.517824023679962e-05,0.0006219044211601215
17576.0,7.67877305535482e-05,0.0,0.0002883566720175734,0.0,0.0
17579.0,1.591136736679453e-05,0.0,1.943521857478942e-06,0.0,6.562432275172692e-05
17582.0,3.761464272000306e-05,0.00021398492404385265,2.5870520880828576e-05,0.0001351069572399104,0.0004691472860741005
17585.0,8.308945584896012e-05,0.0,1.2120433315639187e-08,0.0007573890487218261,4.858671867244141e-05
17588.0,0.00011574794307944803,0.0,2.9702262553364334e-06,0.0,0.0
17591.0,1.8901507267137784e-05,4.0855353021356235e-05,9.238025687239262e-08,0.0,0.00011838733649489544
17594.0,5.7588525287908194e-05,0.0,4.506994499080584e-05,0.00012469252590346718,5.265215138903229e-05
17597.0,6.017676645772945e-06,0.0,1.17427606525409e-06,0.0,3.960050249964247e-05
17600.0,7.978868910278209e-06,0.0,4.975659811213968e-06,0.0,0.0
17603.0,6.455192525506857e-05,0.00011099493802739759,6.812550967501471e-08,0.0,0.00013062481449027156
17606.0,0.00021496402086335157,0.0,0.0007338268633428594,0.0,7.186546503014421e-06
17609.0,1.6106522806674584e-05,4.5095852081901044e-05,1.9689086367777853e-05,0.0,0.0
17612.0,4.922002213981539e-05,0.0,4.798109369413076e-06,0.0,0.0
17615.0,0.0002762414444418397,0.0,0.00046474770849586734,0.0,0.0003685984768824536
17618.0,0.0,0.0,3.0657238931109934e-06,0.00012322115287904476,0.0
17621.0,8.423915205574701e-05,0.0,4.166640728501938e-05,0.0,4.5560701687026345e-05
17624.0,7.019229461709288e-07,0.0,0.00018249990005488008,0.0,0.00020325565840806882
17627.0,2.146845723366182e-05,0.0,1.7320699617614198e-05,0.0004068649071642114,2.4498857949033467e-05
17630.0,0.00010851073550012591,0.0002899889203168681,3.4224101118515286e-06,0.0,1.7567606198473583e-05
17633.0,3.141479995208537e-05,2.4804457325011463e-05,3.7022837447299026e-05,0.0,0.0
17636.0,7.763462404874587e-05,0.0,9.088036775499333e-05,0.0,0.0
17639.0,4.043637524227864e-06,0.0,1.6601164078557455e-07,4.8846625885021774e-05,0.0
17642.0,7.839194799478631e-05,0.0,3.6599265751483095e-05,0.0,7.67579336265461e-05
17645.0,4.4745984142534494e-05,0.0,1.900468970871216e-08,0.0,1.3029738210453725e-05
17648.0,6.04658561684272e-05,9.732259372866855e-05,0.00023024285466142615,0.0,0.00044789431443714674
17651.0,2.73134192441565e-05,0.0002273885827610056,0.00019580502004032532,0.0,4.455535287613459e-05
17654.0,3.0172970821023708e-05,0.0,0.0005323468499792915,0.0,0.00011745631619643021
17657.0,1.8958260731093004e-05,0.0,0.0,0.0003818263780106793,0.0
17660.0,1.3891382333534116e-06,0.0,0.00010896748064116743,0.0,3.693829980045125e-05
17663.0,2.125145766106735e-05,0.0,0.0006521154353143919,0.0,0.00014782033268402915
17666.0,0.00019724485586643272,0.0,0.0007355416664920964,0.0,0.0
17669.0,5.2184749782816496e-05,0.0002976495244042952,0.000423159445297119,0.0,0.0
17672.0,9.868435876062627e-06,0.0,0.0001373665282363149,0.0,4.3098378134837285e-05
17675.0,1.4262418613996923e-05,0.0,1.5817324717492357e-05,7.694988058598428e-05,0.0004138807264650965
17678.0,8.207128573511196e-05,0.0,0.00030673463266918876,0.0,0.00010696553181851753
17681.0,0.0001712349599302755,1.4987704058486998e-05,4.5434099848873106e-05,7.032419398386292e-05,0.0
17684.0,0.000159162851359632,0.0,0.0003851681365248917,0.0,6.964821039754531e-05
17687.0,5.238579987677778e-05,4.580846283938994e-05,1.050575235922377e-06,0.0,8.416662149652061e-06
17690.0,1.9033396172733567e-06,0.0,0.0007414598800345826,0.0,0.0
17693.0,4.4811449443515216e-05,3.523311928726294e-05,4.7857364271820566e-05,0.0,5.344846777407444e-05
17696.0,0.000131404487856664,0.0,0.0001387117834379215,0.0,5.0952931381130846e-05
17699.0,6.356608255412785e-05,0.0,1.017482481162562e-06,0.0,0.0
17702.0,0.00010594016264792993,0.0,3.0544342797714806e-05,0.0,0.0
17705.0,9.164459649362791e-05,0.0,2.558203919935504e-06,0.0,1.1317722109357881e-05
17708.0,7.762075455287238e-05,0.0,1.0548473777905687e-05,0.0,0.00010806169523609152
17711.0,0.00019254572741327235,0.0,7.040701894561772e-07,0.0,0.0
17714.0,4.189020737883438e-06,0.00021997584474069855,5.361174345192248e-05,0.0,0.0
17717.0,2.5818239727978302e-05,9.898043127685734e-05,2.803111921455721e-07,0.0005501140859163642,0.0
17720.0,7.391112093580776e-05,0.0,7.500382077642681e-06,0.0,0.00010705004416763267
17723.0,0.0002266445823170741,0.0,8.251358941267848e-05,0.00015199343282544062,0.0004585969935870008
17726.0,0.00014644395532335567,0.00024101501325918034,2.0734077227901284e-05,0.0,5.1816031122976754e-05
17729.0,9.199149614360363e-06,0.00015069950317643768,0.00011287585696266986,0.0,0.0
17732.0,2.5207900719538198e-05,0.0,2.789641463622787e-06,0.0,0.0
17735.0,3.00499136685023e-06,0.0,2.3290295140802046e-05,0.0,0.0
17738.0,7.596710955499408e-06,6.45081915784901e-05,7.30268770003448e-05,0.0,0.0
17741.0,3.347336127655467e-05,0.0,0.00018524642715524287,0.0,0.0003822966125421812
17744.0,0.0001245054604387757,0.0,5.4843099273877615e-05,0.0,0.0
17747.0,3.611885175592236e-05,0.0,0.00010967022656718592,0.0,0.0004768621704208883
17750.0,4.8058619151936047e-05,0.0,2.2101426617299322e-05,0.0,0.0
17753.0,1.7126408265582584e-05,1.9071906703353475e-05,2.0178192865105965e-05,0.0,0.0
17756.0,8.75094564363867e-06,0.00022208682544496165,4.549043596768022e-08,0.0,1.6367732988922848e-05
17759.0,0.00011173129396638841,0.0,2.5694911290782962e-05,0.00010098137238649654,4.694895747249772e-05
17762.0,1.863876373796751e-05,0.0,7.027104488645231e-05,4.3924596851913624e-05,0.0
17765.0,5.726275279232715e-06,3.2240362449771256e-05,6.697045916502743e-05,0.0,0.0
17768.0,0.00010637600481309949,0.0,0.0,0.0,1.1423488298345516e-05
17771.0,0.00012265939812154507,2.884064040713956e-05,0.0,0.0,1.4391111724766269e-05
17774.0,7.777887270062088e-07,2.399031361019924e-05,0.00018140089436093432,0.0,0.0
17777.0,4.0435130855862436e-05,0.0,6.279579635880836e-05,0.0,7.080115830715466e-05
17780.0,0.00027722101926256254,0.0,5.452690957984565e-07,0.0,4.872066571096648e-05
17783.0,0.00010949403640439655,0.00024918557143651727,3.3271080362369124e-07,0.0,0.0
17786.0,2.921400925386789e-05,0.0,0.0,0.0,2.6861810055762095e-05
17789.0,0.00011446971260072138,0.0,0.0006066387239807741,0.00016815706165841963,7.489879973121894e-05
17792.0,0.00010528454074533618,2.770566435334345e-05,1.4096340734160557e-07,0.0,0.0
17795.0,6.780377778913758e-05,0.0,0.00015272311165970287,0.0,0.0
17798.0,0.00015254890850325504,0.0,0.0002961116348390006,0.0,8.837889643693107e-05
17801.0,2.2520143878290854e-05,0.0005713220419288006,2.4658516751392647e-07,0.0,5.7903024314859084e-05
17804.0,1.7194890586816667e-05,0.00021734303186042488,2.5910400115605227e-05,0.0,3.9162236071800524e-05
17807.0,1.873317448159566e-07,0.0001398545054913413,7.639893735433313e-06,0.0,1.867289269539784e-05
17810.0,0.00016294746281076227,0.00018500320749152075,4.708796428148617e-05,0.0,0.0
17813.0,1.2769353541681102e-05,3.0887131214408226e-05,4.604247878449076e-05,0.0001198981389773541,5.797117183957437e-06
17816.0,6.266785894882698e-05,0.0,0.0005473989264397384,0.0002565362776475638,5.447392378768026e-06
17819.0,0.0001772536455709791,0.0,0.0002398230768913747,7.852857589792316e-05,0.0
17822.0,6.06514345253121e-06,4.9762047461854626e-05,4.140898096308868e-05,0.0,0.0
17825.0,0.00011450210627146684,0.0,3.457666335650262e-06,0.0,0.0004322205404125222
17828.0,0.00010235480825938638,6.276276523669871e-05,2.4571649471277105e-05,0.00020397592144421903,6.523387345272739e-05
17831.0,2.1280687888471526e-05,0.0,1.2799581485486161e-07,0.0,0.0
17834.0,0.00026066258231950527,0.0,0.00013902482855618914,0.0,0.00028946000607634625
17837.0,1.506741884657695e-07,9.444136043751959e-05,1.1679205325381436e-05,0.0,0.0
17840.0,7.271407031366968e-05,0.0,0.00020739235357908326,0.00011418153444275299,0.0
17843.0,2.7207490538170958e-05,0.0,4.027404087150265e-07,0.0,2.7340289945297876e-05
17846.0,5.104272422124601e-05,0.0,6.522897868528915e-05,0.0,0.0
17849.0,2.1389346487652732e-05,2.0490512057405428e-05,2.2497010214912805e-07,0.0,0.0
17852.0,0.00012598532945601892,0.0,4.753728687064513e-05,0.0,0.00010556238768093796
17855.0,1.229902435237182e-05,0.0,1.313740864565473e-05,0.0,7.086448854020309e-06
17858.0,4.826115937872117e-06,0.0,7.656764005370203e-07,0.00020323783660887397,0.0
17861.0,4.445567442486957e-05,2.4114526295922133e-05,8.65159607744285e-07,0.0,0.0
17864.0,1.675963427015219e-06,0.00024666907649399016,0.0,0.0,0.00042890155433005737
17867.0,5.006453632571156e-05,0.0,2.5368642334060224e-05,0.0,5.8311902385143655e-06
17870.0,0.0001880855120756056,0.0,3.470918061075347e-08,0.0,5.8333908853109856e-05
17873.0,0.00012459153531395903,1.4615647628211336e-05,3.894617101949199e-05,0.0,7.966047902401932e-06
17876.0,6.778226143216187e-05,0.0,0.00013581346103027316,0.0,0.0
17879.0,4.864106436205578e-05,5.439370238930467e-05,5.512232536973483e-05,0.0,0.0
17882.0,0.00013205569297995874,1.9319395767114345e-05,1.8112035277443736e-05,0.0,0.0
17885.0,6.26667063806079e-05,0.0,5.457808418536518e-06,0.0,0.0
17888.0,4.6958723054514476e-05,0.0001339638776091897,8.870531643078865e-05,0.0,0.0001183145033294463
17891.0,2.6692385709256758e-05,0.0,3.1729311669361327e-06,5.5226881710693954e-05,0.0
17894.0,8.010890725133067e-05,0.0,1.4414315215259693e-05,0.0,2.633459384018859e-05
17897.0,7.805874088960716e-05,0.0,3.835169455873458e-05,0.0,0.0
17900.0,4.740537284024103e-05,0.0,1.0982688095712888e-05,0.0,3.3040794219115125e-05
17903.0,8.925911542433354e-06,1.3323773689561817e-05,2.1846375810860015e-05,0.0,0.00018071831348099492
17906.0,4.741831662950169e-05,0.0001386140453858058,1.5630534419796076e-05,0.0,0.0
17909.0,5.067854971140609e-06,0.0,3.205416976686276e-05,3.236642196200684e-05,0.0
17912.0,1.3616800249323985e-05,4.321394060292996e-05,0.00039721279179131267,0.0,6.600210430539506e-05
17915.0,0.0001298329779544982,0.0,1.1053842760102351e-05,0.00037194165892372443,0.0
17918.0,1.5333613931864517e-06,1.9985983591497586e-05,0.0001660356213044378,4.984179456761488e-05,0.0004814221434971073
17921.0,3.665234028996885e-05,0.0,1.3298331497149644e-07,0.0,3.9460535380102046e-05
17924.0,4.63482288393579e-06,0.00021826889258382996,0.00025543923091245224,0.0,0.0
17927.0,1.1093673123177748e-05,0.0,7.119953629979625e-06,0.0005609510283782065,0.0
17930.0,9.577889183907109e-05,0.0,2.2150111536882017e-06,0.0,0.0
17933.0,2.005114492616061e-05,0.0,0.0002513930350167833,0.0,1.849125404469051e-05
17936.0,0.0001599354616789077,0.0,1.630789100052235e-08,0.0,4.4788100400876605e-06
17939.0,2.0486882527112075e-07,0.0,7.833744362764665e-05,0.0,0.0
17942.0,2.1560661598115445e-05,0.0,0.0004943232136596182,0.0,2.6174172223716568e-05
17945.0,0.00012361509390632742,0.0,3.2386347961697146e-05,0.0,0.0001351528062989803
17948.0,4.8109010165272666e-05,0.0,1.6053417662213534e-06,0.0,0.0
17951.0,0.0002687550091417779,0.0,1.2014345310379236e-06,0.0,0.0001677698940228299
17954.0,1.7191107614634613e-05,0.0,9.813062181057452e-06,0.0,0.000105067127252049
17957.0,0.00018032535569188283,0.0,2.370588287327276e-07,0.0,0.0003313167507594429
17960.0,3.121211920676263e-05,0.0,2.8198071703488114e-05,0.0,0.0
17963.0,0.00013238555467429185,0.0,0.0003795492921793681,0.0001334834243326225,0.0
17966.0,5.635457463247402e-05,0.0,1.4951727881975644e-06,9.08571185492811e-05,7.470119781505078e-06
17969.0,9.034261067196992e-05,3.247713792136e-05,5.2973470185875774e-08,0.0,0.0
17972.0,5.118875321703213e-07,0.0,1.936945497302356e-06,0.0,3.109232360499881e-05
17975.0,3.82310559589303e-05,0.0,2.715289230414479e-06,0.0004973746715493007,0.0002065559387332355
17978.0,0.00023273571719013527,0.0,4.91231935646147e-08,0.0,0.00012250837875433463
17981.0,4.4224626970665356e-05,0.0,3.1368365796250526e-07,0.0,0.0
17984.0,8.5970732774605e-06,0.0,5.553974355910401e-07,0.00027691285506461545,2.6538020484374738e-05
17987.0,0.00024707729242996106,0.0,2.7823428368131227e-07,0.0001071032525489682,2.4190110558443043e-05
17990.0,4.0241892042770236e-06,0.0,3.829259796516521e-05,0.0,0.00013073564664491062
17993.0,5.764883980079037e-05,0.00010312667949759644,7.4432171970388345e-06,0.0,0.00023416149539932913
17996.0,4.2993372420735696e-05,0.0,2.747559245284108e-06,0.0,0.0
17999.0,5.9055650499593654e-05,0.0,1.529470494909325e-05,0.0,0.0
18002.0,0.00013022138998943847,0.0,0.00012660558867273587,0.0,1.0933323090870864e-05
18005.0,9.26906534569703e-06,0.0,2.7445265186787754e-05,0.0,0.0
18008.0,4.168614543720098e-06,5.3193809829449746e-05,3.5859350253514296e-07,0.0,0.0
18011.0,5.1447780256328884e-05,0.0002136582605542271,4.875911910079629e-07,0.0,0.0002485881122954325
18014.0,8.129986047372144e-06,0.0,0.00015646039962570346,0.0,1.4484496119911396e-05
18017.0,3.438213098451185e-05,0.0,1.059538270640006e-08,0.0,0.0
18020.0,0.0002277238342132774,0.0,4.961709125667008e-06,0.0,0.0
18023.0,0.0001811977516913262,0.0,2.4863724748140136e-05,0.0,0.0
18026.0,9.68020956747684e-05,0.0,8.46335882666371e-05,0.0,2.098153666885962e-05
18029.0,0.0001685601929045024,2.496362467087598e-05,2.504009686646075e-05,0.0,0.0
18032.0,1.3981765871308603e-06,0.0003024224576201861,0.00013413617268565644,0.0,4.8262231681416124e-05
18035.0,0.00012213481144368837,0.0002174720265361253,0.00013537112430304853,0.0,1.1071262125429004e-05
18038.0,0.00015734171558460394,0.00012682195573549546,6.900582137675344e-05,0.0,5.0945141798327794e-05
18041.0,2.5245520727347316e-05,1.5682629141943403e-05,2.9634453253556903e-07,0.0,0.0
18044.0,0.00019872853690038972,7.630901679347928e-05,7.180145709983598e-05,0.0,0.0
18047.0,0.00016572165521225996,0.0,0.0001287507001649409,0.0,0.0
18050.0,4.59016859503908e-06,0.0,5.084730610353659e-05,0.0,0.0001484501884968982
18053.0,2.177665627480592e-05,0.0001171025809484871,1.3823883704416958e-05,0.0,0.0003520454921561065
18056.0,8.778493523147586e-06,0.00027734314128359126,5.51047831699227e-05,4.3645685769606526e-05,0.0
18059.0,2.059727614668108e-05,0.00023420453190451865,1.7038220817683497e-07,0.0,0.0
18062.0,2.0497319351669655e-05,0.0,0.0003644586064740063,0.0,0.0
18065.0,2.3432571342925318e-05,0.00027169074480047487,2.373962382211934e-05,0.0,0.00012957383848594988
18068.0,0.0,0.0,7.592176866357165e-06,0.0,2.4118099857424838e-05
18071.0,0.0002038736624375987,0.0,1.8084450187915675e-08,0.0,0.0
18074.0,4.4274821699182654e-06,0.0,0.0001191847684679739,0.0,0.0
18077.0,8.525058186679555e-05,0.0,9.09644565426769e-06,0.0,0.0
18080.0,1.2746657211565223e-06,0.0,4.697599689642124e-05,0.0,0.0
18083.0,8.251534826401092e-06,2.2437967554605614e-05,0.0002555584281259933,0.0,0.0004248189918924272
18086.0,4.99524390335491e-05,0.0,1.2720907254779553e-05,5.617362065868259e-05,0.0
18089.0,1.7081431402807186e-05,7.258180532623109e-05,4.59386755741845e-06,0.0005197592298647266,0.00010838545177677884
18092.0,8.65970950441581e-05,0.0,7.76155358781694e-05,0.0,0.0
18095.0,0.00011965412891876424,0.0,0.00015716528791732542,0.0,0.0
18098.0,0.00011452834343840442,0.0,0.00019207412702031276,0.0,0.00011283775987062523
18101.0,2.9341626105084396e-05,3.791086997584188e-05,3.033301641081123e-05,0.0,0.0
18104.0,5.238680724185736e-05,0.0,8.492605669983323e-08,0.0,0.0
18107.0,5.3537969738796384e-05,0.0,5.099666421972671e-05,0.0,0.0
18110.0,3.9315606022759616e-05,8.525545036438205e-05,2.4747009229423305e-05,0.0,0.00033221558971872905
18113.0,3.860814962483259e-06,0.0,1.2986215343953165e-05,0.0,3.7549779219288184e-05
18116.0,0.00026461714959506103,0.0003497907408547948,6.725658413525335e-05,0.0,0.0002572858718366739
18119.0,3.683611526055708e-05,1.8580799060976913e-05,5.185839487221405e-07,3.563501923033396e-05,0.0
18122.0,6.723164027447616e-05,0.00038417229140298687,5.387029899893012e-05,0.0,4.194416845248652e-05
18125.0,2.060527656835159e-06,0.0002320510316700769,0.00012124765634599224,0.0,0.0
18128.0,2.7131059247810485e-06,0.0,1.9701421779767543e-06,0.0,4.440307191162031e-05
18131.0,7.141725635105917e-05,0.0,6.568346797195977e-08,0.0,4.706618814560112e-05
18134.0,7.5069903669694905e-06,8.909185514997304e-05,1.4836446283033305e-05,0.0,0.0003887787232147126
18137.0,8.083333094548845e-05,0.0,3.2818291957724926e-06,0.0,3.4345102952309144e-05
18140.0,0.00015868969170458017,2.3978036198171918e-05,4.43852847535995e-05,0.0,0.0
18143.0,2.808549941289168e-05,0.0,0.00036222676089037235,0.0,0.00019273574284019192
18146.0,2.585941898895032e-06,0.0,1.0142546018822157e-07,0.0,0.0
18149.0,0.00014282047927445735,1.8637974596745366e-05,3.9744892928553605e-05,0.0,0.0
18152.0,0.00011579232007895102,0.0,3.356211550539302e-05,0.0,0.00035799018248608867
18155.0,0.00011265006447958197,0.0,0.000231832887403693,0.0,0.00015858155355916056
18158.0,0.0002113098108981585,0.0,4.966598437194101e-06,0.0,0.00016846972207065772
18161.0,8.145573279404363e-07,2.143157444915707e-05,8.185342822063286e-06,0.0,0.0003649465484216211
18164.0,7.215555567987083e-05,0.0,2.5049902532932792e-05,0.0,0.00020901990438308354
18167.0,6.171030426521553e-06,0.0,2.90670705230909e-07,3.947399333251821e-05,9.8418113395964e-06
18170.0,8.491138684491914e-05,4.845687919422198e-05,2.5396595837114506e-05,0.0,0.0
18173.0,6.809448132566832e-05,0.0,6.72609799804925e-06,0.0,0.0
18176.0,0.00023899821957288324,0.0,0.00011547887617032544,0.0,0.0
18179.0,5.9062080388960345e-05,0.0,1.1926595755217428e-08,0.0,0.0
18182.0,0.00019647750121178046,0.0,2.454905580185899e-05,0.00030895342580714003,0.0
18185.0,5.34340369757645e-05,0.0,1.9398845602107654e-08,3.925756337874829e-05,0.0003050731687664025
18188.0,1.657588275185219e-05,0.0,0.00037922132024746836,0.0,0.00018719316117445531
18191.0,0.0001168422738893398,0.0001491618242877175,8.143679756600278e-05,0.0,6.136448360326291e-05
18194.0,5.9872455401926515e-05,0.00010848030577909924,1.3931083239218342e-07,0.0,0.00025956002751249254
18197.0,8.37245617327549e-05,5.271319007328683e-05,7.183974211619972e-08,0.0,0.0
18200.0,2.947948382786513e-05,0.0,0.0001893108724356598,0.0,0.0005222488173059358
18203.0,0.0001340172249366588,0.00020180791892434634,4.599819874486118e-09,0.0,4.6008147818275765e-05
18206.0,0.00017656191305882534,0.0001724367132568026,2.404919410262523e-08,0.0,0.00036314124513001165
18209.0,2.223610908726583e-05,0.0,2.17992087627312e-06,7.312077417586182e-05,0.0
18212.0,2.5534451591002538e-05,0.0,1.7454195459639928e-05,0.0,0.0002865161307795179
18215.0,4.2094710053669616e-05,0.0,0.0004294637060361704,0.0,0.0
18218.0,0.00019849529744288304,0.0002577506289052873,1.3539431388314873e-09,0.0,0.00034401912500489813
18221.0,1.3955913642012407e-05,0.0,2.13762093954502e-06,0.0,0.00031320378599746684
18224.0,9.43153766108832e-05,2.117482524038529e-05,1.5740372702706361e-06,0.0,0.0005057634063138577
18227.0,0.00010025419758722014,0.0,4.0536458917437884e-05,0.0,0.0001531415746850823
18230.0,2.952515315287702e-06,0.0,2.2604556610593327e-06,0.0,8.181855396696303e-06
18233.0,2.3464253832545885e-05,0.0,0.00017478920030254032,0.0,1.0365954756332159e-05
18236.0,7.039234273326676e-07,8.571505714383882e-05,6.939221833395376e-06,0.00014986139839569642,0.0
18239.0,1.696104608369673e-05,0.0,4.391974969048892e-06,0.0,1.5628795648516713e-05
18242.0,1.5213811484585022e-05,0.0,0.00015384699548659882,0.00026269321502226295,1.463503778213515e-05
18245.0,5.4248105992515105e-05,1.5506712429731308e-05,5.874019946464463e-06,0.0,0.0
18248.0,2.1283818725031716e-05,0.0,0.0,9.800714344652853e-05,0.00014119292845564274
18251.0,0.00021952747426686822,0.0,5.7890318150097274e-05,0.0,0.0
18254.0,3.148455211273927e-05,0.0,8.733780091356643e-05,0.0,8.432621640175742e-06
18257.0,9.121016814130969e-05,0.0001271873116751465,0.0002955334915895253,0.0,1.5777500803818403e-05
18260.0,3.6979127021378915e-05,0.0,3.203677528415061e-07,0.0,0.0002677933494585182
18263.0,1.7873297065714461e-06,0.000205901932337551,1.0270894724527211e-05,0.0,7.1882565495420605e-06
18266.0,4.449064013724608e-06,0.0,5.414772365015539e-08,0.0,6.619431561131715e-05
18269.0,1.1979595129820378e-06,0.0,2.152247322782455e-05,0.0,6.60507103961012e-05
18272.0,1.0104485840955886e-05,0.00017147152016977544,3.610255800804993e-06,0.0,0.00019593817301956842
18275.0,4.334983514869883e-07,4.047439360714682e-05,7.835887470692173e-07,0.0,9.286160409962312e-06
18278.0,7.832255480151206e-05,0.00012066792155893949,0.00030585869817918607,0.0,0.00015562928846452281
18281.0,8.594632106039091e-05,0.0,0.0010170568003493876,0.0,0.00030595509223233246
18284.0,2.8904514607993564e-05,0.0,0.0003435722629923737,0.0,9.291954938483122e-05
18287.0,7.254646322175872e-07,0.0,0.0,0.0,5.084510596392946e-05
18290.0,3.42443143105552e-05,5.027804104636778e-05,0.0007097655777026713,0.0,0.0
18293.0,5.3017796199912645e-06,0.00016001274613415274,6.583819631949882e-10,0.000216673948403396,3.714698210088046e-05
18296.0,3.6294194892044074e-05,0.0,7.491941306312067e-05,0.0,0.0
18299.0,2.6862584401011654e-05,0.0,3.825699726442462e-07,0.0,3.2810575902261676e-05
18302.0,5.514560956474541e-05,2.1576591767624443e-05,0.00032967709287067513,0.0,0.0
18305.0,0.0001296694391075054,0.0,8.688154930091296e-06,0.0,0.0
18308.0,0.00022470835913681233,9.442929136945395e-05,3.7119924700891863e-07,0.0,0.0
18311.0,0.00019820582084262644,0.0,1.7947991572801738e-05,0.0,0.0
18314.0,2.700686732855718e-05,0.0,6.664164962537365e-05,0.0,0.0
18317.0,0.00019189749476747464,0.0,8.932725030254607e-05,0.0,0.0
18320.0,0.00016603138968047243,9.342976617388493e-05,1.1961889888380398e-07,5.2234800765170306e-05,0.0
18323.0,8.468342355692875e-05,0.0,2.1057274525179897e-05,0.0,0.0
18326.0,3.4980550462616453e-06,0.0,0.00019432016153882978,0.0,0.0
18329.0,5.843181222522342e-05,0.0,3.065719850206354e-05,0.0,0.0
18332.0,3.997026805042548e-05,0.0,1.0626543653629561e-06,0.0,1.1428111652616436e-05
18335.0,0.00019145407723993927,5.7574086605854305e-05,0.0,0.0,0.0003590850676155712
18338.0,0.0002166594076843317,0.0,3.57511560968631e-07,0.0,0.0
18341.0,1.298392946716908e-07,0.0,3.5232018769166845e-06,0.0,0.0
18344.0,7.209009180378985e-05,0.0,0.00030141971676001184,0.0,0.0
18347.0,0.00014921389436984328,0.0,1.6266151505779832e-05,0.0,0.00024398696220481283
18350.0,2.358219433112525e-05,4.740575166385934e-05,3.626698987543419e-06,0.0,0.0004904649488089442
18353.0,0.0001349430246949929,0.0,0.00020466239432241688,0.0,0.00010867637485789492
18356.0,5.579896355396686e-05,0.00010464656854030328,3.24576224522885e-07,0.0,1.1912798482556349e-05
18359.0,6.318247378790235e-05,9.948664261631277e-05,0.00016296782928928714,0.0,6.152984755619478e-06
18362.0,2.301722846862214e-06,0.0,1.732377791710485e-05,0.0001794228656347021,0.0
18365.0,4.524480267969898e-06,0.0,9.642633931944579e-05,0.0,0.0
18368.0,1.681407276000525e-06,0.0,0.00011013703072502274,0.0,6.0307839058947695e-06
18371.0,0.0,5.3385019980562945e-05,2.5310297010169094e-06,0.0,0.0005131709475466737
18374.0,0.00016424903537245658,0.0,7.448064836798252e-05,0.0,8.210735553340243e-06
18377.0,0.0001253427572927653,0.0,5.097168520730691e-05,0.0,3.3057577589671165e-05
18380.0,2.219728696181301e-05,0.0002788967783276617,1.3220441139268173e-05,0.0,0.0
18383.0,0.00011096208945028488,0.0,0.0003580643326671548,0.0,0.0
18386.0,6.596527501398181e-05,0.0,0.00016421506003259597,0.0,0.0
18389.0,8.349531476624994e-07,0.0,1.701719554724788e-05,0.0,0.0
18392.0,0.00014557131717879236,0.0,1.667271983259509e-07,0.0003053601746990825,0.0
18395.0,0.0005266137223995805,0.00017079053800989714,0.0001949354046410014,0.0,0.0
18398.0,4.852601086162828e-06,0.0,2.326838612989526e-06,0.0001780889988457063,7.169931305908288e-05
18401.0,0.000164661551616535,0.0001128693590448894,2.3337470437158672e-06,0.0,0.00011845254098423741
18404.0,1.247033997033307e-07,0.0,6.701563717723529e-05,0.000191223185634001,0.0
18407.0,7.911906301225084e-05,4.8273782056187845e-05,1.6283885818916518e-06,8.56845805666692e-05,0.0
18410.0,2.942306416131396e-06,0.0,8.849737458370825e-07,0.0,0.0
18413.0,5.049093901806657e-06,0.00011902672672483218,0.0,0.00011252989162033924,0.0
18416.0,2.398664612576082e-07,0.0,6.0199666180180204e-05,0.0,0.00019728463270094704
18419.0,4.822806549662692e-06,0.0,3.535658918002411e-05,0.0,0.0004000963169762075
18422.0,2.710622109818992e-07,0.0,2.4312289667423654e-05,0.0,0.0004586413037992336
18425.0,2.821537896586089e-06,4.34186683086995e-05,2.2829763297857925e-05,0.0,0.00019521395415909886
18428.0,6.134474373782884e-05,2.904308377018645e-05,4.027261912036263e-06,0.0,0.0
18431.0,0.00010151957039528426,0.0,6.480727849948785e-05,0.0,0.0
18434.0,0.0003777833590218117,2.331598605566827e-05,0.00017810236268235198,0.0,0.0003480873167286764
18437.0,1.6906107131967682e-05,0.0,2.8793516103912394e-05,0.0,4.007708076459039e-05
18440.0,3.325609043623183e-05,0.0,5.103149927909255e-07,0.0,0.0
18443.0,2.64044247924235e-07,2.2737573612351156e-05,4.882045526984421e-05,0.0,0.0
18446.0,0.00016302226086347066,0.0002703399740080878,4.54595157217946e-08,0.0,4.793840766372729e-05
18449.0,3.7897970223978515e-06,0.0,1.2108898548749129e-05,0.0,0.0001401336244681074
18452.0,6.757591354143888e-05,0.0,0.0002650775406694826,2.712814391102733e-05,1.5552036076567446e-05
18455.0,3.780836311992946e-05,0.0,0.00020225714447383772,0.0,0.0
18458.0,4.047096673304058e-07,0.00012902657216882027,2.090467539694534e-05,0.0001865438968365307,0.0
18461.0,0.00018103506833071578,0.0,1.0864770441370754e-06,0.0,0.00023188499690314355
18464.0,5.175166025068096e-06,1.5190334683070868e-05,2.1652259936765836e-05,0.0,0.0002459952589665708
18467.0,0.0,9.793346814544296e-05,6.757352052362964e-05,3.343752091356371e-05,0.0002820535491942257
18470.0,1.688679281115016e-05,0.0,0.0001324655365835953,0.0,0.0
18473.0,6.445606537864272e-05,0.0,3.052307731501995e-05,0.0004115911360988569,0.0
18476.0,6.940461981855832e-05,0.0,3.873783787030924e-05,0.0,8.62334939579902e-05
18479.0,0.00010628921467728377,9.964497410604532e-05,2.7906262859282802e-05,0.00014633122354242175,0.0
18482.0,0.00012521866611197186,2.6343695073016323e-05,8.424014544116956e-05,0.0,8.292751725266856e-06
18485.0,4.6714331960758856e-05,0.0,0.0005371215394205277,0.0,5.3621209369793184e-05
18488.0,1.6041748035532074e-05,0.0,0.0007000581954524284,0.0,0.0
18491.0,6.994507802522464e-05,0.0,9.918912045772439e-05,2.9679736998538663e-05,4.14058057912519e-05
18494.0,1.4779448560539906e-07,0.0,0.000741571827994537,0.00024513681972011575,1.3538871533358303e-05
18497.0,7.683064805557183e-05,0.0,3.829890259107977e-05,0.0,0.0
18500.0,4.328220120886758e-06,0.0,0.0003179403554608891,0.0001251642578893783,0.00019971990316607137
18503.0,1.2211805536444549e-05,0.00047926945166415984,3.82328221862389e-06,0.0,0.0
18506.0,0.00014278291708244326,0.0006978621070440061,8.272822882440214e-10,0.0,1.551039474489771e-05
18509.0,1.6918334723675585e-05,0.0,1.2553794548376469e-06,0.0,9.85425013498983e-05
18512.0,5.425382952199302e-05,0.00015281756757539776,1.6038459939309755e-07,0.0,0.0
18515.0,0.00015608987573256523,0.0,9.13394920701458e-06,0.0,8.239614766249895e-06
18518.0,0.0,0.0,1.865834912718269e-05,5.146503525722527e-05,0.0
18521.0,8.242070861902275e-05,0.0,2.0462237801225327e-08,0.000607216816244368,1.342303569953076e-05
18524.0,3.2170000055780886e-05,0.0,9.101233040115682e-06,0.0,0.00013083998779512524
18527.0,1.7450656381948032e-05,0.0,7.135884278543266e-05,0.0,1.8173861104298923e-05
18530.0,5.510297080629402e-05,0.00031102892221119655,1.925528341917576e-06,0.0,2.7570314796622538e-05
18533.0,2.6212340109084355e-05,0.0,0.00017354678378364268,0.0,0.0
18536.0,7.948835615234923e-07,4.949031733012425e-05,1.1937782388949813e-05,0.00046947469700661947,3.327987608838998e-05
18539.0,0.00013040016359120937,0.0,7.084757578590401e-07,0.0,2.4563551878126296e-05
18542.0,1.691017375679436e-05,1.7982497210175537e-05,7.968606325121788e-08,0.0,0.0
18545.0,1.696270112426679e-06,0.0,0.0,6.802386355364553e-05,0.0
18548.0,1.583072983095179e-06,0.0,0.00019409156216760706,0.0,0.0002491726688625363
18551.0,2.3374960186921e-06,0.0,0.00027681721186686694,0.0,4.635780986513511e-05
18554.0,1.0761379632482786e-07,0.00012958605507504799,0.00016131759401984393,0.0,0.0002638618840707396
18557.0,0.0,0.0,0.00020989093763371043,0.0,0.0
18560.0,6.933814869451282e-05,0.0,6.542852464415761e-07,0.0001236680606168871,0.00010612665018593888
18563.0,8.756901958792316e-06,1.7548107490937316e-05,3.3052079129894743e-06,0.0,8.076343072231809e-06
18566.0,0.00015062268388352454,0.0002075762042558596,6.900817700594243e-06,0.00016972558636972853,2.7595711630013986e-05
18569.0,0.00014209852758616105,9.880753059151902e-05,2.988797331211785e-06,0.0,0.00016991688197537253
18572.0,5.457001994742981e-05,7.674844397207658e-05,3.1816816689768733e-07,0.0,6.76398900424302e-05
18575.0,0.00010722990374004474,0.0,1.051593641406131e-05,0.0,0.0
18578.0,0.00011938773387905254,0.0,2.1256677781165573e-07,0.0,0.0
18581.0,0.00016654858727720566,1.2847271206927253e-05,3.5648933100024597e-05,0.0,6.898856655564845e-06
18584.0,0.00017201400621914075,2.258652175985096e-05,0.0002735033606919926,0.0,7.172549696686951e-05
18587.0,0.0001618550176702475,2.29743490839399e-05,7.0483715612127e-08,0.0,0.0
18590.0,0.0001714731651048272,0.0,0.0005436990769705449,0.0,0.0
18593.0,0.00013501677748614432,0.0,3.4892661076214736e-05,0.0,0.0
18596.0,5.226036468370123e-07,0.0,9.732423227460466e-06,0.0,8.643394312050158e-05
18599.0,1.9976541606497166e-05,0.0,3.5721282103448454e-06,0.0,0.0
18602.0,4.753117006520764e-06,0.0,2.7833747690173686e-06,0.0,5.899431381670901e-05
18605.0,3.3853521560932866e-05,4.7896362009041664e-05,0.00011298440179301191,0.0,0.0013907975563507643
18608.0,0.00013663995489710508,0.0,0.000372924868111688,0.0,0.0001425222914466821
18611.0,0.00014328177407238162,6.501752311680015e-05,0.000680881959220449,0.0,0.00017774271502798378
18614.0,2.934795621243076e-05,0.0,1.3324651640391573e-07,0.0,0.0003954381955341637
18617.0,3.220811976421819e-05,0.00053832893522578,4.414875555634873e-06,0.0,0.0
18620.0,6.431770167981919e-05,7.626865263118985e-05,3.590691959918769e-06,0.0,0.00022248290062351929
18623.0,6.316062063732929e-05,0.00010661711549325587,0.00032314430948450316,0.0,0.00036466969830618943
18626.0,6.013932477709907e-06,0.0,5.9602689182354776e-08,0.0,0.0
18629.0,8.607491636878949e-06,0.0,1.1085006473202462e-05,0.0,0.0
18632.0,9.327788615455217e-05,6.62313548798053e-05,4.285582903394852e-06,0.0,0.0
18635.0,1.2378291681199184e-05,0.0,3.759553767997284e-07,0.0,5.388777891577184e-05
18638.0,6.562269062407824e-06,2.294646819735422e-05,0.0003306127778532886,0.0005219025966385505,0.0
18641.0,2.1708126463420142e-05,0.0,7.443601524655123e-06,0.0,0.0
18644.0,3.8962475305729214e-05,0.00044582151273080427,2.2232033844199216e-05,0.0002529086410715741,0.0
18647.0,0.0001229087270101665,1.9018456556042605e-05,0.00011054026872267638,0.0,0.0
18650.0,0.0,0.0,9.040162797583251e-05,0.0,0.0
18653.0,1.812547113753606e-05,0.0,9.196541747088904e-06,0.0,0.0
18656.0,5.309294336281753e-06,2.8637988700130996e-05,7.624064025453777e-08,0.00011234336052406245,0.0001461702019587887
18659.0,0.00029893307395986176,0.0,4.0376817857848006e-08,4.915094921438291e-05,0.0
18662.0,1.3585401197637122e-05,0.00021671468631429282,1.12751900540702e-06,0.0006531995627808048,0.0
18665.0,0.00010860410351968977,0.0,0.0,0.0,7.553054301266155e-05
18668.0,0.000182168837086258,0.0,1.2351068268496676e-05,0.0,0.00032799178612027133
18671.0,0.00022315777761552712,0.00022402180510731388,8.256552644811833e-05,0.0,0.00028585212594148187
18674.0,4.972852659889235e-05,0.0,2.2369606580248424e-06,0.0,0.0
18677.0,2.0301713877701071e-07,0.0,0.00021168890894322748,0.0,1.615129130518776e-05
18680.0,1.9978877505154447e-05,5.514657065681689e-05,6.849682517053878e-06,0.0,0.0
18683.0,7.905115070947127e-05,0.0,4.2556589679036585e-06,0.00016983111258761724,5.085698002872569e-05
18686.0,8.651749948089143e-05,0.0,1.733655816712648e-05,0.0,0.0
18689.0,3.6691183603485644e-05,0.00013065320276789234,0.0002199849643808346,0.0,8.811194986910486e-06
18692.0,2.330507363675029e-07,0.0,2.0150693916757614e-05,0.0,0.0004941647307323892
18695.0,0.0001187684461000866,4.6323831392018066e-05,3.864963608560887e-06,3.388323839891466e-05,0.0
18698.0,4.839635517407203e-05,0.0,6.924492924883744e-05,0.0,0.0
18701.0,0.00025211712408329854,0.0002277502492763353,0.0,0.0,0.00015092333101895088
18704.0,0.00017580157657218212,0.0,2.517526465513859e-05,0.0,0.0
18707.0,8.226429234810366e-06,0.0,5.062632707274807e-07,0.0,0.0
18710.0,3.247324005543768e-05,0.0,3.502052716987239e-05,0.00039434325139157196,0.0
18713.0,0.0002471909464836497,0.0,9.980555787094613e-06,0.0,0.0
18716.0,1.5361991376292e-05,0.0,5.67454107962043e-06,0.0,2.3425491376890857e-05
18719.0,1.7113681880888112e-05,0.0,1.3520627601794967e-08,0.0,0.0
18722.0,0.00017106519522784764,0.0,1.3497690815171807e-05,0.0,0.0
18725.0,0.0001224402878918081,0.0,4.9480595918871484e-08,0.0,3.1289257357291936e-05
18728.0,2.827957071877863e-05,0.0,1.759549644293437e-05,0.0,7.628008887018533e-06
18731.0,2.04509811631033e-05,3.809770738404515e-05,2.495887559412564e-07,0.0002850960048698623,0.0
18734.0,0.0001649626148768838,3.277445715609763e-05,3.52965448704527e-05,5.693471941794786e-05,1.5299622073023295e-05
18737.0,1.2391278881104049e-05,0.0,6.344504830969068e-06,0.0,0.0
18740.0,0.0002458428478222956,0.00022821049348910338,2.4701386406984876e-05,0.00013182521017609465,0.0
18743.0,7.599390083225891e-05,0.00013317906574783912,8.348321552754479e-05,0.0,2.2157788209212334e-05
18746.0,0.00018520042619775735,4.343489929542815e-05,1.007009955787507e-05,0.000313808187756334,0.0
18749.0,0.00018100691256555372,0.0,4.725540007172584e-05,0.0,2.7640931602099177e-05
18752.0,4.7151832240768464e-05,0.0,2.1213515538091753e-06,0.0,0.0002997788420672082
18755.0,4.496315894851853e-05,0.00020335755650843817,3.908992604736561e-06,0.0,0.0
18758.0,9.301055378455919e-05,3.472195357800457e-05,3.5256479133109486e-05,8.36374460631367e-05,0.00010057238886466913
18761.0,5.4417964426019166e-05,0.0,9.51912456001012e-05,0.0,0.0
18764.0,0.0001529413909887802,0.0,6.345944781032887e-06,0.0,5.740813996408341e-06
18767.0,0.00022269935865566667,0.0,1.9955282045168963e-05,0.00043552718497317014,0.0
18770.0,2.154696507140727e-05,0.0,1.744898421262605e-05,8.490644052772193e-05,0.00016565961733404285
18773.0,0.00013916425973216722,0.0,0.0006030334508097245,0.0,0.0
18776.0,0.00016064652990489426,0.00027864895194510574,4.1235302069250155e-05,0.0,0.0
18779.0,1.758520162273017e-05,0.00017635908596958004,5.623829447369538e-05,0.0,0.0003700321739457004
18782.0,4.5788937888948684e-05,2.3023034603270064e-05,1.5722136690417838e-05,0.0,2.1259347505795215e-05
18785.0,1.697362789962486e-05,0.0,0.0002278039946058006,0.0,0.0
18788.0,0.00016731827351677763,0.0,0.00016251355415950152,0.0,0.0
18791.0,3.7198534137760875e-05,0.0,2.705161363155301e-05,0.0,0.0
18794.0,6.587058658081687e-06,0.0,0.00044023869924767953,0.0,2.6476523927045508e-05
18797.0,6.678921483826628e-05,0.0,7.918027600288125e-05,0.0,0.0
18800.0,0.00014597571374880332,0.0,5.666073093674043e-06,0.00034140324384340835,0.0
18803.0,2.732932526334754e-07,4.5297464549386484e-05,0.0008020513252898844,0.0,0.0
18806.0,6.388983257043742e-05,0.0,2.8258743964090104e-07,0.0,0.0002453346978149472
18809.0,6.134023964926206e-05,0.00010381910569365537,4.3312685499082934e-05,0.0,2.6280984070293954e-05
18812.0,3.7809441866630386e-05,0.0,0.00011106349932816961,0.0,8.076406302429023e-05
18815.0,7.148864037326335e-05,1.4109975750799535e-05,0.0003121988957748358,0.0,6.786725922547187e-06
18818.0,0.0,0.00015605687468868014,0.0,0.0,9.795483423458531e-06
18821.0,2.3810613162491183e-05,5.36783881208845e-05,8.224127225455897e-05,0.0,0.0006353116360980687
18824.0,8.563277321888201e-05,0.0,3.348665925192317e-05,0.0,0.0
18827.0,2.4081973050644625e-05,5.561189945436396e-05,1.1656946804417496e-05,9.255868070372864e-05,1.396779404802687e-05
18830.0,6.099473854814315e-07,1.767983048042157e-05,3.636874288607162e-05,0.0,0.00030727112592030534
18833.0,7.028193720700128e-05,0.0,4.446192083287355e-05,0.0,3.876390517590497e-05
18836.0,9.86604848582287e-06,0.00028325689038491837,1.441934086713377e-07,0.0,0.00041160675717679947
18839.0,9.076092149532163e-06,0.0,2.302835994962749e-08,0.0,3.400915242090238e-05
18842.0,6.313281205972502e-05,0.00014233888942077517,2.792292830042382e-05,0.0,1.3044400066333088e-05
18845.0,3.227333347279849e-06,0.00048767181234114315,0.00023541454545149355,0.0,0.0
18848.0,3.930609284554195e-06,3.162013239700351e-05,4.037143941101103e-05,0.0,0.0
18851.0,5.163003510288157e-06,0.0,3.408150869130167e-08,0.00010480082670418513,0.0
18854.0,0.0001363774317589347,2.173846510470549e-05,0.00045749367899215244,0.0,0.0
18857.0,6.69716344266522e-06,0.0,0.00019082358395069082,0.0,0.0
18860.0,0.00016725519735300278,0.0,4.007492825699404e-08,0.0001600435558784395,0.0
18863.0,0.00015994667130662422,0.0,4.591373598484042e-08,0.0,0.0
18866.0,1.850643701728647e-05,0.00017538037532789655,2.6721104564823836e-06,0.0,0.0
18869.0,1.011822380687164e-07,0.0,6.452659796466497e-06,0.0,3.776555651408538e-05
18872.0,9.358790853058933e-06,0.0,7.03081117579432e-05,0.0,0.0
18875.0,0.00015976660211964227,6.638511272352201e-05,5.338493392650475e-08,0.0,0.0
18878.0,1.0362653099651864e-05,0.0,1.0567730584839995e-08,0.0,0.0
18881.0,3.6646257910226346e-05,2.5690382975476767e-05,6.646639701525603e-08,0.00015163798209340322,0.0
18884.0,1.4444721302046443e-05,0.0,1.6811504247490133e-06,0.0,0.0
18887.0,3.6290927987318065e-05,0.0,2.43425610468683e-06,0.0,0.0006305680491352801
18890.0,6.342756386329876e-05,0.0,4.440891994943842e-05,0.0,0.0005962528937030932
18893.0,0.00015439119161550429,0.0,1.3634367949062006e-07,0.0,0.0
18896.0,6.776517309752972e-05,5.246060278317804e-05,3.2915349821610513e-06,0.0,1.590473694783021e-05
18899.0,3.1548729597140404e-05,0.0,5.374676934483465e-08,0.0,2.2228498444383364e-05
18902.0,0.00012669750043729113,0.00016581786370174797,0.00018636906877005804,0.0,0.0
18905.0,0.0002234281714118956,0.0,3.034241727377432e-06,0.0,3.916952170049444e-05
18908.0,0.00015129790332039903,0.00014076893706027732,0.0001215457783134584,0.0,0.0
18911.0,8.718707181561596e-05,0.0,1.1345076028499437e-06,0.0,0.00015283662016259044
18914.0,7.552802748011692e-05,0.0,0.0,0.0,0.0
18917.0,0.00024035699657930126,0.0,8.411987745928673e-06,0.0,0.0
18920.0,5.0555586797459425e-05,0.0,2.3305814501214e-06,5.1300616486424606e-05,0.0
18923.0,1.3803812211503215e-05,0.0,0.00010810309946669056,0.00015788073524727897,0.0
18926.0,1.509571267086064e-06,0.0,4.254343221173649e-06,0.00013809097012663018,0.00012203844815370276
18929.0,0.0001858383356205934,0.0,0.0,0.0,0.0008504013968739881
18932.0,0.00019891315718787038,0.000109987294858179,1.7114421042929507e-06,0.0,0.0001146440106714586
18935.0,8.86376672631279e-06,0.0,1.077753938909472e-06,0.0,0.00011759501116215206
18938.0,0.00018256124625776353,0.000197249090132643,0.0002984311016185005,0.0,0.0
18941.0,2.523960087401174e-06,0.0,1.9617141054344876e-05,0.0,4.563175921641491e-05
18944.0,1.993907306748259e-05,5.6933923740610274e-05,3.10867426837444e-05,0.0,1.4816581587546663e-05
18947.0,4.6673887489353354e-05,0.0,4.533358271014064e-06,0.0,0.0
18950.0,6.294576983306564e-07,2.3513436604490714e-05,9.703305312267369e-06,0.0,1.1084593315964011e-05
18953.0,0.0,0.0,0.0,0.0,0.00010094858400100119
18956.0,1.2702948255811361e-05,0.0,1.6604911813113956e-07,0.0,2.293861885834277e-05
18959.0,6.578190347545287e-05,0.0,5.653785152525381e-06,0.0002535639213952731,6.7627541279287725e-06
18962.0,5.416912212114062e-06,0.0,1.4281708037702886e-05,5.404218848244451e-05,0.0
18965.0,4.671817786275967e-05,1.4123833104536231e-05,4.713571803950649e-06,0.0,0.0
18968.0,4.565672852730465e-05,0.0,2.6524346332466407e-05,0.0,0.0
18971.0,7.458927319697615e-05,0.0,4.00149799704317e-06,0.0,0.0
18974.0,1.8436328826888696e-05,0.0,3.5388098841313614e-06,3.6191045325320435e-05,0.0
18977.0,6.308111688250013e-05,9.720231601550754e-05,4.212185079970239e-05,0.0,0.0
18980.0,0.00011060763193688331,0.00011362629249993955,0.0,7.411803114576018e-05,0.0
18983.0,1.529822139369803e-05,1.3577671810429475e-05,2.411511769250197e-05,0.0,0.0008710485779223856
18986.0,3.815851925139198e-05,0.0,4.3121574149883327e-05,4.522348661036176e-05,0.00010257845841351028
18989.0,8.216338420804363e-05,0.0,0.00029971540063800355,0.0,0.0
18992.0,0.00019907650319517817,0.0,1.5798419598414332e-06,9.691660845578603e-05,0.0
18995.0,9.382243570707973e-08,0.0,1.0262483960021122e-05,0.00023508142412770493,0.0001358579183150798
18998.0,0.00013317016865154534,0.0,0.001555103127245373,0.0,2.1466602879982814e-05
19001.0,1.6883289314509375e-06,3.139521764951873e-05,3.2249166052945535e-08,0.00010787840626579637,0.0
19004.0,1.1435252314630115e-05,5.206320651856357e-05,2.9684083371467877e-05,0.0,0.0
19007.0,6.098801098160492e-05,0.0,0.00029373335639367435,0.0,0.0002693236230981352
19010.0,7.327447934191655e-06,0.0,9.019778075308655e-06,0.0,9.081341380209455e-05
19013.0,1.3401849438569511e-05,0.0,0.0002918174904302369,0.0,5.96080091236513e-05
19016.0,1.840287827091781e-05,0.0,1.112598475524917e-06,0.0,0.00012339479250800107
19019.0,1.750333742388173e-05,0.0,5.57024846787932e-06,0.0,0.0
19022.0,8.094736502774608e-05,0.0,3.028496898014132e-05,8.489149466260558e-05,0.0
19025.0,0.000290739400496004,0.0,1.5217437669684032e-05,3.908328047951604e-05,1.3091361228177382e-05
19028.0,8.25225765461744e-05,7.919899060987757e-05,1.949347593806909e-06,0.0,1.2416644062252117e-05
19031.0,4.713735947552661e-05,0.00031501566452713344,5.56913113355794e-05,0.0,1.8490969036935903e-05
19034.0,2.4725372631707606e-05,0.0002705665902312596,0.0,0.0003422121736474022,0.00021887007060232078
19037.0,9.863912736781469e-05,0.0,9.95437743490538e-05,0.0,0.0
19040.0,0.00022115914222597255,0.0,5.212066056901382e-08,0.0,2.4141185485547967e-05
19043.0,1.537178937730476e-05,0.0,1.244227972829559e-08,0.0,0.0
19046.0,5.965372688916712e-05,8.084787928885534e-05,9.741716949188118e-06,0.0004348007460813635,0.0
19049.0,2.1092361085415546e-05,0.0,6.630852537731883e-06,0.0,0.00011406926516600015
19052.0,0.0001157291840596274,0.0,0.0,0.0,4.520894926872179e-05
19055.0,3.0448278667182124e-05,0.0,1.121611015064799e-06,0.0,0.00036504376815290766
19058.0,0.00010839337560427346,0.0,0.0001281570689406703,0.0,0.0
19061.0,1.2811290136866245e-05,0.0,2.6700308436946285e-06,0.0,6.001745673757794e-06
19064.0,9.589565409683704e-07,0.0,4.2942218472878246e-05,0.0,1.150977958659123e-05
19067.0,6.432128020816696e-07,0.0,0.0002229670667760959,0.0,1.580786922943259e-05
19070.0,5.963354220835621e-05,2.762597774857298e-05,2.4435443923264233e-05,0.0,0.0004048253770371197
19073.0,0.00016371958287669024,0.0,4.433735694070618e-06,0.0,6.784581946994488e-05
19076.0,0.0001957038344464608,0.0,2.626265824864833e-06,0.0,0.0005236552890506105
19079.0,0.00018887960770660987,5.5177470050561615e-05,4.1756069627275485e-07,0.0,9.507302456686116e-05
19082.0,1.2935745682091082e-05,0.0,5.723568484292791e-09,0.00011071174886708003,0.0
19085.0,8.739562968680119e-06,0.00033767575278788065,6.282398419230287e-05,0.0,0.0
19088.0,3.486537474287748e-06,0.0003624119725048728,7.722346871703358e-07,0.0,2.2415995797543007e-05
19091.0,0.00020674628628869309,0.0,8.703556407358836e-05,0.0,0.0
19094.0,0.00011513187612043697,0.0,0.00025337370427461913,0.0,0.0002906543452280393
19097.0,6.962133405009958e-05,0.0,1.2846613967663062e-05,0.0,0.00020956839378508243
19100.0,0.00021846784302540788,0.00018309154251059417,1.0821675623937821e-08,0.0,0.000399056435040294
19103.0,8.381327868436758e-05,3.0283754699968885e-05,0.0003358202624339652,0.00016060106800722508,0.0
19106.0,0.00014239781282538052,0.0,0.00042092962301752224,0.0,0.00015968639461350146
19109.0,3.074782198892756e-05,0.0,8.483932367985452e-06,0.0,0.0
19112.0,2.2543683143959866e-05,0.00011544037313767362,0.0003944535997324823,0.0,0.00011709562850189846
19115.0,7.92722262077791e-05,2.1987304683789362e-05,0.0,0.0,0.0002560515782783487
19118.0,3.8697036822685733e-07,0.00013907303209394805,7.596742557346183e-07,0.0,0.00024717841392323127
19121.0,1.8788966918991692e-06,0.0004967674251491763,2.7747437255424255e-05,0.0,6.103331591722153e-06
19124.0,0.0001604134713315782,0.0,2.1230337322437576e-05,0.0,0.0
19127.0,7.681664415066235e-05,0.0,0.0,0.0,0.00010816727173448751
19130.0,8.83380097737305e-05,0.0,9.04966583826682e-08,0.0,0.0
19133.0,0.0003495625537937418,0.0,5.035902648912637e-06,0.0,0.0
19136.0,7.76914724734853e-06,0.0,0.00011791828469286183,0.0,0.0
19139.0,2.727536762835963e-06,0.0,8.671039732197354e-05,0.0,6.081915618299187e-05
19142.0,1.6676899789387063e-05,0.0,6.672369203900336e-05,0.0,2.0629880511452316e-05
19145.0,3.155146116898508e-05,1.7958050278529617e-05,6.310970688473782e-07,0.0,0.0
19148.0,0.00024448795965030285,0.0,8.391554993676265e-06,4.461036403209104e-05,0.0
19151.0,2.4647299232230214e-05,0.00012990896837336335,1.4519188782968758e-05,0.0,0.0003191947377103196
19154.0,0.00014405675051575639,0.00015708449159508177,3.516563724937307e-05,0.0,0.0
19157.0,0.00017418081889473334,0.0,1.0964931096631727e-07,0.0,0.00020778238561283327
19160.0,2.8358778397008557e-05,1.563048858524878e-05,7.4643441831800425e-06,0.0,1.8493217012007005e-05
19163.0,0.00011164830929860344,0.0,2.9015149619945293e-07,4.3654954771792415e-05,2.601460468677408e-05
19166.0,0.00010976263426103343,5.178440261327725e-05,5.803271438888848e-06,0.0,0.0
19169.0,8.989277101393974e-05,0.0,1.9105373451623704e-07,0.0,1.1994941114877391e-05
19172.0,0.00018204358798899165,0.0,6.477215072680263e-05,3.2410365086172234e-05,0.00023445640056726826
19175.0,1.7749273245592418e-05,0.0,1.3097414709010262e-06,0.0,0.0
19178.0,0.00014059111005991552,0.0,2.681886369341863e-05,0.0,4.6682076022337285e-06
19181.0,1.8165952656334864e-05,0.0,1.8125053483058047e-05,0.0,0.0
19184.0,0.00011627493580787536,1.9869406463941585e-05,1.2204123148527233e-05,0.0,0.0
19187.0,5.409866086791351e-05,0.0,1.5864595315485631e-06,0.0,6.721461081397573e-05
19190.0,3.4582915071162306e-05,5.4870160226804584e-05,8.196973612255053e-05,2.8585440596105578e-05,0.0001130899794649063
19193.0,6.740887219328322e-05,0.0,2.190695009357759e-07,0.0,5.5837450903635224e-05
19196.0,0.00012755232896492454,0.00014918793797105684,7.712093111695408e-06,0.0,0.0
19199.0,8.815002116965243e-05,8.438741997205356e-05,0.00039240205544888423,0.0,0.0
19202.0,6.06609882536149e-05,0.0,0.0001917547363590934,0.0,0.0
19205.0,8.101749109770775e-05,0.0002264713869141495,1.132118823818276e-06,0.0,4.9454474799258266e-06
19208.0,9.733257472296291e-07,0.0,3.66734403829655e-05,0.0,1.769044029390472e-05
19211.0,1.1181165636970623e-05,0.0,1.4465376936101465e-05,0.0,0.00010243206257600834
19214.0,0.00015695772489644953,0.0,0.00019293460519396563,0.0,3.141133127475507e-05
19217.0,2.1358572030032437e-05,0.0,4.7496346472173235e-06,0.0,9.300600299537425e-05
19220.0,4.421234527180559e-05,0.0,0.00019652308212427644,0.0,0.0
19223.0,0.00010056391806994405,6.390980663813259e-05,1.7056920747792249e-06,0.0,0.0
19226.0,2.3655496907635766e-05,0.0,0.0,0.0,0.0
19229.0,1.5668907324496758e-05,0.0,0.0002509208678435166,0.0,0.0001020993433907995
19232.0,0.00016613621248858524,2.472601830372579e-05,4.048050807533465e-05,3.6073263783126735e-05,0.0003093468883587564
19235.0,4.631000563049753e-05,0.0,0.00012834348751647722,0.0,0.0
19238.0,0.00018280887962304686,0.0,7.821745809040904e-05,0.0,2.203121645413842e-05
19241.0,1.915276529433795e-06,0.0,0.00013466950051425775,0.00015848010934018514,0.0
19244.0,0.00019404374075249114,0.0,9.489293462501414e-05,0.00015291535821625112,0.0
19247.0,5.720459189829068e-06,0.0,8.327055739735441e-05,0.0001061555906207542,2.7088003345882442e-05
19250.0,0.00022935537492688285,4.095813604244962e-05,3.937785466299626e-06,0.0,0.0
19253.0,4.845794671918985e-05,0.0002888641407157678,0.0004121049071365677,0.0,0.0002534050203342965
19256.0,1.2302933662411177e-05,0.0,0.00012906463343678154,0.0,0.0
19259.0,8.675713781179644e-05,2.0554199582118878e-05,2.3344950257026248e-07,0.0,3.2742812005533965e-05
19262.0,0.00010382766672109869,0.0001617908427933631,3.335024001086676e-07,0.0,0.0
19265.0,6.610707389233519e-05,0.0,1.3329190545267297e-05,0.0,6.7382127896682885e-06
19268.0,9.72752852039169e-05,0.0,3.0229144538251783e-06,0.0001242336550589974,2.408880823263186e-05
19271.0,2.915333670076686e-05,0.0,2.6538795537932106e-09,0.0,0.0
19274.0,5.4531224514448194e-05,0.0,1.0265080916451386e-05,0.0,0.0
19277.0,1.0024652377989743e-05,1.265229722293497e-05,2.4873224018215226e-06,0.0,5.7808719306917204e-05
19280.0,4.7848231807077365e-05,0.0,1.588093203028918e-07,0.0,0.0
19283.0,5.537133634571535e-05,0.0,9.225783281019745e-09,0.0,7.4473736146049e-05
19286.0,5.091974873695094e-06,0.0,1.0293827888009854e-07,0.0,3.155484306027663e-05
19289.0,0.0001219477593988842,0.0,6.671541237076492e-05,0.0,0.0
19292.0,6.241710766867702e-05,0.00010956513294526294,0.00016601128632467852,0.0,0.0
19295.0,2.0783603327419e-05,2.0358121871186764e-05,0.00026536360479055516,3.0300453672794815e-05,5.0458710947425914e-05
19298.0,0.0001536665241463755,0.0,2.185764715024861e-05,0.0,0.0
19301.0,1.9414537412748174e-05,1.36646206904355e-05,5.4266233303522936e-05,0.0001269091537872247,0.0
19304.0,2.99183349128306e-06,0.0,5.262611071109447e-07,0.0,0.0
19307.0,2.404201956455587e-05,0.0,0.00010791339996548996,6.710483539419879e-05,7.264129483128901e-06
19310.0,0.0001098022888695214,0.0,9.51772881884515e-05,0.0,1.1852759050965904e-05
19313.0,1.3564782810527201e-05,0.0002770678817059387,2.0559296777165753e-08,0.00014529782245308073,0.0
19316.0,0.0001142228741343026,0.0,0.0003053979454367698,0.0,4.479411765068909e-05
19319.0,1.3329235552215007e-05,6.45023629081337e-05,3.5643900756662304e-05,0.0,0.0
19322.0,4.924463230547716e-05,2.4275149569233122e-05,1.2773875459897888e-07,2.3177127493108585e-05,0.0
19325.0,0.0002664080771344439,0.0,9.469402041572147e-07,5.7106311776368745e-05,0.0
19328.0,1.433311491712402e-05,0.0,2.4207315131948187e-07,0.0,0.0002866790759414728
19331.0,6.859358443287863e-06,2.8222697177379726e-05,0.00031854946315530865,0.0,0.0
19334.0,1.1612043997974274e-05,0.0,0.00044882069045766614,0.0,0.00021500708682119495
19337.0,6.6686805849355564e-06,0.0,1.5186554525459657e-08,0.0,0.00017875625969928903
19340.0,2.9460024694291583e-06,2.5636910505598573e-05,0.0003747699598647251,0.0,1.5292022180811883e-05
19343.0,0.00015300210635719062,2.6793316224024196e-05,4.8788539826147706e-05,7.241796215237219e-05,2.8578259820537216e-05
19346.0,4.6711691738651095e-05,0.0,1.1972637920367336e-06,0.0,0.0
19349.0,0.0,0.00018154856697270543,4.2498923431662756e-06,0.0,0.0
19352.0,0.00013002855543797046,0.0,1.6445918725748584e-05,0.0,4.7026604154676563e-05
19355.0,9.564403027054613e-05,0.0,0.00024427787457070074,0.0,0.0
19358.0,3.744919957258116e-05,2.8270968489071796e-05,1.794531091046794e-08,0.0,0.0
19361.0,1.5778217317571196e-05,0.00022250087434479864,4.907550397069547e-08,0.0,0.0
19364.0,3.921790892354802e-06,9.798893228438336e-05,0.0,4.960085040160477e-05,0.00020953099689836747
19367.0,0.00016543175482144502,2.861718158710126e-05,1.8619014072057303e-07,0.0,0.0
19370.0,0.00012642256203054952,0.0,2.6145218528415688e-05,0.0,2.8086859264881173e-05
19373.0,3.511583848606709e-05,0.0,1.353966006922386e-05,0.0,0.0
19376.0,5.954780735719362e-05,0.0,0.00036104178525823717,0.0,0.0
19379.0,5.3247528042232715e-05,0.0,7.37673286462906e-05,0.0,0.0
19382.0,0.00010886797757993107,0.0,5.558444897214773e-06,0.0,0.0
19385.0,1.1016528816889976e-06,0.0,6.091573881265306e-05,0.0,0.0
19388.0,4.2707635391776536e-05,2.5848300257571228e-05,6.060172903170746e-07,0.0,1.3016438163150182e-05
19391.0,0.00013973004369695365,0.0,8.0614570331366e-08,0.0,5.085286534723534e-05
19394.0,0.00022460467351580906,0.0,4.5434352320439545e-06,0.0,2.269817612422638e-05
19397.0,3.7448066250268175e-05,0.0,5.901872870011295e-08,0.0,6.442577926378625e-05
19400.0,1.3936395658127584e-05,0.0002394682726482699,0.00013780924585768647,0.00034059013746480407,0.0
19403.0,6.064495351522726e-05,0.0,3.2288939769808805e-06,0.0,0.0
19406.0,0.00011187330545735062,0.0,1.882536067646826e-05,0.0,3.0166617474302428e-05
19409.0,4.912433446154747e-06,0.0,2.1543172138697316e-05,0.0,2.9967657524495595e-05
19412.0,9.468685560574407e-05,0.0,1.2785864815784966e-05,0.0,2.6542896759434513e-05
19415.0,5.433671375386533e-05,2.8034193017483052e-05,4.720073022142659e-08,0.0,4.223885608967255e-05
19418.0,4.542146272572994e-06,4.728324541439398e-05,4.278964690449031e-08,0.0,0.0004900702527056541
19421.0,0.00013067595988519186,0.0002801478131293949,8.90675545057718e-05,0.0,1.2587737426039008e-05
19424.0,1.0414346334718885e-05,0.0,1.5022554237779822e-08,0.0,0.0
19427.0,2.0084582579957117e-07,0.00030759466467663183,0.000382826601044873,4.7086174741292484e-05,0.00016285627822852988
19430.0,4.584515998241501e-06,0.0,6.456620549517487e-08,0.0,0.0
19433.0,0.0003301609333118701,5.1787731156093546e-05,7.874391038023237e-07,0.0,0.0003004777188308749
19436.0,2.1554475093336278e-05,0.0,7.169482461643033e-07,0.0,0.0
19439.0,2.5531109771684587e-05,0.00022760877380521643,2.558107058788267e-05,0.0,0.0
19442.0,1.0086587245868798e-05,3.177879996538853e-05,9.438393718839723e-08,0.0,0.0007800939625963036
19445.0,2.935613302888172e-05,0.0,3.9631548085054007e-05,0.0,8.863602439323768e-06
19448.0,1.0075573044127899e-06,0.00035224297904714176,1.681181102830325e-06,3.0503434486138154e-05,1.5246201049986016e-05
19451.0,6.08188731277083e-06,0.0007563855290330903,0.00022955987816231132,0.0,0.00022252343967354206
19454.0,0.0,0.00011390155455787738,1.647988484082556e-07,0.0,3.9966565704671695e-05
19457.0,2.6880393227414965e-06,0.0,7.846541651030285e-05,0.0,0.0
19460.0,5.167070525498327e-05,5.5893615214543224e-05,2.4804743183606822e-08,0.0,0.0
19463.0,5.873561708051306e-05,0.0,0.0002607905519326959,0.0,0.0
19466.0,1.2810923098307922e-05,3.9475282619215896e-05,2.0279635481575118e-05,0.0,6.330633769629463e-06
19469.0,1.5558682389634253e-05,0.0,6.4034708950930785e-06,0.0,6.361920448704683e-05
19472.0,6.6965107897852294e-06,0.0,9.182735792553042e-06,0.0,0.0
19475.0,5.798620085958317e-05,5.902785248372431e-05,7.56179867761166e-05,0.0,0.00015913977238978896
19478.0,5.638190553683859e-06,0.00024126163918367142,4.255632170148409e-05,0.0002187832611268975,0.00010597708906363909
19481.0,1.0111402245748342e-06,0.0,0.0005387707296144831,0.00024160276763716856,0.0
19484.0,3.1631562142238495e-06,0.0,1.1762042366577187e-08,5.2157976025022904e-05,0.0
19487.0,6.6225386226310025e-06,0.0,3.0873168038924485e-05,2.9875781205670995e-05,0.0003979809931964548
19490.0,8.478869352005184e-05,0.0001560000711957004,2.092696493856933e-06,0.0,0.0
19493.0,1.584073014820881e-05,0.0003762771961866937,0.00010139895873175396,0.00014244531286669256,7.4636599203120915e-06
19496.0,3.6093670820317856e-07,0.0,1.5574421168484943e-06,0.0,2.3875535608631775e-05
19499.0,4.09967024266266e-06,0.0,1.5572827593897757e-06,0.0,0.0002506397755351364
19502.0,1.2761883904924248e-05,9.017298297067437e-05,1.6818958175501902e-06,0.0,0.0002719921639167964
19505.0,0.00010918206659055451,0.0,7.18124408772066e-07,0.0,0.0
19508.0,6.38986784456346e-05,0.0,1.6420368251026043e-06,0.0,0.00014840427016144078
19511.0,3.7830965972718396e-06,8.416562294313815e-05,8.99169734586441e-08,5.737894374223926e-05,0.00012982174946134467
19514.0,6.368403121660197e-05,0.0,1.2409254340647461e-06,0.00040792912118219537,0.0
19517.0,8.160775603073955e-05,0.0,3.376449075491963e-09,0.0,3.876355740982029e-05
19520.0,4.8155410444333274e-05,0.0,6.218676602097205e-05,0.0,0.0
19523.0,2.5060310619209558e-06,0.0,0.00016726477715464828,0.0,0.00044653424233241564
19526.0,2.6651717967773117e-05,8.136595135241474e-05,3.3677236883570905e-08,0.0,0.0
19529.0,0.00010564874714950732,0.0,7.372209376784154e-05,0.0001588776964358696,7.267296183528181e-06
19532.0,0.00026801714058162946,0.0,8.964422953045736e-05,0.0,0.0
19535.0,0.00011466701678941309,7.916195499040445e-05,1.765780610479012e-07,0.0,0.0
19538.0,2.5571311873499646e-06,0.0,2.4035189878953827e-05,0.0,7.314953915649545e-05
19541.0,1.1660215954432493e-05,0.0,0.0003111712409779646,0.0,0.0
19544.0,9.861356857026957e-05,0.0,2.330490182603649e-06,0.0007305082154021857,0.0
19547.0,2.4476907866703293e-06,0.0,0.000342179906604452,0.0,0.0006475880648386629
19550.0,2.037223496695778e-05,0.0,3.404616106455131e-05,0.0,0.00011451607805154315
19553.0,4.792770724934383e-05,0.0,1.9623113411445557e-05,0.0,0.000302802113729583
19556.0,6.132598596723539e-05,0.0,2.87469279856809e-05,0.0,7.497742789705603e-05
19559.0,7.660334972730099e-05,0.0,5.078377874455638e-05,0.0,4.94377225719337e-05
19562.0,2.1493940374886364e-05,0.0,9.22800499150199e-05,0.0,0.0
19565.0,2.8695827480834446e-05,0.0,6.913455312023749e-08,0.0,0.0
19568.0,3.2193156121015047e-06,3.2575759023790386e-05,2.623493585980838e-06,0.0,0.00014503305499234285
19571.0,2.3780446893071244e-05,0.0,1.407897014489777e-06,0.0,0.0001301992129765582
19574.0,0.00017741133749803203,0.0,0.0,0.0,0.0
19577.0,1.7658525636174143e-06,1.8133009600632105e-05,6.935204928891065e-05,0.0,0.0
19580.0,0.0001352316042525445,0.0,3.222613966981971e-06,0.0,5.104887895859886e-05
19583.0,1.9076681328169503e-05,0.0,4.1812943948251685e-07,0.0,0.0003023371924705454
19586.0,9.15515745490289e-05,0.0,5.1608095566271474e-05,0.0,2.672491479132513e-05
19589.0,2.4628187012946028e-05,0.0,0.0004900522030145811,0.0,2.585728701237127e-05
19592.0,3.828579121831328e-05,0.0,6.677334960125724e-05,0.00011699633903966486,0.0
19595.0,1.7391831308958998e-05,0.0,0.0002993180146395082,0.0,0.0
19598.0,2.036728069790865e-05,9.068710642010295e-05,1.1485429816179083e-06,0.0,0.0
19601.0,1.2402266458690857e-05,0.0,0.00015004288864829167,0.0,2.4926766893078038e-05
19604.0,6.734580851202051e-07,0.0,5.242380148031304e-06,0.00032291986279554715,0.0001492758276499648
19607.0,3.0069110386293133e-06,0.0,3.972405202583641e-06,0.0,5.3614498003412775e-06
19610.0,1.1914906399199306e-05,0.0,5.981686801827566e-08,0.0003441983273107175,0.0
19613.0,6.036666854600827e-05,0.0,2.0550110783728893e-06,0.0,0.0
19616.0,0.00011292599698812406,8.856009315193187e-05,0.0003191469068609682,0.0,1.120416633756719e-05
19619.0,0.00014524126324010907,0.0,4.201269002888785e-06,0.0,0.0
19622.0,5.1493045163563187e-05,0.00010632791423216784,0.00014479584551164702,0.0,0.0
19625.0,3.683440038395742e-05,0.0,7.395656712686647e-06,0.0,0.0
19628.0,2.4524915354596717e-05,0.0,2.8228392015174802e-05,0.0002582506938161923,0.0
19631.0,0.00012497481749511547,0.0005999825119345105,0.00010524102273217251,0.0,6.65383105337844e-05
19634.0,3.399163061260516e-06,0.0,8.155950382524644e-05,0.0,0.0
19637.0,1.1109123330604596e-05,0.0002330682983460967,0.000468203687302197,0.0,3.349584024257596e-05
19640.0,6.485186231760311e-05,3.890706662859461e-05,0.00011620763475559927,0.00016402900943692853,0.00040005198411435187
19643.0,4.905905063033259e-06,3.601189165401019e-05,0.0,0.0,0.0
19646.0,0.00016378929268073535,0.0,1.1181000710345273e-06,0.0,0.0001108306149365643
19649.0,0.00021968218892446677,0.0,0.0006288567264730167,0.0,0.0
19652.0,2.0087491971481985e-05,0.00020044260621949136,5.560946235730474e-05,0.0,0.00033134993245696596
19655.0,0.0001267636182837964,4.920550493380032e-05,2.2947642619575892e-07,0.0,6.48836432778274e-06
19658.0,1.1360183892075385e-05,0.0,1.2925000716097734e-05,0.0,5.333415323991718e-05
19661.0,1.2555850350988288e-06,0.0,0.0001763142730241124,6.762656867563862e-05,0.0
19664.0,7.955487827999785e-06,2.263479307154303e-05,4.2292367439031074e-07,0.0,0.0
19667.0,1.6711250628245928e-06,0.00010081365723649827,0.000601858792279546,0.0,0.0
19670.0,9.700250489567153e-06,0.00017939698895933867,0.0003621460444382588,0.0,0.00016066583980568977
19673.0,2.847547266948952e-05,0.0,0.00063194529573599,0.0,1.1975783308855826e-05
19676.0,0.000140743669522495,0.0,0.00012669213728183087,4.6537026452618496e-05,0.0
19679.0,2.9796916111985013e-05,0.0,7.91553539174267e-09,0.0,8.14331706336149e-06
19682.0,3.292313288369935e-05,3.5001961661783665e-05,0.0004743793196617986,0.0,0.00011287151441486038
19685.0,2.076618036581787e-05,0.00020433752217446224,4.879413397650346e-08,0.0,0.00017197488710948359
19688.0,0.0001807947129824527,0.00020188219354668374,0.00011753659935106763,0.0002064048062707662,7.989165239997099e-05
19691.0,0.00013558927083535786,0.00048570382380243424,2.6371125103469378e-08,0.0,0.0
19694.0,0.00029477038563272814,0.0,1.0007025188581429e-06,0.0,0.0
19697.0,0.0003278633588751759,0.00019311344761166731,9.189760493734318e-06,0.0,0.0
19700.0,4.9776469224568725e-05,0.0,3.7280485648771065e-05,0.0,0.0
19703.0,0.0002827402773385768,9.852375619457559e-05,7.133840271410351e-06,0.00034113121056741376,0.0
19706.0,2.8947739029517876e-05,0.0,1.7842756237243303e-06,0.0,4.496780911496748e-05
19709.0,3.5584899631720617e-07,2.973967436519363e-05,2.224816066304121e-05,0.0,0.0
19712.0,6.941881379143003e-05,0.0,0.000146779912642807,0.0,0.0002717281825620992
19715.0,7.82964526975028e-06,0.0,0.0,0.0,4.490928909557874e-05
19718.0,0.00021975096944013052,0.0003099199569089016,2.3127833811184396e-06,0.0,3.45649939848624e-05
19721.0,1.427286662304152e-05,0.00017223219885556526,6.731022906451804e-05,0.0,0.0001427020917029988
19724.0,0.0,0.0,5.005841925431233e-05,0.0,7.281261091636759e-05
19727.0,1.990620355829984e-05,0.0,1.1320365233464676e-06,0.0,0.0
19730.0,0.00010675675387385895,0.0,1.785543382246572e-05,0.0004284064531162795,0.0
19733.0,2.401070831011615e-05,2.49679924532154e-05,8.508912535479062e-05,4.007665665611165e-05,0.0
19736.0,8.022211608240732e-07,3.812662999043921e-05,0.0001612656722671104,0.0,4.3172162112580344e-05
19739.0,3.51902300422058e-05,0.0,2.958100994641942e-07,0.0,0.0002359189928869076
19742.0,2.4320830985431767e-07,0.0,1.3913866221802641e-05,0.0,2.0252226361912892e-05
19745.0,2.9579016080829992e-05,0.0,5.690318542044427e-07,0.0,0.0
19748.0,4.444163300410661e-05,0.0,0.00044363990160747494,0.0,7.821744512560628e-05
19751.0,5.024546197503462e-06,0.0,0.00026199773576531345,0.0,0.0
19754.0,2.971053182860623e-07,0.0,0.0005289498260903822,0.0,0.0
19757.0,3.007353499278114e-06,0.00020789975250720105,1.912399905915671e-05,0.0,0.0
19760.0,2.615855931781791e-06,7.407922546478532e-05,1.595261687322573e-05,0.0,0.0
19763.0,3.447357308616077e-06,0.0001861284037805444,0.0001080893077193869,0.0,5.530991948080994e-05
19766.0,0.00024281462180601447,0.0,5.8762291769350424e-05,0.0,2.5875905946115085e-05
19769.0,1.1850050272137254e-05,0.0,4.0935375589415465e-05,0.00019943294150242353,1.4988815926086269e-05
19772.0,5.466305405247457e-07,0.0,6.695885294129769e-08,0.0,0.0005630448659934242
19775.0,7.001989033669003e-06,0.0,0.00011060297294963749,0.0,6.957091384078687e-05
19778.0,0.0,0.00018924641998413786,1.964047426803364e-09,5.290771393116683e-05,0.0
19781.0,3.1132046165448005e-06,0.0,1.1281515070830726e-06,0.0,7.457526024941758e-05
19784.0,0.0002481148919399203,0.0,2.2792680209367715e-05,0.0,0.0
19787.0,3.0462839307747825e-05,0.0,1.697268611118982e-05,0.0,3.2010047631097634e-05
19790.0,2.6201417979289826e-05,0.0,5.96660551207219e-05,0.0,0.0001657454631797052
19793.0,6.051284822982195e-05,0.0,3.481261408989485e-06,0.0,0.000123425443110167
19796.0,0.0,0.0004459415709387199,0.0,0.0,5.438893202154744e-05
19799.0,4.4397963721075024e-05,0.0,0.0004250678370339315,0.0,0.00018812212413217536
19802.0,7.23434770794309e-05,0.0,0.0003618051872286106,0.0,0.00024179595848513493
19805.0,4.160566232730774e-05,6.234693177161856e-05,4.6767374471778125e-05,0.0,5.6382748124409085e-05
19808.0,1.2316660512157022e-05,4.4785092181350077e-05,5.5692939284732815e-06,0.0,7.83314416213089e-06
19811.0,4.4742740114281066e-05,0.0003067210089973381,6.502925708321146e-08,0.0,0.0
19814.0,7.121452491444011e-06,0.0,0.0,0.0,0.0
19817.0,0.00011235458404474128,6.424915554671041e-05,8.917811907169876e-06,0.0,8.687505396348386e-06
19820.0,1.430343757374791e-06,0.0,5.613735152953008e-06,0.0,0.00023017933590873486
19823.0,1.4868752766038226e-05,0.0,7.858468874584358e-06,0.0,2.119620413213556e-05
19826.0,2.6354228892755726e-06,3.603561062193287e-05,0.0003106767599194984,0.0,4.551215788278313e-05
19829.0,3.136820375906975e-05,0.0,8.032631327911743e-08,0.00011700351619091529,0.0
19832.0,5.199822665884481e-05,0.0,0.0,0.0,2.3559156238864185e-05
19835.0,1.759485291762698e-06,0.0,4.438031460540084e-06,0.0,1.1396160584603324e-05
19838.0,1.590303666117138e-05,1.5612179119473894e-05,1.6680235494282835e-09,5.344909350597491e-05,9.437050687631603e-05
19841.0,8.292877619017524e-06,0.00022975255628201715,0.00021498448570773023,0.0,9.25256158188449e-06
19844.0,2.3776348295836644e-05,0.0,0.0001347862807117193,0.0,0.0
19847.0,1.7471173425503666e-05,0.0,0.00010506078991386383,0.0,0.0
19850.0,1.4940399799359936e-05,7.987877107154836e-05,0.00038213508943120655,0.0,0.0
19853.0,2.628308571764638e-05,4.478875308239095e-05,2.0516762142726687e-08,0.0,3.110400797920339e-05
19856.0,2.4959810644608633e-05,7.420947020425577e-05,0.0001036251529969969,0.0,0.0
19859.0,0.00017808950416435125,0.0,1.797240963842159e-07,0.0,0.0
19862.0,1.7503537144075772e-06,0.0,0.00010985304019700953,0.0,0.0
19865.0,7.522931692443467e-05,0.0,6.913337083035388e-06,0.0,1.4197407431202496e-05
19868.0,0.00011545706873062077,0.0,3.511854489804109e-07,3.0344995486836115e-05,0.0
19871.0,8.083366138559447e-05,0.0,4.044905650135183e-07,0.0,0.0
19874.0,4.472048811865475e-05,1.7234787936000047e-05,0.0002916987305205563,0.0,0.0
19877.0,0.00015459684852744805,4.058216944246465e-05,8.057037160635698e-05,0.0,0.0
19880.0,0.00018072290924919766,0.0,0.000502907426848598,0.0,0.00034740806963817457
19883.0,7.927045720450839e-05,3.157747893142091e-05,5.9316865499244735e-05,0.0,0.0
19886.0,5.882825071065348e-07,0.0,4.755676091163971e-05,0.0,0.0002302994478026158
19889.0,6.358629244395269e-05,0.0,7.160139774443454e-06,0.0,6.299917106063456e-06
19892.0,1.277451117125033e-06,0.0,0.0,0.0,0.0
19895.0,0.00010491904569502052,0.0,0.0,0.0,8.03989416660792e-06
19898.0,0.00011810608964309012,0.0,1.9864991468107097e-06,0.0,0.0
19901.0,3.833644333964792e-05,0.0,4.695309755678162e-07,0.0001008031178213911,0.0
19904.0,9.368955593986645e-05,0.0,0.00011392341023345865,5.091678143973492e-05,0.0
19907.0,0.0,0.0,7.267391035776161e-06,0.0,5.9800225148244825e-05
19910.0,3.933637723524671e-05,9.695224497479304e-05,0.0005361721786153774,0.0,0.0
19913.0,9.373865511567354e-06,0.0,3.4785602190012604e-07,0.0,0.0005063885458146285
19916.0,0.00015690112214004104,4.848142657742085e-05,6.890008881733838e-08,0.0,0.0
19919.0,1.0646659587873783e-05,0.0,8.074677156304272e-05,0.0,0.0
19922.0,3.9658655515554475e-05,1.7758831286318188e-05,0.000171386776659238,0.0,1.862805399196451e-05
19925.0,4.964148952599935e-06,0.00013005128218089947,3.537397520636397e-05,0.0,0.0
19928.0,2.179418511816942e-05,0.0,8.409664932600107e-07,0.0,6.822888593561896e-05
19931.0,7.87326609643103e-06,0.0,0.0003375169716916561,0.0,0.0005657949105362943
19934.0,3.503357515913736e-05,0.0,7.751773464238625e-07,0.0,0.00011068317296960546
19937.0,0.0001243327216680381,2.4260999541835976e-05,6.378873635004665e-07,0.0,1.5855875105132347e-05
19940.0,1.0842226687145193e-05,0.0,4.889994538665469e-05,0.0,9.569964431486086e-05
19943.0,0.00018647342666981551,0.0,1.2187328431742564e-05,0.0,1.8390712368714468e-05
19946.0,7.194978141864965e-05,0.0,1.1390651781753489e-06,0.0,0.00016652889098559286
19949.0,2.456740566972562e-05,0.0,9.178448718714796e-06,0.0,1.125362933900573e-05
19952.0,6.508060732901523e-07,0.0,0.0002051598618595785,0.0,0.0
19955.0,1.9653953478812526e-05,0.0,1.7878123980931668e-06,0.0,0.0
19958.0,5.4610760105051045e-05,0.0,7.53820847790765e-05,0.0,0.0
19961.0,0.0,5.151288578607907e-05,2.9484667938573145e-05,0.0,1.807028013205232e-05
19964.0,0.0001020123916465477,0.0,8.811417162428486e-05,0.0,0.0
19967.0,5.621554665710205e-05,0.0,1.300309957840898e-06,0.0,6.67211213024759e-05
19970.0,5.4155645068031135e-05,0.0,5.450098782293436e-06,0.0,0.0
19973.0,3.6236885717189286e-05,0.0,1.1922163406046502e-05,0.0002861404906309831,0.0
19976.0,0.0001738949878711891,0.0003848865391487461,3.0006049410497345e-05,0.0,0.0
19979.0,3.4326661901761485e-05,0.00022116384929331167,0.0001034312490646428,0.0,0.0
19982.0,6.595374037248977e-05,0.0,1.928074045275867e-05,0.0,1.778676961189173e-05
19985.0,9.544800357279066e-05,0.0,6.1044558769887375e-06,8.400932513045935e-05,4.622069282314075e-05
19988.0,8.149591178515601e-05,0.0,5.781951591710376e-06,0.0,6.8585771324709295e-06
19991.0,0.00029042059709722713,0.0,0.00014289545083061357,0.0,0.0
19994.0,7.88195785993742e-05,0.0,6.260025052997486e-05,0.0,0.00014819663163113275
19997.0,0.00011988235172393992,0.0,0.00011768185530472788,0.0,0.00015264314708392693
