budget_n,permutation,mean_policy_prauc,mean_gain_vs_random,mean_gain_vs_hybrid,sign_accuracy,mean_regret,zero_regret_fraction
20,0,0.5482794813141736,0.00019136292515791047,-0.00017977929498320388,0.45,0.0024511284101846748,0.45
20,1,0.5462793777634259,-0.0018087406255895583,-0.0021798828457306727,0.25,0.004451231960932144,0.25
20,2,0.550452311509112,0.0023641931200963904,0.0019930508999552758,0.8,0.0002782982152461949,0.8
20,3,0.5482501652957168,0.0001620469067013186,-0.00020909531343979575,0.5,0.0024804444286412666,0.5
20,4,0.5485066971059538,0.0004185787169382657,4.743649679715134e-05,0.5,0.0022239126184043197,0.5
20,5,0.5482794813141736,0.00019136292515791047,-0.00017977929498320388,0.45,0.0024511284101846748,0.45
20,6,0.5487480280124707,0.0006599096234551058,0.0002887674033139914,0.55,0.0019825817118874793,0.55
20,7,0.5492232411818961,0.0011351227928804886,0.0007639805727393742,0.65,0.0015073685424620968,0.65
20,8,0.5468686155614313,-0.0012195028275843664,-0.0015906450477254808,0.35,0.0038619941629269515,0.35
20,9,0.5482678976839988,0.00017977929498320388,-0.00019136292515791047,0.55,0.0024627120403593813,0.55
20,10,0.5485218452877298,0.0004337268987143664,6.2584678573252e-05,0.5,0.002208764436628219,0.5
20,11,0.5482678976839988,0.00017977929498320388,-0.00019136292515791047,0.55,0.0024627120403593813,0.55
20,12,0.5483153341807958,0.00022721579178035521,-0.00014392642836075914,0.6,0.00241527554356223,0.6
20,13,0.5482794813141736,0.00019136292515791047,-0.00017977929498320388,0.45,0.0024511284101846748,0.45
20,14,0.5504700438973938,0.0023819255083782757,0.002010783288237161,0.85,0.0002605658269643096,0.85
20,15,0.5482582256605186,0.00017010727150304494,-0.0002010349486380694,0.4,0.00247238406383954,0.4
20,16,0.5479601298244062,-0.00012798856460940477,-0.0004991307847505191,0.45,0.00277047989995199,0.45
20,17,0.5480406818922184,-4.743649679715134e-05,-0.0004185787169382657,0.5,0.0026899278321397364,0.5
20,18,0.5463697197776379,-0.0017183986113777695,-0.0020895408315188837,0.3,0.004360889946720355,0.3
20,19,0.5480881183890156,0.0,-0.00037114222014111435,0.55,0.002642491335342585,0.55
20,20,0.5498405753424853,0.0017524569534696833,0.001381314733328569,0.65,0.0008900343818729021,0.65
20,21,0.5485066971059538,0.0004185787169382657,4.743649679715134e-05,0.5,0.0022239126184043197,0.5
20,22,0.5468252420324828,-0.0012628763565327773,-0.0016340185766738915,0.3,0.0039053676918753624,0.3
20,23,0.5470258955376737,-0.0010622228513420874,-0.0014333650714832015,0.35,0.0037047141866846725,0.35
20,24,0.5479529494375426,-0.00013516895147307333,-0.0005063111716141877,0.45,0.0027776602868156584,0.45
20,25,0.5480881183890156,0.0,-0.00037114222014111435,0.55,0.002642491335342585,0.55
20,26,0.5485066971059538,0.0004185787169382657,4.743649679715134e-05,0.5,0.0022239126184043197,0.5
20,27,0.5504048750123148,0.002316756623299239,0.0019456144031581245,0.75,0.00032573471204334626,0.75
20,28,0.5485244294942357,0.000436311105220151,6.516888507903661e-05,0.55,0.0022061802301224344,0.55
20,29,0.5479601298244062,-0.00012798856460940477,-0.0004991307847505191,0.45,0.00277047989995199,0.45
20,30,0.5504048750123148,0.002316756623299239,0.0019456144031581245,0.75,0.00032573471204334626,0.75
20,31,0.5501776592205345,0.0020895408315188837,0.0017183986113777695,0.7,0.0005529505038237015,0.7
20,32,0.550452311509112,0.0023641931200963904,0.0019930508999552758,0.8,0.0002782982152461949,0.8
20,33,0.5483153341807958,0.00022721579178035521,-0.00014392642836075914,0.6,0.00241527554356223,0.6
20,34,0.5484592606091567,0.00037114222014111435,0.0,0.45,0.002271349115201471,0.45
20,35,0.5463697197776379,-0.0017183986113777695,-0.0020895408315188837,0.3,0.004360889946720355,0.3
20,36,0.5463222832808408,-0.0017658351081749207,-0.002136977328316035,0.25,0.004408326443517506,0.25
20,37,0.5466665475457536,-0.0014215708432620516,-0.001792713063403166,0.3,0.0040640621786046365,0.3
20,38,0.546904965561046,-0.0011831528279697384,-0.0015542950481108528,0.35,0.0038256441633123237,0.35
20,39,0.5495178775893936,0.001429759200377942,0.0010586169802368275,0.7,0.0012127321349646434,0.7
20,40,0.5482678976839988,0.00017977929498320388,-0.00019136292515791047,0.55,0.0024627120403593813,0.55
20,41,0.5501776592205345,0.0020895408315188837,0.0017183986113777695,0.7,0.0005529505038237015,0.7
20,42,0.5485872491737661,0.0004991307847505191,0.00012798856460940477,0.55,0.0021433605505920663,0.55
20,43,0.5488225253303481,0.0007344069413326007,0.00036326472119148633,0.5,0.0019080843940099846,0.5
20,44,0.5482794813141736,0.00019136292515791047,-0.00017977929498320388,0.45,0.0024511284101846748,0.45
20,45,0.5484592606091567,0.00037114222014111435,0.0,0.45,0.002271349115201471,0.45
20,46,0.5501776592205345,0.0020895408315188837,0.0017183986113777695,0.7,0.0005529505038237015,0.7
20,47,0.5485066971059538,0.0004185787169382657,4.743649679715134e-05,0.5,0.0022239126184043197,0.5
20,48,0.550452311509112,0.0023641931200963904,0.0019930508999552758,0.8,0.0002782982152461949,0.8
20,49,0.5504700438973938,0.0023819255083782757,0.002010783288237161,0.85,0.0002605658269643096,0.85
20,50,0.5482678976839988,0.00017977929498320388,-0.00019136292515791047,0.55,0.0024627120403593813,0.55
20,51,0.5485953095385678,0.0005071911495522455,0.00013604892941113111,0.45,0.00213530018579034,0.45
20,52,0.5482320448173764,0.00014392642836075914,-0.00022721579178035521,0.4,0.002498564906981826,0.4
20,53,0.549146120918959,0.0010580025299433595,0.0006868603098022452,0.6,0.0015844888053992256,0.6
20,54,0.549210080971982,0.0011219625829664362,0.0007508203628253218,0.65,0.001520528752376149,0.65
20,55,0.5482794813141736,0.00019136292515791047,-0.00017977929498320388,0.45,0.0024511284101846748,0.45
20,56,0.5482678976839988,0.00017977929498320388,-0.00019136292515791047,0.55,0.0024627120403593813,0.55
20,57,0.5474582092459407,-0.000629909143074922,-0.0010010513632160364,0.45,0.0032724004784175074,0.45
20,58,0.5468252420324828,-0.0012628763565327773,-0.0016340185766738915,0.3,0.0039053676918753624,0.3
20,59,0.5482794813141736,0.00019136292515791047,-0.00017977929498320388,0.45,0.0024511284101846748,0.45
20,60,0.5478426070619806,-0.00024551132703496125,-0.0006166535471760756,0.55,0.0028880026623775467,0.55
20,61,0.5483153341807958,0.00022721579178035521,-0.00014392642836075914,0.6,0.00241527554356223,0.6
20,62,0.5482678976839988,0.00017977929498320388,-0.00019136292515791047,0.55,0.0024627120403593813,0.55
20,63,0.5502250957173317,0.002136977328316035,0.0017658351081749207,0.75,0.0005055140070265501,0.75
20,64,0.546803421323322,-0.0012846970656934854,-0.0016558392858345996,0.3,0.0039271884010360705,0.3
20,65,0.5485218452877298,0.0004337268987143664,6.2584678573252e-05,0.5,0.002208764436628219,0.5
20,66,0.5466488151574718,-0.0014393032315439369,-0.0018104454516850513,0.25,0.004081794566886522,0.25
20,67,0.5482320448173764,0.00014392642836075914,-0.00022721579178035521,0.4,0.002498564906981826,0.4
20,68,0.5463222832808408,-0.0017658351081749207,-0.002136977328316035,0.25,0.004408326443517506,0.25
20,69,0.5475109756624564,-0.0005771427265590476,-0.0009482849467001619,0.35,0.003219634061901633,0.35
20,70,0.5480406818922184,-4.743649679715134e-05,-0.0004185787169382657,0.5,0.0026899278321397364,0.5
20,71,0.550452311509112,0.0023641931200963904,0.0019930508999552758,0.8,0.0002782982152461949,0.8
20,72,0.5471475252709743,-0.0009405931180413149,-0.0013117353381824292,0.4,0.0035830844533839,0.4
20,73,0.5488876942154272,0.0007995758264116373,0.00042843360627052297,0.6,0.0018429155089309478,0.6
20,74,0.5483114174515245,0.00022329906250883325,-0.00014784315763228113,0.6,0.002419192272833752,0.6
20,75,0.5484769929974387,0.00038887460842299963,1.773238828188528e-05,0.5,0.0022536167269195857,0.5
20,76,0.5501776592205345,0.0020895408315188837,0.0017183986113777695,0.7,0.0005529505038237015,0.7
20,77,0.5493342641708712,0.0012461457818554954,0.0008750035617143811,0.65,0.0013963455534870897,0.65
20,78,0.5482794813141736,0.00019136292515791047,-0.00017977929498320388,0.45,0.0024511284101846748,0.45
20,79,0.5485066971059538,0.0004185787169382657,4.743649679715134e-05,0.5,0.0022239126184043197,0.5
20,80,0.5463697197776379,-0.0017183986113777695,-0.0020895408315188837,0.3,0.004360889946720355,0.3
20,81,0.5484592606091567,0.00037114222014111435,0.0,0.45,0.002271349115201471,0.45
20,82,0.5469572279940452,-0.0011308903949703865,-0.001502032615111501,0.3,0.0037733817303129717,0.3
20,83,0.5485066971059538,0.0004185787169382657,4.743649679715134e-05,0.5,0.0022239126184043197,0.5
20,84,0.54884025771863,0.000752139329614486,0.0003809971094733716,0.55,0.0018903520057280993,0.55
20,85,0.5465939632728538,-0.001494155116161873,-0.0018652973363029873,0.25,0.004136646451504458,0.25
20,86,0.5501776592205345,0.0020895408315188837,0.0017183986113777695,0.7,0.0005529505038237015,0.7
20,87,0.5482678976839988,0.00017977929498320388,-0.00019136292515791047,0.55,0.0024627120403593813,0.55
20,88,0.5483616295106677,0.0002735111216520522,-9.763109848906215e-05,0.55,0.002368980213690533,0.55
20,89,0.5484592606091567,0.00037114222014111435,0.0,0.45,0.002271349115201471,0.45
20,90,0.5480255337104424,-6.2584678573252e-05,-0.0004337268987143664,0.5,0.002705076013915837,0.5
20,91,0.5504048750123148,0.002316756623299239,0.0019456144031581245,0.75,0.00032573471204334626,0.75
20,92,0.5482794813141736,0.00019136292515791047,-0.00017977929498320388,0.45,0.0024511284101846748,0.45
20,93,0.5496133595507049,0.001525241161689328,0.0011540989415482136,0.6,0.0011172501736532573,0.6
20,94,0.550452311509112,0.0023641931200963904,0.0019930508999552758,0.8,0.0002782982152461949,0.8
20,95,0.5498808314524188,0.001792713063403166,0.0014215708432620516,0.7,0.0008497782719394193,0.7
20,96,0.5482852366083821,0.00019711821936654745,-0.00017402400077456693,0.6,0.0024453731159760376,0.6
20,97,0.5463697197776379,-0.0017183986113777695,-0.0020895408315188837,0.3,0.004360889946720355,0.3
20,98,0.5485218452877298,0.0004337268987143664,6.2584678573252e-05,0.5,0.002208764436628219,0.5
20,99,0.5484592606091567,0.00037114222014111435,0.0,0.45,0.002271349115201471,0.45
20,100,0.5494524737033574,0.0013643553143417892,0.0009932130942006748,0.65,0.0012781360210007962,0.65
20,101,0.5486346856705632,0.0005465672815476705,0.0001754250614065561,0.6,0.0020959240537949146,0.6
20,102,0.5466845149349927,-0.0014036034540230503,-0.0017747456741641645,0.3,0.0040460947893656354,0.3
20,103,0.5482794813141736,0.00019136292515791047,-0.00017977929498320388,0.45,0.0024511284101846748,0.45
20,104,0.5472269304863115,-0.0008611879027040179,-0.0012323301228451323,0.4,0.0035036792380466033,0.4
20,105,0.5468252420324828,-0.0012628763565327773,-0.0016340185766738915,0.3,0.0039053676918753624,0.3
20,106,0.5504048750123148,0.002316756623299239,0.0019456144031581245,0.75,0.00032573471204334626,0.75
20,107,0.5485066971059538,0.0004185787169382657,4.743649679715134e-05,0.5,0.0022239126184043197,0.5
20,108,0.5503282337882777,0.002240115399262009,0.0018689731791208947,0.75,0.0004023759360805762,0.75
20,109,0.5504048750123148,0.002316756623299239,0.0019456144031581245,0.75,0.00032573471204334626,0.75
20,110,0.5482678976839988,0.00017977929498320388,-0.00019136292515791047,0.55,0.0024627120403593813,0.55
20,111,0.5467152521105474,-0.0013728662784681684,-0.0017440084986092828,0.3,0.004015357613810754,0.3
20,112,0.5464583322102519,-0.0016297861787637896,-0.002000928398904904,0.25,0.004272277514106375,0.25
20,113,0.5504226074005968,0.0023344890115811244,0.00196334679144001,0.8,0.000308002323761461,0.8
20,114,0.5481650756168193,7.695722780368813e-05,-0.0002941849923374262,0.55,0.002565534107538897,0.55
20,115,0.5472308472155831,-0.0008572711734324958,-0.0012284133935736101,0.4,0.003499762508775081,0.4
20,116,0.5461425039858575,-0.0019456144031581245,-0.002316756623299239,0.25,0.00458810573850071,0.25
20,117,0.5501776592205345,0.0020895408315188837,0.0017183986113777695,0.7,0.0005529505038237015,0.7
20,118,0.5467997233120295,-0.0012883950769861153,-0.0016595372971272295,0.25,0.0039308864123287005,0.25
20,119,0.5485953095385678,0.0005071911495522455,0.00013604892941113111,0.45,0.00213530018579034,0.45
20,120,0.5482678976839988,0.00017977929498320388,-0.00019136292515791047,0.55,0.0024627120403593813,0.55
20,121,0.5502302599911171,0.0021421416021014062,0.001770999381960292,0.8,0.0005003497332411788,0.8
20,122,0.5488225253303481,0.0007344069413326007,0.00036326472119148633,0.5,0.0019080843940099846,0.5
20,123,0.5479520694596045,-0.00013604892941113111,-0.0005071911495522455,0.55,0.0027785402647537163,0.55
20,124,0.549777541085804,0.00168942269678838,0.0013182804766472655,0.65,0.0009530686385542053,0.65
20,125,0.5487634398001631,0.0006753214111473574,0.000304179191006243,0.65,0.0019671699241952277,0.65
20,126,0.5478268505718447,-0.0002612678171709668,-0.0006324100373120811,0.4,0.002903759152513552,0.4
20,127,0.5479046329628073,-0.00018348542620828245,-0.0005546276463493968,0.5,0.0028259767615508675,0.5
20,128,0.5463697197776379,-0.0017183986113777695,-0.0020895408315188837,0.3,0.004360889946720355,0.3
20,129,0.5463222832808408,-0.0017658351081749207,-0.002136977328316035,0.25,0.004408326443517506,0.25
20,130,0.5468294274205447,-0.0012586909684708491,-0.0016298331886119635,0.25,0.0039011823038134345,0.25
20,131,0.5493342641708712,0.0012461457818554954,0.0008750035617143811,0.65,0.0013963455534870897,0.65
20,132,0.5502428281056135,0.00215470971659792,0.001783567496456806,0.8,0.00048778161874466484,0.8
20,133,0.5482320448173764,0.00014392642836075914,-0.00022721579178035521,0.4,0.002498564906981826,0.4
20,134,0.5463222832808408,-0.0017658351081749207,-0.002136977328316035,0.25,0.004408326443517506,0.25
20,135,0.5468463268407369,-0.0012417915482788478,-0.0016129337684199622,0.3,0.003884282883621433,0.3
20,136,0.5486524180588451,0.0005642996698295557,0.00019315744968844139,0.65,0.0020781916655130293,0.65
20,137,0.5504048750123148,0.002316756623299239,0.0019456144031581245,0.75,0.00032573471204334626,0.75
20,138,0.5467329844988293,-0.001355133890186283,-0.0017262761103273975,0.35,0.0039976252255288685,0.35
20,139,0.5482320448173764,0.00014392642836075914,-0.00022721579178035521,0.4,0.002498564906981826,0.4
20,140,0.5485066971059538,0.0004185787169382657,4.743649679715134e-05,0.5,0.0022239126184043197,0.5
20,141,0.5504048750123148,0.002316756623299239,0.0019456144031581245,0.75,0.00032573471204334626,0.75
20,142,0.5482678976839988,0.00017977929498320388,-0.00019136292515791047,0.55,0.0024627120403593813,0.55
20,143,0.5485244294942357,0.000436311105220151,6.516888507903661e-05,0.55,0.0022061802301224344,0.55
20,144,0.5482678976839988,0.00017977929498320388,-0.00019136292515791047,0.55,0.0024627120403593813,0.55
20,145,0.5473241378162761,-0.0007639805727393742,-0.0011351227928804886,0.35,0.0034064719080819593,0.35
20,146,0.5467442159783154,-0.0013439024107003623,-0.0017150446308414765,0.2,0.0039863937460429474,0.2
20,147,0.5499534157253186,0.0018652973363029873,0.001494155116161873,0.75,0.0007771939990395979,0.75
20,148,0.550452311509112,0.0023641931200963904,0.0019930508999552758,0.8,0.0002782982152461949,0.8
20,149,0.5476962996805833,-0.000391818708432308,-0.0007629609285734224,0.4,0.003034310043774893,0.4
20,150,0.5474403306190816,-0.000647787769934026,-0.0010189299900751404,0.4,0.0032902791052766113,0.4
20,151,0.5482972137024554,0.00020909531343979575,-0.0001620469067013186,0.5,0.0024333960219027895,0.5
20,152,0.5477973298408381,-0.00029078854817750355,-0.000661930768318618,0.45,0.0029332798835200887,0.45
20,153,0.5487695179380536,0.0006813995490380517,0.00031025732889693733,0.65,0.0019610917863045335,0.65
20,154,0.5504048750123148,0.002316756623299239,0.0019456144031581245,0.75,0.00032573471204334626,0.75
20,155,0.5485066971059538,0.0004185787169382657,4.743649679715134e-05,0.5,0.0022239126184043197,0.5
20,156,0.5463697197776379,-0.0017183986113777695,-0.0020895408315188837,0.3,0.004360889946720355,0.3
20,157,0.5482794813141736,0.00019136292515791047,-0.00017977929498320388,0.45,0.0024511284101846748,0.45
20,158,0.5497341245318782,0.0016460061428625091,0.0012748639227213947,0.7,0.000996485192480076,0.7
20,159,0.5463697197776379,-0.0017183986113777695,-0.0020895408315188837,0.3,0.004360889946720355,0.3
20,160,0.5503134779266515,0.0022253595376359584,0.001854217317494844,0.8,0.0004171317977066269,0.8
20,161,0.549945848041829,0.0018577296528133904,0.0014865874326722762,0.75,0.0007847616825291948,0.75
20,162,0.5485066971059538,0.0004185787169382657,4.743649679715134e-05,0.5,0.0022239126184043197,0.5
20,163,0.5484592606091567,0.00037114222014111435,0.0,0.45,0.002271349115201471,0.45
20,164,0.5504700438973938,0.0023819255083782757,0.002010783288237161,0.85,0.0002605658269643096,0.85
20,165,0.5469572279940452,-0.0011308903949703865,-0.001502032615111501,0.3,0.0037733817303129717,0.3
20,166,0.5493284158307146,0.0012402974416988912,0.0008691552215577769,0.65,0.001402193893643694,0.65
20,167,0.5504048750123148,0.002316756623299239,0.0019456144031581245,0.75,0.00032573471204334626,0.75
20,168,0.5480406818922184,-4.743649679715134e-05,-0.0004185787169382657,0.5,0.0026899278321397364,0.5
20,169,0.5485244294942357,0.000436311105220151,6.516888507903661e-05,0.55,0.0022061802301224344,0.55
20,170,0.549814394499343,0.0017262761103273975,0.001355133890186283,0.65,0.0009162152250151879,0.65
20,171,0.5480703860007337,-1.773238828188528e-05,-0.00038887460842299963,0.5,0.0026602237236244704,0.5
20,172,0.5498405753424853,0.0017524569534696833,0.001381314733328569,0.65,0.0008900343818729021,0.65
20,173,0.547376948190816,-0.0007111701981996233,-0.0010823124183407377,0.4,0.0033536615335422086,0.4
20,174,0.5504048750123148,0.002316756623299239,0.0019456144031581245,0.75,0.00032573471204334626,0.75
20,175,0.5466191110489566,-0.001469007340059203,-0.0018401495602003172,0.25,0.004111498675401788,0.25
20,176,0.5463222832808408,-0.0017658351081749207,-0.002136977328316035,0.25,0.004408326443517506,0.25
20,177,0.5467916524751124,-0.0012964659139032108,-0.0016676081340443252,0.25,0.003938957249245796,0.25
20,178,0.5484592606091567,0.00037114222014111435,0.0,0.45,0.002271349115201471,0.45
20,179,0.5485395776760118,0.00045145928699625166,8.031706685513728e-05,0.55,0.0021910320483463338,0.55
20,180,0.5482794813141736,0.00019136292515791047,-0.00017977929498320388,0.45,0.0024511284101846748,0.45
20,181,0.5483153341807958,0.00022721579178035521,-0.00014392642836075914,0.6,0.00241527554356223,0.6
20,182,0.5482320448173764,0.00014392642836075914,-0.00022721579178035521,0.4,0.002498564906981826,0.4
20,183,0.5463697197776379,-0.0017183986113777695,-0.0020895408315188837,0.3,0.004360889946720355,0.3
20,184,0.5480229495039366,-6.516888507903661e-05,-0.000436311105220151,0.45,0.0027076602204216217,0.45
20,185,0.5463697197776379,-0.0017183986113777695,-0.0020895408315188837,0.3,0.004360889946720355,0.3
20,186,0.547147710941265,-0.0009404074477505339,-0.0013115496678916482,0.3,0.003582898783093119,0.3
20,187,0.5501776592205345,0.0020895408315188837,0.0017183986113777695,0.7,0.0005529505038237015,0.7
20,188,0.5482794813141736,0.00019136292515791047,-0.00017977929498320388,0.45,0.0024511284101846748,0.45
20,189,0.547512481141492,-0.0005756372475236194,-0.0009467794676647337,0.45,0.0032181285828662047,0.45
20,190,0.5485066971059538,0.0004185787169382657,4.743649679715134e-05,0.5,0.0022239126184043197,0.5
20,191,0.5482794813141736,0.00019136292515791047,-0.00017977929498320388,0.45,0.0024511284101846748,0.45
20,192,0.5482794813141736,0.00019136292515791047,-0.00017977929498320388,0.45,0.0024511284101846748,0.45
20,193,0.5487915477799964,0.0007034293909807352,0.0003322871708396208,0.6,0.0019390619443618502,0.6
20,194,0.5480406818922184,-4.743649679715134e-05,-0.0004185787169382657,0.5,0.0026899278321397364,0.5
20,195,0.5468937633375339,-0.0011943550514816963,-0.0015654972716228107,0.35,0.0038368463868242815,0.35
20,196,0.5492455299025906,0.00115741151357497,0.0007862692934338556,0.7,0.0014850798217676154,0.7
20,197,0.5504700438973938,0.0023819255083782757,0.002010783288237161,0.85,0.0002605658269643096,0.85
20,198,0.5498808314524188,0.001792713063403166,0.0014215708432620516,0.7,0.0008497782719394193,0.7
20,199,0.5478988776685986,-0.00018924072041691942,-0.0005603829405580338,0.35,0.0028317320557595047,0.35
20,200,0.5489177146127259,0.0008295962237102536,0.00045845400356913925,0.55,0.0018128951116323315,0.55
20,201,0.5485066971059538,0.0004185787169382657,4.743649679715134e-05,0.5,0.0022239126184043197,0.5
20,202,0.5468463268407369,-0.0012417915482788478,-0.0016129337684199622,0.3,0.003884282883621433,0.3
20,203,0.5480406818922184,-4.743649679715134e-05,-0.0004185787169382657,0.5,0.0026899278321397364,0.5
20,204,0.5485066971059538,0.0004185787169382657,4.743649679715134e-05,0.5,0.0022239126184043197,0.5
20,205,0.5483153341807958,0.00022721579178035521,-0.00014392642836075914,0.6,0.00241527554356223,0.6
20,206,0.5501776592205345,0.0020895408315188837,0.0017183986113777695,0.7,0.0005529505038237015,0.7
20,207,0.5502428281056135,0.00215470971659792,0.001783567496456806,0.8,0.00048778161874466484,0.8
20,208,0.5465802938524206,-0.0015078245365950176,-0.001878966756736132,0.2,0.004150315871937603,0.2
20,209,0.5494142763646126,0.0013261579755968935,0.0009550157554557792,0.6,0.0013163333597456916,0.6
20,210,0.5502250957173317,0.002136977328316035,0.0017658351081749207,0.75,0.0005055140070265501,0.75
20,211,0.5476993200324152,-0.0003887983566004852,-0.0007599405767415995,0.4,0.0030312896919430705,0.4
20,212,0.5482393436967581,0.00015122530774238225,-0.00021991691239873213,0.45,0.002491266027600203,0.45
20,213,0.5501776592205345,0.0020895408315188837,0.0017183986113777695,0.7,0.0005529505038237015,0.7
20,214,0.5472308472155831,-0.0008572711734324958,-0.0012284133935736101,0.4,0.003499762508775081,0.4
20,215,0.5482320448173764,0.00014392642836075914,-0.00022721579178035521,0.4,0.002498564906981826,0.4
20,216,0.5480003859343398,-8.7732454675922e-05,-0.00045887467481703635,0.5,0.002730223790018507,0.5
20,217,0.5463697197776379,-0.0017183986113777695,-0.0020895408315188837,0.3,0.004360889946720355,0.3
20,218,0.550452311509112,0.0023641931200963904,0.0019930508999552758,0.8,0.0002782982152461949,0.8
20,219,0.5482678976839988,0.00017977929498320388,-0.00019136292515791047,0.55,0.0024627120403593813,0.55
20,220,0.5501776592205345,0.0020895408315188837,0.0017183986113777695,0.7,0.0005529505038237015,0.7
20,221,0.5463697197776379,-0.0017183986113777695,-0.0020895408315188837,0.3,0.004360889946720355,0.3
20,222,0.5492963776902926,0.0012082593012768621,0.0008371170811357478,0.65,0.001434232034065723,0.65
20,223,0.549814394499343,0.0017262761103273975,0.001355133890186283,0.65,0.0009162152250151879,0.65
20,224,0.5480253212076645,-6.279718135113188e-05,-0.00043393940149224624,0.55,0.002705288516693717,0.55
20,225,0.5502250957173317,0.002136977328316035,0.0017658351081749207,0.75,0.0005055140070265501,0.75
20,226,0.5504700438973938,0.0023819255083782757,0.002010783288237161,0.85,0.0002605658269643096,0.85
20,227,0.5482320448173764,0.00014392642836075914,-0.00022721579178035521,0.4,0.002498564906981826,0.4
20,228,0.5485244294942357,0.000436311105220151,6.516888507903661e-05,0.55,0.0022061802301224344,0.55
20,229,0.5460950674890604,-0.0019930508999552758,-0.0023641931200963904,0.2,0.004635542235297861,0.2
20,230,0.547799087294455,-0.0002890310945605906,-0.000660173314701705,0.5,0.0029315224299031758,0.5
20,231,0.5480406818922184,-4.743649679715134e-05,-0.0004185787169382657,0.5,0.0026899278321397364,0.5
20,232,0.5468688252093583,-0.0012192931796573326,-0.0015904353997984468,0.35,0.0038617845149999178,0.35
20,233,0.547165443329547,-0.0009226750594686486,-0.001293817279609763,0.35,0.003565166394811234,0.35
20,234,0.5463697197776379,-0.0017183986113777695,-0.0020895408315188837,0.3,0.004360889946720355,0.3
20,235,0.5500167733731869,0.0019286549841713448,0.0015575127640302306,0.75,0.0007138363511712403,0.75
20,236,0.5501776592205345,0.0020895408315188837,0.0017183986113777695,0.7,0.0005529505038237015,0.7
20,237,0.546755984826525,-0.0013321335624906366,-0.001703275782631751,0.25,0.003974624897833222,0.25
20,238,0.5493531274224047,0.0012650090333891375,0.0008938668132480232,0.6,0.0013774823019534477,0.6
20,239,0.5483887984316338,0.00030068004261823436,-7.046217752288003e-05,0.55,0.002341811292724351,0.55
20,240,0.5463697197776379,-0.0017183986113777695,-0.0020895408315188837,0.3,0.004360889946720355,0.3
20,241,0.5497557265230599,0.0016676081340443252,0.0012964659139032108,0.75,0.00097488320129826,0.75
20,242,0.5477248536678241,-0.00036326472119148633,-0.0007344069413326007,0.5,0.0030057560565340717,0.5
20,243,0.5479046329628073,-0.00018348542620828245,-0.0005546276463493968,0.5,0.0028259767615508675,0.5
20,244,0.5486372107989432,0.0005490924099277053,0.00017795018978659095,0.55,0.00209339892541488,0.55
20,245,0.5480406818922184,-4.743649679715134e-05,-0.0004185787169382657,0.5,0.0026899278321397364,0.5
20,246,0.5483149407168973,0.0002268223278818135,-0.00014431989225930085,0.6,0.0024156690074607716,0.6
20,247,0.5471615266002754,-0.0009265917887401707,-0.001297734008881285,0.35,0.003569083124082756,0.35
20,248,0.5482852366083821,0.00019711821936654745,-0.00017402400077456693,0.6,0.0024453731159760376,0.6
20,249,0.5472566345948268,-0.0008314837941887518,-0.0012026260143298661,0.4,0.003473975129531337,0.4
20,250,0.5463697197776379,-0.0017183986113777695,-0.0020895408315188837,0.3,0.004360889946720355,0.3
20,251,0.5494142763646126,0.0013261579755968935,0.0009550157554557792,0.6,0.0013163333597456916,0.6
20,252,0.5500593426794051,0.001971224290389638,0.0016000820702485236,0.75,0.0006712670449529473,0.75
20,253,0.5482320448173764,0.00014392642836075914,-0.00022721579178035521,0.4,0.002498564906981826,0.4
20,254,0.5474146894784151,-0.0006734289106005515,-0.0010445711307416658,0.4,0.0033159202459431365,0.4
20,255,0.5485066971059538,0.0004185787169382657,4.743649679715134e-05,0.5,0.0022239126184043197,0.5
20,256,0.5465386021777168,-0.0015495162112989015,-0.0019206584314400157,0.2,0.004192007546641487,0.2
20,257,0.5471726495845858,-0.0009154688044298393,-0.0012866110245709536,0.35,0.0035579601397724243,0.35
20,258,0.5484286765227033,0.0003405581336877905,-3.058408645332383e-05,0.55,0.002301933201654795,0.55
20,259,0.5488699618271452,0.000781843438129752,0.0004107012179886377,0.55,0.001860647897212833,0.55
20,260,0.54769398524041,-0.00039413314860566593,-0.0007652753687467803,0.5,0.003036624483948251,0.5
20,261,0.54986183099614,0.0017737126071245488,0.0014025703869834343,0.7,0.0008687787282180365,0.7
20,262,0.5463697197776379,-0.0017183986113777695,-0.0020895408315188837,0.3,0.004360889946720355,0.3
20,263,0.5497341245318782,0.0016460061428625091,0.0012748639227213947,0.7,0.000996485192480076,0.7
20,264,0.5485872491737661,0.0004991307847505191,0.00012798856460940477,0.55,0.0021433605505920663,0.55
20,265,0.549144886733873,0.0010567683448573172,0.0006856261247162029,0.6,0.001585722990485268,0.6
20,266,0.5467152521105474,-0.0013728662784681684,-0.0017440084986092828,0.3,0.004015357613810754,0.3
20,267,0.5482678976839988,0.00017977929498320388,-0.00019136292515791047,0.55,0.0024627120403593813,0.55
20,268,0.5482794813141736,0.00019136292515791047,-0.00017977929498320388,0.45,0.0024511284101846748,0.45
20,269,0.5483056621573157,0.00021754376830019628,-0.00015359845184091808,0.45,0.002424947567042389,0.45
20,270,0.5460950674890604,-0.0019930508999552758,-0.0023641931200963904,0.2,0.004635542235297861,0.2
20,271,0.5485244294942357,0.000436311105220151,6.516888507903661e-05,0.55,0.0022061802301224344,0.55
20,272,0.5501776592205345,0.0020895408315188837,0.0017183986113777695,0.7,0.0005529505038237015,0.7
20,273,0.5469612909618939,-0.0011268274271216462,-0.0014979696472627604,0.3,0.0037693187624642313,0.3
20,274,0.5463697197776379,-0.0017183986113777695,-0.0020895408315188837,0.3,0.004360889946720355,0.3
20,275,0.5500593426794051,0.001971224290389638,0.0016000820702485236,0.75,0.0006712670449529473,0.75
20,276,0.546505768707049,-0.0015823496819666384,-0.0019534919021077526,0.3,0.0042248410173092235,0.3
20,277,0.5503282337882777,0.002240115399262009,0.0018689731791208947,0.75,0.0004023759360805762,0.75
20,278,0.5463222832808408,-0.0017658351081749207,-0.002136977328316035,0.25,0.004408326443517506,0.25
20,279,0.5502250957173317,0.002136977328316035,0.0017658351081749207,0.75,0.0005055140070265501,0.75
20,280,0.5468252420324828,-0.0012628763565327773,-0.0016340185766738915,0.3,0.0039053676918753624,0.3
20,281,0.5472682595382113,-0.0008198588508042892,-0.0011910010709454035,0.25,0.0034623501861468743,0.25
20,282,0.5471475252709743,-0.0009405931180413149,-0.0013117353381824292,0.4,0.0035830844533839,0.4
20,283,0.5501776592205345,0.0020895408315188837,0.0017183986113777695,0.7,0.0005529505038237015,0.7
20,284,0.5461425039858575,-0.0019456144031581245,-0.002316756623299239,0.25,0.00458810573850071,0.25
20,285,0.5482794813141736,0.00019136292515791047,-0.00017977929498320388,0.45,0.0024511284101846748,0.45
20,286,0.5471765191874857,-0.0009115992015299085,-0.0012827414216710228,0.35,0.0035540905368724937,0.35
20,287,0.5479520694596045,-0.00013604892941113111,-0.0005071911495522455,0.55,0.0027785402647537163,0.55
20,288,0.5502250957173317,0.002136977328316035,0.0017658351081749207,0.75,0.0005055140070265501,0.75
20,289,0.5463697197776379,-0.0017183986113777695,-0.0020895408315188837,0.3,0.004360889946720355,0.3
20,290,0.5469459070075622,-0.001142211381453395,-0.0015133536015945095,0.3,0.0037847027167959802,0.3
20,291,0.5504048750123148,0.002316756623299239,0.0019456144031581245,0.75,0.00032573471204334626,0.75
20,292,0.549777541085804,0.00168942269678838,0.0013182804766472655,0.65,0.0009530686385542053,0.65
20,293,0.5483153341807958,0.00022721579178035521,-0.00014392642836075914,0.6,0.00241527554356223,0.6
20,294,0.5484592606091567,0.00037114222014111435,0.0,0.45,0.002271349115201471,0.45
20,295,0.5463697197776379,-0.0017183986113777695,-0.0020895408315188837,0.3,0.004360889946720355,0.3
20,296,0.5463222832808408,-0.0017658351081749207,-0.002136977328316035,0.25,0.004408326443517506,0.25
20,297,0.5482320448173764,0.00014392642836075914,-0.00022721579178035521,0.4,0.002498564906981826,0.4
20,298,0.550452311509112,0.0023641931200963904,0.0019930508999552758,0.8,0.0002782982152461949,0.8
20,299,0.5493588722444981,0.0012707538554824053,0.0008996116353412909,0.65,0.00137173747986018,0.65
20,300,0.5472093914629785,-0.0008787269260370934,-0.0012498691461782078,0.35,0.0035212182613796788,0.35
20,301,0.5485244294942357,0.000436311105220151,6.516888507903661e-05,0.55,0.0022061802301224344,0.55
20,302,0.5467442159783154,-0.0013439024107003623,-0.0017150446308414765,0.2,0.0039863937460429474,0.2
20,303,0.5478988776685986,-0.00018924072041691942,-0.0005603829405580338,0.35,0.0028317320557595047,0.35
20,304,0.5486346856705632,0.0005465672815476705,0.0001754250614065561,0.6,0.0020959240537949146,0.6
20,305,0.5468252420324828,-0.0012628763565327773,-0.0016340185766738915,0.3,0.0039053676918753624,0.3
20,306,0.5486485013295737,0.0005603829405580338,0.00018924072041691942,0.65,0.0020821083947845515,0.65
20,307,0.5501776592205345,0.0020895408315188837,0.0017183986113777695,0.7,0.0005529505038237015,0.7
20,308,0.5480406818922184,-4.743649679715134e-05,-0.0004185787169382657,0.5,0.0026899278321397364,0.5
20,309,0.5479601298244062,-0.00012798856460940477,-0.0004991307847505191,0.45,0.00277047989995199,0.45
20,310,0.5463697197776379,-0.0017183986113777695,-0.0020895408315188837,0.3,0.004360889946720355,0.3
20,311,0.550452311509112,0.0023641931200963904,0.0019930508999552758,0.8,0.0002782982152461949,0.8
20,312,0.5484592606091567,0.00037114222014111435,0.0,0.45,0.002271349115201471,0.45
20,313,0.5487853751071422,0.0006972567181266001,0.00032611449798548576,0.65,0.001945234617215985,0.65
20,314,0.5461425039858575,-0.0019456144031581245,-0.002316756623299239,0.25,0.00458810573850071,0.25
20,315,0.5479601298244062,-0.00012798856460940477,-0.0004991307847505191,0.45,0.00277047989995199,0.45
20,316,0.5504226074005968,0.0023344890115811244,0.00196334679144001,0.8,0.000308002323761461,0.8
20,317,0.546351987389356,-0.0017361309996596548,-0.002107273219800769,0.25,0.00437862233500224,0.25
20,318,0.5483768213375606,0.000288702948544986,-8.243927159612835e-05,0.65,0.002353788386797599,0.65
20,319,0.5481650756168193,7.695722780368813e-05,-0.0002941849923374262,0.55,0.002565534107538897,0.55
20,320,0.5463222832808408,-0.0017658351081749207,-0.002136977328316035,0.25,0.004408326443517506,0.25
20,321,0.5473023171071155,-0.0007858012819000823,-0.0011569435020411967,0.35,0.0034282926172426675,0.35
20,322,0.5485066971059538,0.0004185787169382657,4.743649679715134e-05,0.5,0.0022239126184043197,0.5
20,323,0.550452311509112,0.0023641931200963904,0.0019930508999552758,0.8,0.0002782982152461949,0.8
20,324,0.5482678976839988,0.00017977929498320388,-0.00019136292515791047,0.55,0.0024627120403593813,0.55
20,325,0.5482320448173764,0.00014392642836075914,-0.00022721579178035521,0.4,0.002498564906981826,0.4
20,326,0.5504048750123148,0.002316756623299239,0.0019456144031581245,0.75,0.00032573471204334626,0.75
20,327,0.5498405753424853,0.0017524569534696833,0.001381314733328569,0.65,0.0008900343818729021,0.65
20,328,0.5483153341807958,0.00022721579178035521,-0.00014392642836075914,0.6,0.00241527554356223,0.6
20,329,0.5461425039858575,-0.0019456144031581245,-0.002316756623299239,0.25,0.00458810573850071,0.25
20,330,0.5482794813141736,0.00019136292515791047,-0.00017977929498320388,0.45,0.0024511284101846748,0.45
20,331,0.5485244294942357,0.000436311105220151,6.516888507903661e-05,0.55,0.0022061802301224344,0.55
20,332,0.5478988776685986,-0.00018924072041691942,-0.0005603829405580338,0.35,0.0028317320557595047,0.35
20,333,0.5485953095385678,0.0005071911495522455,0.00013604892941113111,0.45,0.00213530018579034,0.45
20,334,0.5482675042201002,0.00017938583108466217,-0.00019175638905645221,0.55,0.002463105504257923,0.55
20,335,0.5463697197776379,-0.0017183986113777695,-0.0020895408315188837,0.3,0.004360889946720355,0.3
20,336,0.5474774786847787,-0.0006106397042368982,-0.0009817819243780126,0.45,0.0032531310395794836,0.45
20,337,0.5480881183890156,0.0,-0.00037114222014111435,0.55,0.002642491335342585,0.55
20,338,0.5500593426794051,0.001971224290389638,0.0016000820702485236,0.75,0.0006712670449529473,0.75
20,339,0.5485244294942357,0.000436311105220151,6.516888507903661e-05,0.55,0.0022061802301224344,0.55
20,340,0.547165443329547,-0.0009226750594686486,-0.001293817279609763,0.35,0.003565166394811234,0.35
20,341,0.5483153341807958,0.00022721579178035521,-0.00014392642836075914,0.6,0.00241527554356223,0.6
20,342,0.5504700438973938,0.0023819255083782757,0.002010783288237161,0.85,0.0002605658269643096,0.85
20,343,0.5483149407168973,0.0002268223278818135,-0.00014431989225930085,0.6,0.0024156690074607716,0.6
20,344,0.550452311509112,0.0023641931200963904,0.0019930508999552758,0.8,0.0002782982152461949,0.8
20,345,0.5485830974435375,0.000494979054521881,0.00012383683438076665,0.6,0.0021475122808207042,0.6
20,346,0.5473117793057369,-0.0007763390832786598,-0.0011474813034197742,0.3,0.003418830418621245,0.3
20,347,0.5482794813141736,0.00019136292515791047,-0.00017977929498320388,0.45,0.0024511284101846748,0.45
20,348,0.5463222832808408,-0.0017658351081749207,-0.002136977328316035,0.25,0.004408326443517506,0.25
20,349,0.546505768707049,-0.0015823496819666384,-0.0019534919021077526,0.3,0.0042248410173092235,0.3
20,350,0.5482675042201002,0.00017938583108466217,-0.00019175638905645221,0.55,0.002463105504257923,0.55
20,351,0.5463697197776379,-0.0017183986113777695,-0.0020895408315188837,0.3,0.004360889946720355,0.3
20,352,0.5471100822344099,-0.000978036154605677,-0.0013491783747467915,0.3,0.003620527489948262,0.3
20,353,0.5483590889492788,0.0002709705602631007,-0.00010017165987801363,0.6,0.0023715207750794843,0.6
20,354,0.5469459070075622,-0.001142211381453395,-0.0015133536015945095,0.3,0.0037847027167959802,0.3
20,355,0.5485066971059538,0.0004185787169382657,4.743649679715134e-05,0.5,0.0022239126184043197,0.5
20,356,0.5482678976839988,0.00017977929498320388,-0.00019136292515791047,0.55,0.0024627120403593813,0.55
20,357,0.5498808314524188,0.001792713063403166,0.0014215708432620516,0.7,0.0008497782719394193,0.7
20,358,0.5482794813141736,0.00019136292515791047,-0.00017977929498320388,0.45,0.0024511284101846748,0.45
20,359,0.5483153341807958,0.00022721579178035521,-0.00014392642836075914,0.6,0.00241527554356223,0.6
20,360,0.5460773351007785,-0.002010783288237161,-0.0023819255083782757,0.15,0.004653274623579747,0.15
20,361,0.549578556122966,0.0014904377339504157,0.0011192955138093013,0.65,0.0011520536013921695,0.65
20,362,0.5463222832808408,-0.0017658351081749207,-0.002136977328316035,0.25,0.004408326443517506,0.25
20,363,0.5485244294942357,0.000436311105220151,6.516888507903661e-05,0.55,0.0022061802301224344,0.55
20,364,0.5461247715975757,-0.00196334679144001,-0.0023344890115811244,0.2,0.004605838126782595,0.2
20,365,0.5468508831731493,-0.0012372352158662517,-0.001608377436007366,0.3,0.003879726551208837,0.3
20,366,0.5504226074005968,0.0023344890115811244,0.00196334679144001,0.8,0.000308002323761461,0.8
20,367,0.5476534003235849,-0.00043471806543066984,-0.0008058602855717841,0.45,0.003077209400773255,0.45
20,368,0.5480406818922184,-4.743649679715134e-05,-0.0004185787169382657,0.5,0.0026899278321397364,0.5
20,369,0.5488225253303481,0.0007344069413326007,0.00036326472119148633,0.5,0.0019080843940099846,0.5
20,370,0.5473295116940189,-0.0007586066949967745,-0.001129748915137889,0.35,0.00340109803033936,0.35
20,371,0.5463697197776379,-0.0017183986113777695,-0.0020895408315188837,0.3,0.004360889946720355,0.3
20,372,0.5485066971059538,0.0004185787169382657,4.743649679715134e-05,0.5,0.0022239126184043197,0.5
20,373,0.5485066971059538,0.0004185787169382657,4.743649679715134e-05,0.5,0.0022239126184043197,0.5
20,374,0.5482759580488005,0.00018783965978493022,-0.00018330256035618413,0.45,0.002454651675557655,0.45
20,375,0.5482678976839988,0.00017977929498320388,-0.00019136292515791047,0.55,0.0024627120403593813,0.55
20,376,0.5484592606091567,0.00037114222014111435,0.0,0.45,0.002271349115201471,0.45
20,377,0.54781506222912,-0.00027305615989561827,-0.0006441983800367327,0.5,0.0029155474952382034,0.5
20,378,0.5482320448173764,0.00014392642836075914,-0.00022721579178035521,0.4,0.002498564906981826,0.4
20,379,0.5501650911060381,0.0020769727170223697,0.0017058304968812555,0.7,0.0005655186183202154,0.7
20,380,0.5471475252709743,-0.0009405931180413149,-0.0013117353381824292,0.4,0.0035830844533839,0.4
20,381,0.5464583322102519,-0.0016297861787637896,-0.002000928398904904,0.25,0.004272277514106375,0.25
20,382,0.5500192777382532,0.0019311593492376696,0.0015600171290965554,0.7,0.0007113319861049155,0.7
20,383,0.5501776592205345,0.0020895408315188837,0.0017183986113777695,0.7,0.0005529505038237015,0.7
20,384,0.5487968441534979,0.0007087257644823944,0.00033758354434128003,0.5,0.0019337655708601908,0.5
20,385,0.5483153341807958,0.00022721579178035521,-0.00014392642836075914,0.6,0.00241527554356223,0.6
20,386,0.5471100822344099,-0.000978036154605677,-0.0013491783747467915,0.3,0.003620527489948262,0.3
20,387,0.5501776592205345,0.0020895408315188837,0.0017183986113777695,0.7,0.0005529505038237015,0.7
20,388,0.5483153341807958,0.00022721579178035521,-0.00014392642836075914,0.6,0.00241527554356223,0.6
20,389,0.5497041695764504,0.0016160511874348902,0.0012449089672937758,0.7,0.0010264401479076952,0.7
20,390,0.5494142763646126,0.0013261579755968935,0.0009550157554557792,0.6,0.0013163333597456916,0.6
20,391,0.5483149407168973,0.0002268223278818135,-0.00014431989225930085,0.6,0.0024156690074607716,0.6
20,392,0.5483153341807958,0.00022721579178035521,-0.00014392642836075914,0.6,0.00241527554356223,0.6
20,393,0.5467329844988293,-0.001355133890186283,-0.0017262761103273975,0.35,0.0039976252255288685,0.35
20,394,0.5504700438973938,0.0023819255083782757,0.002010783288237161,0.85,0.0002605658269643096,0.85
20,395,0.5486427460353649,0.0005546276463493968,0.00018348542620828245,0.5,0.0020878636889931886,0.5
20,396,0.5461247715975757,-0.00196334679144001,-0.0023344890115811244,0.2,0.004605838126782595,0.2
20,397,0.5463222832808408,-0.0017658351081749207,-0.002136977328316035,0.25,0.004408326443517506,0.25
20,398,0.5485066971059538,0.0004185787169382657,4.743649679715134e-05,0.5,0.0022239126184043197,0.5
20,399,0.5482794813141736,0.00019136292515791047,-0.00017977929498320388,0.45,0.0024511284101846748,0.45
20,400,0.5483056621573157,0.00021754376830019628,-0.00015359845184091808,0.45,0.002424947567042389,0.45
20,401,0.5473018490955818,-0.0007862692934338556,-0.00115741151357497,0.3,0.003428760628776441,0.3
20,402,0.5485066971059538,0.0004185787169382657,4.743649679715134e-05,0.5,0.0022239126184043197,0.5
20,403,0.5496509882575601,0.001562869868544471,0.0011917276484033567,0.6,0.001079621466798114,0.6
20,404,0.54986183099614,0.0017737126071245488,0.0014025703869834343,0.7,0.0008687787282180365,0.7
20,405,0.5504700438973938,0.0023819255083782757,0.002010783288237161,0.85,0.0002605658269643096,0.85
20,406,0.549578556122966,0.0014904377339504157,0.0011192955138093013,0.65,0.0011520536013921695,0.65
20,407,0.5480229495039366,-6.516888507903661e-05,-0.000436311105220151,0.45,0.0027076602204216217,0.45
20,408,0.5491761756294495,0.0010880572404340053,0.0007169150202928909,0.65,0.00155443409490858,0.65
20,409,0.5469220006285203,-0.0011661177604954608,-0.0015372599806365752,0.35,0.003808609095838046,0.35
20,410,0.5468463268407369,-0.0012417915482788478,-0.0016129337684199622,0.3,0.003884282883621433,0.3
20,411,0.5500416102911233,0.0019534919021077526,0.0015823496819666384,0.7,0.0006889994332348326,0.7
20,412,0.5478426070619806,-0.00024551132703496125,-0.0006166535471760756,0.55,0.0028880026623775467,0.55
20,413,0.5504226074005968,0.0023344890115811244,0.00196334679144001,0.8,0.000308002323761461,0.8
20,414,0.5483153341807958,0.00022721579178035521,-0.00014392642836075914,0.6,0.00241527554356223,0.6
20,415,0.5463697197776379,-0.0017183986113777695,-0.0020895408315188837,0.3,0.004360889946720355,0.3
20,416,0.547677417171027,-0.0004107012179886377,-0.000781843438129752,0.45,0.003053192553331223,0.45
20,417,0.5482678976839988,0.00017977929498320388,-0.00019136292515791047,0.55,0.0024627120403593813,0.55
20,418,0.5498405753424853,0.0017524569534696833,0.001381314733328569,0.65,0.0008900343818729021,0.65
20,419,0.5482852366083821,0.00019711821936654745,-0.00017402400077456693,0.6,0.0024453731159760376,0.6
20,420,0.5501776592205345,0.0020895408315188837,0.0017183986113777695,0.7,0.0005529505038237015,0.7
20,421,0.5483153341807958,0.00022721579178035521,-0.00014392642836075914,0.6,0.00241527554356223,0.6
20,422,0.5493342641708712,0.0012461457818554954,0.0008750035617143811,0.65,0.0013963455534870897,0.65
20,423,0.5485872491737661,0.0004991307847505191,0.00012798856460940477,0.55,0.0021433605505920663,0.55
20,424,0.5485066971059538,0.0004185787169382657,4.743649679715134e-05,0.5,0.0022239126184043197,0.5
20,425,0.549814394499343,0.0017262761103273975,0.001355133890186283,0.65,0.0009162152250151879,0.65
20,426,0.5504226074005968,0.0023344890115811244,0.00196334679144001,0.8,0.000308002323761461,0.8
20,427,0.5487853751071422,0.0006972567181266001,0.00032611449798548576,0.65,0.001945234617215985,0.65
20,428,0.5463697197776379,-0.0017183986113777695,-0.0020895408315188837,0.3,0.004360889946720355,0.3
20,429,0.5484592606091567,0.00037114222014111435,0.0,0.45,0.002271349115201471,0.45
20,430,0.5504048750123148,0.002316756623299239,0.0019456144031581245,0.75,0.00032573471204334626,0.75
20,431,0.5491914268532304,0.0011033084642147694,0.0007321662440736551,0.65,0.0015391828711278158,0.65
20,432,0.5484769929974387,0.00038887460842299963,1.773238828188528e-05,0.5,0.0022536167269195857,0.5
20,433,0.5470599849599125,-0.0010281334291031368,-0.0013992756492442512,0.35,0.003670624764445722,0.35
20,434,0.547376948190816,-0.0007111701981996233,-0.0010823124183407377,0.4,0.0033536615335422086,0.4
20,435,0.5482678976839988,0.00017977929498320388,-0.00019136292515791047,0.55,0.0024627120403593813,0.55
20,436,0.5482501652957168,0.0001620469067013186,-0.00020909531343979575,0.5,0.0024804444286412666,0.5
20,437,0.5487498343617124,0.0006617159726968705,0.0002905737525557561,0.55,0.001980775362645715,0.55
20,438,0.5485953095385678,0.0005071911495522455,0.00013604892941113111,0.45,0.00213530018579034,0.45
20,439,0.5488225253303481,0.0007344069413326007,0.00036326472119148633,0.5,0.0019080843940099846,0.5
20,440,0.5463697197776379,-0.0017183986113777695,-0.0020895408315188837,0.3,0.004360889946720355,0.3
20,441,0.5486307689412918,0.0005426505522761485,0.00017150833213503414,0.6,0.0020998407830664367,0.6
20,442,0.5482320448173764,0.00014392642836075914,-0.00022721579178035521,0.4,0.002498564906981826,0.4
20,443,0.5482678976839988,0.00017977929498320388,-0.00019136292515791047,0.55,0.0024627120403593813,0.55
20,444,0.5485244294942357,0.000436311105220151,6.516888507903661e-05,0.55,0.0022061802301224344,0.55
20,445,0.5501776592205345,0.0020895408315188837,0.0017183986113777695,0.7,0.0005529505038237015,0.7
20,446,0.5463222832808408,-0.0017658351081749207,-0.002136977328316035,0.25,0.004408326443517506,0.25
20,447,0.5477428210570632,-0.0003452973319524849,-0.0007164395520935993,0.5,0.0029877886672950702,0.5
20,448,0.5485066971059538,0.0004185787169382657,4.743649679715134e-05,0.5,0.0022239126184043197,0.5
20,449,0.5476596847827451,-0.00042843360627052297,-0.0007995758264116373,0.4,0.0030709249416131083,0.4
20,450,0.5463697197776379,-0.0017183986113777695,-0.0020895408315188837,0.3,0.004360889946720355,0.3
20,451,0.5482794813141736,0.00019136292515791047,-0.00017977929498320388,0.45,0.0024511284101846748,0.45
20,452,0.5483153341807958,0.00022721579178035521,-0.00014392642836075914,0.6,0.00241527554356223,0.6
20,453,0.5480406818922184,-4.743649679715134e-05,-0.0004185787169382657,0.5,0.0026899278321397364,0.5
20,454,0.5496607960475021,0.0015726776584864793,0.0012015354383453649,0.65,0.0010698136768561059,0.65
20,455,0.5480703860007337,-1.773238828188528e-05,-0.00038887460842299963,0.5,0.0026602237236244704,0.5
20,456,0.5482678976839988,0.00017977929498320388,-0.00019136292515791047,0.55,0.0024627120403593813,0.55
20,457,0.5503869076230757,0.0022987892340602376,0.0019276470139191232,0.75,0.00034370210128234767,0.75
20,458,0.5480881183890156,0.0,-0.00037114222014111435,0.55,0.002642491335342585,0.55
20,459,0.5485066971059538,0.0004185787169382657,4.743649679715134e-05,0.5,0.0022239126184043197,0.5
20,460,0.5482320448173764,0.00014392642836075914,-0.00022721579178035521,0.4,0.002498564906981826,0.4
20,461,0.5479046329628073,-0.00018348542620828245,-0.0005546276463493968,0.5,0.0028259767615508675,0.5
20,462,0.5483153341807958,0.00022721579178035521,-0.00014392642836075914,0.6,0.00241527554356223,0.6
20,463,0.5463697197776379,-0.0017183986113777695,-0.0020895408315188837,0.3,0.004360889946720355,0.3
20,464,0.5477140320688652,-0.0003740863201504227,-0.0007452285402915371,0.45,0.003016577655493008,0.45
20,465,0.5498880118392824,0.0017998934502668346,0.0014287512301257202,0.7,0.0008425978850757507,0.7
20,466,0.5496038204245604,0.0015157020355446456,0.0011445598154035314,0.75,0.0011267892997979395,0.75
20,467,0.5501776592205345,0.0020895408315188837,0.0017183986113777695,0.7,0.0005529505038237015,0.7
20,468,0.5472308472155831,-0.0008572711734324958,-0.0012284133935736101,0.4,0.003499762508775081,0.4
20,469,0.5502250957173317,0.002136977328316035,0.0017658351081749207,0.75,0.0005055140070265501,0.75
20,470,0.5467152521105474,-0.0013728662784681684,-0.0017440084986092828,0.3,0.004015357613810754,0.3
20,471,0.5478988776685986,-0.00018924072041691942,-0.0005603829405580338,0.35,0.0028317320557595047,0.35
20,472,0.5472566345948268,-0.0008314837941887518,-0.0012026260143298661,0.4,0.003473975129531337,0.4
20,473,0.5468252420324828,-0.0012628763565327773,-0.0016340185766738915,0.3,0.0039053676918753624,0.3
20,474,0.5480406818922184,-4.743649679715134e-05,-0.0004185787169382657,0.5,0.0026899278321397364,0.5
20,475,0.5482320448173764,0.00014392642836075914,-0.00022721579178035521,0.4,0.002498564906981826,0.4
20,476,0.5484592606091567,0.00037114222014111435,0.0,0.45,0.002271349115201471,0.45
20,477,0.548791941243895,0.0007038228548792768,0.0003326806347381625,0.6,0.0019386684804633084,0.6
20,478,0.5502680012347463,0.0021798828457306727,0.0018087406255895583,0.75,0.0004626084896119126,0.75
20,479,0.550452311509112,0.0023641931200963904,0.0019930508999552758,0.8,0.0002782982152461949,0.8
20,480,0.5483114174515245,0.00022329906250883325,-0.00014784315763228113,0.6,0.002419192272833752,0.6
20,481,0.5480406818922184,-4.743649679715134e-05,-0.0004185787169382657,0.5,0.0026899278321397364,0.5
20,482,0.547147710941265,-0.0009404074477505339,-0.0013115496678916482,0.3,0.003582898783093119,0.3
20,483,0.5504048750123148,0.002316756623299239,0.0019456144031581245,0.75,0.00032573471204334626,0.75
20,484,0.5500416102911233,0.0019534919021077526,0.0015823496819666384,0.7,0.0006889994332348326,0.7
20,485,0.5485066971059538,0.0004185787169382657,4.743649679715134e-05,0.5,0.0022239126184043197,0.5
20,486,0.5466488151574718,-0.0014393032315439369,-0.0018104454516850513,0.25,0.004081794566886522,0.25
20,487,0.5463697197776379,-0.0017183986113777695,-0.0020895408315188837,0.3,0.004360889946720355,0.3
20,488,0.5480703860007337,-1.773238828188528e-05,-0.00038887460842299963,0.5,0.0026602237236244704,0.5
20,489,0.5461247715975757,-0.00196334679144001,-0.0023344890115811244,0.2,0.004605838126782595,0.2
20,490,0.5483181472541651,0.00023002886514947584,-0.00014111335499163852,0.55,0.0024124624701931095,0.55
20,491,0.5482794813141736,0.00019136292515791047,-0.00017977929498320388,0.45,0.0024511284101846748,0.45
20,492,0.5482794813141736,0.00019136292515791047,-0.00017977929498320388,0.45,0.0024511284101846748,0.45
20,493,0.5496317949514777,0.0015436765624621026,0.0011725343423209882,0.65,0.0010988147728804825,0.65
20,494,0.5482794813141736,0.00019136292515791047,-0.00017977929498320388,0.45,0.0024511284101846748,0.45
20,495,0.5480881183890156,0.0,-0.00037114222014111435,0.55,0.002642491335342585,0.55
20,496,0.5474348406946926,-0.0006532776943229734,-0.0010244199144640877,0.45,0.0032957690296655587,0.45
20,497,0.5467329844988293,-0.001355133890186283,-0.0017262761103273975,0.35,0.0039976252255288685,0.35
20,498,0.5482320448173764,0.00014392642836075914,-0.00022721579178035521,0.4,0.002498564906981826,0.4
20,499,0.5463697197776379,-0.0017183986113777695,-0.0020895408315188837,0.3,0.004360889946720355,0.3
30,0,0.5531888182679471,0.001519462667827845,-0.0002656774269693962,0.65,0.0029324451987696176,0.65
30,1,0.5534544956949164,0.0017851400947972412,0.0,0.7,0.0026667677718002214,0.7
30,2,0.5531888182679471,0.001519462667827845,-0.0002656774269693962,0.65,0.0029324451987696176,0.65
30,3,0.5534544956949164,0.0017851400947972412,0.0,0.7,0.0026667677718002214,0.7
30,4,0.5528186178495451,0.0011492622494259281,-0.0006358778453713132,0.6,0.0033026456171715347,0.6
30,5,0.5531888182679471,0.001519462667827845,-0.0002656774269693962,0.65,0.0029324451987696176,0.65
30,6,0.5534544956949164,0.0017851400947972412,0.0,0.7,0.0026667677718002214,0.7
30,7,0.5503441695753348,-0.0013251860247843236,-0.0031103261195815648,0.35,0.005777093891381787,0.35
30,8,0.5503815809281886,-0.0012877746719306012,-0.0030729147667278426,0.25,0.005739682538528064,0.25
30,9,0.5521680554252082,0.0004986998250891148,-0.0012864402697081265,0.4,0.003953208041508348,0.4
30,10,0.5534544956949164,0.0017851400947972412,0.0,0.7,0.0026667677718002214,0.7
30,11,0.5522511557715436,0.0005818001714245,-0.0012033399233727412,0.45,0.003870107695172963,0.45
30,12,0.5534544956949164,0.0017851400947972412,0.0,0.7,0.0026667677718002214,0.7
30,13,0.5534544956949164,0.0017851400947972412,0.0,0.7,0.0026667677718002214,0.7
30,14,0.5529956715799486,0.001326315979829365,-0.00045882411496787624,0.6,0.003125591886768098,0.6
30,15,0.5534544956949164,0.0017851400947972412,0.0,0.7,0.0026667677718002214,0.7
30,16,0.5534544956949164,0.0017851400947972412,0.0,0.7,0.0026667677718002214,0.7
30,17,0.554520930612463,0.002851575012343818,0.0010664349175465771,0.85,0.0016003328542536443,0.85
30,18,0.5534544956949164,0.0017851400947972412,0.0,0.7,0.0026667677718002214,0.7
30,19,0.5532613490069179,0.0015919934067987612,-0.00019314668799848002,0.65,0.0028599144597987016,0.65
30,20,0.5532613490069179,0.0015919934067987612,-0.00019314668799848002,0.65,0.0028599144597987016,0.65
30,21,0.5531888182679471,0.001519462667827845,-0.0002656774269693962,0.65,0.0029324451987696176,0.65
30,22,0.5531888182679471,0.001519462667827845,-0.0002656774269693962,0.65,0.0029324451987696176,0.65
30,23,0.5534544956949164,0.0017851400947972412,0.0,0.7,0.0026667677718002214,0.7
30,24,0.5559439981120733,0.00427464251195406,0.0024895024171568193,0.95,0.0001772653546434022,0.95
30,25,0.5531888182679471,0.001519462667827845,-0.0002656774269693962,0.65,0.0029324451987696176,0.65
30,26,0.5529956715799486,0.001326315979829365,-0.00045882411496787624,0.6,0.003125591886768098,0.6
30,27,0.555322700740778,0.003653345140658902,0.0018682050458616608,0.85,0.0007985627259385605,0.85
30,28,0.555308120266702,0.0036387646665827474,0.001853624571785506,0.85,0.0008131432000147154,0.85
30,29,0.5511837082162592,-0.00048564738385998006,-0.0022707874786572213,0.4,0.004937555250457443,0.4
30,30,0.5532613490069179,0.0015919934067987612,-0.00019314668799848002,0.65,0.0028599144597987016,0.65
30,31,0.5557508514240748,0.00408149582395558,0.002296355729158339,0.9,0.0003704120426418822,0.9
30,32,0.5534544956949164,0.0017851400947972412,0.0,0.7,0.0026667677718002214,0.7
30,33,0.5529377213150538,0.0012683657149346037,-0.0005167743798626376,0.6,0.003183542151662859,0.6
30,34,0.5513846045635844,-0.00028475103653486376,-0.002069891131332105,0.45,0.004736658903132326,0.45
30,35,0.5531888182679471,0.001519462667827845,-0.0002656774269693962,0.65,0.0029324451987696176,0.65
30,36,0.5532033987420232,0.001534043141904,-0.00025109695289324133,0.65,0.002917864724693463,0.65
30,37,0.5503815809281886,-0.0012877746719306012,-0.0030729147667278426,0.25,0.005739682538528064,0.25
30,38,0.5497432002893627,-0.0019261553107564223,-0.0037112954055536634,0.15,0.006378063177353885,0.15
30,39,0.5531888182679471,0.001519462667827845,-0.0002656774269693962,0.65,0.0029324451987696176,0.65
30,40,0.5534544956949164,0.0017851400947972412,0.0,0.7,0.0026667677718002214,0.7
30,41,0.5559439981120733,0.00427464251195406,0.0024895024171568193,0.95,0.0001772653546434022,0.95
30,42,0.5531888182679471,0.001519462667827845,-0.0002656774269693962,0.65,0.0029324451987696176,0.65
30,43,0.5531888182679471,0.001519462667827845,-0.0002656774269693962,0.65,0.0029324451987696176,0.65
30,44,0.5531888182679471,0.001519462667827845,-0.0002656774269693962,0.65,0.0029324451987696176,0.65
30,45,0.5529956715799486,0.001326315979829365,-0.00045882411496787624,0.6,0.003125591886768098,0.6
30,46,0.5531888182679471,0.001519462667827845,-0.0002656774269693962,0.65,0.0029324451987696176,0.65
30,47,0.5531888182679471,0.001519462667827845,-0.0002656774269693962,0.65,0.0029324451987696176,0.65
30,48,0.5534544956949164,0.0017851400947972412,0.0,0.7,0.0026667677718002214,0.7
30,49,0.5534544956949164,0.0017851400947972412,0.0,0.7,0.0026667677718002214,0.7
30,50,0.5534544956949164,0.0017851400947972412,0.0,0.7,0.0026667677718002214,0.7
30,51,0.5532613490069179,0.0015919934067987612,-0.00019314668799848002,0.65,0.0028599144597987016,0.65
30,52,0.5506326778810818,-0.00103667771903736,-0.002821817813834601,0.3,0.005488585585634823,0.3
30,53,0.5534544956949164,0.0017851400947972412,0.0,0.7,0.0026667677718002214,0.7
30,54,0.5534544956949164,0.0017851400947972412,0.0,0.7,0.0026667677718002214,0.7
30,55,0.5532033987420232,0.001534043141904,-0.00025109695289324133,0.65,0.002917864724693463,0.65
30,56,0.5534544956949164,0.0017851400947972412,0.0,0.7,0.0026667677718002214,0.7
30,57,0.5534544956949164,0.0017851400947972412,0.0,0.7,0.0026667677718002214,0.7
30,58,0.5532613490069179,0.0015919934067987612,-0.00019314668799848002,0.65,0.0028599144597987016,0.65
30,59,0.5532613490069179,0.0015919934067987612,-0.00019314668799848002,0.65,0.0028599144597987016,0.65
30,60,0.5531888182679471,0.001519462667827845,-0.0002656774269693962,0.65,0.0029324451987696176,0.65
30,61,0.5534544956949164,0.0017851400947972412,0.0,0.7,0.0026667677718002214,0.7
30,62,0.5506472583551579,-0.001022097244961205,-0.0028072373397584464,0.3,0.005474005111558667,0.3
30,63,0.5522511557715436,0.0005818001714245,-0.0012033399233727412,0.45,0.003870107695172963,0.45
30,64,0.5534544956949164,0.0017851400947972412,0.0,0.7,0.0026667677718002214,0.7
30,65,0.5529377213150538,0.0012683657149346037,-0.0005167743798626376,0.6,0.003183542151662859,0.6
30,66,0.5534544956949164,0.0017851400947972412,0.0,0.7,0.0026667677718002214,0.7
30,67,0.5534544956949164,0.0017851400947972412,0.0,0.7,0.0026667677718002214,0.7
30,68,0.5528186178495451,0.0011492622494259281,-0.0006358778453713132,0.6,0.0033026456171715347,0.6
30,69,0.5534544956949164,0.0017851400947972412,0.0,0.7,0.0026667677718002214,0.7
30,70,0.5534544956949164,0.0017851400947972412,0.0,0.7,0.0026667677718002214,0.7
30,71,0.5555737976936713,0.0039044420935521436,0.002119301998754902,0.9,0.0005474657730453192,0.9
30,72,0.5532613490069179,0.0015919934067987612,-0.00019314668799848002,0.65,0.0028599144597987016,0.65
30,73,0.5555737976936713,0.0039044420935521436,0.002119301998754902,0.9,0.0005474657730453192,0.9
30,74,0.5529956715799486,0.001326315979829365,-0.00045882411496787624,0.6,0.003125591886768098,0.6
30,75,0.5555737976936713,0.0039044420935521436,0.002119301998754902,0.9,0.0005474657730453192,0.9
30,76,0.5559439981120733,0.00427464251195406,0.0024895024171568193,0.95,0.0001772653546434022,0.95
30,77,0.5532033987420232,0.001534043141904,-0.00025109695289324133,0.65,0.002917864724693463,0.65
30,78,0.5506472583551579,-0.001022097244961205,-0.0028072373397584464,0.3,0.005474005111558667,0.3
30,79,0.5534544956949164,0.0017851400947972412,0.0,0.7,0.0026667677718002214,0.7
30,80,0.5534544956949164,0.0017851400947972412,0.0,0.7,0.0026667677718002214,0.7
30,81,0.5532613490069179,0.0015919934067987612,-0.00019314668799848002,0.65,0.0028599144597987016,0.65
30,82,0.5534544956949164,0.0017851400947972412,0.0,0.7,0.0026667677718002214,0.7
30,83,0.5534544956949164,0.0017851400947972412,0.0,0.7,0.0026667677718002214,0.7
30,84,0.5559439981120733,0.00427464251195406,0.0024895024171568193,0.95,0.0001772653546434022,0.95
30,85,0.5506472583551579,-0.001022097244961205,-0.0028072373397584464,0.3,0.005474005111558667,0.3
30,86,0.5532033987420232,0.001534043141904,-0.00025109695289324133,0.65,0.002917864724693463,0.65
30,87,0.551115188344,-0.0005541672561192104,-0.002339307350916452,0.35,0.005006075122716673,0.35
30,88,0.5529956715799486,0.001326315979829365,-0.00045882411496787624,0.6,0.003125591886768098,0.6
30,89,0.5534544956949164,0.0017851400947972412,0.0,0.7,0.0026667677718002214,0.7
30,90,0.5529956715799486,0.001326315979829365,-0.00045882411496787624,0.6,0.003125591886768098,0.6
30,91,0.5534544956949164,0.0017851400947972412,0.0,0.7,0.0026667677718002214,0.7
30,92,0.5529956715799486,0.001326315979829365,-0.00045882411496787624,0.6,0.003125591886768098,0.6
30,93,0.5529956715799486,0.001326315979829365,-0.00045882411496787624,0.6,0.003125591886768098,0.6
30,94,0.5517001254363663,3.07698362471201e-05,-0.001754370258550121,0.35,0.004421138030350343,0.35
30,95,0.5534544956949164,0.0017851400947972412,0.0,0.7,0.0026667677718002214,0.7
30,96,0.5555737976936713,0.0039044420935521436,0.002119301998754902,0.9,0.0005474657730453192,0.9
30,97,0.5529956715799486,0.001326315979829365,-0.00045882411496787624,0.6,0.003125591886768098,0.6
30,98,0.5534544956949164,0.0017851400947972412,0.0,0.7,0.0026667677718002214,0.7
30,99,0.5534544956949164,0.0017851400947972412,0.0,0.7,0.0026667677718002214,0.7
30,100,0.5532033987420232,0.001534043141904,-0.00025109695289324133,0.65,0.002917864724693463,0.65
30,101,0.5524016286137081,0.0007322730135889161,-0.001052867081208325,0.65,0.0037196348530085465,0.65
30,102,0.5559439981120733,0.00427464251195406,0.0024895024171568193,0.95,0.0001772653546434022,0.95
30,103,0.5532033987420232,0.001534043141904,-0.00025109695289324133,0.65,0.002917864724693463,0.65
30,104,0.5534544956949164,0.0017851400947972412,0.0,0.7,0.0026667677718002214,0.7
30,105,0.5534544956949164,0.0017851400947972412,0.0,0.7,0.0026667677718002214,0.7
30,106,0.5531888182679471,0.001519462667827845,-0.0002656774269693962,0.65,0.0029324451987696176,0.65
30,107,0.5534544956949164,0.0017851400947972412,0.0,0.7,0.0026667677718002214,0.7
30,108,0.5531888182679471,0.001519462667827845,-0.0002656774269693962,0.65,0.0029324451987696176,0.65
30,109,0.5506472583551579,-0.001022097244961205,-0.0028072373397584464,0.3,0.005474005111558667,0.3
30,110,0.5532613490069179,0.0015919934067987612,-0.00019314668799848002,0.65,0.0028599144597987016,0.65
30,111,0.551115188344,-0.0005541672561192104,-0.002339307350916452,0.35,0.005006075122716673,0.35
30,112,0.5531888182679471,0.001519462667827845,-0.0002656774269693962,0.65,0.0029324451987696176,0.65
30,113,0.5507157782274172,-0.0009535773727019747,-0.002738717467499216,0.35,0.005405485239299438,0.35
30,114,0.5532033987420232,0.001534043141904,-0.00025109695289324133,0.65,0.002917864724693463,0.65
30,115,0.5534544956949164,0.0017851400947972412,0.0,0.7,0.0026667677718002214,0.7
30,116,0.5534544956949164,0.0017851400947972412,0.0,0.7,0.0026667677718002214,0.7
30,117,0.5506472583551579,-0.001022097244961205,-0.0028072373397584464,0.3,0.005474005111558667,0.3
30,118,0.5534544956949164,0.0017851400947972412,0.0,0.7,0.0026667677718002214,0.7
30,119,0.5532033987420232,0.001534043141904,-0.00025109695289324133,0.65,0.002917864724693463,0.65
30,120,0.5534544956949164,0.0017851400947972412,0.0,0.7,0.0026667677718002214,0.7
30,121,0.5500919780626675,-0.0015773775374516407,-0.003362517632248882,0.25,0.006029285404049104,0.25
30,122,0.555322700740778,0.003653345140658902,0.0018682050458616608,0.85,0.0007985627259385605,0.85
30,123,0.5534544956949164,0.0017851400947972412,0.0,0.7,0.0026667677718002214,0.7
30,124,0.5531888182679471,0.001519462667827845,-0.0002656774269693962,0.65,0.0029324451987696176,0.65
30,125,0.5559439981120733,0.00427464251195406,0.0024895024171568193,0.95,0.0001772653546434022,0.95
30,126,0.5511837082162592,-0.00048564738385998006,-0.0022707874786572213,0.4,0.004937555250457443,0.4
30,127,0.5534544956949164,0.0017851400947972412,0.0,0.7,0.0026667677718002214,0.7
30,128,0.5555737976936713,0.0039044420935521436,0.002119301998754902,0.9,0.0005474657730453192,0.9
30,129,0.554520930612463,0.002851575012343818,0.0010664349175465771,0.85,0.0016003328542536443,0.85
30,130,0.5506326778810818,-0.00103667771903736,-0.002821817813834601,0.3,0.005488585585634823,0.3
30,131,0.5555737976936713,0.0039044420935521436,0.002119301998754902,0.9,0.0005474657730453192,0.9
30,132,0.5534544956949164,0.0017851400947972412,0.0,0.7,0.0026667677718002214,0.7
30,133,0.5530842952765145,0.0014149396763953243,-0.00037020041840191695,0.65,0.0030369681902021385,0.65
30,134,0.5529956715799486,0.001326315979829365,-0.00045882411496787624,0.6,0.003125591886768098,0.6
30,135,0.5534544956949164,0.0017851400947972412,0.0,0.7,0.0026667677718002214,0.7
30,136,0.5532033987420232,0.001534043141904,-0.00025109695289324133,0.65,0.002917864724693463,0.65
30,137,0.5534544956949164,0.0017851400947972412,0.0,0.7,0.0026667677718002214,0.7
30,138,0.5534544956949164,0.0017851400947972412,0.0,0.7,0.0026667677718002214,0.7
30,139,0.5559439981120733,0.00427464251195406,0.0024895024171568193,0.95,0.0001772653546434022,0.95
30,140,0.5534544956949164,0.0017851400947972412,0.0,0.7,0.0026667677718002214,0.7
30,141,0.5534544956949164,0.0017851400947972412,0.0,0.7,0.0026667677718002214,0.7
30,142,0.5532613490069179,0.0015919934067987612,-0.00019314668799848002,0.65,0.0028599144597987016,0.65
30,143,0.5534544956949164,0.0017851400947972412,0.0,0.7,0.0026667677718002214,0.7
30,144,0.5528186178495451,0.0011492622494259281,-0.0006358778453713132,0.6,0.0033026456171715347,0.6
30,145,0.5534544956949164,0.0017851400947972412,0.0,0.7,0.0026667677718002214,0.7
30,146,0.5503815809281886,-0.0012877746719306012,-0.0030729147667278426,0.25,0.005739682538528064,0.25
30,147,0.5534544956949164,0.0017851400947972412,0.0,0.7,0.0026667677718002214,0.7
30,148,0.5551149735787034,0.003445617978584267,0.001660477883787026,0.8,0.0010062898880131954,0.8
30,149,0.5506472583551579,-0.001022097244961205,-0.0028072373397584464,0.3,0.005474005111558667,0.3
30,150,0.5532613490069179,0.0015919934067987612,-0.00019314668799848002,0.65,0.0028599144597987016,0.65
30,151,0.5532033987420232,0.001534043141904,-0.00025109695289324133,0.65,0.002917864724693463,0.65
30,152,0.5534544956949164,0.0017851400947972412,0.0,0.7,0.0026667677718002214,0.7
30,153,0.5534544956949164,0.0017851400947972412,0.0,0.7,0.0026667677718002214,0.7
30,154,0.5508495109170306,-0.0008198446830886066,-0.002604984777885848,0.3,0.0052717525496860694,0.3
30,155,0.5524016286137081,0.0007322730135889161,-0.001052867081208325,0.65,0.0037196348530085465,0.65
30,156,0.5559439981120733,0.00427464251195406,0.0024895024171568193,0.95,0.0001772653546434022,0.95
30,157,0.5528186178495451,0.0011492622494259281,-0.0006358778453713132,0.6,0.0033026456171715347,0.6
30,158,0.5534544956949164,0.0017851400947972412,0.0,0.7,0.0026667677718002214,0.7
30,159,0.555322700740778,0.003653345140658902,0.0018682050458616608,0.85,0.0007985627259385605,0.85
30,160,0.555322700740778,0.003653345140658902,0.0018682050458616608,0.85,0.0007985627259385605,0.85
30,161,0.5531888182679471,0.001519462667827845,-0.0002656774269693962,0.65,0.0029324451987696176,0.65
30,162,0.5534544956949164,0.0017851400947972412,0.0,0.7,0.0026667677718002214,0.7
30,163,0.5532613490069179,0.0015919934067987612,-0.00019314668799848002,0.65,0.0028599144597987016,0.65
30,164,0.5531888182679471,0.001519462667827845,-0.0002656774269693962,0.65,0.0029324451987696176,0.65
30,165,0.5532613490069179,0.0015919934067987612,-0.00019314668799848002,0.65,0.0028599144597987016,0.65
30,166,0.5532033987420232,0.001534043141904,-0.00025109695289324133,0.65,0.002917864724693463,0.65
30,167,0.5509166745747424,-0.0007526810253768584,-0.0025378211201741,0.4,0.005204588891974321,0.4
30,168,0.555322700740778,0.003653345140658902,0.0018682050458616608,0.85,0.0007985627259385605,0.85
30,169,0.5531888182679471,0.001519462667827845,-0.0002656774269693962,0.65,0.0029324451987696176,0.65
30,170,0.5531888182679471,0.001519462667827845,-0.0002656774269693962,0.65,0.0029324451987696176,0.65
30,171,0.5524016286137081,0.0007322730135889161,-0.001052867081208325,0.65,0.0037196348530085465,0.65
30,172,0.5522511557715436,0.0005818001714245,-0.0012033399233727412,0.45,0.003870107695172963,0.45
30,173,0.5532613490069179,0.0015919934067987612,-0.00019314668799848002,0.65,0.0028599144597987016,0.65
30,174,0.5528186178495451,0.0011492622494259281,-0.0006358778453713132,0.6,0.0033026456171715347,0.6
30,175,0.5534544956949164,0.0017851400947972412,0.0,0.7,0.0026667677718002214,0.7
30,176,0.5534544956949164,0.0017851400947972412,0.0,0.7,0.0026667677718002214,0.7
30,177,0.5529956715799486,0.001326315979829365,-0.00045882411496787624,0.6,0.003125591886768098,0.6
30,178,0.5534544956949164,0.0017851400947972412,0.0,0.7,0.0026667677718002214,0.7
30,179,0.5529377213150538,0.0012683657149346037,-0.0005167743798626376,0.6,0.003183542151662859,0.6
30,180,0.5534544956949164,0.0017851400947972412,0.0,0.7,0.0026667677718002214,0.7
30,181,0.5534544956949164,0.0017851400947972412,0.0,0.7,0.0026667677718002214,0.7
30,182,0.5534544956949164,0.0017851400947972412,0.0,0.7,0.0026667677718002214,0.7
30,183,0.5532033987420232,0.001534043141904,-0.00025109695289324133,0.65,0.002917864724693463,0.65
30,184,0.5534544956949164,0.0017851400947972412,0.0,0.7,0.0026667677718002214,0.7
30,185,0.5522511557715436,0.0005818001714245,-0.0012033399233727412,0.45,0.003870107695172963,0.45
30,186,0.5532033987420232,0.001534043141904,-0.00025109695289324133,0.65,0.002917864724693463,0.65
30,187,0.5532613490069179,0.0015919934067987612,-0.00019314668799848002,0.65,0.0028599144597987016,0.65
30,188,0.5532033987420232,0.001534043141904,-0.00025109695289324133,0.65,0.002917864724693463,0.65
30,189,0.5555737976936713,0.0039044420935521436,0.002119301998754902,0.9,0.0005474657730453192,0.9
30,190,0.5532033987420232,0.001534043141904,-0.00025109695289324133,0.65,0.002917864724693463,0.65
30,191,0.5534544956949164,0.0017851400947972412,0.0,0.7,0.0026667677718002214,0.7
30,192,0.5513662852968932,-0.0003030703032259691,-0.0020882103980232104,0.4,0.004754978169823431,0.4
30,193,0.5506472583551579,-0.001022097244961205,-0.0028072373397584464,0.3,0.005474005111558667,0.3
30,194,0.5529956715799486,0.001326315979829365,-0.00045882411496787624,0.6,0.003125591886768098,0.6
30,195,0.5534544956949164,0.0017851400947972412,0.0,0.7,0.0026667677718002214,0.7
30,196,0.5529956715799486,0.001326315979829365,-0.00045882411496787624,0.6,0.003125591886768098,0.6
30,197,0.5532613490069179,0.0015919934067987612,-0.00019314668799848002,0.65,0.0028599144597987016,0.65
30,198,0.5506472583551579,-0.001022097244961205,-0.0028072373397584464,0.3,0.005474005111558667,0.3
30,199,0.5531888182679471,0.001519462667827845,-0.0002656774269693962,0.65,0.0029324451987696176,0.65
30,200,0.5531888182679471,0.001519462667827845,-0.0002656774269693962,0.65,0.0029324451987696176,0.65
30,201,0.5531888182679471,0.001519462667827845,-0.0002656774269693962,0.65,0.0029324451987696176,0.65
30,202,0.5534544956949164,0.0017851400947972412,0.0,0.7,0.0026667677718002214,0.7
30,203,0.555322700740778,0.003653345140658902,0.0018682050458616608,0.85,0.0007985627259385605,0.85
30,204,0.5522511557715436,0.0005818001714245,-0.0012033399233727412,0.45,0.003870107695172963,0.45
30,205,0.5528186178495451,0.0011492622494259281,-0.0006358778453713132,0.6,0.0033026456171715347,0.6
30,206,0.5529956715799486,0.001326315979829365,-0.00045882411496787624,0.6,0.003125591886768098,0.6
30,207,0.5529956715799486,0.001326315979829365,-0.00045882411496787624,0.6,0.003125591886768098,0.6
30,208,0.5532033987420232,0.001534043141904,-0.00025109695289324133,0.65,0.002917864724693463,0.65
30,209,0.5531888182679471,0.001519462667827845,-0.0002656774269693962,0.65,0.0029324451987696176,0.65
30,210,0.5534544956949164,0.0017851400947972412,0.0,0.7,0.0026667677718002214,0.7
30,211,0.5534544956949164,0.0017851400947972412,0.0,0.7,0.0026667677718002214,0.7
30,212,0.5534544956949164,0.0017851400947972412,0.0,0.7,0.0026667677718002214,0.7
30,213,0.5532613490069179,0.0015919934067987612,-0.00019314668799848002,0.65,0.0028599144597987016,0.65
30,214,0.5555737976936713,0.0039044420935521436,0.002119301998754902,0.9,0.0005474657730453192,0.9
30,215,0.5524016286137081,0.0007322730135889161,-0.001052867081208325,0.65,0.0037196348530085465,0.65
30,216,0.5531888182679471,0.001519462667827845,-0.0002656774269693962,0.65,0.0029324451987696176,0.65
30,217,0.5555737976936713,0.0039044420935521436,0.002119301998754902,0.9,0.0005474657730453192,0.9
30,218,0.5532613490069179,0.0015919934067987612,-0.00019314668799848002,0.65,0.0028599144597987016,0.65
30,219,0.5534544956949164,0.0017851400947972412,0.0,0.7,0.0026667677718002214,0.7
30,220,0.5532613490069179,0.0015919934067987612,-0.00019314668799848002,0.65,0.0028599144597987016,0.65
30,221,0.5532613490069179,0.0015919934067987612,-0.00019314668799848002,0.65,0.0028599144597987016,0.65
30,222,0.5534544956949164,0.0017851400947972412,0.0,0.7,0.0026667677718002214,0.7
30,223,0.5534544956949164,0.0017851400947972412,0.0,0.7,0.0026667677718002214,0.7
30,224,0.5534544956949164,0.0017851400947972412,0.0,0.7,0.0026667677718002214,0.7
30,225,0.5534544956949164,0.0017851400947972412,0.0,0.7,0.0026667677718002214,0.7
30,226,0.5506472583551579,-0.001022097244961205,-0.0028072373397584464,0.3,0.005474005111558667,0.3
30,227,0.5505281028705163,-0.0011412527296028306,-0.0029263928244000715,0.3,0.005593160596200293,0.3
30,228,0.5534544956949164,0.0017851400947972412,0.0,0.7,0.0026667677718002214,0.7
30,229,0.5534544956949164,0.0017851400947972412,0.0,0.7,0.0026667677718002214,0.7
30,230,0.555308120266702,0.0036387646665827474,0.001853624571785506,0.85,0.0008131432000147154,0.85
30,231,0.5532613490069179,0.0015919934067987612,-0.00019314668799848002,0.65,0.0028599144597987016,0.65
30,232,0.5534544956949164,0.0017851400947972412,0.0,0.7,0.0026667677718002214,0.7
30,233,0.5532613490069179,0.0015919934067987612,-0.00019314668799848002,0.65,0.0028599144597987016,0.65
30,234,0.555308120266702,0.0036387646665827474,0.001853624571785506,0.85,0.0008131432000147154,0.85
30,235,0.5532613490069179,0.0015919934067987612,-0.00019314668799848002,0.65,0.0028599144597987016,0.65
30,236,0.5532613490069179,0.0015919934067987612,-0.00019314668799848002,0.65,0.0028599144597987016,0.65
30,237,0.5531888182679471,0.001519462667827845,-0.0002656774269693962,0.65,0.0029324451987696176,0.65
30,238,0.5532613490069179,0.0015919934067987612,-0.00019314668799848002,0.65,0.0028599144597987016,0.65
30,239,0.5534544956949164,0.0017851400947972412,0.0,0.7,0.0026667677718002214,0.7
30,240,0.5559439981120733,0.00427464251195406,0.0024895024171568193,0.95,0.0001772653546434022,0.95
30,241,0.5534544956949164,0.0017851400947972412,0.0,0.7,0.0026667677718002214,0.7
30,242,0.5534544956949164,0.0017851400947972412,0.0,0.7,0.0026667677718002214,0.7
30,243,0.555308120266702,0.0036387646665827474,0.001853624571785506,0.85,0.0008131432000147154,0.85
30,244,0.5511006078699239,-0.0005687477301953653,-0.0023538878249926066,0.35,0.0050206555967928276,0.35
30,245,0.5534544956949164,0.0017851400947972412,0.0,0.7,0.0026667677718002214,0.7
30,246,0.5555737976936713,0.0039044420935521436,0.002119301998754902,0.9,0.0005474657730453192,0.9
30,247,0.5531888182679471,0.001519462667827845,-0.0002656774269693962,0.65,0.0029324451987696176,0.65
30,248,0.5534544956949164,0.0017851400947972412,0.0,0.7,0.0026667677718002214,0.7
30,249,0.555308120266702,0.0036387646665827474,0.001853624571785506,0.85,0.0008131432000147154,0.85
30,250,0.5531888182679471,0.001519462667827845,-0.0002656774269693962,0.65,0.0029324451987696176,0.65
30,251,0.5532613490069179,0.0015919934067987612,-0.00019314668799848002,0.65,0.0028599144597987016,0.65
30,252,0.5532613490069179,0.0015919934067987612,-0.00019314668799848002,0.65,0.0028599144597987016,0.65
30,253,0.5528186178495451,0.0011492622494259281,-0.0006358778453713132,0.6,0.0033026456171715347,0.6
30,254,0.5513662852968932,-0.0003030703032259691,-0.0020882103980232104,0.4,0.004754978169823431,0.4
30,255,0.5531888182679471,0.001519462667827845,-0.0002656774269693962,0.65,0.0029324451987696176,0.65
30,256,0.5506472583551579,-0.001022097244961205,-0.0028072373397584464,0.3,0.005474005111558667,0.3
30,257,0.5534544956949164,0.0017851400947972412,0.0,0.7,0.0026667677718002214,0.7
30,258,0.5532613490069179,0.0015919934067987612,-0.00019314668799848002,0.65,0.0028599144597987016,0.65
30,259,0.5534544956949164,0.0017851400947972412,0.0,0.7,0.0026667677718002214,0.7
30,260,0.5529956715799486,0.001326315979829365,-0.00045882411496787624,0.6,0.003125591886768098,0.6
30,261,0.5513846045635844,-0.00028475103653486376,-0.002069891131332105,0.45,0.004736658903132326,0.45
30,262,0.5534544956949164,0.0017851400947972412,0.0,0.7,0.0026667677718002214,0.7
30,263,0.5508120995641769,-0.000857256035942329,-0.00264239613073957,0.4,0.005309163902539792,0.4
30,264,0.5534544956949164,0.0017851400947972412,0.0,0.7,0.0026667677718002214,0.7
30,265,0.5529956715799486,0.001326315979829365,-0.00045882411496787624,0.6,0.003125591886768098,0.6
30,266,0.5559439981120733,0.00427464251195406,0.0024895024171568193,0.95,0.0001772653546434022,0.95
30,267,0.5559439981120733,0.00427464251195406,0.0024895024171568193,0.95,0.0001772653546434022,0.95
30,268,0.5534544956949164,0.0017851400947972412,0.0,0.7,0.0026667677718002214,0.7
30,269,0.5531888182679471,0.001519462667827845,-0.0002656774269693962,0.65,0.0029324451987696176,0.65
30,270,0.5532033987420232,0.001534043141904,-0.00025109695289324133,0.65,0.002917864724693463,0.65
30,271,0.5531888182679471,0.001519462667827845,-0.0002656774269693962,0.65,0.0029324451987696176,0.65
30,272,0.5555737976936713,0.0039044420935521436,0.002119301998754902,0.9,0.0005474657730453192,0.9
30,273,0.5534544956949164,0.0017851400947972412,0.0,0.7,0.0026667677718002214,0.7
30,274,0.5534544956949164,0.0017851400947972412,0.0,0.7,0.0026667677718002214,0.7
30,275,0.5534544956949164,0.0017851400947972412,0.0,0.7,0.0026667677718002214,0.7
30,276,0.5528186178495451,0.0011492622494259281,-0.0006358778453713132,0.6,0.0033026456171715347,0.6
30,277,0.5513662852968932,-0.0003030703032259691,-0.0020882103980232104,0.4,0.004754978169823431,0.4
30,278,0.5506472583551579,-0.001022097244961205,-0.0028072373397584464,0.3,0.005474005111558667,0.3
30,279,0.5531888182679471,0.001519462667827845,-0.0002656774269693962,0.65,0.0029324451987696176,0.65
30,280,0.5529377213150538,0.0012683657149346037,-0.0005167743798626376,0.6,0.003183542151662859,0.6
30,281,0.5531888182679471,0.001519462667827845,-0.0002656774269693962,0.65,0.0029324451987696176,0.65
30,282,0.5531888182679471,0.001519462667827845,-0.0002656774269693962,0.65,0.0029324451987696176,0.65
30,283,0.5532033987420232,0.001534043141904,-0.00025109695289324133,0.65,0.002917864724693463,0.65
30,284,0.5532613490069179,0.0015919934067987612,-0.00019314668799848002,0.65,0.0028599144597987016,0.65
30,285,0.5531888182679471,0.001519462667827845,-0.0002656774269693962,0.65,0.0029324451987696176,0.65
30,286,0.5534544956949164,0.0017851400947972412,0.0,0.7,0.0026667677718002214,0.7
30,287,0.5555737976936713,0.0039044420935521436,0.002119301998754902,0.9,0.0005474657730453192,0.9
30,288,0.5534544956949164,0.0017851400947972412,0.0,0.7,0.0026667677718002214,0.7
30,289,0.5534544956949164,0.0017851400947972412,0.0,0.7,0.0026667677718002214,0.7
30,290,0.5532613490069179,0.0015919934067987612,-0.00019314668799848002,0.65,0.0028599144597987016,0.65
30,291,0.5528186178495451,0.0011492622494259281,-0.0006358778453713132,0.6,0.0033026456171715347,0.6
30,292,0.5524016286137081,0.0007322730135889161,-0.001052867081208325,0.65,0.0037196348530085465,0.65
30,293,0.5534544956949164,0.0017851400947972412,0.0,0.7,0.0026667677718002214,0.7
30,294,0.5534544956949164,0.0017851400947972412,0.0,0.7,0.0026667677718002214,0.7
30,295,0.5506472583551579,-0.001022097244961205,-0.0028072373397584464,0.3,0.005474005111558667,0.3
30,296,0.5532033987420232,0.001534043141904,-0.00025109695289324133,0.65,0.002917864724693463,0.65
30,297,0.5534544956949164,0.0017851400947972412,0.0,0.7,0.0026667677718002214,0.7
30,298,0.5534544956949164,0.0017851400947972412,0.0,0.7,0.0026667677718002214,0.7
30,299,0.5513662852968932,-0.0003030703032259691,-0.0020882103980232104,0.4,0.004754978169823431,0.4
30,300,0.5508495109170306,-0.0008198446830886066,-0.002604984777885848,0.3,0.0052717525496860694,0.3
30,301,0.5531888182679471,0.001519462667827845,-0.0002656774269693962,0.65,0.0029324451987696176,0.65
30,302,0.5534544956949164,0.0017851400947972412,0.0,0.7,0.0026667677718002214,0.7
30,303,0.555308120266702,0.0036387646665827474,0.001853624571785506,0.85,0.0008131432000147154,0.85
30,304,0.5559439981120733,0.00427464251195406,0.0024895024171568193,0.95,0.0001772653546434022,0.95
30,305,0.5532613490069179,0.0015919934067987612,-0.00019314668799848002,0.65,0.0028599144597987016,0.65
30,306,0.5529956715799486,0.001326315979829365,-0.00045882411496787624,0.6,0.003125591886768098,0.6
30,307,0.5534544956949164,0.0017851400947972412,0.0,0.7,0.0026667677718002214,0.7
30,308,0.5529956715799486,0.001326315979829365,-0.00045882411496787624,0.6,0.003125591886768098,0.6
30,309,0.5557508514240748,0.00408149582395558,0.002296355729158339,0.9,0.0003704120426418822,0.9
30,310,0.5529956715799486,0.001326315979829365,-0.00045882411496787624,0.6,0.003125591886768098,0.6
30,311,0.554520930612463,0.002851575012343818,0.0010664349175465771,0.85,0.0016003328542536443,0.85
30,312,0.5534544956949164,0.0017851400947972412,0.0,0.7,0.0026667677718002214,0.7
30,313,0.5555737976936713,0.0039044420935521436,0.002119301998754902,0.9,0.0005474657730453192,0.9
30,314,0.5531888182679471,0.001519462667827845,-0.0002656774269693962,0.65,0.0029324451987696176,0.65
30,315,0.5531888182679471,0.001519462667827845,-0.0002656774269693962,0.65,0.0029324451987696176,0.65
30,316,0.5532033987420232,0.001534043141904,-0.00025109695289324133,0.65,0.002917864724693463,0.65
30,317,0.5534544956949164,0.0017851400947972412,0.0,0.7,0.0026667677718002214,0.7
30,318,0.555322700740778,0.003653345140658902,0.0018682050458616608,0.85,0.0007985627259385605,0.85
30,319,0.5532613490069179,0.0015919934067987612,-0.00019314668799848002,0.65,0.0028599144597987016,0.65
30,320,0.5555737976936713,0.0039044420935521436,0.002119301998754902,0.9,0.0005474657730453192,0.9
30,321,0.5534544956949164,0.0017851400947972412,0.0,0.7,0.0026667677718002214,0.7
30,322,0.5534544956949164,0.0017851400947972412,0.0,0.7,0.0026667677718002214,0.7
30,323,0.5534544956949164,0.0017851400947972412,0.0,0.7,0.0026667677718002214,0.7
30,324,0.5534544956949164,0.0017851400947972412,0.0,0.7,0.0026667677718002214,0.7
30,325,0.5531888182679471,0.001519462667827845,-0.0002656774269693962,0.65,0.0029324451987696176,0.65
30,326,0.5531888182679471,0.001519462667827845,-0.0002656774269693962,0.65,0.0029324451987696176,0.65
30,327,0.5534544956949164,0.0017851400947972412,0.0,0.7,0.0026667677718002214,0.7
30,328,0.5534544956949164,0.0017851400947972412,0.0,0.7,0.0026667677718002214,0.7
30,329,0.5505813827157395,-0.0010879728843795609,-0.002873112979176802,0.25,0.005539880750977023,0.25
30,330,0.5531888182679471,0.001519462667827845,-0.0002656774269693962,0.65,0.0029324451987696176,0.65
30,331,0.5532613490069179,0.0015919934067987612,-0.00019314668799848002,0.65,0.0028599144597987016,0.65
30,332,0.5534544956949164,0.0017851400947972412,0.0,0.7,0.0026667677718002214,0.7
30,333,0.5532613490069179,0.0015919934067987612,-0.00019314668799848002,0.65,0.0028599144597987016,0.65
30,334,0.5532033987420232,0.001534043141904,-0.00025109695289324133,0.65,0.002917864724693463,0.65
30,335,0.5555737976936713,0.0039044420935521436,0.002119301998754902,0.9,0.0005474657730453192,0.9
30,336,0.5517001254363663,3.07698362471201e-05,-0.001754370258550121,0.35,0.004421138030350343,0.35
30,337,0.5531888182679471,0.001519462667827845,-0.0002656774269693962,0.65,0.0029324451987696176,0.65
30,338,0.5532613490069179,0.0015919934067987612,-0.00019314668799848002,0.65,0.0028599144597987016,0.65
30,339,0.5532613490069179,0.0015919934067987612,-0.00019314668799848002,0.65,0.0028599144597987016,0.65
30,340,0.5522511557715436,0.0005818001714245,-0.0012033399233727412,0.45,0.003870107695172963,0.45
30,341,0.5532613490069179,0.0015919934067987612,-0.00019314668799848002,0.65,0.0028599144597987016,0.65
30,342,0.5500088777163321,-0.001660477883787026,-0.003445617978584267,0.2,0.006112385750384489,0.2
30,343,0.5534544956949164,0.0017851400947972412,0.0,0.7,0.0026667677718002214,0.7
30,344,0.551115188344,-0.0005541672561192104,-0.002339307350916452,0.35,0.005006075122716673,0.35
30,345,0.5534544956949164,0.0017851400947972412,0.0,0.7,0.0026667677718002214,0.7
30,346,0.5534544956949164,0.0017851400947972412,0.0,0.7,0.0026667677718002214,0.7
30,347,0.5524016286137081,0.0007322730135889161,-0.001052867081208325,0.65,0.0037196348530085465,0.65
30,348,0.5531888182679471,0.001519462667827845,-0.0002656774269693962,0.65,0.0029324451987696176,0.65
30,349,0.5532033987420232,0.001534043141904,-0.00025109695289324133,0.65,0.002917864724693463,0.65
30,350,0.5559439981120733,0.00427464251195406,0.0024895024171568193,0.95,0.0001772653546434022,0.95
30,351,0.5531888182679471,0.001519462667827845,-0.0002656774269693962,0.65,0.0029324451987696176,0.65
30,352,0.5524016286137081,0.0007322730135889161,-0.001052867081208325,0.65,0.0037196348530085465,0.65
30,353,0.5534544956949164,0.0017851400947972412,0.0,0.7,0.0026667677718002214,0.7
30,354,0.5534544956949164,0.0017851400947972412,0.0,0.7,0.0026667677718002214,0.7
30,355,0.5534544956949164,0.0017851400947972412,0.0,0.7,0.0026667677718002214,0.7
30,356,0.5532033987420232,0.001534043141904,-0.00025109695289324133,0.65,0.002917864724693463,0.65
30,357,0.5534544956949164,0.0017851400947972412,0.0,0.7,0.0026667677718002214,0.7
30,358,0.5534544956949164,0.0017851400947972412,0.0,0.7,0.0026667677718002214,0.7
30,359,0.5531888182679471,0.001519462667827845,-0.0002656774269693962,0.65,0.0029324451987696176,0.65
30,360,0.5534544956949164,0.0017851400947972412,0.0,0.7,0.0026667677718002214,0.7
30,361,0.5534544956949164,0.0017851400947972412,0.0,0.7,0.0026667677718002214,0.7
30,362,0.5503815809281886,-0.0012877746719306012,-0.0030729147667278426,0.25,0.005739682538528064,0.25
30,363,0.5534544956949164,0.0017851400947972412,0.0,0.7,0.0026667677718002214,0.7
30,364,0.5559439981120733,0.00427464251195406,0.0024895024171568193,0.95,0.0001772653546434022,0.95
30,365,0.5534544956949164,0.0017851400947972412,0.0,0.7,0.0026667677718002214,0.7
30,366,0.5532613490069179,0.0015919934067987612,-0.00019314668799848002,0.65,0.0028599144597987016,0.65
30,367,0.5530842952765145,0.0014149396763953243,-0.00037020041840191695,0.65,0.0030369681902021385,0.65
30,368,0.5534544956949164,0.0017851400947972412,0.0,0.7,0.0026667677718002214,0.7
30,369,0.5559439981120733,0.00427464251195406,0.0024895024171568193,0.95,0.0001772653546434022,0.95
30,370,0.5534544956949164,0.0017851400947972412,0.0,0.7,0.0026667677718002214,0.7
30,371,0.555322700740778,0.003653345140658902,0.0018682050458616608,0.85,0.0007985627259385605,0.85
30,372,0.5500601728816743,-0.0016091827184448251,-0.0033943228132420665,0.25,0.006061090585042288,0.25
30,373,0.5534544956949164,0.0017851400947972412,0.0,0.7,0.0026667677718002214,0.7
30,374,0.5534544956949164,0.0017851400947972412,0.0,0.7,0.0026667677718002214,0.7
30,375,0.5531888182679471,0.001519462667827845,-0.0002656774269693962,0.65,0.0029324451987696176,0.65
30,376,0.5534544956949164,0.0017851400947972412,0.0,0.7,0.0026667677718002214,0.7
30,377,0.5555737976936713,0.0039044420935521436,0.002119301998754902,0.9,0.0005474657730453192,0.9
30,378,0.5534544956949164,0.0017851400947972412,0.0,0.7,0.0026667677718002214,0.7
30,379,0.5532613490069179,0.0015919934067987612,-0.00019314668799848002,0.65,0.0028599144597987016,0.65
30,380,0.5534544956949164,0.0017851400947972412,0.0,0.7,0.0026667677718002214,0.7
30,381,0.551115188344,-0.0005541672561192104,-0.002339307350916452,0.35,0.005006075122716673,0.35
30,382,0.5534544956949164,0.0017851400947972412,0.0,0.7,0.0026667677718002214,0.7
30,383,0.5506472583551579,-0.001022097244961205,-0.0028072373397584464,0.3,0.005474005111558667,0.3
30,384,0.5534544956949164,0.0017851400947972412,0.0,0.7,0.0026667677718002214,0.7
30,385,0.5529956715799486,0.001326315979829365,-0.00045882411496787624,0.6,0.003125591886768098,0.6
30,386,0.5532613490069179,0.0015919934067987612,-0.00019314668799848002,0.65,0.0028599144597987016,0.65
30,387,0.5529377213150538,0.0012683657149346037,-0.0005167743798626376,0.6,0.003183542151662859,0.6
30,388,0.5530842952765145,0.0014149396763953243,-0.00037020041840191695,0.65,0.0030369681902021385,0.65
30,389,0.5522511557715436,0.0005818001714245,-0.0012033399233727412,0.45,0.003870107695172963,0.45
30,390,0.5522511557715436,0.0005818001714245,-0.0012033399233727412,0.45,0.003870107695172963,0.45
30,391,0.5531888182679471,0.001519462667827845,-0.0002656774269693962,0.65,0.0029324451987696176,0.65
30,392,0.5531888182679471,0.001519462667827845,-0.0002656774269693962,0.65,0.0029324451987696176,0.65
30,393,0.5529377213150538,0.0012683657149346037,-0.0005167743798626376,0.6,0.003183542151662859,0.6
30,394,0.5528186178495451,0.0011492622494259281,-0.0006358778453713132,0.6,0.0033026456171715347,0.6
30,395,0.5532613490069179,0.0015919934067987612,-0.00019314668799848002,0.65,0.0028599144597987016,0.65
30,396,0.5531888182679471,0.001519462667827845,-0.0002656774269693962,0.65,0.0029324451987696176,0.65
30,397,0.5555737976936713,0.0039044420935521436,0.002119301998754902,0.9,0.0005474657730453192,0.9
30,398,0.5534544956949164,0.0017851400947972412,0.0,0.7,0.0026667677718002214,0.7
30,399,0.5534544956949164,0.0017851400947972412,0.0,0.7,0.0026667677718002214,0.7
30,400,0.5531888182679471,0.001519462667827845,-0.0002656774269693962,0.65,0.0029324451987696176,0.65
30,401,0.5506472583551579,-0.001022097244961205,-0.0028072373397584464,0.3,0.005474005111558667,0.3
30,402,0.5531888182679471,0.001519462667827845,-0.0002656774269693962,0.65,0.0029324451987696176,0.65
30,403,0.5531888182679471,0.001519462667827845,-0.0002656774269693962,0.65,0.0029324451987696176,0.65
30,404,0.5534544956949164,0.0017851400947972412,0.0,0.7,0.0026667677718002214,0.7
30,405,0.5534544956949164,0.0017851400947972412,0.0,0.7,0.0026667677718002214,0.7
30,406,0.5534544956949164,0.0017851400947972412,0.0,0.7,0.0026667677718002214,0.7
30,407,0.5531888182679471,0.001519462667827845,-0.0002656774269693962,0.65,0.0029324451987696176,0.65
30,408,0.5506472583551579,-0.001022097244961205,-0.0028072373397584464,0.3,0.005474005111558667,0.3
30,409,0.5529956715799486,0.001326315979829365,-0.00045882411496787624,0.6,0.003125591886768098,0.6
30,410,0.5559439981120733,0.00427464251195406,0.0024895024171568193,0.95,0.0001772653546434022,0.95
30,411,0.5514344480093969,-0.00023490759072227613,-0.0020200476855195175,0.3,0.004686815457319739,0.3
30,412,0.5529956715799486,0.001326315979829365,-0.00045882411496787624,0.6,0.003125591886768098,0.6
30,413,0.5534544956949164,0.0017851400947972412,0.0,0.7,0.0026667677718002214,0.7
30,414,0.5503441695753348,-0.0013251860247843236,-0.0031103261195815648,0.35,0.005777093891381787,0.35
30,415,0.5534544956949164,0.0017851400947972412,0.0,0.7,0.0026667677718002214,0.7
30,416,0.5534544956949164,0.0017851400947972412,0.0,0.7,0.0026667677718002214,0.7
30,417,0.5531888182679471,0.001519462667827845,-0.0002656774269693962,0.65,0.0029324451987696176,0.65
30,418,0.5534544956949164,0.0017851400947972412,0.0,0.7,0.0026667677718002214,0.7
30,419,0.555308120266702,0.0036387646665827474,0.001853624571785506,0.85,0.0008131432000147154,0.85
30,420,0.5529956715799486,0.001326315979829365,-0.00045882411496787624,0.6,0.003125591886768098,0.6
30,421,0.555308120266702,0.0036387646665827474,0.001853624571785506,0.85,0.0008131432000147154,0.85
30,422,0.5524016286137081,0.0007322730135889161,-0.001052867081208325,0.65,0.0037196348530085465,0.65
30,423,0.5531888182679471,0.001519462667827845,-0.0002656774269693962,0.65,0.0029324451987696176,0.65
30,424,0.5531888182679471,0.001519462667827845,-0.0002656774269693962,0.65,0.0029324451987696176,0.65
30,425,0.5534544956949164,0.0017851400947972412,0.0,0.7,0.0026667677718002214,0.7
30,426,0.5534544956949164,0.0017851400947972412,0.0,0.7,0.0026667677718002214,0.7
30,427,0.5497432002893627,-0.0019261553107564223,-0.0037112954055536634,0.15,0.006378063177353885,0.15
30,428,0.5503815809281886,-0.0012877746719306012,-0.0030729147667278426,0.25,0.005739682538528064,0.25
30,429,0.5534544956949164,0.0017851400947972412,0.0,0.7,0.0026667677718002214,0.7
30,430,0.5554851739971054,0.0038158183969861843,0.002030678302188943,0.85,0.0006360894696112784,0.85
30,431,0.5528186178495451,0.0011492622494259281,-0.0006358778453713132,0.6,0.0033026456171715347,0.6
30,432,0.555308120266702,0.0036387646665827474,0.001853624571785506,0.85,0.0008131432000147154,0.85
30,433,0.5559439981120733,0.00427464251195406,0.0024895024171568193,0.95,0.0001772653546434022,0.95
30,434,0.5524016286137081,0.0007322730135889161,-0.001052867081208325,0.65,0.0037196348530085465,0.65
30,435,0.5500601728816743,-0.0016091827184448251,-0.0033943228132420665,0.25,0.006061090585042288,0.25
30,436,0.5531888182679471,0.001519462667827845,-0.0002656774269693962,0.65,0.0029324451987696176,0.65
30,437,0.5511006078699239,-0.0005687477301953653,-0.0023538878249926066,0.35,0.0050206555967928276,0.35
30,438,0.5555737976936713,0.0039044420935521436,0.002119301998754902,0.9,0.0005474657730453192,0.9
30,439,0.5532613490069179,0.0015919934067987612,-0.00019314668799848002,0.65,0.0028599144597987016,0.65
30,440,0.5534544956949164,0.0017851400947972412,0.0,0.7,0.0026667677718002214,0.7
30,441,0.5531888182679471,0.001519462667827845,-0.0002656774269693962,0.65,0.0029324451987696176,0.65
30,442,0.5529956715799486,0.001326315979829365,-0.00045882411496787624,0.6,0.003125591886768098,0.6
30,443,0.5524016286137081,0.0007322730135889161,-0.001052867081208325,0.65,0.0037196348530085465,0.65
30,444,0.5530842952765145,0.0014149396763953243,-0.00037020041840191695,0.65,0.0030369681902021385,0.65
30,445,0.5559439981120733,0.00427464251195406,0.0024895024171568193,0.95,0.0001772653546434022,0.95
30,446,0.5532613490069179,0.0015919934067987612,-0.00019314668799848002,0.65,0.0028599144597987016,0.65
30,447,0.5529377213150538,0.0012683657149346037,-0.0005167743798626376,0.6,0.003183542151662859,0.6
30,448,0.5555737976936713,0.0039044420935521436,0.002119301998754902,0.9,0.0005474657730453192,0.9
30,449,0.5531888182679471,0.001519462667827845,-0.0002656774269693962,0.65,0.0029324451987696176,0.65
30,450,0.5529956715799486,0.001326315979829365,-0.00045882411496787624,0.6,0.003125591886768098,0.6
30,451,0.5534544956949164,0.0017851400947972412,0.0,0.7,0.0026667677718002214,0.7
30,452,0.5531888182679471,0.001519462667827845,-0.0002656774269693962,0.65,0.0029324451987696176,0.65
30,453,0.555322700740778,0.003653345140658902,0.0018682050458616608,0.85,0.0007985627259385605,0.85
30,454,0.5553806510056728,0.0037112954055536634,0.0019261553107564223,0.85,0.0007406124610437991,0.85
30,455,0.5532613490069179,0.0015919934067987612,-0.00019314668799848002,0.65,0.0028599144597987016,0.65
30,456,0.5497432002893627,-0.0019261553107564223,-0.0037112954055536634,0.15,0.006378063177353885,0.15
30,457,0.5534544956949164,0.0017851400947972412,0.0,0.7,0.0026667677718002214,0.7
30,458,0.5511006078699239,-0.0005687477301953653,-0.0023538878249926066,0.35,0.0050206555967928276,0.35
30,459,0.5534544956949164,0.0017851400947972412,0.0,0.7,0.0026667677718002214,0.7
30,460,0.5534544956949164,0.0017851400947972412,0.0,0.7,0.0026667677718002214,0.7
30,461,0.5534544956949164,0.0017851400947972412,0.0,0.7,0.0026667677718002214,0.7
30,462,0.5532033987420232,0.001534043141904,-0.00025109695289324133,0.65,0.002917864724693463,0.65
30,463,0.5534544956949164,0.0017851400947972412,0.0,0.7,0.0026667677718002214,0.7
30,464,0.5534544956949164,0.0017851400947972412,0.0,0.7,0.0026667677718002214,0.7
30,465,0.5534544956949164,0.0017851400947972412,0.0,0.7,0.0026667677718002214,0.7
30,466,0.5534544956949164,0.0017851400947972412,0.0,0.7,0.0026667677718002214,0.7
30,467,0.5534544956949164,0.0017851400947972412,0.0,0.7,0.0026667677718002214,0.7
30,468,0.5532613490069179,0.0015919934067987612,-0.00019314668799848002,0.65,0.0028599144597987016,0.65
30,469,0.5532613490069179,0.0015919934067987612,-0.00019314668799848002,0.65,0.0028599144597987016,0.65
30,470,0.555308120266702,0.0036387646665827474,0.001853624571785506,0.85,0.0008131432000147154,0.85
30,471,0.5534544956949164,0.0017851400947972412,0.0,0.7,0.0026667677718002214,0.7
30,472,0.5534544956949164,0.0017851400947972412,0.0,0.7,0.0026667677718002214,0.7
30,473,0.5531888182679471,0.001519462667827845,-0.0002656774269693962,0.65,0.0029324451987696176,0.65
30,474,0.5529956715799486,0.001326315979829365,-0.00045882411496787624,0.6,0.003125591886768098,0.6
30,475,0.555308120266702,0.0036387646665827474,0.001853624571785506,0.85,0.0008131432000147154,0.85
30,476,0.5534544956949164,0.0017851400947972412,0.0,0.7,0.0026667677718002214,0.7
30,477,0.555308120266702,0.0036387646665827474,0.001853624571785506,0.85,0.0008131432000147154,0.85
30,478,0.5532033987420232,0.001534043141904,-0.00025109695289324133,0.65,0.002917864724693463,0.65
30,479,0.5529956715799486,0.001326315979829365,-0.00045882411496787624,0.6,0.003125591886768098,0.6
30,480,0.5532613490069179,0.0015919934067987612,-0.00019314668799848002,0.65,0.0028599144597987016,0.65
30,481,0.5531888182679471,0.001519462667827845,-0.0002656774269693962,0.65,0.0029324451987696176,0.65
30,482,0.5555737976936713,0.0039044420935521436,0.002119301998754902,0.9,0.0005474657730453192,0.9
30,483,0.5532033987420232,0.001534043141904,-0.00025109695289324133,0.65,0.002917864724693463,0.65
30,484,0.5529956715799486,0.001326315979829365,-0.00045882411496787624,0.6,0.003125591886768098,0.6
30,485,0.5531888182679471,0.001519462667827845,-0.0002656774269693962,0.65,0.0029324451987696176,0.65
30,486,0.5532033987420232,0.001534043141904,-0.00025109695289324133,0.65,0.002917864724693463,0.65
30,487,0.5506472583551579,-0.001022097244961205,-0.0028072373397584464,0.3,0.005474005111558667,0.3
30,488,0.5559439981120733,0.00427464251195406,0.0024895024171568193,0.95,0.0001772653546434022,0.95
30,489,0.5529956715799486,0.001326315979829365,-0.00045882411496787624,0.6,0.003125591886768098,0.6
30,490,0.5532033987420232,0.001534043141904,-0.00025109695289324133,0.65,0.002917864724693463,0.65
30,491,0.5529956715799486,0.001326315979829365,-0.00045882411496787624,0.6,0.003125591886768098,0.6
30,492,0.5506472583551579,-0.001022097244961205,-0.0028072373397584464,0.3,0.005474005111558667,0.3
30,493,0.5531888182679471,0.001519462667827845,-0.0002656774269693962,0.65,0.0029324451987696176,0.65
30,494,0.5532613490069179,0.0015919934067987612,-0.00019314668799848002,0.65,0.0028599144597987016,0.65
30,495,0.5513846045635844,-0.00028475103653486376,-0.002069891131332105,0.45,0.004736658903132326,0.45
30,496,0.5534544956949164,0.0017851400947972412,0.0,0.7,0.0026667677718002214,0.7
30,497,0.5531888182679471,0.001519462667827845,-0.0002656774269693962,0.65,0.0029324451987696176,0.65
30,498,0.5534544956949164,0.0017851400947972412,0.0,0.7,0.0026667677718002214,0.7
30,499,0.5534544956949164,0.0017851400947972412,0.0,0.7,0.0026667677718002214,0.7
50,0,0.5623221700825731,0.004637893368189108,0.0026391700929473904,0.85,0.0005508593709351972,0.85
50,1,0.5596829999896256,0.001998723275241718,0.0,0.6,0.0031900294638825878,0.6
50,2,0.5596829999896256,0.001998723275241718,0.0,0.6,0.0031900294638825878,0.6
50,3,0.5565272814776037,-0.0011569952367802977,-0.0031557185120220156,0.4,0.006345747975904603,0.4
50,4,0.5590158860091223,0.0013316092947384783,-0.0006671139805032395,0.55,0.003857143444385827,0.55
50,5,0.5596829999896256,0.001998723275241718,0.0,0.6,0.0031900294638825878,0.6
50,6,0.5596829999896256,0.001998723275241718,0.0,0.6,0.0031900294638825878,0.6
50,7,0.5593815881459223,0.0016973114315384258,-0.000301411843703292,0.55,0.0034914413075858796,0.55
50,8,0.5590158860091223,0.0013316092947384783,-0.0006671139805032395,0.55,0.003857143444385827,0.55
50,9,0.5593815881459223,0.0016973114315384258,-0.000301411843703292,0.55,0.0034914413075858796,0.55
50,10,0.5590158860091223,0.0013316092947384783,-0.0006671139805032395,0.55,0.003857143444385827,0.55
50,11,0.5596829999896256,0.001998723275241718,0.0,0.6,0.0031900294638825878,0.6
50,12,0.5596829999896256,0.001998723275241718,0.0,0.6,0.0031900294638825878,0.6
50,13,0.5596829999896256,0.001998723275241718,0.0,0.6,0.0031900294638825878,0.6
50,14,0.5593815881459223,0.0016973114315384258,-0.000301411843703292,0.55,0.0034914413075858796,0.55
50,15,0.5596829999896256,0.001998723275241718,0.0,0.6,0.0031900294638825878,0.6
50,16,0.5596829999896256,0.001998723275241718,0.0,0.6,0.0031900294638825878,0.6
50,17,0.5596829999896256,0.001998723275241718,0.0,0.6,0.0031900294638825878,0.6
50,18,0.5584107557495547,0.0007264790351707836,-0.0012722442400709341,0.45,0.0044622737039535215,0.45
50,19,0.5592675443112353,0.0015832675968514467,-0.00041545567839027105,0.55,0.0036054851422728587,0.55
50,20,0.5613536442583665,0.0036693675439825766,0.001670644268740859,0.75,0.0015193851951417286,0.75
50,21,0.5590158860091223,0.0013316092947384783,-0.0006671139805032395,0.55,0.003857143444385827,0.55
50,22,0.5590158860091223,0.0013316092947384783,-0.0006671139805032395,0.55,0.003857143444385827,0.55
50,23,0.5616734803773504,0.00398920366296637,0.0019904803877246525,0.75,0.0011995490761579353,0.75
50,24,0.5592675443112353,0.0015832675968514467,-0.00041545567839027105,0.55,0.0036054851422728587,0.55
50,25,0.5613536442583665,0.0036693675439825766,0.001670644268740859,0.75,0.0015193851951417286,0.75
50,26,0.5590158860091223,0.0013316092947384783,-0.0006671139805032395,0.55,0.003857143444385827,0.55
50,27,0.5616550561020699,0.0039707793876858685,0.001972056112444151,0.8,0.0012179733514384367,0.8
50,28,0.5596829999896256,0.001998723275241718,0.0,0.6,0.0031900294638825878,0.6
50,29,0.5590158860091223,0.0013316092947384783,-0.0006671139805032395,0.55,0.003857143444385827,0.55
50,30,0.5596829999896256,0.001998723275241718,0.0,0.6,0.0031900294638825878,0.6
50,31,0.5596829999896256,0.001998723275241718,0.0,0.6,0.0031900294638825878,0.6
50,32,0.5592675443112353,0.0015832675968514467,-0.00041545567839027105,0.55,0.0036054851422728587,0.55
50,33,0.5619748922210537,0.004290615506669662,0.0022918922314279443,0.8,0.0008981372324546432,0.8
50,34,0.5572362381017703,-0.00044803861261380473,-0.0024467618878555226,0.4,0.00563679135173811,0.4
50,35,0.5596829999896256,0.001998723275241718,0.0,0.6,0.0031900294638825878,0.6
50,36,0.5617792283611079,0.00409495164672401,0.0020962283714822923,0.8,0.0010938010924002955,0.8
50,37,0.5593815881459223,0.0016973114315384258,-0.000301411843703292,0.55,0.0034914413075858796,0.55
50,38,0.5596829999896256,0.001998723275241718,0.0,0.6,0.0031900294638825878,0.6
50,39,0.5623221700825731,0.004637893368189108,0.0026391700929473904,0.85,0.0005508593709351972,0.85
50,40,0.5613077782405504,0.003623501526166423,0.001624778250924705,0.75,0.0015652512129578828,0.75
50,41,0.5592675443112353,0.0015832675968514467,-0.00041545567839027105,0.55,0.0036054851422728587,0.55
50,42,0.5596829999896256,0.001998723275241718,0.0,0.6,0.0031900294638825878,0.6
50,43,0.5593815881459223,0.0016973114315384258,-0.000301411843703292,0.55,0.0034914413075858796,0.55
50,44,0.5593815881459223,0.0016973114315384258,-0.000301411843703292,0.55,0.0034914413075858796,0.55
50,45,0.5596829999896256,0.001998723275241718,0.0,0.6,0.0031900294638825878,0.6
50,46,0.5596829999896256,0.001998723275241718,0.0,0.6,0.0031900294638825878,0.6
50,47,0.5613077782405504,0.003623501526166423,0.001624778250924705,0.75,0.0015652512129578828,0.75
50,48,0.5593815881459223,0.0016973114315384258,-0.000301411843703292,0.55,0.0034914413075858796,0.55
50,49,0.5592675443112353,0.0015832675968514467,-0.00041545567839027105,0.55,0.0036054851422728587,0.55
50,50,0.5596829999896256,0.001998723275241718,0.0,0.6,0.0031900294638825878,0.6
50,51,0.5593815881459223,0.0016973114315384258,-0.000301411843703292,0.55,0.0034914413075858796,0.55
50,52,0.5619748922210537,0.004290615506669662,0.0022918922314279443,0.8,0.0008981372324546432,0.8
50,53,0.5596829999896256,0.001998723275241718,0.0,0.6,0.0031900294638825878,0.6
50,54,0.5596829999896256,0.001998723275241718,0.0,0.6,0.0031900294638825878,0.6
50,55,0.5584605092911451,0.0007762325767611073,-0.0012224906984806105,0.5,0.004412520162363198,0.5
50,56,0.5623221700825731,0.004637893368189108,0.0026391700929473904,0.85,0.0005508593709351972,0.85
50,57,0.5566378718943732,-0.0010464048200108267,-0.0030451280952525444,0.3,0.006235157559135132,0.3
50,58,0.558668608147603,0.0009843314332190322,-0.0010143918420226854,0.5,0.004204421305905273,0.5
50,59,0.5596829999896256,0.001998723275241718,0.0,0.6,0.0031900294638825878,0.6
50,60,0.5596829999896256,0.001998723275241718,0.0,0.6,0.0031900294638825878,0.6
50,61,0.5591400582681606,0.0014557815537766194,-0.0005429417214650983,0.55,0.003732971185347686,0.55
50,62,0.5593357221281062,0.0016514454137222718,-0.00034727786151944606,0.55,0.003537307325402034,0.55
50,63,0.5578621430837479,0.0001778663693640853,-0.0018208569058776325,0.4,0.00501088636976022,0.4
50,64,0.5592675443112353,0.0015832675968514467,-0.00041545567839027105,0.55,0.0036054851422728587,0.55
50,65,0.5579033520822735,0.0002190753678894347,-0.001779647907352283,0.45,0.004969677371234871,0.45
50,66,0.5619748922210537,0.004290615506669662,0.0022918922314279443,0.8,0.0008981372324546432,0.8
50,67,0.5596829999896256,0.001998723275241718,0.0,0.6,0.0031900294638825878,0.6
50,68,0.5596829999896256,0.001998723275241718,0.0,0.6,0.0031900294638825878,0.6
50,69,0.5578998832883899,0.0002156065740058638,-0.001783116701235854,0.4,0.004973146165118442,0.4
50,70,0.5596829999896256,0.001998723275241718,0.0,0.6,0.0031900294638825878,0.6
50,71,0.5590158860091223,0.0013316092947384783,-0.0006671139805032395,0.55,0.003857143444385827,0.55
50,72,0.558985660386585,0.001301383672201091,-0.0006973396030406267,0.45,0.0038873690669232143,0.45
50,73,0.5593815881459223,0.0016973114315384258,-0.000301411843703292,0.55,0.0034914413075858796,0.55
50,74,0.5596829999896256,0.001998723275241718,0.0,0.6,0.0031900294638825878,0.6
50,75,0.5596829999896256,0.001998723275241718,0.0,0.6,0.0031900294638825878,0.6
50,76,0.5587144741654191,0.0010301974510351863,-0.0009685258242065314,0.5,0.004158555288089119,0.5
50,77,0.5600620889373116,0.002377812222927668,0.0003790889476859502,0.7,0.0028109405161966376,0.7
50,78,0.5584605092911451,0.0007762325767611073,-0.0012224906984806105,0.5,0.004412520162363198,0.5
50,79,0.5596829999896256,0.001998723275241718,0.0,0.6,0.0031900294638825878,0.6
50,80,0.5593815881459223,0.0016973114315384258,-0.000301411843703292,0.55,0.0034914413075858796,0.55
50,81,0.5623221700825731,0.004637893368189108,0.0026391700929473904,0.85,0.0005508593709351972,0.85
50,82,0.5593357221281062,0.0016514454137222718,-0.00034727786151944606,0.55,0.003537307325402034,0.55
50,83,0.5596829999896256,0.001998723275241718,0.0,0.6,0.0031900294638825878,0.6
50,84,0.5590158860091223,0.0013316092947384783,-0.0006671139805032395,0.55,0.003857143444385827,0.55
50,85,0.5620207582388698,0.004336481524485816,0.0023377582492440986,0.8,0.0008522712146384892,0.8
50,86,0.5596829999896256,0.001998723275241718,0.0,0.6,0.0031900294638825878,0.6
50,87,0.5596829999896256,0.001998723275241718,0.0,0.6,0.0031900294638825878,0.6
50,88,0.5612690481230309,0.0035847714086470195,0.0015860481334053016,0.7,0.001603981330477286,0.7
50,89,0.5587144741654191,0.0010301974510351863,-0.0009685258242065314,0.5,0.004158555288089119,0.5
50,90,0.5590158860091223,0.0013316092947384783,-0.0006671139805032395,0.55,0.003857143444385827,0.55
50,91,0.5584107557495547,0.0007264790351707836,-0.0012722442400709341,0.45,0.0044622737039535215,0.45
50,92,0.5596829999896256,0.001998723275241718,0.0,0.6,0.0031900294638825878,0.6
50,93,0.5611123568226692,0.00342808010828536,0.001429356833043642,0.75,0.0017606726308389456,0.75
50,94,0.5596829999896256,0.001998723275241718,0.0,0.6,0.0031900294638825878,0.6
50,95,0.5596829999896256,0.001998723275241718,0.0,0.6,0.0031900294638825878,0.6
50,96,0.5572362381017703,-0.00044803861261380473,-0.0024467618878555226,0.4,0.00563679135173811,0.4
50,97,0.5572362381017703,-0.00044803861261380473,-0.0024467618878555226,0.4,0.00563679135173811,0.4
50,98,0.5596829999896256,0.001998723275241718,0.0,0.6,0.0031900294638825878,0.6
50,99,0.5596829999896256,0.001998723275241718,0.0,0.6,0.0031900294638825878,0.6
50,100,0.5587141190914117,0.0010298423770276996,-0.0009688808982140182,0.5,0.004158910362096606,0.5
50,101,0.5593815881459223,0.0016973114315384258,-0.000301411843703292,0.55,0.0034914413075858796,0.55
50,102,0.558668608147603,0.0009843314332190322,-0.0010143918420226854,0.5,0.004204421305905273,0.5
50,103,0.5596829999896256,0.001998723275241718,0.0,0.6,0.0031900294638825878,0.6
50,104,0.5613077782405504,0.003623501526166423,0.001624778250924705,0.75,0.0015652512129578828,0.75
50,105,0.5596829999896256,0.001998723275241718,0.0,0.6,0.0031900294638825878,0.6
50,106,0.5592675443112353,0.0015832675968514467,-0.00041545567839027105,0.55,0.0036054851422728587,0.55
50,107,0.5592675443112353,0.0015832675968514467,-0.00041545567839027105,0.55,0.0036054851422728587,0.55
50,108,0.5596829999896256,0.001998723275241718,0.0,0.6,0.0031900294638825878,0.6
50,109,0.5588886424081123,0.0012043656937282404,-0.0007943575815134773,0.55,0.003984387045396065,0.55
50,110,0.5588386464244574,0.0011543697100733275,-0.0008443535651683903,0.5,0.004034383029050978,0.5
50,111,0.5619067144041827,0.004222437689798837,0.0022237144145571194,0.8,0.0009663150493254682,0.8
50,112,0.5572362381017703,-0.00044803861261380473,-0.0024467618878555226,0.4,0.00563679135173811,0.4
50,113,0.5596829999896256,0.001998723275241718,0.0,0.6,0.0031900294638825878,0.6
50,114,0.5572362381017703,-0.00044803861261380473,-0.0024467618878555226,0.4,0.00563679135173811,0.4
50,115,0.5623221700825731,0.004637893368189108,0.0026391700929473904,0.85,0.0005508593709351972,0.85
50,116,0.5593815881459223,0.0016973114315384258,-0.000301411843703292,0.55,0.0034914413075858796,0.55
50,117,0.5617792283611079,0.00409495164672401,0.0020962283714822923,0.8,0.0010938010924002955,0.8
50,118,0.5623221700825731,0.004637893368189108,0.0026391700929473904,0.85,0.0005508593709351972,0.85
50,119,0.5623221700825731,0.004637893368189108,0.0026391700929473904,0.85,0.0005508593709351972,0.85
50,120,0.5596829999896256,0.001998723275241718,0.0,0.6,0.0031900294638825878,0.6
50,121,0.5596829999896256,0.001998723275241718,0.0,0.6,0.0031900294638825878,0.6
50,122,0.5620207582388698,0.004336481524485816,0.0023377582492440986,0.8,0.0008522712146384892,0.8
50,123,0.5596829999896256,0.001998723275241718,0.0,0.6,0.0031900294638825878,0.6
50,124,0.5596829999896256,0.001998723275241718,0.0,0.6,0.0031900294638825878,0.6
50,125,0.5596829999896256,0.001998723275241718,0.0,0.6,0.0031900294638825878,0.6
50,126,0.5596829999896256,0.001998723275241718,0.0,0.6,0.0031900294638825878,0.6
50,127,0.5593815881459223,0.0016973114315384258,-0.000301411843703292,0.55,0.0034914413075858796,0.55
50,128,0.5596829999896256,0.001998723275241718,0.0,0.6,0.0031900294638825878,0.6
50,129,0.5596829999896256,0.001998723275241718,0.0,0.6,0.0031900294638825878,0.6
50,130,0.5593815881459223,0.0016973114315384258,-0.000301411843703292,0.55,0.0034914413075858796,0.55
50,131,0.5596829999896256,0.001998723275241718,0.0,0.6,0.0031900294638825878,0.6
50,132,0.5596829999896256,0.001998723275241718,0.0,0.6,0.0031900294638825878,0.6
50,133,0.5596829999896256,0.001998723275241718,0.0,0.6,0.0031900294638825878,0.6
50,134,0.5613077782405504,0.003623501526166423,0.001624778250924705,0.75,0.0015652512129578828,0.75
50,135,0.558668608147603,0.0009843314332190322,-0.0010143918420226854,0.5,0.004204421305905273,0.5
50,136,0.5596829999896256,0.001998723275241718,0.0,0.6,0.0031900294638825878,0.6
50,137,0.558668608147603,0.0009843314332190322,-0.0010143918420226854,0.5,0.004204421305905273,0.5
50,138,0.5596829999896256,0.001998723275241718,0.0,0.6,0.0031900294638825878,0.6
50,139,0.5592675443112353,0.0015832675968514467,-0.00041545567839027105,0.55,0.0036054851422728587,0.55
50,140,0.5556972651205428,-0.0019870115938410817,-0.003985734869082799,0.3,0.007175764332965387,0.3
50,141,0.5619748922210537,0.004290615506669662,0.0022918922314279443,0.8,0.0008981372324546432,0.8
50,142,0.5596829999896256,0.001998723275241718,0.0,0.6,0.0031900294638825878,0.6
50,143,0.5592530863817643,0.0015688096673802832,-0.0004299136078614346,0.55,0.003619943071744022,0.55
50,144,0.5572362381017703,-0.00044803861261380473,-0.0024467618878555226,0.4,0.00563679135173811,0.4
50,145,0.5623221700825731,0.004637893368189108,0.0026391700929473904,0.85,0.0005508593709351972,0.85
50,146,0.5590158860091223,0.0013316092947384783,-0.0006671139805032395,0.55,0.003857143444385827,0.55
50,147,0.5596829999896256,0.001998723275241718,0.0,0.6,0.0031900294638825878,0.6
50,148,0.5596829999896256,0.001998723275241718,0.0,0.6,0.0031900294638825878,0.6
50,149,0.5584729442876574,0.00078866757327338,-0.0012100557019683379,0.5,0.004400085165850926,0.5
50,150,0.5596829999896256,0.001998723275241718,0.0,0.6,0.0031900294638825878,0.6
50,151,0.5590158860091223,0.0013316092947384783,-0.0006671139805032395,0.55,0.003857143444385827,0.55
50,152,0.5596829999896256,0.001998723275241718,0.0,0.6,0.0031900294638825878,0.6
50,153,0.5620207582388698,0.004336481524485816,0.0023377582492440986,0.8,0.0008522712146384892,0.8
50,154,0.5593815881459223,0.0016973114315384258,-0.000301411843703292,0.55,0.0034914413075858796,0.55
50,155,0.5596829999896256,0.001998723275241718,0.0,0.6,0.0031900294638825878,0.6
50,156,0.55682078242338,-0.0008634942910040758,-0.0028622175662457935,0.35,0.006052247030128381,0.35
50,157,0.5619748922210537,0.004290615506669662,0.0022918922314279443,0.8,0.0008981372324546432,0.8
50,158,0.5590158860091223,0.0013316092947384783,-0.0006671139805032395,0.55,0.003857143444385827,0.55
50,159,0.5573991404783278,-0.0002851362360562604,-0.002283859511297978,0.45,0.005473888975180566,0.45
50,160,0.5596829999896256,0.001998723275241718,0.0,0.6,0.0031900294638825878,0.6
50,161,0.5591276232716483,0.0014433465572643467,-0.0005553767179773711,0.55,0.0037454061818599587,0.55
50,162,0.5619067144041827,0.004222437689798837,0.0022237144145571194,0.8,0.0009663150493254682,0.8
50,163,0.5587144741654191,0.0010301974510351863,-0.0009685258242065314,0.5,0.004158555288089119,0.5
50,164,0.5580662544588311,0.0003819777444469791,-0.0016167455307947386,0.5,0.004806774994677326,0.5
50,165,0.5593815881459223,0.0016973114315384258,-0.000301411843703292,0.55,0.0034914413075858796,0.55
50,166,0.5596829999896256,0.001998723275241718,0.0,0.6,0.0031900294638825878,0.6
50,167,0.5596829999896256,0.001998723275241718,0.0,0.6,0.0031900294638825878,0.6
50,168,0.5596829999896256,0.001998723275241718,0.0,0.6,0.0031900294638825878,0.6
50,169,0.5619748922210537,0.004290615506669662,0.0022918922314279443,0.8,0.0008981372324546432,0.8
50,170,0.5593815881459223,0.0016973114315384258,-0.000301411843703292,0.55,0.0034914413075858796,0.55
50,171,0.5596829999896256,0.001998723275241718,0.0,0.6,0.0031900294638825878,0.6
50,172,0.5583962978200836,0.00071202110569962,-0.0012867021695420976,0.45,0.004476731633424685,0.45
50,173,0.5593357221281062,0.0016514454137222718,-0.00034727786151944606,0.55,0.003537307325402034,0.55
50,174,0.5583352171882885,0.0006509404739044933,-0.0013477828013372245,0.5,0.004537812265219812,0.5
50,175,0.5596829999896256,0.001998723275241718,0.0,0.6,0.0031900294638825878,0.6
50,176,0.5617792283611079,0.00409495164672401,0.0020962283714822923,0.8,0.0010938010924002955,0.8
50,177,0.5593815881459223,0.0016973114315384258,-0.000301411843703292,0.55,0.0034914413075858796,0.55
50,178,0.5590158860091223,0.0013316092947384783,-0.0006671139805032395,0.55,0.003857143444385827,0.55
50,179,0.5588750699698155,0.00119079325543162,-0.0008079300198100978,0.55,0.0039979594836926854,0.55
50,180,0.5590158860091223,0.0013316092947384783,-0.0006671139805032395,0.55,0.003857143444385827,0.55
50,181,0.5588386464244574,0.0011543697100733275,-0.0008443535651683903,0.5,0.004034383029050978,0.5
50,182,0.5590158860091223,0.0013316092947384783,-0.0006671139805032395,0.55,0.003857143444385827,0.55
50,183,0.5613077782405504,0.003623501526166423,0.001624778250924705,0.75,0.0015652512129578828,0.75
50,184,0.5611123568226692,0.00342808010828536,0.001429356833043642,0.75,0.0017606726308389456,0.75
50,185,0.5596829999896256,0.001998723275241718,0.0,0.6,0.0031900294638825878,0.6
50,186,0.5593815881459223,0.0016973114315384258,-0.000301411843703292,0.55,0.0034914413075858796,0.55
50,187,0.5596829999896256,0.001998723275241718,0.0,0.6,0.0031900294638825878,0.6
50,188,0.5617792283611079,0.00409495164672401,0.0020962283714822923,0.8,0.0010938010924002955,0.8
50,189,0.5596829999896256,0.001998723275241718,0.0,0.6,0.0031900294638825878,0.6
50,190,0.5582822539853965,0.000597977271012641,-0.0014007460042290767,0.45,0.004590775468111664,0.45
50,191,0.5596829999896256,0.001998723275241718,0.0,0.6,0.0031900294638825878,0.6
50,192,0.5593815881459223,0.0016973114315384258,-0.000301411843703292,0.55,0.0034914413075858796,0.55
50,193,0.5587246025897703,0.0010403258753863484,-0.0009583973998553693,0.5,0.004148426863737957,0.5
50,194,0.5587144741654191,0.0010301974510351863,-0.0009685258242065314,0.5,0.004158555288089119,0.5
50,195,0.5558601674971004,-0.001824109217283537,-0.003822832492525255,0.35,0.007012861956407842,0.35
50,196,0.5596829999896256,0.001998723275241718,0.0,0.6,0.0031900294638825878,0.6
50,197,0.558826211427945,0.0011419347135610547,-0.0008567885616806631,0.5,0.004046818025563251,0.5
50,198,0.5596829999896256,0.001998723275241718,0.0,0.6,0.0031900294638825878,0.6
50,199,0.558826211427945,0.0011419347135610547,-0.0008567885616806631,0.5,0.004046818025563251,0.5
50,200,0.5596829999896256,0.001998723275241718,0.0,0.6,0.0031900294638825878,0.6
50,201,0.5596829999896256,0.001998723275241718,0.0,0.6,0.0031900294638825878,0.6
50,202,0.5593815881459223,0.0016973114315384258,-0.000301411843703292,0.55,0.0034914413075858796,0.55
50,203,0.5590158860091223,0.0013316092947384783,-0.0006671139805032395,0.55,0.003857143444385827,0.55
50,204,0.5616550561020699,0.0039707793876858685,0.001972056112444151,0.8,0.0012179733514384367,0.8
50,205,0.5596829999896256,0.001998723275241718,0.0,0.6,0.0031900294638825878,0.6
50,206,0.5619748922210537,0.004290615506669662,0.0022918922314279443,0.8,0.0008981372324546432,0.8
50,207,0.5593815881459223,0.0016973114315384258,-0.000301411843703292,0.55,0.0034914413075858796,0.55
50,208,0.5616550561020699,0.0039707793876858685,0.001972056112444151,0.8,0.0012179733514384367,0.8
50,209,0.5619067144041827,0.004222437689798837,0.0022237144145571194,0.8,0.0009663150493254682,0.8
50,210,0.5623221700825731,0.004637893368189108,0.0026391700929473904,0.85,0.0005508593709351972,0.85
50,211,0.5593815881459223,0.0016973114315384258,-0.000301411843703292,0.55,0.0034914413075858796,0.55
50,212,0.5593815881459223,0.0016973114315384258,-0.000301411843703292,0.55,0.0034914413075858796,0.55
50,213,0.5581715324439541,0.000487255729570088,-0.0015114675456716297,0.45,0.0047014970095542175,0.45
50,214,0.5572362381017703,-0.00044803861261380473,-0.0024467618878555226,0.4,0.00563679135173811,0.4
50,215,0.5619067144041827,0.004222437689798837,0.0022237144145571194,0.8,0.0009663150493254682,0.8
50,216,0.558600430330732,0.0009161536163482073,-0.0010825696588935105,0.5,0.0042725991227760985,0.5
50,217,0.5596829999896256,0.001998723275241718,0.0,0.6,0.0031900294638825878,0.6
50,218,0.5593815881459223,0.0016973114315384258,-0.000301411843703292,0.55,0.0034914413075858796,0.55
50,219,0.5596829999896256,0.001998723275241718,0.0,0.6,0.0031900294638825878,0.6
50,220,0.5596829999896256,0.001998723275241718,0.0,0.6,0.0031900294638825878,0.6
50,221,0.5596829999896256,0.001998723275241718,0.0,0.6,0.0031900294638825878,0.6
50,222,0.5596829999896256,0.001998723275241718,0.0,0.6,0.0031900294638825878,0.6
50,223,0.5593031429909356,0.001618866276551796,-0.0003798569986899217,0.55,0.0035698864625725094,0.55
50,224,0.5596829999896256,0.001998723275241718,0.0,0.6,0.0031900294638825878,0.6
50,225,0.5596829999896256,0.001998723275241718,0.0,0.6,0.0031900294638825878,0.6
50,226,0.5596829999896256,0.001998723275241718,0.0,0.6,0.0031900294638825878,0.6
50,227,0.5596829999896256,0.001998723275241718,0.0,0.6,0.0031900294638825878,0.6
50,228,0.5596829999896256,0.001998723275241718,0.0,0.6,0.0031900294638825878,0.6
50,229,0.5596829999896256,0.001998723275241718,0.0,0.6,0.0031900294638825878,0.6
50,230,0.5587144741654191,0.0010301974510351863,-0.0009685258242065314,0.5,0.004158555288089119,0.5
50,231,0.5590158860091223,0.0013316092947384783,-0.0006671139805032395,0.55,0.003857143444385827,0.55
50,232,0.5592570608128766,0.001572784098492798,-0.0004259391767489198,0.55,0.0036159686406315077,0.55
50,233,0.5576151400048933,-6.913670949059842e-05,-0.002067859984732316,0.4,0.005257889448614904,0.4
50,234,0.5592675443112353,0.0015832675968514467,-0.00041545567839027105,0.55,0.0036054851422728587,0.55
50,235,0.5572362381017703,-0.00044803861261380473,-0.0024467618878555226,0.4,0.00563679135173811,0.4
50,236,0.558600430330732,0.0009161536163482073,-0.0010825696588935105,0.5,0.0042725991227760985,0.5
50,237,0.5596829999896256,0.001998723275241718,0.0,0.6,0.0031900294638825878,0.6
50,238,0.5590158860091223,0.0013316092947384783,-0.0006671139805032395,0.55,0.003857143444385827,0.55
50,239,0.55682078242338,-0.0008634942910040758,-0.0028622175662457935,0.35,0.006052247030128381,0.35
50,240,0.5596829999896256,0.001998723275241718,0.0,0.6,0.0031900294638825878,0.6
50,241,0.5590158860091223,0.0013316092947384783,-0.0006671139805032395,0.55,0.003857143444385827,0.55
50,242,0.5596829999896256,0.001998723275241718,0.0,0.6,0.0031900294638825878,0.6
50,243,0.5596829999896256,0.001998723275241718,0.0,0.6,0.0031900294638825878,0.6
50,244,0.5596829999896256,0.001998723275241718,0.0,0.6,0.0031900294638825878,0.6
50,245,0.5593815881459223,0.0016973114315384258,-0.000301411843703292,0.55,0.0034914413075858796,0.55
50,246,0.5572362381017703,-0.00044803861261380473,-0.0024467618878555226,0.4,0.00563679135173811,0.4
50,247,0.5593815881459223,0.0016973114315384258,-0.000301411843703292,0.55,0.0034914413075858796,0.55
50,248,0.5572362381017703,-0.00044803861261380473,-0.0024467618878555226,0.4,0.00563679135173811,0.4
50,249,0.5596829999896256,0.001998723275241718,0.0,0.6,0.0031900294638825878,0.6
50,250,0.5596829999896256,0.001998723275241718,0.0,0.6,0.0031900294638825878,0.6
50,251,0.5623221700825731,0.004637893368189108,0.0026391700929473904,0.85,0.0005508593709351972,0.85
50,252,0.5596829999896256,0.001998723275241718,0.0,0.6,0.0031900294638825878,0.6
50,253,0.5593815881459223,0.0016973114315384258,-0.000301411843703292,0.55,0.0034914413075858796,0.55
50,254,0.5579033520822735,0.0002190753678894347,-0.001779647907352283,0.45,0.004969677371234871,0.45
50,255,0.5596829999896256,0.001998723275241718,0.0,0.6,0.0031900294638825878,0.6
50,256,0.5596829999896256,0.001998723275241718,0.0,0.6,0.0031900294638825878,0.6
50,257,0.5619748922210537,0.004290615506669662,0.0022918922314279443,0.8,0.0008981372324546432,0.8
50,258,0.5579178100117445,0.0002335332973605983,-0.0017651899778811195,0.45,0.0049552194417637075,0.45
50,259,0.5596829999896256,0.001998723275241718,0.0,0.6,0.0031900294638825878,0.6
50,260,0.5592675443112353,0.0015832675968514467,-0.00041545567839027105,0.55,0.0036054851422728587,0.55
50,261,0.5590158860091223,0.0013316092947384783,-0.0006671139805032395,0.55,0.003857143444385827,0.55
50,262,0.5590158860091223,0.0013316092947384783,-0.0006671139805032395,0.55,0.003857143444385827,0.55
50,263,0.5608535924446406,0.0031693157302567485,0.0011705924550150307,0.65,0.002019437008867557,0.65
50,264,0.5596829999896256,0.001998723275241718,0.0,0.6,0.0031900294638825878,0.6
50,265,0.5596829999896256,0.001998723275241718,0.0,0.6,0.0031900294638825878,0.6
50,266,0.5619748922210537,0.004290615506669662,0.0022918922314279443,0.8,0.0008981372324546432,0.8
50,267,0.5596829999896256,0.001998723275241718,0.0,0.6,0.0031900294638825878,0.6
50,268,0.5572362381017703,-0.00044803861261380473,-0.0024467618878555226,0.4,0.00563679135173811,0.4
50,269,0.5588271472050154,0.0011428704906313633,-0.0008558527846103545,0.5,0.004045882248492942,0.5
50,270,0.5596829999896256,0.001998723275241718,0.0,0.6,0.0031900294638825878,0.6
50,271,0.5596829999896256,0.001998723275241718,0.0,0.6,0.0031900294638825878,0.6
50,272,0.5596829999896256,0.001998723275241718,0.0,0.6,0.0031900294638825878,0.6
50,273,0.5592675443112353,0.0015832675968514467,-0.00041545567839027105,0.55,0.0036054851422728587,0.55
50,274,0.5592675443112353,0.0015832675968514467,-0.00041545567839027105,0.55,0.0036054851422728587,0.55
50,275,0.558668608147603,0.0009843314332190322,-0.0010143918420226854,0.5,0.004204421305905273,0.5
50,276,0.5596829999896256,0.001998723275241718,0.0,0.6,0.0031900294638825878,0.6
50,277,0.5596829999896256,0.001998723275241718,0.0,0.6,0.0031900294638825878,0.6
50,278,0.5572362381017703,-0.00044803861261380473,-0.0024467618878555226,0.4,0.00563679135173811,0.4
50,279,0.5593815881459223,0.0016973114315384258,-0.000301411843703292,0.55,0.0034914413075858796,0.55
50,280,0.5596829999896256,0.001998723275241718,0.0,0.6,0.0031900294638825878,0.6
50,281,0.5596829999896256,0.001998723275241718,0.0,0.6,0.0031900294638825878,0.6
50,282,0.5593815881459223,0.0016973114315384258,-0.000301411843703292,0.55,0.0034914413075858796,0.55
50,283,0.5592675443112353,0.0015832675968514467,-0.00041545567839027105,0.55,0.0036054851422728587,0.55
50,284,0.5613077782405504,0.003623501526166423,0.001624778250924705,0.75,0.0015652512129578828,0.75
50,285,0.5596829999896256,0.001998723275241718,0.0,0.6,0.0031900294638825878,0.6
50,286,0.5596829999896256,0.001998723275241718,0.0,0.6,0.0031900294638825878,0.6
50,287,0.5623221700825731,0.004637893368189108,0.0026391700929473904,0.85,0.0005508593709351972,0.85
50,288,0.5623221700825731,0.004637893368189108,0.0026391700929473904,0.85,0.0005508593709351972,0.85
50,289,0.5596829999896256,0.001998723275241718,0.0,0.6,0.0031900294638825878,0.6
50,290,0.5596829999896256,0.001998723275241718,0.0,0.6,0.0031900294638825878,0.6
50,291,0.5596829999896256,0.001998723275241718,0.0,0.6,0.0031900294638825878,0.6
50,292,0.5596829999896256,0.001998723275241718,0.0,0.6,0.0031900294638825878,0.6
50,293,0.5590158860091223,0.0013316092947384783,-0.0006671139805032395,0.55,0.003857143444385827,0.55
50,294,0.5593815881459223,0.0016973114315384258,-0.000301411843703292,0.55,0.0034914413075858796,0.55
50,295,0.5617792283611079,0.00409495164672401,0.0020962283714822923,0.8,0.0010938010924002955,0.8
50,296,0.5596829999896256,0.001998723275241718,0.0,0.6,0.0031900294638825878,0.6
50,297,0.5592675443112353,0.0015832675968514467,-0.00041545567839027105,0.55,0.0036054851422728587,0.55
50,298,0.5596829999896256,0.001998723275241718,0.0,0.6,0.0031900294638825878,0.6
50,299,0.5590158860091223,0.0013316092947384783,-0.0006671139805032395,0.55,0.003857143444385827,0.55
50,300,0.5593815881459223,0.0016973114315384258,-0.000301411843703292,0.55,0.0034914413075858796,0.55
50,301,0.5593815881459223,0.0016973114315384258,-0.000301411843703292,0.55,0.0034914413075858796,0.55
50,302,0.5584729442876574,0.00078866757327338,-0.0012100557019683379,0.5,0.004400085165850926,0.5
50,303,0.5596829999896256,0.001998723275241718,0.0,0.6,0.0031900294638825878,0.6
50,304,0.5596829999896256,0.001998723275241718,0.0,0.6,0.0031900294638825878,0.6
50,305,0.5593815881459223,0.0016973114315384258,-0.000301411843703292,0.55,0.0034914413075858796,0.55
50,306,0.5623221700825731,0.004637893368189108,0.0026391700929473904,0.85,0.0005508593709351972,0.85
50,307,0.5590158860091223,0.0013316092947384783,-0.0006671139805032395,0.55,0.003857143444385827,0.55
50,308,0.5593357221281062,0.0016514454137222718,-0.00034727786151944606,0.55,0.003537307325402034,0.55
50,309,0.5592675443112353,0.0015832675968514467,-0.00041545567839027105,0.55,0.0036054851422728587,0.55
50,310,0.5614319504995885,0.0037476737852045637,0.001748950509962846,0.75,0.0014410789539197415,0.75
50,311,0.5587982895895928,0.00111401287520886,-0.0008847104000328579,0.45,0.004074739863915445,0.45
50,312,0.5596829999896256,0.001998723275241718,0.0,0.6,0.0031900294638825878,0.6
50,313,0.5613077782405504,0.003623501526166423,0.001624778250924705,0.75,0.0015652512129578828,0.75
50,314,0.5620207582388698,0.004336481524485816,0.0023377582492440986,0.8,0.0008522712146384892,0.8
50,315,0.5590158860091223,0.0013316092947384783,-0.0006671139805032395,0.55,0.003857143444385827,0.55
50,316,0.5586234116677027,0.0009391349533186516,-0.001059588321923066,0.55,0.004249617785805654,0.55
50,317,0.5620207582388698,0.004336481524485816,0.0023377582492440986,0.8,0.0008522712146384892,0.8
50,318,0.5619748922210537,0.004290615506669662,0.0022918922314279443,0.8,0.0008981372324546432,0.8
50,319,0.5620207582388698,0.004336481524485816,0.0023377582492440986,0.8,0.0008522712146384892,0.8
50,320,0.5592675443112353,0.0015832675968514467,-0.00041545567839027105,0.55,0.0036054851422728587,0.55
50,321,0.5623221700825731,0.004637893368189108,0.0026391700929473904,0.85,0.0005508593709351972,0.85
50,322,0.5596829999896256,0.001998723275241718,0.0,0.6,0.0031900294638825878,0.6
50,323,0.5588386464244574,0.0011543697100733275,-0.0008443535651683903,0.5,0.004034383029050978,0.5
50,324,0.5596829999896256,0.001998723275241718,0.0,0.6,0.0031900294638825878,0.6
50,325,0.5592675443112353,0.0015832675968514467,-0.00041545567839027105,0.55,0.0036054851422728587,0.55
50,326,0.5596829999896256,0.001998723275241718,0.0,0.6,0.0031900294638825878,0.6
50,327,0.5593815881459223,0.0016973114315384258,-0.000301411843703292,0.55,0.0034914413075858796,0.55
50,328,0.558712167593258,0.0010278908788740756,-0.0009708323963676421,0.5,0.00416086186025023,0.5
50,329,0.5592675443112353,0.0015832675968514467,-0.00041545567839027105,0.55,0.0036054851422728587,0.55
50,330,0.558278785191513,0.0005945084771290701,-0.0014042147981126476,0.4,0.004594244261995235,0.4
50,331,0.5592675443112353,0.0015832675968514467,-0.00041545567839027105,0.55,0.0036054851422728587,0.55
50,332,0.5619748922210537,0.004290615506669662,0.0022918922314279443,0.8,0.0008981372324546432,0.8
50,333,0.558600430330732,0.0009161536163482073,-0.0010825696588935105,0.5,0.0042725991227760985,0.5
50,334,0.5596829999896256,0.001998723275241718,0.0,0.6,0.0031900294638825878,0.6
50,335,0.5593815881459223,0.0016973114315384258,-0.000301411843703292,0.55,0.0034914413075858796,0.55
50,336,0.5596829999896256,0.001998723275241718,0.0,0.6,0.0031900294638825878,0.6
50,337,0.5596829999896256,0.001998723275241718,0.0,0.6,0.0031900294638825878,0.6
50,338,0.5593815881459223,0.0016973114315384258,-0.000301411843703292,0.55,0.0034914413075858796,0.55
50,339,0.5590158860091223,0.0013316092947384783,-0.0006671139805032395,0.55,0.003857143444385827,0.55
50,340,0.5596829999896256,0.001998723275241718,0.0,0.6,0.0031900294638825878,0.6
50,341,0.5596829999896256,0.001998723275241718,0.0,0.6,0.0031900294638825878,0.6
50,342,0.5592675443112353,0.0015832675968514467,-0.00041545567839027105,0.55,0.0036054851422728587,0.55
50,343,0.5596829999896256,0.001998723275241718,0.0,0.6,0.0031900294638825878,0.6
50,344,0.5596829999896256,0.001998723275241718,0.0,0.6,0.0031900294638825878,0.6
50,345,0.5596829999896256,0.001998723275241718,0.0,0.6,0.0031900294638825878,0.6
50,346,0.55682078242338,-0.0008634942910040758,-0.0028622175662457935,0.35,0.006052247030128381,0.35
50,347,0.5592675443112353,0.0015832675968514467,-0.00041545567839027105,0.55,0.0036054851422728587,0.55
50,348,0.5596829999896256,0.001998723275241718,0.0,0.6,0.0031900294638825878,0.6
50,349,0.5592675443112353,0.0015832675968514467,-0.00041545567839027105,0.55,0.0036054851422728587,0.55
50,350,0.5596829999896256,0.001998723275241718,0.0,0.6,0.0031900294638825878,0.6
50,351,0.5590158860091223,0.0013316092947384783,-0.0006671139805032395,0.55,0.003857143444385827,0.55
50,352,0.5592675443112353,0.0015832675968514467,-0.00041545567839027105,0.55,0.0036054851422728587,0.55
50,353,0.558668608147603,0.0009843314332190322,-0.0010143918420226854,0.5,0.004204421305905273,0.5
50,354,0.5576151400048933,-6.913670949059842e-05,-0.002067859984732316,0.4,0.005257889448614904,0.4
50,355,0.5580305956832836,0.0003463189688996726,-0.0016524043063420452,0.45,0.0048424337702246325,0.45
50,356,0.5616550561020699,0.0039707793876858685,0.001972056112444151,0.8,0.0012179733514384367,0.8
50,357,0.5596829999896256,0.001998723275241718,0.0,0.6,0.0031900294638825878,0.6
50,358,0.5623221700825731,0.004637893368189108,0.0026391700929473904,0.85,0.0005508593709351972,0.85
50,359,0.5590158860091223,0.0013316092947384783,-0.0006671139805032395,0.55,0.003857143444385827,0.55
50,360,0.5593815881459223,0.0016973114315384258,-0.000301411843703292,0.55,0.0034914413075858796,0.55
50,361,0.5596829999896256,0.001998723275241718,0.0,0.6,0.0031900294638825878,0.6
50,362,0.5593815881459223,0.0016973114315384258,-0.000301411843703292,0.55,0.0034914413075858796,0.55
50,363,0.5596829999896256,0.001998723275241718,0.0,0.6,0.0031900294638825878,0.6
50,364,0.5596829999896256,0.001998723275241718,0.0,0.6,0.0031900294638825878,0.6
50,365,0.5596829999896256,0.001998723275241718,0.0,0.6,0.0031900294638825878,0.6
50,366,0.5590158860091223,0.0013316092947384783,-0.0006671139805032395,0.55,0.003857143444385827,0.55
50,367,0.5596829999896256,0.001998723275241718,0.0,0.6,0.0031900294638825878,0.6
50,368,0.5593815881459223,0.0016973114315384258,-0.000301411843703292,0.55,0.0034914413075858796,0.55
50,369,0.5579033520822735,0.0002190753678894347,-0.001779647907352283,0.45,0.004969677371234871,0.45
50,370,0.5580662544588311,0.0003819777444469791,-0.0016167455307947386,0.5,0.004806774994677326,0.5
50,371,0.5593815881459223,0.0016973114315384258,-0.000301411843703292,0.55,0.0034914413075858796,0.55
50,372,0.5572362381017703,-0.00044803861261380473,-0.0024467618878555226,0.4,0.00563679135173811,0.4
50,373,0.5593815881459223,0.0016973114315384258,-0.000301411843703292,0.55,0.0034914413075858796,0.55
50,374,0.5596829999896256,0.001998723275241718,0.0,0.6,0.0031900294638825878,0.6
50,375,0.5616550561020699,0.0039707793876858685,0.001972056112444151,0.8,0.0012179733514384367,0.8
50,376,0.5586234116677027,0.0009391349533186516,-0.001059588321923066,0.55,0.004249617785805654,0.55
50,377,0.5596829999896256,0.001998723275241718,0.0,0.6,0.0031900294638825878,0.6
50,378,0.5579033520822735,0.0002190753678894347,-0.001779647907352283,0.45,0.004969677371234871,0.45
50,379,0.5590158860091223,0.0013316092947384783,-0.0006671139805032395,0.55,0.003857143444385827,0.55
50,380,0.5593815881459223,0.0016973114315384258,-0.000301411843703292,0.55,0.0034914413075858796,0.55
50,381,0.5623221700825731,0.004637893368189108,0.0026391700929473904,0.85,0.0005508593709351972,0.85
50,382,0.5590158860091223,0.0013316092947384783,-0.0006671139805032395,0.55,0.003857143444385827,0.55
50,383,0.558600430330732,0.0009161536163482073,-0.0010825696588935105,0.5,0.0042725991227760985,0.5
50,384,0.5590158860091223,0.0013316092947384783,-0.0006671139805032395,0.55,0.003857143444385827,0.55
50,385,0.5596829999896256,0.001998723275241718,0.0,0.6,0.0031900294638825878,0.6
50,386,0.5619067144041827,0.004222437689798837,0.0022237144145571194,0.8,0.0009663150493254682,0.8
50,387,0.5596829999896256,0.001998723275241718,0.0,0.6,0.0031900294638825878,0.6
50,388,0.5576151400048933,-6.913670949059842e-05,-0.002067859984732316,0.4,0.005257889448614904,0.4
50,389,0.5588886424081123,0.0012043656937282404,-0.0007943575815134773,0.55,0.003984387045396065,0.55
50,390,0.5592675443112353,0.0015832675968514467,-0.00041545567839027105,0.55,0.0036054851422728587,0.55
50,391,0.5592675443112353,0.0015832675968514467,-0.00041545567839027105,0.55,0.0036054851422728587,0.55
50,392,0.558600430330732,0.0009161536163482073,-0.0010825696588935105,0.5,0.0042725991227760985,0.5
50,393,0.5596829999896256,0.001998723275241718,0.0,0.6,0.0031900294638825878,0.6
50,394,0.5588886424081123,0.0012043656937282404,-0.0007943575815134773,0.55,0.003984387045396065,0.55
50,395,0.5619748922210537,0.004290615506669662,0.0022918922314279443,0.8,0.0008981372324546432,0.8
50,396,0.5596829999896256,0.001998723275241718,0.0,0.6,0.0031900294638825878,0.6
50,397,0.5596829999896256,0.001998723275241718,0.0,0.6,0.0031900294638825878,0.6
50,398,0.558712167593258,0.0010278908788740756,-0.0009708323963676421,0.5,0.00416086186025023,0.5
50,399,0.558712167593258,0.0010278908788740756,-0.0009708323963676421,0.5,0.00416086186025023,0.5
50,400,0.5596829999896256,0.001998723275241718,0.0,0.6,0.0031900294638825878,0.6
50,401,0.5596829999896256,0.001998723275241718,0.0,0.6,0.0031900294638825878,0.6
50,402,0.5596829999896256,0.001998723275241718,0.0,0.6,0.0031900294638825878,0.6
50,403,0.5596829999896256,0.001998723275241718,0.0,0.6,0.0031900294638825878,0.6
50,404,0.558600430330732,0.0009161536163482073,-0.0010825696588935105,0.5,0.0042725991227760985,0.5
50,405,0.5596829999896256,0.001998723275241718,0.0,0.6,0.0031900294638825878,0.6
50,406,0.5596829999896256,0.001998723275241718,0.0,0.6,0.0031900294638825878,0.6
50,407,0.5564916227020563,-0.0011926540123276042,-0.003191377287569322,0.35,0.0063814067514519094,0.35
50,408,0.5596829999896256,0.001998723275241718,0.0,0.6,0.0031900294638825878,0.6
50,409,0.5596829999896256,0.001998723275241718,0.0,0.6,0.0031900294638825878,0.6
50,410,0.5596829999896256,0.001998723275241718,0.0,0.6,0.0031900294638825878,0.6
50,411,0.5596829999896256,0.001998723275241718,0.0,0.6,0.0031900294638825878,0.6
50,412,0.5590158860091223,0.0013316092947384783,-0.0006671139805032395,0.55,0.003857143444385827,0.55
50,413,0.5590158860091223,0.0013316092947384783,-0.0006671139805032395,0.55,0.003857143444385827,0.55
50,414,0.5596829999896256,0.001998723275241718,0.0,0.6,0.0031900294638825878,0.6
50,415,0.5620207582388698,0.004336481524485816,0.0023377582492440986,0.8,0.0008522712146384892,0.8
50,416,0.558712167593258,0.0010278908788740756,-0.0009708323963676421,0.5,0.00416086186025023,0.5
50,417,0.5569092723206649,-0.0007750043937191197,-0.0027737276689608374,0.4,0.005963757132843426,0.4
50,418,0.5590158860091223,0.0013316092947384783,-0.0006671139805032395,0.55,0.003857143444385827,0.55
50,419,0.5576019402385702,-8.233647581385727e-05,-0.002081059751055575,0.4,0.005271089214938162,0.4
50,420,0.5596829999896256,0.001998723275241718,0.0,0.6,0.0031900294638825878,0.6
50,421,0.5590158860091223,0.0013316092947384783,-0.0006671139805032395,0.55,0.003857143444385827,0.55
50,422,0.5596829999896256,0.001998723275241718,0.0,0.6,0.0031900294638825878,0.6
50,423,0.5590158860091223,0.0013316092947384783,-0.0006671139805032395,0.55,0.003857143444385827,0.55
50,424,0.5620207582388698,0.004336481524485816,0.0023377582492440986,0.8,0.0008522712146384892,0.8
50,425,0.5619067144041827,0.004222437689798837,0.0022237144145571194,0.8,0.0009663150493254682,0.8
50,426,0.5592675443112353,0.0015832675968514467,-0.00041545567839027105,0.55,0.0036054851422728587,0.55
50,427,0.5596829999896256,0.001998723275241718,0.0,0.6,0.0031900294638825878,0.6
50,428,0.5596829999896256,0.001998723275241718,0.0,0.6,0.0031900294638825878,0.6
50,429,0.5596829999896256,0.001998723275241718,0.0,0.6,0.0031900294638825878,0.6
50,430,0.5572362381017703,-0.00044803861261380473,-0.0024467618878555226,0.4,0.00563679135173811,0.4
50,431,0.5590158860091223,0.0013316092947384783,-0.0006671139805032395,0.55,0.003857143444385827,0.55
50,432,0.5623221700825731,0.004637893368189108,0.0026391700929473904,0.85,0.0005508593709351972,0.85
50,433,0.5572362381017703,-0.00044803861261380473,-0.0024467618878555226,0.4,0.00563679135173811,0.4
50,434,0.5619067144041827,0.004222437689798837,0.0022237144145571194,0.8,0.0009663150493254682,0.8
50,435,0.5619067144041827,0.004222437689798837,0.0022237144145571194,0.8,0.0009663150493254682,0.8
50,436,0.5596829999896256,0.001998723275241718,0.0,0.6,0.0031900294638825878,0.6
50,437,0.5592675443112353,0.0015832675968514467,-0.00041545567839027105,0.55,0.0036054851422728587,0.55
50,438,0.5596829999896256,0.001998723275241718,0.0,0.6,0.0031900294638825878,0.6
50,439,0.5613077782405504,0.003623501526166423,0.001624778250924705,0.75,0.0015652512129578828,0.75
50,440,0.5596829999896256,0.001998723275241718,0.0,0.6,0.0031900294638825878,0.6
50,441,0.5593815881459223,0.0016973114315384258,-0.000301411843703292,0.55,0.0034914413075858796,0.55
50,442,0.5593815881459223,0.0016973114315384258,-0.000301411843703292,0.55,0.0034914413075858796,0.55
50,443,0.5596829999896256,0.001998723275241718,0.0,0.6,0.0031900294638825878,0.6
50,444,0.5596829999896256,0.001998723275241718,0.0,0.6,0.0031900294638825878,0.6
50,445,0.5596829999896256,0.001998723275241718,0.0,0.6,0.0031900294638825878,0.6
50,446,0.5592675443112353,0.0015832675968514467,-0.00041545567839027105,0.55,0.0036054851422728587,0.55
50,447,0.5593815881459223,0.0016973114315384258,-0.000301411843703292,0.55,0.0034914413075858796,0.55
50,448,0.5583332656901348,0.0006489889757508693,-0.0013497342994908484,0.5,0.004539763763373436,0.5
50,449,0.5593815881459223,0.0016973114315384258,-0.000301411843703292,0.55,0.0034914413075858796,0.55
50,450,0.5596829999896256,0.001998723275241718,0.0,0.6,0.0031900294638825878,0.6
50,451,0.5596829999896256,0.001998723275241718,0.0,0.6,0.0031900294638825878,0.6
50,452,0.5619748922210537,0.004290615506669662,0.0022918922314279443,0.8,0.0008981372324546432,0.8
50,453,0.5590158860091223,0.0013316092947384783,-0.0006671139805032395,0.55,0.003857143444385827,0.55
50,454,0.5583962978200836,0.00071202110569962,-0.0012867021695420976,0.45,0.004476731633424685,0.45
50,455,0.5596829999896256,0.001998723275241718,0.0,0.6,0.0031900294638825878,0.6
50,456,0.5596829999896256,0.001998723275241718,0.0,0.6,0.0031900294638825878,0.6
50,457,0.5596829999896256,0.001998723275241718,0.0,0.6,0.0031900294638825878,0.6
50,458,0.5596829999896256,0.001998723275241718,0.0,0.6,0.0031900294638825878,0.6
50,459,0.5593815881459223,0.0016973114315384258,-0.000301411843703292,0.55,0.0034914413075858796,0.55
50,460,0.5596829999896256,0.001998723275241718,0.0,0.6,0.0031900294638825878,0.6
50,461,0.5592675443112353,0.0015832675968514467,-0.00041545567839027105,0.55,0.0036054851422728587,0.55
50,462,0.5616550561020699,0.0039707793876858685,0.001972056112444151,0.8,0.0012179733514384367,0.8
50,463,0.5623221700825731,0.004637893368189108,0.0026391700929473904,0.85,0.0005508593709351972,0.85
50,464,0.5583962978200836,0.00071202110569962,-0.0012867021695420976,0.45,0.004476731633424685,0.45
50,465,0.5592675443112353,0.0015832675968514467,-0.00041545567839027105,0.55,0.0036054851422728587,0.55
50,466,0.5596829999896256,0.001998723275241718,0.0,0.6,0.0031900294638825878,0.6
50,467,0.5572362381017703,-0.00044803861261380473,-0.0024467618878555226,0.4,0.00563679135173811,0.4
50,468,0.5593815881459223,0.0016973114315384258,-0.000301411843703292,0.55,0.0034914413075858796,0.55
50,469,0.5596829999896256,0.001998723275241718,0.0,0.6,0.0031900294638825878,0.6
50,470,0.5596829999896256,0.001998723275241718,0.0,0.6,0.0031900294638825878,0.6
50,471,0.5596829999896256,0.001998723275241718,0.0,0.6,0.0031900294638825878,0.6
50,472,0.5596829999896256,0.001998723275241718,0.0,0.6,0.0031900294638825878,0.6
50,473,0.5623221700825731,0.004637893368189108,0.0026391700929473904,0.85,0.0005508593709351972,0.85
50,474,0.5596829999896256,0.001998723275241718,0.0,0.6,0.0031900294638825878,0.6
50,475,0.5592675443112353,0.0015832675968514467,-0.00041545567839027105,0.55,0.0036054851422728587,0.55
50,476,0.5587246025897703,0.0010403258753863484,-0.0009583973998553693,0.5,0.004148426863737957,0.5
50,477,0.5593815881459223,0.0016973114315384258,-0.000301411843703292,0.55,0.0034914413075858796,0.55
50,478,0.5593815881459223,0.0016973114315384258,-0.000301411843703292,0.55,0.0034914413075858796,0.55
50,479,0.5584107557495547,0.0007264790351707836,-0.0012722442400709341,0.45,0.0044622737039535215,0.45
50,480,0.5592675443112353,0.0015832675968514467,-0.00041545567839027105,0.55,0.0036054851422728587,0.55
50,481,0.5584107557495547,0.0007264790351707836,-0.0012722442400709341,0.45,0.0044622737039535215,0.45
50,482,0.5596829999896256,0.001998723275241718,0.0,0.6,0.0031900294638825878,0.6
50,483,0.558668608147603,0.0009843314332190322,-0.0010143918420226854,0.5,0.004204421305905273,0.5
50,484,0.5590158860091223,0.0013316092947384783,-0.0006671139805032395,0.55,0.003857143444385827,0.55
50,485,0.5590158860091223,0.0013316092947384783,-0.0006671139805032395,0.55,0.003857143444385827,0.55
50,486,0.558668608147603,0.0009843314332190322,-0.0010143918420226854,0.5,0.004204421305905273,0.5
50,487,0.5596829999896256,0.001998723275241718,0.0,0.6,0.0031900294638825878,0.6
50,488,0.5619067144041827,0.004222437689798837,0.0022237144145571194,0.8,0.0009663150493254682,0.8
50,489,0.558668608147603,0.0009843314332190322,-0.0010143918420226854,0.5,0.004204421305905273,0.5
50,490,0.5590158860091223,0.0013316092947384783,-0.0006671139805032395,0.55,0.003857143444385827,0.55
50,491,0.5596829999896256,0.001998723275241718,0.0,0.6,0.0031900294638825878,0.6
50,492,0.5596829999896256,0.001998723275241718,0.0,0.6,0.0031900294638825878,0.6
50,493,0.5623221700825731,0.004637893368189108,0.0026391700929473904,0.85,0.0005508593709351972,0.85
50,494,0.5592675443112353,0.0015832675968514467,-0.00041545567839027105,0.55,0.0036054851422728587,0.55
50,495,0.5572362381017703,-0.00044803861261380473,-0.0024467618878555226,0.4,0.00563679135173811,0.4
50,496,0.5612690481230309,0.0035847714086470195,0.0015860481334053016,0.7,0.001603981330477286,0.7
50,497,0.5590158860091223,0.0013316092947384783,-0.0006671139805032395,0.55,0.003857143444385827,0.55
50,498,0.5596829999896256,0.001998723275241718,0.0,0.6,0.0031900294638825878,0.6
50,499,0.5596829999896256,0.001998723275241718,0.0,0.6,0.0031900294638825878,0.6
