bin,mz_approx,consistent_sign,median_abs_smd,selected,selection_sites,target_excluded,smd__DRIAMS-A,smd__DRIAMS-B
284,2852.1099999999997,True,1.0199358,True,DRIAMS-A|DRIAMS-B,DRIAMS-C,0.78666395,1.2532078
283,2849.1099999999997,True,0.9069314,True,DRIAMS-A|DRIAMS-B,DRIAMS-C,0.32286716,1.4909956
285,2855.1099999999997,True,0.8245446,True,DRIAMS-A|DRIAMS-B,DRIAMS-C,0.7184121,0.9306771
1463,6389.11,True,0.71124244,True,DRIAMS-A|DRIAMS-B,DRIAMS-C,0.15668456,1.2658004
1462,6386.11,True,0.68095905,True,DRIAMS-A|DRIAMS-B,DRIAMS-C,0.062163696,1.2997544
999,4997.11,True,0.67547274,True,DRIAMS-A|DRIAMS-B,DRIAMS-C,0.63534826,0.7155972
282,2846.1099999999997,True,0.66929674,True,DRIAMS-A|DRIAMS-B,DRIAMS-C,0.12342674,1.2151667
2567,9701.11,True,0.6640149,True,DRIAMS-A|DRIAMS-B,DRIAMS-C,0.34422126,0.98380846
786,4358.11,True,0.64904153,True,DRIAMS-A|DRIAMS-B,DRIAMS-C,0.1472781,1.150805
2357,9071.11,True,0.64857876,True,DRIAMS-A|DRIAMS-B,DRIAMS-C,0.46604276,0.8311148
2681,10043.11,True,0.63547975,True,DRIAMS-A|DRIAMS-B,DRIAMS-C,0.009023079,1.2619364
1001,5003.11,True,0.621683,True,DRIAMS-A|DRIAMS-B,DRIAMS-C,0.6657315,0.5776346
260,2780.1099999999997,True,0.6205857,True,DRIAMS-A|DRIAMS-B,DRIAMS-C,0.31776202,0.9234094
2773,10319.11,True,0.6177513,True,DRIAMS-A|DRIAMS-B,DRIAMS-C,0.17431523,1.0611874
2680,10040.11,True,0.61726,True,DRIAMS-A|DRIAMS-B,DRIAMS-C,0.063314505,1.1712054
2679,10037.11,True,0.60091746,True,DRIAMS-A|DRIAMS-B,DRIAMS-C,0.093521304,1.1083136
54,2162.1099999999997,True,0.60057586,True,DRIAMS-A|DRIAMS-B,DRIAMS-C,-0.47411323,-0.7270385
259,2777.1099999999997,True,0.59924424,True,DRIAMS-A|DRIAMS-B,DRIAMS-C,0.15802583,1.0404626
3140,11420.11,True,0.59300345,True,DRIAMS-A|DRIAMS-B,DRIAMS-C,0.14515051,1.0408564
1000,5000.11,True,0.59231776,True,DRIAMS-A|DRIAMS-B,DRIAMS-C,0.6787464,0.5058891
3146,11438.11,True,0.58590364,True,DRIAMS-A|DRIAMS-B,DRIAMS-C,0.020899907,1.1509074
1867,7601.11,True,0.5814562,True,DRIAMS-A|DRIAMS-B,DRIAMS-C,0.17037968,0.99253273
3525,12575.11,True,0.57989794,True,DRIAMS-A|DRIAMS-B,DRIAMS-C,0.19964306,0.9601528
827,4481.11,True,0.57231426,True,DRIAMS-A|DRIAMS-B,DRIAMS-C,0.25128883,0.8933397
3141,11423.11,True,0.570116,True,DRIAMS-A|DRIAMS-B,DRIAMS-C,0.13993451,1.0002974
1990,7970.11,True,0.5663235,True,DRIAMS-A|DRIAMS-B,DRIAMS-C,0.12271807,1.009929
60,2180.1099999999997,True,0.56505185,True,DRIAMS-A|DRIAMS-B,DRIAMS-C,-0.4257631,-0.70434064
27,2081.1099999999997,True,0.5608568,True,DRIAMS-A|DRIAMS-B,DRIAMS-C,-0.44458207,-0.6771316
55,2165.1099999999997,True,0.5601754,True,DRIAMS-A|DRIAMS-B,DRIAMS-C,-0.47678775,-0.64356303
2772,10316.11,True,0.5529348,True,DRIAMS-A|DRIAMS-B,DRIAMS-C,0.15821247,0.94765717
61,2183.1099999999997,True,0.55134547,True,DRIAMS-A|DRIAMS-B,DRIAMS-C,-0.25655058,-0.8461404
787,4361.11,True,0.5505239,True,DRIAMS-A|DRIAMS-B,DRIAMS-C,0.07487063,1.0261772
2771,10313.11,True,0.5413153,True,DRIAMS-A|DRIAMS-B,DRIAMS-C,0.11183253,0.9707981
380,3140.1099999999997,True,0.54127073,True,DRIAMS-A|DRIAMS-B,DRIAMS-C,0.0025829582,1.0799586
3145,11435.11,True,0.54112875,True,DRIAMS-A|DRIAMS-B,DRIAMS-C,0.003539622,1.0787178
3730,13190.11,True,0.5382775,True,DRIAMS-A|DRIAMS-B,DRIAMS-C,0.04447007,1.032085
3729,13187.11,True,0.53738844,True,DRIAMS-A|DRIAMS-B,DRIAMS-C,0.055835806,1.018941
2774,10322.11,True,0.53448266,True,DRIAMS-A|DRIAMS-B,DRIAMS-C,0.14389876,0.92506653
629,3887.1099999999997,True,0.53440696,True,DRIAMS-A|DRIAMS-B,DRIAMS-C,0.22483593,0.843978
3109,11327.11,True,0.53347695,True,DRIAMS-A|DRIAMS-B,DRIAMS-C,0.3058061,0.7611478
3108,11324.11,True,0.5313492,True,DRIAMS-A|DRIAMS-B,DRIAMS-C,0.39478952,0.66790885
4156,14468.11,True,0.5217141,True,DRIAMS-A|DRIAMS-B,DRIAMS-C,0.002024796,1.0414034
2206,8618.11,True,0.52031964,True,DRIAMS-A|DRIAMS-B,DRIAMS-C,0.120883845,0.91975546
3139,11417.11,True,0.5185546,True,DRIAMS-A|DRIAMS-B,DRIAMS-C,0.13831396,0.8987953
1674,7022.11,True,0.51684237,True,DRIAMS-A|DRIAMS-B,DRIAMS-C,-0.3650579,-0.6686268
3107,11321.11,True,0.5158313,True,DRIAMS-A|DRIAMS-B,DRIAMS-C,0.41721094,0.61445165
2356,9068.11,True,0.5128682,True,DRIAMS-A|DRIAMS-B,DRIAMS-C,0.43148002,0.59425646
628,3884.1099999999997,True,0.5076703,True,DRIAMS-A|DRIAMS-B,DRIAMS-C,0.08018045,0.93516016
28,2084.1099999999997,True,0.50658876,True,DRIAMS-A|DRIAMS-B,DRIAMS-C,-0.37637928,-0.63679826
998,4994.11,True,0.50276184,True,DRIAMS-A|DRIAMS-B,DRIAMS-C,0.4756636,0.52986014
4528,15584.11,True,0.501783,True,DRIAMS-A|DRIAMS-B,DRIAMS-C,0.042863518,0.9607025
3524,12572.11,True,0.50119495,True,DRIAMS-A|DRIAMS-B,DRIAMS-C,0.17729193,0.82509804
3045,11135.11,True,0.49453378,True,DRIAMS-A|DRIAMS-B,DRIAMS-C,0.1773015,0.8117661
163,2489.1099999999997,True,0.4936246,True,DRIAMS-A|DRIAMS-B,DRIAMS-C,0.09147613,0.89577305
3526,12578.11,True,0.49072176,True,DRIAMS-A|DRIAMS-B,DRIAMS-C,0.14169201,0.83975154
1965,7895.11,True,0.48974907,True,DRIAMS-A|DRIAMS-B,DRIAMS-C,0.1653712,0.81412697
2205,8615.11,True,0.48963112,True,DRIAMS-A|DRIAMS-B,DRIAMS-C,0.19174996,0.7875123
1673,7019.11,True,0.48742032,True,DRIAMS-A|DRIAMS-B,DRIAMS-C,-0.3241382,-0.6507025
2568,9704.11,True,0.48576015,True,DRIAMS-A|DRIAMS-B,DRIAMS-C,0.3726675,0.5988528
2075,8225.11,True,0.48508114,True,DRIAMS-A|DRIAMS-B,DRIAMS-C,0.038568873,0.9315934
3914,13742.11,True,0.48494315,True,DRIAMS-A|DRIAMS-B,DRIAMS-C,0.19100715,0.77887917
3142,11426.11,True,0.48319232,True,DRIAMS-A|DRIAMS-B,DRIAMS-C,0.09414259,0.87224203
177,2531.1099999999997,True,0.47984096,True,DRIAMS-A|DRIAMS-B,DRIAMS-C,-0.17457718,-0.78510475
952,4856.11,True,0.47807294,True,DRIAMS-A|DRIAMS-B,DRIAMS-C,0.26284164,0.69330424
1486,6458.11,True,0.47708812,True,DRIAMS-A|DRIAMS-B,DRIAMS-C,0.072239585,0.88193667
3044,11132.11,True,0.47706786,True,DRIAMS-A|DRIAMS-B,DRIAMS-C,0.1842444,0.7698913
933,4799.11,True,0.47502768,True,DRIAMS-A|DRIAMS-B,DRIAMS-C,0.22568612,0.7243692
1464,6392.11,True,0.46692526,True,DRIAMS-A|DRIAMS-B,DRIAMS-C,0.1656994,0.7681511
4157,14471.11,True,0.4645324,True,DRIAMS-A|DRIAMS-B,DRIAMS-C,0.044096455,0.88496834
164,2492.1099999999997,True,0.46444356,True,DRIAMS-A|DRIAMS-B,DRIAMS-C,0.0036443104,0.92524284
3046,11138.11,True,0.46222654,True,DRIAMS-A|DRIAMS-B,DRIAMS-C,0.12279625,0.80165684
4154,14462.11,True,0.46208924,True,DRIAMS-A|DRIAMS-B,DRIAMS-C,0.088466205,0.83571225
1429,6287.11,True,0.45933193,True,DRIAMS-A|DRIAMS-B,DRIAMS-C,0.109815665,0.8088482
3110,11330.11,True,0.45604306,True,DRIAMS-A|DRIAMS-B,DRIAMS-C,0.22198951,0.6900966
2358,9074.11,True,0.45431602,True,DRIAMS-A|DRIAMS-B,DRIAMS-C,0.38945317,0.51917887
630,3890.1099999999997,True,0.4522035,True,DRIAMS-A|DRIAMS-B,DRIAMS-C,0.27118552,0.6332215
3144,11432.11,True,0.45147213,True,DRIAMS-A|DRIAMS-B,DRIAMS-C,0.02003791,0.8829064
17,2051.1099999999997,True,0.4507627,True,DRIAMS-A|DRIAMS-B,DRIAMS-C,-0.2859855,-0.61553985
4637,15911.11,True,0.44991887,True,DRIAMS-A|DRIAMS-B,DRIAMS-C,0.13931072,0.760527
3138,11414.11,True,0.44525164,True,DRIAMS-A|DRIAMS-B,DRIAMS-C,0.13033296,0.76017034
2678,10034.11,True,0.44478005,True,DRIAMS-A|DRIAMS-B,DRIAMS-C,0.116869435,0.77269065
3731,13193.11,True,0.44229728,True,DRIAMS-A|DRIAMS-B,DRIAMS-C,0.053047013,0.83154756
2566,9698.11,True,0.44225132,True,DRIAMS-A|DRIAMS-B,DRIAMS-C,0.3206341,0.5638685
3106,11318.11,True,0.44086018,True,DRIAMS-A|DRIAMS-B,DRIAMS-C,0.37929857,0.5024218
2023,8069.11,True,0.43962184,True,DRIAMS-A|DRIAMS-B,DRIAMS-C,0.119628735,0.75961494
1675,7025.11,True,0.43583345,True,DRIAMS-A|DRIAMS-B,DRIAMS-C,-0.36039713,-0.5112698
4108,14324.11,True,0.43557757,True,DRIAMS-A|DRIAMS-B,DRIAMS-C,0.23679693,0.6343582
5257,17771.11,True,0.4345087,True,DRIAMS-A|DRIAMS-B,DRIAMS-C,0.07604726,0.7929702
2355,9065.11,True,0.43358397,True,DRIAMS-A|DRIAMS-B,DRIAMS-C,0.317651,0.549517
3917,13751.11,True,0.43329412,True,DRIAMS-A|DRIAMS-B,DRIAMS-C,0.2221196,0.6444686
1485,6455.11,True,0.43283075,True,DRIAMS-A|DRIAMS-B,DRIAMS-C,0.012026022,0.8536355
3608,12824.11,True,0.43217984,True,DRIAMS-A|DRIAMS-B,DRIAMS-C,0.020010548,0.84434915
22,2066.1099999999997,True,0.4296775,True,DRIAMS-A|DRIAMS-B,DRIAMS-C,-0.5432496,-0.31610537
34,2102.1099999999997,True,0.42897516,True,DRIAMS-A|DRIAMS-B,DRIAMS-C,-0.3315182,-0.52643216
1323,5969.11,True,0.42883942,True,DRIAMS-A|DRIAMS-B,DRIAMS-C,0.44502035,0.41265848
3043,11129.11,True,0.4288144,True,DRIAMS-A|DRIAMS-B,DRIAMS-C,0.15542625,0.70220256
2716,10148.11,True,0.42703387,True,DRIAMS-A|DRIAMS-B,DRIAMS-C,0.13707478,0.716993
2714,10142.11,True,0.42574155,True,DRIAMS-A|DRIAMS-B,DRIAMS-C,0.09047088,0.76101226
3523,12569.11,True,0.4254158,True,DRIAMS-A|DRIAMS-B,DRIAMS-C,0.14649843,0.7043332
2571,9713.11,True,0.42274705,True,DRIAMS-A|DRIAMS-B,DRIAMS-C,0.206084,0.6394101
603,3809.1099999999997,False,0.712476,False,DRIAMS-A|DRIAMS-B,DRIAMS-C,-0.097765,1.3271871
379,3137.1099999999997,False,0.69263816,False,DRIAMS-A|DRIAMS-B,DRIAMS-C,-0.011832901,1.3734434
1591,6773.11,False,0.58033913,False,DRIAMS-A|DRIAMS-B,DRIAMS-C,-0.10705079,1.0536275
687,4061.1099999999997,False,0.57795125,False,DRIAMS-A|DRIAMS-B,DRIAMS-C,-0.50309044,0.65281206
1240,5720.11,False,0.5628395,False,DRIAMS-A|DRIAMS-B,DRIAMS-C,-0.07455295,1.0511261
1592,6776.11,False,0.5620724,False,DRIAMS-A|DRIAMS-B,DRIAMS-C,-0.14209521,0.9820495
1461,6383.11,False,0.5302763,False,DRIAMS-A|DRIAMS-B,DRIAMS-C,-0.03540755,1.025145
2030,8090.11,False,0.52574897,False,DRIAMS-A|DRIAMS-B,DRIAMS-C,-0.17762524,0.8738727
4381,15143.11,False,0.51484215,False,DRIAMS-A|DRIAMS-B,DRIAMS-C,-0.17767379,0.85201055
3609,12827.11,False,0.5054537,False,DRIAMS-A|DRIAMS-B,DRIAMS-C,-0.002082262,1.0088252
1747,7241.11,False,0.5012084,False,DRIAMS-A|DRIAMS-B,DRIAMS-C,-0.121106215,0.88131064
688,4064.1099999999997,False,0.50089645,False,DRIAMS-A|DRIAMS-B,DRIAMS-C,-0.35779205,0.6440008
1239,5717.11,False,0.50002974,False,DRIAMS-A|DRIAMS-B,DRIAMS-C,-0.014223615,0.9858359
2447,9341.11,False,0.49984482,False,DRIAMS-A|DRIAMS-B,DRIAMS-C,0.18610476,-0.81358486
3147,11441.11,False,0.49315408,False,DRIAMS-A|DRIAMS-B,DRIAMS-C,-0.0068761064,0.97943205
1746,7238.11,False,0.49103624,False,DRIAMS-A|DRIAMS-B,DRIAMS-C,-0.084627494,0.89744496
689,4067.1099999999997,False,0.48241943,False,DRIAMS-A|DRIAMS-B,DRIAMS-C,-0.18701199,0.7778269
3856,13568.11,False,0.4650456,False,DRIAMS-A|DRIAMS-B,DRIAMS-C,-0.12031776,0.80977345
604,3812.1099999999997,False,0.4627656,False,DRIAMS-A|DRIAMS-B,DRIAMS-C,-0.050173778,0.87535745
386,3158.1099999999997,False,0.45671678,False,DRIAMS-A|DRIAMS-B,DRIAMS-C,-0.097349614,0.8160839
1061,5183.11,False,0.45624852,False,DRIAMS-A|DRIAMS-B,DRIAMS-C,0.6268559,-0.2856411
690,4070.1099999999997,False,0.45166275,False,DRIAMS-A|DRIAMS-B,DRIAMS-C,-0.13424991,0.7690756
1422,6266.11,False,0.44831374,False,DRIAMS-A|DRIAMS-B,DRIAMS-C,0.3621285,-0.534499
4159,14477.11,False,0.44826877,False,DRIAMS-A|DRIAMS-B,DRIAMS-C,-0.04225889,0.8542787
1593,6779.11,False,0.44734064,False,DRIAMS-A|DRIAMS-B,DRIAMS-C,-0.210648,0.6840333
2446,9338.11,False,0.44614246,False,DRIAMS-A|DRIAMS-B,DRIAMS-C,0.20313202,-0.6891529
3612,12836.11,False,0.44361445,False,DRIAMS-A|DRIAMS-B,DRIAMS-C,-0.1284306,0.7587983
686,4058.1099999999997,False,0.44258183,False,DRIAMS-A|DRIAMS-B,DRIAMS-C,-0.5183421,0.3668216
1062,5186.11,False,0.442485,False,DRIAMS-A|DRIAMS-B,DRIAMS-C,0.5641255,-0.32084453
788,4364.11,False,0.43819192,False,DRIAMS-A|DRIAMS-B,DRIAMS-C,-0.074388914,0.8019949
1931,7793.11,False,0.437544,False,DRIAMS-A|DRIAMS-B,DRIAMS-C,-0.04871722,0.8263708
3860,13580.11,False,0.43367773,False,DRIAMS-A|DRIAMS-B,DRIAMS-C,-0.090798736,0.77655673
1521,6563.11,False,0.43077812,False,DRIAMS-A|DRIAMS-B,DRIAMS-C,-0.24154663,0.6200096
2028,8084.11,False,0.42912698,False,DRIAMS-A|DRIAMS-B,DRIAMS-C,-0.04195901,0.81629497
3408,12224.11,False,0.42699802,False,DRIAMS-A|DRIAMS-B,DRIAMS-C,0.16081129,-0.69318473
3610,12830.11,False,0.42579526,False,DRIAMS-A|DRIAMS-B,DRIAMS-C,-0.047729548,0.80386096
3630,12890.11,False,0.42458034,False,DRIAMS-A|DRIAMS-B,DRIAMS-C,0.24871352,-0.6004471
2448,9344.11,False,0.42241323,False,DRIAMS-A|DRIAMS-B,DRIAMS-C,0.15516374,-0.6896627
3611,12833.11,False,0.42220473,False,DRIAMS-A|DRIAMS-B,DRIAMS-C,-0.10387069,0.7405388
1209,5627.11,True,0.4220987,False,DRIAMS-A|DRIAMS-B,DRIAMS-C,0.22156416,0.6226332
1590,6770.11,False,0.42177248,False,DRIAMS-A|DRIAMS-B,DRIAMS-C,-0.12400012,0.7195448
349,3047.1099999999997,True,0.42167842,False,DRIAMS-A|DRIAMS-B,DRIAMS-C,0.28352308,0.55983377
1748,7244.11,False,0.42157245,False,DRIAMS-A|DRIAMS-B,DRIAMS-C,-0.16770934,0.67543554
395,3185.1099999999997,False,0.42058867,False,DRIAMS-A|DRIAMS-B,DRIAMS-C,-0.1676752,0.67350215
1362,6086.11,True,0.41945767,False,DRIAMS-A|DRIAMS-B,DRIAMS-C,0.29087627,0.5480391
1418,6254.11,True,0.41890672,False,DRIAMS-A|DRIAMS-B,DRIAMS-C,0.1976474,0.64016604
5579,18737.11,True,0.41776484,False,DRIAMS-A|DRIAMS-B,DRIAMS-C,0.18291996,0.6526097
3527,12581.11,True,0.4169845,False,DRIAMS-A|DRIAMS-B,DRIAMS-C,0.15851618,0.6754528
681,4043.1099999999997,False,0.4155645,False,DRIAMS-A|DRIAMS-B,DRIAMS-C,-0.22620052,0.6049285
1241,5723.11,False,0.41538683,False,DRIAMS-A|DRIAMS-B,DRIAMS-C,-0.11687795,0.7138957
1132,5396.11,False,0.41504684,False,DRIAMS-A|DRIAMS-B,DRIAMS-C,-0.3250841,0.5050096
3852,13556.11,False,0.41501942,False,DRIAMS-A|DRIAMS-B,DRIAMS-C,-0.118450336,0.7115885
4162,14486.11,False,0.4149567,False,DRIAMS-A|DRIAMS-B,DRIAMS-C,-0.106537625,0.72337574
616,3848.1099999999997,True,0.41494933,False,DRIAMS-A|DRIAMS-B,DRIAMS-C,-0.3527335,-0.47716516
1324,5972.11,True,0.41424376,False,DRIAMS-A|DRIAMS-B,DRIAMS-C,0.44648528,0.38200223
341,3023.1099999999997,False,0.41368282,False,DRIAMS-A|DRIAMS-B,DRIAMS-C,0.4749715,-0.35239413
3613,12839.11,False,0.41352028,False,DRIAMS-A|DRIAMS-B,DRIAMS-C,-0.16938451,0.6576561
680,4040.1099999999997,False,0.41249344,False,DRIAMS-A|DRIAMS-B,DRIAMS-C,-0.049441613,0.77554524
1933,7799.11,False,0.4120998,False,DRIAMS-A|DRIAMS-B,DRIAMS-C,-0.047355827,0.7768438
4144,14432.11,True,0.41046557,False,DRIAMS-A|DRIAMS-B,DRIAMS-C,0.11260997,0.70832115
2717,10151.11,True,0.4098926,False,DRIAMS-A|DRIAMS-B,DRIAMS-C,0.089261696,0.73052347
2563,9689.11,True,0.4098259,False,DRIAMS-A|DRIAMS-B,DRIAMS-C,0.16644593,0.6532059
1989,7967.11,True,0.4095334,False,DRIAMS-A|DRIAMS-B,DRIAMS-C,0.062484037,0.7565828
3553,12659.11,True,0.4090936,False,DRIAMS-A|DRIAMS-B,DRIAMS-C,0.1371497,0.6810375
3552,12656.11,True,0.40621525,False,DRIAMS-A|DRIAMS-B,DRIAMS-C,0.14022037,0.67221016
1939,7817.11,True,0.40620765,False,DRIAMS-A|DRIAMS-B,DRIAMS-C,0.13479942,0.6776159
176,2528.1099999999997,True,0.40458655,False,DRIAMS-A|DRIAMS-B,DRIAMS-C,-0.21243663,-0.5967365
183,2549.1099999999997,True,0.40336844,False,DRIAMS-A|DRIAMS-B,DRIAMS-C,-0.33904207,-0.46769482
2049,8147.11,False,0.40334246,False,DRIAMS-A|DRIAMS-B,DRIAMS-C,-0.047539037,0.75914586
1891,7673.11,False,0.40253204,False,DRIAMS-A|DRIAMS-B,DRIAMS-C,0.110222764,-0.6948413
2715,10145.11,True,0.40249205,False,DRIAMS-A|DRIAMS-B,DRIAMS-C,0.09297535,0.7120087
1113,5339.11,True,0.40238693,False,DRIAMS-A|DRIAMS-B,DRIAMS-C,0.1733973,0.63137656
993,4979.11,True,0.4021626,False,DRIAMS-A|DRIAMS-B,DRIAMS-C,0.1506075,0.65371776
3848,13544.11,False,0.3984726,False,DRIAMS-A|DRIAMS-B,DRIAMS-C,-0.07849504,0.7184502
3629,12887.11,False,0.398353,False,DRIAMS-A|DRIAMS-B,DRIAMS-C,0.22317512,-0.5735309
1002,5006.11,True,0.3978166,False,DRIAMS-A|DRIAMS-B,DRIAMS-C,0.6156157,0.18001744
2569,9707.11,True,0.39706287,False,DRIAMS-A|DRIAMS-B,DRIAMS-C,0.29946476,0.49466097
1381,6143.11,True,0.39696348,False,DRIAMS-A|DRIAMS-B,DRIAMS-C,0.5153947,0.2785323
1148,5444.11,True,0.39687222,False,DRIAMS-A|DRIAMS-B,DRIAMS-C,0.17029022,0.6234542
671,4013.1099999999997,False,0.39683485,False,DRIAMS-A|DRIAMS-B,DRIAMS-C,0.28396794,-0.5097017
2533,9599.11,True,0.39572617,False,DRIAMS-A|DRIAMS-B,DRIAMS-C,0.2728387,0.51861364
4530,15590.11,True,0.3954388,False,DRIAMS-A|DRIAMS-B,DRIAMS-C,0.05605157,0.734826
1,2003.11,True,0.39463928,False,DRIAMS-A|DRIAMS-B,DRIAMS-C,-0.13548939,-0.65378916
953,4859.11,True,0.39439625,False,DRIAMS-A|DRIAMS-B,DRIAMS-C,0.13672277,0.6520697
1237,5711.11,True,0.3931635,False,DRIAMS-A|DRIAMS-B,DRIAMS-C,0.118778534,0.6675485
798,4394.11,False,0.3927465,False,DRIAMS-A|DRIAMS-B,DRIAMS-C,-0.12073571,0.6647573
3148,11444.11,False,0.39220592,False,DRIAMS-A|DRIAMS-B,DRIAMS-C,-0.03503096,0.7493809
3143,11429.11,True,0.391763,False,DRIAMS-A|DRIAMS-B,DRIAMS-C,0.039241638,0.7442844
3607,12821.11,True,0.38988003,False,DRIAMS-A|DRIAMS-B,DRIAMS-C,0.023474557,0.7562855
5256,17768.11,True,0.38931894,False,DRIAMS-A|DRIAMS-B,DRIAMS-C,0.16168837,0.6169495
1596,6788.11,False,0.38919193,False,DRIAMS-A|DRIAMS-B,DRIAMS-C,-0.05314926,0.72523457
41,2123.1099999999997,True,0.38909978,False,DRIAMS-A|DRIAMS-B,DRIAMS-C,-0.4641781,-0.31402147
1598,6794.11,False,0.38889796,False,DRIAMS-A|DRIAMS-B,DRIAMS-C,-0.122293375,0.65550256
23,2069.1099999999997,True,0.3887543,False,DRIAMS-A|DRIAMS-B,DRIAMS-C,-0.43975472,-0.33775392
2040,8120.11,True,0.38857394,False,DRIAMS-A|DRIAMS-B,DRIAMS-C,-0.36222193,-0.41492596
2718,10154.11,True,0.38855743,False,DRIAMS-A|DRIAMS-B,DRIAMS-C,0.124564566,0.6525503
1421,6263.11,False,0.38727164,False,DRIAMS-A|DRIAMS-B,DRIAMS-C,0.39334282,-0.3812005
1779,7337.11,False,0.38686633,False,DRIAMS-A|DRIAMS-B,DRIAMS-C,-0.013546031,0.7601866
826,4478.11,True,0.38682967,False,DRIAMS-A|DRIAMS-B,DRIAMS-C,0.115542464,0.6581169
137,2411.1099999999997,True,0.38667768,False,DRIAMS-A|DRIAMS-B,DRIAMS-C,0.25573662,0.5176188
3942,13826.11,False,0.3865555,False,DRIAMS-A|DRIAMS-B,DRIAMS-C,0.15140527,-0.6217057
1908,7724.11,False,0.38624865,False,DRIAMS-A|DRIAMS-B,DRIAMS-C,0.5518361,-0.2206612
1141,5423.11,False,0.3861954,False,DRIAMS-A|DRIAMS-B,DRIAMS-C,-0.14272594,0.62966484
1907,7721.11,False,0.3860607,False,DRIAMS-A|DRIAMS-B,DRIAMS-C,0.4327065,-0.33941495
1672,7016.11,True,0.3855435,False,DRIAMS-A|DRIAMS-B,DRIAMS-C,-0.23068596,-0.54040104
1597,6791.11,False,0.3854427,False,DRIAMS-A|DRIAMS-B,DRIAMS-C,-0.0779566,0.6929288
2,2006.11,True,0.38450152,False,DRIAMS-A|DRIAMS-B,DRIAMS-C,-0.10970138,-0.65930164
2207,8621.11,True,0.38438436,False,DRIAMS-A|DRIAMS-B,DRIAMS-C,0.119931765,0.648837
1026,5078.11,True,0.38373798,False,DRIAMS-A|DRIAMS-B,DRIAMS-C,0.19813135,0.56934464
1780,7340.11,False,0.38296074,False,DRIAMS-A|DRIAMS-B,DRIAMS-C,-0.03664656,0.7292749
2780,10340.11,True,0.3828157,False,DRIAMS-A|DRIAMS-B,DRIAMS-C,0.08964963,0.67598176
1490,6470.11,True,0.38262686,False,DRIAMS-A|DRIAMS-B,DRIAMS-C,0.08642937,0.67882437
2157,8471.11,True,0.38184968,False,DRIAMS-A|DRIAMS-B,DRIAMS-C,0.06859023,0.6951091
1522,6566.11,False,0.3814711,False,DRIAMS-A|DRIAMS-B,DRIAMS-C,-0.19041626,0.5725259
5009,17027.11,False,0.38111728,False,DRIAMS-A|DRIAMS-B,DRIAMS-C,0.21159483,-0.55063975
828,4484.11,True,0.38080445,False,DRIAMS-A|DRIAMS-B,DRIAMS-C,0.23701757,0.5245913
340,3020.1099999999997,False,0.3801396,False,DRIAMS-A|DRIAMS-B,DRIAMS-C,0.5605797,-0.19969943
1430,6290.11,True,0.38009664,False,DRIAMS-A|DRIAMS-B,DRIAMS-C,0.069592334,0.69060093
932,4796.11,True,0.37974954,False,DRIAMS-A|DRIAMS-B,DRIAMS-C,0.3061991,0.45329997
1236,5708.11,True,0.37767106,False,DRIAMS-A|DRIAMS-B,DRIAMS-C,0.10950019,0.64584196
2209,8627.11,True,0.3776635,False,DRIAMS-A|DRIAMS-B,DRIAMS-C,0.0655567,0.6897703
1991,7973.11,True,0.37744087,False,DRIAMS-A|DRIAMS-B,DRIAMS-C,0.10592122,0.64896053
2116,8348.11,True,0.3764459,False,DRIAMS-A|DRIAMS-B,DRIAMS-C,0.31691685,0.4359749
1238,5714.11,True,0.37581602,False,DRIAMS-A|DRIAMS-B,DRIAMS-C,0.07149313,0.6801389
503,3509.1099999999997,True,0.374762,False,DRIAMS-A|DRIAMS-B,DRIAMS-C,-0.26913875,-0.48038524
545,3635.1099999999997,False,0.37461096,False,DRIAMS-A|DRIAMS-B,DRIAMS-C,0.33930728,-0.40991467
11,2033.11,True,0.3739209,False,DRIAMS-A|DRIAMS-B,DRIAMS-C,-0.4392699,-0.30857188
4648,15944.11,True,0.3738376,False,DRIAMS-A|DRIAMS-B,DRIAMS-C,0.17053956,0.5771356
3614,12842.11,False,0.3735032,False,DRIAMS-A|DRIAMS-B,DRIAMS-C,-0.16614199,0.5808644
3313,11939.11,False,0.3734019,False,DRIAMS-A|DRIAMS-B,DRIAMS-C,0.13597901,-0.6108248
2024,8072.11,True,0.3733022,False,DRIAMS-A|DRIAMS-B,DRIAMS-C,0.10543198,0.6411724
2117,8351.11,True,0.37317926,False,DRIAMS-A|DRIAMS-B,DRIAMS-C,0.24772209,0.49863642
1744,7232.11,False,0.37250316,False,DRIAMS-A|DRIAMS-B,DRIAMS-C,-0.15401039,0.59099597
2536,9608.11,True,0.37170807,False,DRIAMS-A|DRIAMS-B,DRIAMS-C,0.24320859,0.50020754
2713,10139.11,True,0.3714216,False,DRIAMS-A|DRIAMS-B,DRIAMS-C,0.030506061,0.71233714
1745,7235.11,False,0.37089133,False,DRIAMS-A|DRIAMS-B,DRIAMS-C,-0.109760456,0.6320222
2572,9716.11,True,0.3699414,False,DRIAMS-A|DRIAMS-B,DRIAMS-C,0.11723539,0.62264746
4581,15743.11,False,0.36946794,False,DRIAMS-A|DRIAMS-B,DRIAMS-C,0.030270338,-0.70866555
838,4514.11,False,0.369264,False,DRIAMS-A|DRIAMS-B,DRIAMS-C,-0.33634517,0.40218288
3409,12227.11,False,0.36882633,False,DRIAMS-A|DRIAMS-B,DRIAMS-C,0.15077877,-0.5868739
1382,6146.11,True,0.3685984,False,DRIAMS-A|DRIAMS-B,DRIAMS-C,0.44088933,0.29630747
21,2063.1099999999997,True,0.36849567,False,DRIAMS-A|DRIAMS-B,DRIAMS-C,-0.47342137,-0.26356998
1676,7028.11,True,0.36821318,False,DRIAMS-A|DRIAMS-B,DRIAMS-C,-0.30522335,-0.43120298
2768,10304.11,True,0.36818364,False,DRIAMS-A|DRIAMS-B,DRIAMS-C,0.029370751,0.70699656
3528,12584.11,True,0.36807385,False,DRIAMS-A|DRIAMS-B,DRIAMS-C,0.11971589,0.61643183
3510,12530.11,False,0.3678884,False,DRIAMS-A|DRIAMS-B,DRIAMS-C,0.13666265,-0.5991141
4160,14480.11,False,0.36763605,False,DRIAMS-A|DRIAMS-B,DRIAMS-C,-0.006239734,0.7290324
615,3845.1099999999997,True,0.36695087,False,DRIAMS-A|DRIAMS-B,DRIAMS-C,-0.300259,-0.43364275
1964,7892.11,True,0.3668405,False,DRIAMS-A|DRIAMS-B,DRIAMS-C,0.1448635,0.58881754
3696,13088.11,False,0.36611816,False,DRIAMS-A|DRIAMS-B,DRIAMS-C,-0.046143375,0.686093
4953,16859.11,True,0.36568248,False,DRIAMS-A|DRIAMS-B,DRIAMS-C,0.2283462,0.50301874
5968,19904.11,False,0.36558715,False,DRIAMS-A|DRIAMS-B,DRIAMS-C,0.1706648,-0.5605095
2077,8231.11,False,0.36558604,False,DRIAMS-A|DRIAMS-B,DRIAMS-C,-0.10433105,0.626841
3086,11258.11,True,0.36458302,False,DRIAMS-A|DRIAMS-B,DRIAMS-C,0.29983371,0.42933232
934,4802.11,True,0.3644137,False,DRIAMS-A|DRIAMS-B,DRIAMS-C,0.18689962,0.5419278
85,2255.1099999999997,True,0.36425364,False,DRIAMS-A|DRIAMS-B,DRIAMS-C,-0.35813886,-0.37036845
1963,7889.11,True,0.363976,False,DRIAMS-A|DRIAMS-B,DRIAMS-C,0.13767445,0.59027755
2044,8132.11,False,0.36327022,False,DRIAMS-A|DRIAMS-B,DRIAMS-C,-0.08891425,0.6376262
1210,5630.11,True,0.36315405,False,DRIAMS-A|DRIAMS-B,DRIAMS-C,0.18918622,0.5371219
1060,5180.11,False,0.36311084,False,DRIAMS-A|DRIAMS-B,DRIAMS-C,0.46208134,-0.26414037
2204,8612.11,True,0.36252487,False,DRIAMS-A|DRIAMS-B,DRIAMS-C,0.14322743,0.5818223
1625,6875.11,True,0.36251512,False,DRIAMS-A|DRIAMS-B,DRIAMS-C,0.2514505,0.47357973
4205,14615.11,True,0.36234266,False,DRIAMS-A|DRIAMS-B,DRIAMS-C,0.22953255,0.49515277
3855,13565.11,False,0.3623072,False,DRIAMS-A|DRIAMS-B,DRIAMS-C,-0.13955459,0.58505976
1419,6257.11,True,0.36224008,False,DRIAMS-A|DRIAMS-B,DRIAMS-C,0.21585406,0.5086261
1335,6005.11,True,0.36205184,False,DRIAMS-A|DRIAMS-B,DRIAMS-C,0.4295032,0.29460052
1363,6089.11,True,0.36106205,False,DRIAMS-A|DRIAMS-B,DRIAMS-C,0.33461487,0.3875092
3697,13091.11,False,0.36090058,False,DRIAMS-A|DRIAMS-B,DRIAMS-C,-0.06651732,0.6552838
3042,11126.11,True,0.360358,False,DRIAMS-A|DRIAMS-B,DRIAMS-C,0.11955056,0.6011654
679,4037.1099999999997,True,0.36025023,False,DRIAMS-A|DRIAMS-B,DRIAMS-C,0.0983144,0.62218606
1396,6188.11,True,0.35936502,False,DRIAMS-A|DRIAMS-B,DRIAMS-C,0.1205496,0.5981804
3341,12023.11,False,0.35877597,False,DRIAMS-A|DRIAMS-B,DRIAMS-C,0.14534211,-0.57220984
2540,9620.11,True,0.35807773,False,DRIAMS-A|DRIAMS-B,DRIAMS-C,0.18680249,0.52935296
2775,10325.11,True,0.35807684,False,DRIAMS-A|DRIAMS-B,DRIAMS-C,0.11419996,0.60195374
2039,8117.11,True,0.35782716,False,DRIAMS-A|DRIAMS-B,DRIAMS-C,-0.38194025,-0.33371407
816,4448.11,True,0.35778278,False,DRIAMS-A|DRIAMS-B,DRIAMS-C,-0.24338469,-0.47218084
4153,14459.11,True,0.35764107,False,DRIAMS-A|DRIAMS-B,DRIAMS-C,0.042378005,0.67290413
3606,12818.11,True,0.35725647,False,DRIAMS-A|DRIAMS-B,DRIAMS-C,0.07673385,0.6377791
1019,5057.11,True,0.35719603,False,DRIAMS-A|DRIAMS-B,DRIAMS-C,-0.38402528,-0.3303668
3407,12221.11,False,0.35588384,False,DRIAMS-A|DRIAMS-B,DRIAMS-C,0.12434404,-0.5874236
79,2237.1099999999997,True,0.35496402,False,DRIAMS-A|DRIAMS-B,DRIAMS-C,-0.2960725,-0.41385555
71,2213.1099999999997,False,0.35448858,False,DRIAMS-A|DRIAMS-B,DRIAMS-C,0.22188298,-0.4870942
24,2072.1099999999997,True,0.35428947,False,DRIAMS-A|DRIAMS-B,DRIAMS-C,-0.24684678,-0.46173215
4745,16235.11,True,0.35414296,False,DRIAMS-A|DRIAMS-B,DRIAMS-C,0.111265376,0.59702057
1534,6602.11,False,0.3540535,False,DRIAMS-A|DRIAMS-B,DRIAMS-C,-0.017831683,0.6902753
3699,13097.11,False,0.3539317,False,DRIAMS-A|DRIAMS-B,DRIAMS-C,-0.15193917,0.55592424
3090,11270.11,True,0.35385466,False,DRIAMS-A|DRIAMS-B,DRIAMS-C,0.30205372,0.4056556
3918,13754.11,True,0.3536607,False,DRIAMS-A|DRIAMS-B,DRIAMS-C,0.24377595,0.46354547
2031,8093.11,False,0.35345444,False,DRIAMS-A|DRIAMS-B,DRIAMS-C,-0.30672646,0.40018243
2532,9596.11,True,0.35199615,False,DRIAMS-A|DRIAMS-B,DRIAMS-C,0.34267154,0.36132076
78,2234.1099999999997,True,0.3518223,False,DRIAMS-A|DRIAMS-B,DRIAMS-C,-0.2293107,-0.47433385
839,4517.11,False,0.35181457,False,DRIAMS-A|DRIAMS-B,DRIAMS-C,-0.32238176,0.38124734
4199,14597.11,False,0.35176077,False,DRIAMS-A|DRIAMS-B,DRIAMS-C,0.1345997,-0.56892186
1930,7790.11,True,0.35174403,False,DRIAMS-A|DRIAMS-B,DRIAMS-C,0.03395302,0.66953504
2137,8411.11,True,0.35169402,False,DRIAMS-A|DRIAMS-B,DRIAMS-C,0.31920612,0.38418192
5010,17030.11,False,0.3513964,False,DRIAMS-A|DRIAMS-B,DRIAMS-C,0.21523844,-0.4875544
1460,6380.11,False,0.35043323,False,DRIAMS-A|DRIAMS-B,DRIAMS-C,-0.10920102,0.59166545
4526,15578.11,True,0.3503241,False,DRIAMS-A|DRIAMS-B,DRIAMS-C,0.033459503,0.6671887
458,3374.1099999999997,True,0.34911996,False,DRIAMS-A|DRIAMS-B,DRIAMS-C,-0.17822777,-0.52001214
546,3638.1099999999997,False,0.3490017,False,DRIAMS-A|DRIAMS-B,DRIAMS-C,0.3669841,-0.33101928
2682,10046.11,False,0.34844998,False,DRIAMS-A|DRIAMS-B,DRIAMS-C,-0.054393295,0.64250666
3232,11696.11,False,0.34836,False,DRIAMS-A|DRIAMS-B,DRIAMS-C,0.14078063,-0.5559394
3913,13739.11,True,0.34832555,False,DRIAMS-A|DRIAMS-B,DRIAMS-C,0.17896226,0.5176889
4521,15563.11,True,0.34810716,False,DRIAMS-A|DRIAMS-B,DRIAMS-C,0.13428578,0.5619285
1085,5255.11,False,0.3480265,False,DRIAMS-A|DRIAMS-B,DRIAMS-C,-0.24835561,0.44769743
2813,10439.11,True,0.34782737,False,DRIAMS-A|DRIAMS-B,DRIAMS-C,-0.1708232,-0.52483153
2029,8087.11,False,0.34759957,False,DRIAMS-A|DRIAMS-B,DRIAMS-C,-0.0952577,0.59994143
33,2099.1099999999997,False,0.3475357,False,DRIAMS-A|DRIAMS-B,DRIAMS-C,0.02881105,-0.66626036
1487,6461.11,True,0.34732556,False,DRIAMS-A|DRIAMS-B,DRIAMS-C,0.05403355,0.64061755
2118,8354.11,True,0.34728965,False,DRIAMS-A|DRIAMS-B,DRIAMS-C,0.20978266,0.48479664
617,3851.1099999999997,True,0.3471977,False,DRIAMS-A|DRIAMS-B,DRIAMS-C,-0.3431383,-0.3512571
2672,10016.11,False,0.3471939,False,DRIAMS-A|DRIAMS-B,DRIAMS-C,0.28525215,-0.40913564
1379,6137.11,False,0.34638083,False,DRIAMS-A|DRIAMS-B,DRIAMS-C,0.24285652,-0.44990516
2310,8930.11,True,0.34621587,False,DRIAMS-A|DRIAMS-B,DRIAMS-C,0.05405742,0.6383743
67,2201.1099999999997,True,0.3460157,False,DRIAMS-A|DRIAMS-B,DRIAMS-C,-0.31739312,-0.37463826
2026,8078.11,True,0.3459654,False,DRIAMS-A|DRIAMS-B,DRIAMS-C,0.1016422,0.5902886
1144,5432.11,False,0.34546125,False,DRIAMS-A|DRIAMS-B,DRIAMS-C,0.46476442,-0.22615811
502,3506.1099999999997,True,0.34529144,False,DRIAMS-A|DRIAMS-B,DRIAMS-C,-0.16810986,-0.52247304
2826,10478.11,False,0.3452687,False,DRIAMS-A|DRIAMS-B,DRIAMS-C,-0.08010958,0.6104278
2573,9719.11,True,0.34496376,False,DRIAMS-A|DRIAMS-B,DRIAMS-C,0.06614973,0.6237778
1434,6302.11,True,0.34471178,False,DRIAMS-A|DRIAMS-B,DRIAMS-C,0.043040168,0.6463834
1906,7718.11,False,0.34349072,False,DRIAMS-A|DRIAMS-B,DRIAMS-C,0.30733877,-0.37964267
182,2546.1099999999997,True,0.34334555,False,DRIAMS-A|DRIAMS-B,DRIAMS-C,-0.264589,-0.4221021
868,4604.11,False,0.3432235,False,DRIAMS-A|DRIAMS-B,DRIAMS-C,-0.28029904,0.40614802
261,2783.1099999999997,True,0.3431456,False,DRIAMS-A|DRIAMS-B,DRIAMS-C,0.41710886,0.26918238
4109,14327.11,True,0.3430056,False,DRIAMS-A|DRIAMS-B,DRIAMS-C,0.2087661,0.4772451
231,2693.1099999999997,False,0.34288922,False,DRIAMS-A|DRIAMS-B,DRIAMS-C,-0.2709567,0.41482174
2135,8405.11,True,0.3423065,False,DRIAMS-A|DRIAMS-B,DRIAMS-C,0.27397403,0.41063896
669,4007.1099999999997,True,0.3419904,False,DRIAMS-A|DRIAMS-B,DRIAMS-C,0.025953168,0.65802765
5104,17312.11,True,0.3411548,False,DRIAMS-A|DRIAMS-B,DRIAMS-C,0.22588402,0.4564256
3698,13094.11,False,0.34114766,False,DRIAMS-A|DRIAMS-B,DRIAMS-C,-0.106524795,0.57577056
5967,19901.11,False,0.34104776,False,DRIAMS-A|DRIAMS-B,DRIAMS-C,0.1476317,-0.5344638
3792,13376.11,False,0.34094447,False,DRIAMS-A|DRIAMS-B,DRIAMS-C,0.13583279,-0.54605615
3840,13520.11,True,0.34093577,False,DRIAMS-A|DRIAMS-B,DRIAMS-C,0.019755315,0.6621162
5554,18662.11,False,0.34058666,False,DRIAMS-A|DRIAMS-B,DRIAMS-C,0.16969804,-0.51147527
2570,9710.11,True,0.33984667,False,DRIAMS-A|DRIAMS-B,DRIAMS-C,0.278098,0.40159535
2043,8129.11,False,0.33976242,False,DRIAMS-A|DRIAMS-B,DRIAMS-C,-0.04415607,0.63536876
586,3758.1099999999997,True,0.33949164,False,DRIAMS-A|DRIAMS-B,DRIAMS-C,-0.20475754,-0.47422573
3092,11276.11,True,0.33924815,False,DRIAMS-A|DRIAMS-B,DRIAMS-C,0.2749446,0.4035517
1909,7727.11,False,0.33850843,False,DRIAMS-A|DRIAMS-B,DRIAMS-C,0.5285779,-0.14843895
2770,10310.11,True,0.33846942,False,DRIAMS-A|DRIAMS-B,DRIAMS-C,0.083817944,0.5931209
2537,9611.11,True,0.33826545,False,DRIAMS-A|DRIAMS-B,DRIAMS-C,0.18993044,0.48660046
2497,9491.11,True,0.33768606,False,DRIAMS-A|DRIAMS-B,DRIAMS-C,0.15512109,0.52025104
3864,13592.11,False,0.33765426,False,DRIAMS-A|DRIAMS-B,DRIAMS-C,-0.16062939,0.51467913
456,3368.1099999999997,True,0.33651197,False,DRIAMS-A|DRIAMS-B,DRIAMS-C,-0.28926206,-0.3837619
3631,12893.11,False,0.33629557,False,DRIAMS-A|DRIAMS-B,DRIAMS-C,0.18824606,-0.48434508
3982,13946.11,True,0.33606595,False,DRIAMS-A|DRIAMS-B,DRIAMS-C,0.13531044,0.5368214
5725,19175.11,False,0.33597916,False,DRIAMS-A|DRIAMS-B,DRIAMS-C,0.14161912,-0.5303392
3634,12902.11,True,0.33591706,False,DRIAMS-A|DRIAMS-B,DRIAMS-C,0.15265226,0.51918185
1086,5258.11,False,0.33574358,False,DRIAMS-A|DRIAMS-B,DRIAMS-C,-0.15778023,0.5137069
81,2243.1099999999997,True,0.3356317,False,DRIAMS-A|DRIAMS-B,DRIAMS-C,-0.46347225,-0.20779113
3093,11279.11,True,0.33525908,False,DRIAMS-A|DRIAMS-B,DRIAMS-C,0.20552342,0.46499476
3915,13745.11,True,0.33511794,False,DRIAMS-A|DRIAMS-B,DRIAMS-C,0.23800232,0.43223354
2406,9218.11,True,0.3349701,False,DRIAMS-A|DRIAMS-B,DRIAMS-C,0.017306753,0.6526334
3091,11273.11,True,0.33475864,False,DRIAMS-A|DRIAMS-B,DRIAMS-C,0.2989724,0.37054485
3118,11354.11,True,0.3346677,False,DRIAMS-A|DRIAMS-B,DRIAMS-C,0.032127775,0.6372076
4151,14453.11,True,0.33445418,False,DRIAMS-A|DRIAMS-B,DRIAMS-C,0.047238678,0.6216697
1866,7598.11,False,0.33420599,False,DRIAMS-A|DRIAMS-B,DRIAMS-C,-0.011217505,0.65719444
1298,5894.11,True,0.33402383,False,DRIAMS-A|DRIAMS-B,DRIAMS-C,-0.2768526,-0.39119506
4165,14495.11,False,0.3336491,False,DRIAMS-A|DRIAMS-B,DRIAMS-C,-0.17960241,0.4876958
3851,13553.11,False,0.33330882,False,DRIAMS-A|DRIAMS-B,DRIAMS-C,-0.11425019,0.55236745
426,3278.1099999999997,False,0.3328027,False,DRIAMS-A|DRIAMS-B,DRIAMS-C,-0.20535086,0.46025455
2344,9032.11,True,0.3326633,False,DRIAMS-A|DRIAMS-B,DRIAMS-C,0.0848706,0.580456
820,4460.11,False,0.33164293,False,DRIAMS-A|DRIAMS-B,DRIAMS-C,-0.09087628,0.5724096
4835,16505.11,False,0.33138674,False,DRIAMS-A|DRIAMS-B,DRIAMS-C,0.15808143,-0.5046921
652,3956.1099999999997,False,0.3305637,False,DRIAMS-A|DRIAMS-B,DRIAMS-C,-0.057064287,0.6040631
457,3371.1099999999997,True,0.3302976,False,DRIAMS-A|DRIAMS-B,DRIAMS-C,-0.25576478,-0.4048304
677,4031.1099999999997,True,0.3302002,False,DRIAMS-A|DRIAMS-B,DRIAMS-C,0.07939576,0.5810046
2683,10049.11,False,0.3299197,False,DRIAMS-A|DRIAMS-B,DRIAMS-C,-0.079490334,0.5803491
587,3761.1099999999997,True,0.32984692,False,DRIAMS-A|DRIAMS-B,DRIAMS-C,-0.23209096,-0.42760286
3859,13577.11,False,0.3296531,False,DRIAMS-A|DRIAMS-B,DRIAMS-C,-0.062166385,0.59713984
2763,10289.11,True,0.32929087,False,DRIAMS-A|DRIAMS-B,DRIAMS-C,-0.08998624,-0.56859547
1428,6284.11,True,0.32927182,False,DRIAMS-A|DRIAMS-B,DRIAMS-C,0.09634252,0.56220114
5953,19859.11,False,0.32924512,False,DRIAMS-A|DRIAMS-B,DRIAMS-C,0.15623105,-0.5022592
1039,5117.11,True,0.32907918,False,DRIAMS-A|DRIAMS-B,DRIAMS-C,0.12575682,0.53240156
3410,12230.11,False,0.32878846,False,DRIAMS-A|DRIAMS-B,DRIAMS-C,0.19741927,-0.46015766
935,4805.11,True,0.328606,False,DRIAMS-A|DRIAMS-B,DRIAMS-C,0.17080241,0.48640963
3693,13079.11,True,0.32854694,False,DRIAMS-A|DRIAMS-B,DRIAMS-C,0.010489849,0.64660406
5580,18740.11,True,0.32847506,False,DRIAMS-A|DRIAMS-B,DRIAMS-C,0.2024968,0.45445332
3891,13673.11,True,0.32842392,False,DRIAMS-A|DRIAMS-B,DRIAMS-C,0.13469179,0.52215606
3482,12446.11,False,0.3279307,False,DRIAMS-A|DRIAMS-B,DRIAMS-C,0.11523609,-0.5406253
2534,9602.11,True,0.32732975,False,DRIAMS-A|DRIAMS-B,DRIAMS-C,0.27572355,0.378936
1003,5009.11,False,0.32673997,False,DRIAMS-A|DRIAMS-B,DRIAMS-C,0.48820472,-0.16527523
1025,5075.11,True,0.32673097,False,DRIAMS-A|DRIAMS-B,DRIAMS-C,0.1727691,0.4806928
869,4607.11,False,0.3264143,False,DRIAMS-A|DRIAMS-B,DRIAMS-C,-0.28562897,0.3671996
1535,6605.11,False,0.32636702,False,DRIAMS-A|DRIAMS-B,DRIAMS-C,-0.027226599,0.6255074
1882,7646.11,True,0.32632232,False,DRIAMS-A|DRIAMS-B,DRIAMS-C,0.13518432,0.5174603
2345,9035.11,True,0.3262051,False,DRIAMS-A|DRIAMS-B,DRIAMS-C,0.1362819,0.5161283
4147,14441.11,True,0.32578972,False,DRIAMS-A|DRIAMS-B,DRIAMS-C,0.10325082,0.54832864
673,4019.1099999999997,True,0.32517552,False,DRIAMS-A|DRIAMS-B,DRIAMS-C,0.20035857,0.44999245
4913,16739.11,True,0.32491344,False,DRIAMS-A|DRIAMS-B,DRIAMS-C,0.12310111,0.52672577
785,4355.11,True,0.32476872,False,DRIAMS-A|DRIAMS-B,DRIAMS-C,0.0378543,0.61168313
2188,8564.11,True,0.32459402,False,DRIAMS-A|DRIAMS-B,DRIAMS-C,-0.049410593,-0.59977746
3695,13085.11,False,0.32446814,False,DRIAMS-A|DRIAMS-B,DRIAMS-C,-0.030074533,0.61886173
3732,13196.11,True,0.3240504,False,DRIAMS-A|DRIAMS-B,DRIAMS-C,0.028582452,0.61951834
726,4178.11,False,0.32377353,False,DRIAMS-A|DRIAMS-B,DRIAMS-C,0.3346092,-0.31293786
1299,5897.11,True,0.3233477,False,DRIAMS-A|DRIAMS-B,DRIAMS-C,-0.30498952,-0.3417059
3728,13184.11,True,0.323031,False,DRIAMS-A|DRIAMS-B,DRIAMS-C,0.09921988,0.54684216
3692,13076.11,True,0.3227255,False,DRIAMS-A|DRIAMS-B,DRIAMS-C,0.0019431364,0.6435079
1433,6299.11,True,0.3220034,False,DRIAMS-A|DRIAMS-B,DRIAMS-C,0.040608983,0.6033978
631,3893.1099999999997,True,0.32164007,False,DRIAMS-A|DRIAMS-B,DRIAMS-C,0.26655206,0.37672812
2007,8021.11,True,0.32152125,False,DRIAMS-A|DRIAMS-B,DRIAMS-C,0.090410605,0.5526319
93,2279.1099999999997,True,0.32107505,False,DRIAMS-A|DRIAMS-B,DRIAMS-C,-0.35901216,-0.28313795
2062,8186.11,True,0.32098627,False,DRIAMS-A|DRIAMS-B,DRIAMS-C,0.073713645,0.5682589
1218,5654.11,True,0.32015008,False,DRIAMS-A|DRIAMS-B,DRIAMS-C,-0.19305328,-0.44724688
3079,11237.11,True,0.3200263,False,DRIAMS-A|DRIAMS-B,DRIAMS-C,0.10358693,0.5364657
1772,7316.11,True,0.31984064,False,DRIAMS-A|DRIAMS-B,DRIAMS-C,0.03225176,0.6074295
477,3431.1099999999997,False,0.31946507,False,DRIAMS-A|DRIAMS-B,DRIAMS-C,-0.14889707,0.4900331
4264,14792.11,True,0.31941804,False,DRIAMS-A|DRIAMS-B,DRIAMS-C,0.14379297,0.49504313
1890,7670.11,False,0.3193881,False,DRIAMS-A|DRIAMS-B,DRIAMS-C,0.07807469,-0.5607015
1391,6173.11,False,0.319057,False,DRIAMS-A|DRIAMS-B,DRIAMS-C,0.17085615,-0.4672578
5011,17033.11,False,0.3190062,False,DRIAMS-A|DRIAMS-B,DRIAMS-C,0.19459142,-0.44342098
1986,7958.11,True,0.31900567,False,DRIAMS-A|DRIAMS-B,DRIAMS-C,-0.045906592,-0.59210473
2348,9044.11,False,0.3188591,False,DRIAMS-A|DRIAMS-B,DRIAMS-C,0.20949477,-0.42822346
1423,6269.11,False,0.31882522,False,DRIAMS-A|DRIAMS-B,DRIAMS-C,0.22378427,-0.41386616
385,3155.1099999999997,False,0.3186601,False,DRIAMS-A|DRIAMS-B,DRIAMS-C,-0.1012056,0.53611463
1410,6230.11,False,0.31832555,False,DRIAMS-A|DRIAMS-B,DRIAMS-C,-0.11547426,0.5211768
3117,11351.11,True,0.31818327,False,DRIAMS-A|DRIAMS-B,DRIAMS-C,0.060524818,0.5758417
2781,10343.11,True,0.31799835,False,DRIAMS-A|DRIAMS-B,DRIAMS-C,0.12158706,0.51440966
936,4808.11,True,0.31773347,False,DRIAMS-A|DRIAMS-B,DRIAMS-C,0.15183912,0.48362783
2867,10601.11,False,0.31761765,False,DRIAMS-A|DRIAMS-B,DRIAMS-C,-0.076169685,0.55906564
2647,9941.11,False,0.317556,False,DRIAMS-A|DRIAMS-B,DRIAMS-C,0.12420313,-0.51090884
1602,6806.11,False,0.3173439,False,DRIAMS-A|DRIAMS-B,DRIAMS-C,-0.23203841,0.40264934
3793,13379.11,False,0.31732982,False,DRIAMS-A|DRIAMS-B,DRIAMS-C,0.12720862,-0.507451
791,4373.11,True,0.3171564,False,DRIAMS-A|DRIAMS-B,DRIAMS-C,-0.230738,-0.40357482
1932,7796.11,False,0.31712246,False,DRIAMS-A|DRIAMS-B,DRIAMS-C,-0.04801982,0.5862251
1537,6611.11,False,0.31680426,False,DRIAMS-A|DRIAMS-B,DRIAMS-C,-0.056734152,0.5768744
3615,12845.11,False,0.31674573,False,DRIAMS-A|DRIAMS-B,DRIAMS-C,-0.16426471,0.46922675
4635,15905.11,True,0.31655124,False,DRIAMS-A|DRIAMS-B,DRIAMS-C,0.12484371,0.50825876
2565,9695.11,True,0.3161206,False,DRIAMS-A|DRIAMS-B,DRIAMS-C,0.26461205,0.36762914
1731,7193.11,False,0.3158326,False,DRIAMS-A|DRIAMS-B,DRIAMS-C,0.336455,-0.29521024
2445,9335.11,False,0.31571823,False,DRIAMS-A|DRIAMS-B,DRIAMS-C,0.16650824,-0.46492824
3354,12062.11,False,0.3155024,False,DRIAMS-A|DRIAMS-B,DRIAMS-C,0.099732436,-0.53127235
339,3017.1099999999997,False,0.3153813,False,DRIAMS-A|DRIAMS-B,DRIAMS-C,0.4882509,-0.1425117
4382,15146.11,False,0.31534648,False,DRIAMS-A|DRIAMS-B,DRIAMS-C,-0.12266011,0.50803286
104,2312.1099999999997,True,0.31440243,False,DRIAMS-A|DRIAMS-B,DRIAMS-C,-0.14645585,-0.482349
4379,15137.11,False,0.31439355,False,DRIAMS-A|DRIAMS-B,DRIAMS-C,-0.16442694,0.46436015
3384,12152.11,True,0.31435332,False,DRIAMS-A|DRIAMS-B,DRIAMS-C,0.14574029,0.48296633
3431,12293.11,False,0.31424028,False,DRIAMS-A|DRIAMS-B,DRIAMS-C,0.15484121,-0.47363934
2449,9347.11,False,0.3141989,False,DRIAMS-A|DRIAMS-B,DRIAMS-C,0.04960516,-0.57879263
3863,13589.11,False,0.31384188,False,DRIAMS-A|DRIAMS-B,DRIAMS-C,-0.17806274,0.44962105
1928,7784.11,True,0.313417,False,DRIAMS-A|DRIAMS-B,DRIAMS-C,0.05747051,0.5693635
4920,16760.11,False,0.3132435,False,DRIAMS-A|DRIAMS-B,DRIAMS-C,0.14543746,-0.48104957
1771,7313.11,False,0.31318173,False,DRIAMS-A|DRIAMS-B,DRIAMS-C,-0.053982895,0.57238054
4812,16436.11,True,0.3131509,False,DRIAMS-A|DRIAMS-B,DRIAMS-C,0.0990444,0.52725744
4798,16394.11,True,0.31312603,False,DRIAMS-A|DRIAMS-B,DRIAMS-C,0.13891533,0.48733672
725,4175.11,False,0.3129486,False,DRIAMS-A|DRIAMS-B,DRIAMS-C,0.41641572,-0.20948151
3111,11333.11,True,0.3127942,False,DRIAMS-A|DRIAMS-B,DRIAMS-C,0.13285224,0.4927362
4150,14450.11,True,0.3127378,False,DRIAMS-A|DRIAMS-B,DRIAMS-C,0.017486481,0.60798913
5195,17585.11,False,0.3125615,False,DRIAMS-A|DRIAMS-B,DRIAMS-C,0.19021077,-0.43491226
3,2009.11,True,0.31255344,False,DRIAMS-A|DRIAMS-B,DRIAMS-C,-0.0140676275,-0.6110392
3514,12542.11,True,0.3123753,False,DRIAMS-A|DRIAMS-B,DRIAMS-C,0.16455401,0.4601966
1842,7526.11,True,0.31219205,False,DRIAMS-A|DRIAMS-B,DRIAMS-C,-0.2539893,-0.3703948
2136,8408.11,True,0.31213787,False,DRIAMS-A|DRIAMS-B,DRIAMS-C,0.36032578,0.26394996
1807,7421.11,True,0.31196678,False,DRIAMS-A|DRIAMS-B,DRIAMS-C,-0.286228,-0.33770558
4897,16691.11,False,0.31190002,False,DRIAMS-A|DRIAMS-B,DRIAMS-C,0.1797406,-0.44405943
4286,14858.11,False,0.31179053,False,DRIAMS-A|DRIAMS-B,DRIAMS-C,0.15607625,-0.46750483
1892,7676.11,False,0.31170148,False,DRIAMS-A|DRIAMS-B,DRIAMS-C,0.21826877,-0.40513417
4523,15569.11,True,0.31146044,False,DRIAMS-A|DRIAMS-B,DRIAMS-C,0.07743004,0.54549086
396,3188.1099999999997,False,0.31080043,False,DRIAMS-A|DRIAMS-B,DRIAMS-C,-0.17746836,0.4441325
84,2252.1099999999997,True,0.31052577,False,DRIAMS-A|DRIAMS-B,DRIAMS-C,-0.20839632,-0.4126552
1112,5336.11,True,0.3105197,False,DRIAMS-A|DRIAMS-B,DRIAMS-C,0.1464189,0.4746205
4834,16502.11,False,0.31034008,False,DRIAMS-A|DRIAMS-B,DRIAMS-C,0.17555463,-0.44512552
3509,12527.11,False,0.31029645,False,DRIAMS-A|DRIAMS-B,DRIAMS-C,0.0933434,-0.5272495
3312,11936.11,False,0.31013826,False,DRIAMS-A|DRIAMS-B,DRIAMS-C,0.1576585,-0.462618
193,2579.1099999999997,True,0.30980325,False,DRIAMS-A|DRIAMS-B,DRIAMS-C,-0.17354219,-0.4460643
1147,5441.11,True,0.30978742,False,DRIAMS-A|DRIAMS-B,DRIAMS-C,0.22628967,0.39328519
3694,13082.11,False,0.30968705,False,DRIAMS-A|DRIAMS-B,DRIAMS-C,-0.037525285,0.5818488
1491,6473.11,True,0.30967283,False,DRIAMS-A|DRIAMS-B,DRIAMS-C,0.09207387,0.5272718
4638,15914.11,True,0.30962104,False,DRIAMS-A|DRIAMS-B,DRIAMS-C,0.16973856,0.44950348
1938,7814.11,True,0.30941433,False,DRIAMS-A|DRIAMS-B,DRIAMS-C,0.10722647,0.51160216
3085,11255.11,True,0.3092959,False,DRIAMS-A|DRIAMS-B,DRIAMS-C,0.2678767,0.35071507
4267,14801.11,True,0.30927193,False,DRIAMS-A|DRIAMS-B,DRIAMS-C,0.13078843,0.48775542
3023,11069.11,False,0.30904093,False,DRIAMS-A|DRIAMS-B,DRIAMS-C,0.10871751,-0.50936437
2732,10196.11,True,0.30879334,False,DRIAMS-A|DRIAMS-B,DRIAMS-C,-0.05946952,-0.55811715
3529,12587.11,True,0.3082609,False,DRIAMS-A|DRIAMS-B,DRIAMS-C,0.07570296,0.5408188
274,2822.1099999999997,True,0.30787805,False,DRIAMS-A|DRIAMS-B,DRIAMS-C,0.58457136,0.031184709
5897,19691.11,False,0.3072984,False,DRIAMS-A|DRIAMS-B,DRIAMS-C,0.19035535,-0.42424145
1370,6110.11,True,0.3069741,False,DRIAMS-A|DRIAMS-B,DRIAMS-C,0.25045195,0.3634963
4597,15791.11,False,0.30682048,False,DRIAMS-A|DRIAMS-B,DRIAMS-C,0.26192573,-0.35171524
3581,12743.11,False,0.30676544,False,DRIAMS-A|DRIAMS-B,DRIAMS-C,0.18495366,-0.4285772
12,2036.11,True,0.30646205,False,DRIAMS-A|DRIAMS-B,DRIAMS-C,-0.4080973,-0.20482679
5844,19532.11,False,0.30612242,False,DRIAMS-A|DRIAMS-B,DRIAMS-C,0.1180765,-0.4941683
5113,17339.11,False,0.30584487,False,DRIAMS-A|DRIAMS-B,DRIAMS-C,0.1883315,-0.42335823
203,2609.1099999999997,True,0.30551842,False,DRIAMS-A|DRIAMS-B,DRIAMS-C,-0.26030737,-0.35072947
3691,13073.11,True,0.3054403,False,DRIAMS-A|DRIAMS-B,DRIAMS-C,0.014553305,0.5963273
1732,7196.11,False,0.30481076,False,DRIAMS-A|DRIAMS-B,DRIAMS-C,0.35690963,-0.2527119
2482,9446.11,False,0.30480757,False,DRIAMS-A|DRIAMS-B,DRIAMS-C,0.076369084,-0.53324604
4511,15533.11,False,0.3045879,False,DRIAMS-A|DRIAMS-B,DRIAMS-C,0.15952884,-0.44964695
180,2540.1099999999997,False,0.30453494,False,DRIAMS-A|DRIAMS-B,DRIAMS-C,0.10517713,-0.5038928
5928,19784.11,True,0.3045236,False,DRIAMS-A|DRIAMS-B,DRIAMS-C,0.11772367,0.49132353
1829,7487.11,False,0.30423182,False,DRIAMS-A|DRIAMS-B,DRIAMS-C,0.1504939,-0.45796973
2473,9419.11,False,0.30417436,False,DRIAMS-A|DRIAMS-B,DRIAMS-C,0.21758254,-0.3907662
3488,12464.11,False,0.30380303,False,DRIAMS-A|DRIAMS-B,DRIAMS-C,0.14754461,-0.46006143
1536,6608.11,False,0.3036797,False,DRIAMS-A|DRIAMS-B,DRIAMS-C,-0.008106122,0.5992533
4384,15152.11,False,0.3035568,False,DRIAMS-A|DRIAMS-B,DRIAMS-C,-0.14004102,0.46707258
2352,9056.11,True,0.3034721,False,DRIAMS-A|DRIAMS-B,DRIAMS-C,0.20497552,0.4019687
3580,12740.11,False,0.30345184,False,DRIAMS-A|DRIAMS-B,DRIAMS-C,0.19428019,-0.4126235
4639,15917.11,True,0.30319494,False,DRIAMS-A|DRIAMS-B,DRIAMS-C,0.15225089,0.45413902
5802,19406.11,False,0.30312333,False,DRIAMS-A|DRIAMS-B,DRIAMS-C,0.16871451,-0.43753213
5259,17777.11,True,0.30283326,False,DRIAMS-A|DRIAMS-B,DRIAMS-C,0.11516269,0.49050385
4383,15149.11,False,0.30266246,False,DRIAMS-A|DRIAMS-B,DRIAMS-C,-0.119720645,0.48560426
4976,16928.11,False,0.30266118,False,DRIAMS-A|DRIAMS-B,DRIAMS-C,0.15133387,-0.4539885
30,2090.1099999999997,True,0.30220115,False,DRIAMS-A|DRIAMS-B,DRIAMS-C,-0.3072285,-0.29717377
3885,13655.11,False,0.30204594,False,DRIAMS-A|DRIAMS-B,DRIAMS-C,0.16972154,-0.43437037
2343,9029.11,True,0.30187646,False,DRIAMS-A|DRIAMS-B,DRIAMS-C,0.06300906,0.5407438
3849,13547.11,False,0.30179137,False,DRIAMS-A|DRIAMS-B,DRIAMS-C,-0.053331878,0.5502509
2541,9623.11,True,0.30170786,False,DRIAMS-A|DRIAMS-B,DRIAMS-C,0.16436562,0.43905008
2042,8126.11,False,0.30167887,False,DRIAMS-A|DRIAMS-B,DRIAMS-C,-0.15565954,0.4476982
5587,18761.11,False,0.3014928,False,DRIAMS-A|DRIAMS-B,DRIAMS-C,0.19159418,-0.41139147
2535,9605.11,True,0.3014158,False,DRIAMS-A|DRIAMS-B,DRIAMS-C,0.21708062,0.38575098
3779,13337.11,True,0.30141532,False,DRIAMS-A|DRIAMS-B,DRIAMS-C,0.15219507,0.45063558
2442,9326.11,True,0.30122703,False,DRIAMS-A|DRIAMS-B,DRIAMS-C,0.0022229785,0.6002311
2719,10157.11,True,0.30110472,False,DRIAMS-A|DRIAMS-B,DRIAMS-C,0.14758816,0.4546213
4450,15350.11,True,0.30070764,False,DRIAMS-A|DRIAMS-B,DRIAMS-C,0.15007052,0.4513448
1997,7991.11,True,0.3005944,False,DRIAMS-A|DRIAMS-B,DRIAMS-C,0.06705818,0.5341306
4673,16019.11,False,0.30052125,False,DRIAMS-A|DRIAMS-B,DRIAMS-C,0.16009101,-0.44095147
3105,11315.11,True,0.3002677,False,DRIAMS-A|DRIAMS-B,DRIAMS-C,0.34274673,0.2577887
3084,11252.11,True,0.30010542,False,DRIAMS-A|DRIAMS-B,DRIAMS-C,0.23173466,0.36847618
286,2858.1099999999997,False,0.29980707,False,DRIAMS-A|DRIAMS-B,DRIAMS-C,0.4294118,-0.17020233
4204,14612.11,True,0.29977918,False,DRIAMS-A|DRIAMS-B,DRIAMS-C,0.21822248,0.38133585
931,4793.11,True,0.2996778,False,DRIAMS-A|DRIAMS-B,DRIAMS-C,0.2887062,0.3106494
1435,6305.11,False,0.29965565,False,DRIAMS-A|DRIAMS-B,DRIAMS-C,-0.030801995,0.5685093
3137,11411.11,True,0.2995821,False,DRIAMS-A|DRIAMS-B,DRIAMS-C,0.09384615,0.50531805
2779,10337.11,False,0.299489,False,DRIAMS-A|DRIAMS-B,DRIAMS-C,-0.014019371,0.5849586
2981,10943.11,True,0.2991916,False,DRIAMS-A|DRIAMS-B,DRIAMS-C,0.30846193,0.28992122
3508,12524.11,False,0.29902375,False,DRIAMS-A|DRIAMS-B,DRIAMS-C,0.12715515,-0.47089234
4107,14321.11,True,0.2989699,False,DRIAMS-A|DRIAMS-B,DRIAMS-C,0.21216957,0.3857702
5801,19403.11,False,0.29873773,False,DRIAMS-A|DRIAMS-B,DRIAMS-C,0.16213697,-0.4353385
1337,6011.11,True,0.2987249,False,DRIAMS-A|DRIAMS-B,DRIAMS-C,0.47657868,0.120871074
3340,12020.11,False,0.29853165,False,DRIAMS-A|DRIAMS-B,DRIAMS-C,0.122203834,-0.47485948
5349,18047.11,True,0.29842627,False,DRIAMS-A|DRIAMS-B,DRIAMS-C,0.22767384,0.3691787
3690,13070.11,True,0.29806212,False,DRIAMS-A|DRIAMS-B,DRIAMS-C,0.03739268,0.55873156
4201,14603.11,False,0.2980227,False,DRIAMS-A|DRIAMS-B,DRIAMS-C,0.15427944,-0.44176596
86,2258.1099999999997,True,0.29790527,False,DRIAMS-A|DRIAMS-B,DRIAMS-C,-0.3900165,-0.20579407
4198,14594.11,False,0.29788285,False,DRIAMS-A|DRIAMS-B,DRIAMS-C,0.12352353,-0.47224215
53,2159.1099999999997,True,0.2976677,False,DRIAMS-A|DRIAMS-B,DRIAMS-C,-0.30966467,-0.28567076
4073,14219.11,False,0.2976614,False,DRIAMS-A|DRIAMS-B,DRIAMS-C,0.21413337,-0.3811894
3390,12170.11,False,0.29741874,False,DRIAMS-A|DRIAMS-B,DRIAMS-C,0.1272067,-0.46763077
4244,14732.11,False,0.2973851,False,DRIAMS-A|DRIAMS-B,DRIAMS-C,0.22671913,-0.36805105
3102,11306.11,False,0.29727107,False,DRIAMS-A|DRIAMS-B,DRIAMS-C,0.17994094,-0.4146012
4879,16637.11,False,0.29723588,False,DRIAMS-A|DRIAMS-B,DRIAMS-C,0.14016299,-0.45430875
18,2054.1099999999997,False,0.29723513,False,DRIAMS-A|DRIAMS-B,DRIAMS-C,0.18894917,-0.40552112
3722,13166.11,True,0.29710203,False,DRIAMS-A|DRIAMS-B,DRIAMS-C,0.20804381,0.38616025
5616,18848.11,True,0.29681477,False,DRIAMS-A|DRIAMS-B,DRIAMS-C,0.18991198,0.40371758
844,4532.11,False,0.29663077,False,DRIAMS-A|DRIAMS-B,DRIAMS-C,-0.112902746,0.48035878
4880,16640.11,False,0.2965293,False,DRIAMS-A|DRIAMS-B,DRIAMS-C,0.11979544,-0.47326317
3847,13541.11,False,0.29649684,False,DRIAMS-A|DRIAMS-B,DRIAMS-C,-0.0992131,0.49378055
2575,9725.11,False,0.2964471,False,DRIAMS-A|DRIAMS-B,DRIAMS-C,-0.10477312,0.4881211
2166,8498.11,False,0.29629806,False,DRIAMS-A|DRIAMS-B,DRIAMS-C,0.15064038,-0.44195575
20,2060.1099999999997,True,0.29600877,False,DRIAMS-A|DRIAMS-B,DRIAMS-C,-0.097802766,-0.49421474
2550,9650.11,True,0.2959904,False,DRIAMS-A|DRIAMS-B,DRIAMS-C,-0.15432324,-0.4376576
2967,10901.11,True,0.29598057,False,DRIAMS-A|DRIAMS-B,DRIAMS-C,0.42804724,0.1639139
178,2534.1099999999997,True,0.2958895,False,DRIAMS-A|DRIAMS-B,DRIAMS-C,-0.2233105,-0.3684685
3024,11072.11,False,0.29532382,False,DRIAMS-A|DRIAMS-B,DRIAMS-C,0.0902056,-0.500442
2684,10052.11,False,0.29513675,False,DRIAMS-A|DRIAMS-B,DRIAMS-C,-0.12305034,0.46722314
331,2993.1099999999997,True,0.2949953,False,DRIAMS-A|DRIAMS-B,DRIAMS-C,0.28360635,0.30638427
3418,12254.11,False,0.29490665,False,DRIAMS-A|DRIAMS-B,DRIAMS-C,0.19737099,-0.39244232
994,4982.11,True,0.29481694,False,DRIAMS-A|DRIAMS-B,DRIAMS-C,0.39552775,0.19410615
4650,15950.11,True,0.2948009,False,DRIAMS-A|DRIAMS-B,DRIAMS-C,0.22879986,0.36080194
5033,17099.11,False,0.29470822,False,DRIAMS-A|DRIAMS-B,DRIAMS-C,0.112535335,-0.4768811
2526,9578.11,True,0.2946995,False,DRIAMS-A|DRIAMS-B,DRIAMS-C,0.37328574,0.21611322
1334,6002.11,True,0.2945817,False,DRIAMS-A|DRIAMS-B,DRIAMS-C,0.3016759,0.28748754
4184,14552.11,False,0.2945298,False,DRIAMS-A|DRIAMS-B,DRIAMS-C,0.13530867,-0.4537509
430,3290.1099999999997,True,0.29452467,False,DRIAMS-A|DRIAMS-B,DRIAMS-C,-0.17243914,-0.41661018
1175,5525.11,True,0.29451805,False,DRIAMS-A|DRIAMS-B,DRIAMS-C,0.40950382,0.17953232
3861,13583.11,False,0.2945054,False,DRIAMS-A|DRIAMS-B,DRIAMS-C,-0.036286585,0.5527242
1941,7823.11,True,0.2941068,False,DRIAMS-A|DRIAMS-B,DRIAMS-C,0.11328345,0.4749302
1336,6008.11,True,0.29401034,False,DRIAMS-A|DRIAMS-B,DRIAMS-C,0.48780587,0.100214824
2702,10106.11,False,0.2939363,False,DRIAMS-A|DRIAMS-B,DRIAMS-C,-0.2601574,0.3277152
1395,6185.11,True,0.29359853,False,DRIAMS-A|DRIAMS-B,DRIAMS-C,0.078355886,0.50884116
3391,12173.11,False,0.29326808,False,DRIAMS-A|DRIAMS-B,DRIAMS-C,0.13011809,-0.45641807
5803,19409.11,False,0.29294425,False,DRIAMS-A|DRIAMS-B,DRIAMS-C,0.172663,-0.4132255
4111,14333.11,True,0.29291943,False,DRIAMS-A|DRIAMS-B,DRIAMS-C,0.18070956,0.40512928
5391,18173.11,False,0.29285187,False,DRIAMS-A|DRIAMS-B,DRIAMS-C,0.18401743,-0.4016863
1018,5054.11,True,0.29265368,False,DRIAMS-A|DRIAMS-B,DRIAMS-C,-0.36770865,-0.2175987
4380,15140.11,False,0.29257435,False,DRIAMS-A|DRIAMS-B,DRIAMS-C,-0.14855006,0.4365986
5900,19700.11,False,0.29251355,False,DRIAMS-A|DRIAMS-B,DRIAMS-C,0.14982647,-0.4352006
3551,12653.11,True,0.29230744,False,DRIAMS-A|DRIAMS-B,DRIAMS-C,0.1159575,0.4686574
2063,8189.11,True,0.29203144,False,DRIAMS-A|DRIAMS-B,DRIAMS-C,0.027303625,0.55675924
1654,6962.11,True,0.29200348,False,DRIAMS-A|DRIAMS-B,DRIAMS-C,0.38919258,0.1948144
2968,10904.11,True,0.29195738,False,DRIAMS-A|DRIAMS-B,DRIAMS-C,0.45893228,0.12498248
3564,12692.11,True,0.2918674,False,DRIAMS-A|DRIAMS-B,DRIAMS-C,0.06483636,0.5188984
3389,12167.11,False,0.29179668,False,DRIAMS-A|DRIAMS-B,DRIAMS-C,0.15704563,-0.42654777
3233,11699.11,False,0.2917346,False,DRIAMS-A|DRIAMS-B,DRIAMS-C,0.1187822,-0.464687
2342,9026.11,True,0.2916183,False,DRIAMS-A|DRIAMS-B,DRIAMS-C,0.07354244,0.50969416
2076,8228.11,False,0.29155684,False,DRIAMS-A|DRIAMS-B,DRIAMS-C,-0.048065137,0.53504854
642,3926.1099999999997,True,0.29149505,False,DRIAMS-A|DRIAMS-B,DRIAMS-C,0.1022929,0.4806972
2769,10307.11,True,0.29148045,False,DRIAMS-A|DRIAMS-B,DRIAMS-C,0.03970829,0.5432526
1966,7898.11,True,0.29145396,False,DRIAMS-A|DRIAMS-B,DRIAMS-C,0.17423525,0.4086727
2208,8624.11,True,0.29133862,False,DRIAMS-A|DRIAMS-B,DRIAMS-C,0.09781532,0.48486194
4797,16391.11,True,0.29131174,False,DRIAMS-A|DRIAMS-B,DRIAMS-C,0.14691147,0.43571198
1167,5501.11,True,0.2912902,False,DRIAMS-A|DRIAMS-B,DRIAMS-C,-0.22412671,-0.3584537
1806,7418.11,True,0.2911728,False,DRIAMS-A|DRIAMS-B,DRIAMS-C,-0.27575445,-0.30659115
1905,7715.11,False,0.29114062,False,DRIAMS-A|DRIAMS-B,DRIAMS-C,0.09116841,-0.49111283
165,2495.1099999999997,True,0.29102594,False,DRIAMS-A|DRIAMS-B,DRIAMS-C,0.23007995,0.35197195
5956,19868.11,False,0.29100835,False,DRIAMS-A|DRIAMS-B,DRIAMS-C,0.23552462,-0.34649208
2802,10406.11,True,0.29090226,False,DRIAMS-A|DRIAMS-B,DRIAMS-C,0.17840588,0.40339863
175,2525.1099999999997,True,0.29074275,False,DRIAMS-A|DRIAMS-B,DRIAMS-C,-0.25618666,-0.32529882
1844,7532.11,True,0.29063165,False,DRIAMS-A|DRIAMS-B,DRIAMS-C,-0.25059193,-0.33067137
4646,15938.11,True,0.2905823,False,DRIAMS-A|DRIAMS-B,DRIAMS-C,0.17610314,0.40506145
1258,5774.11,True,0.29036492,False,DRIAMS-A|DRIAMS-B,DRIAMS-C,-0.31741393,-0.2633159
3853,13559.11,False,0.29018998,False,DRIAMS-A|DRIAMS-B,DRIAMS-C,-0.10753448,0.47284546
4514,15542.11,True,0.29002213,False,DRIAMS-A|DRIAMS-B,DRIAMS-C,0.14718458,0.43285972
3844,13532.11,False,0.28982824,False,DRIAMS-A|DRIAMS-B,DRIAMS-C,-0.009493889,0.5701626
1624,6872.11,True,0.28981516,False,DRIAMS-A|DRIAMS-B,DRIAMS-C,0.2445765,0.3350538
1010,5030.11,False,0.28959072,False,DRIAMS-A|DRIAMS-B,DRIAMS-C,0.3803875,-0.19879395
3489,12467.11,False,0.2894704,False,DRIAMS-A|DRIAMS-B,DRIAMS-C,0.14682561,-0.4321152
2529,9587.11,True,0.2894064,False,DRIAMS-A|DRIAMS-B,DRIAMS-C,0.4129433,0.16586946
16,2048.1099999999997,True,0.2892701,False,DRIAMS-A|DRIAMS-B,DRIAMS-C,-0.3491899,-0.22935027
3522,12566.11,True,0.28922653,False,DRIAMS-A|DRIAMS-B,DRIAMS-C,0.15684691,0.42160618
691,4073.1099999999997,False,0.28911203,False,DRIAMS-A|DRIAMS-B,DRIAMS-C,-0.21285178,0.3653723
1843,7529.11,True,0.28897953,False,DRIAMS-A|DRIAMS-B,DRIAMS-C,-0.25626,-0.32169908
4504,15512.11,False,0.28874898,False,DRIAMS-A|DRIAMS-B,DRIAMS-C,0.1495533,-0.4279447
1910,7730.11,False,0.28874093,False,DRIAMS-A|DRIAMS-B,DRIAMS-C,0.44036993,-0.1371119
2562,9686.11,True,0.28870803,False,DRIAMS-A|DRIAMS-B,DRIAMS-C,0.1594496,0.41796646
1143,5429.11,False,0.2886333,False,DRIAMS-A|DRIAMS-B,DRIAMS-C,0.36011598,-0.21715063
1805,7415.11,True,0.28860277,False,DRIAMS-A|DRIAMS-B,DRIAMS-C,-0.2433185,-0.333887
2539,9617.11,True,0.28857702,False,DRIAMS-A|DRIAMS-B,DRIAMS-C,0.19093062,0.3862234
356,3068.1099999999997,False,0.28845173,False,DRIAMS-A|DRIAMS-B,DRIAMS-C,-0.2308833,0.34602013
1575,6725.11,False,0.28841355,False,DRIAMS-A|DRIAMS-B,DRIAMS-C,0.06888507,-0.507942
5147,17441.11,False,0.28810847,False,DRIAMS-A|DRIAMS-B,DRIAMS-C,0.10680656,-0.4694104
5110,17330.11,False,0.2879896,False,DRIAMS-A|DRIAMS-B,DRIAMS-C,0.119963154,-0.45601603
3531,12593.11,True,0.28789306,False,DRIAMS-A|DRIAMS-B,DRIAMS-C,0.03044926,0.54533684
937,4811.11,True,0.2878763,False,DRIAMS-A|DRIAMS-B,DRIAMS-C,0.12151659,0.454236
3530,12590.11,True,0.28778902,False,DRIAMS-A|DRIAMS-B,DRIAMS-C,0.06128196,0.51429605
5207,17621.11,False,0.2877495,False,DRIAMS-A|DRIAMS-B,DRIAMS-C,0.17253873,-0.40296027
3119,11357.11,True,0.28767815,False,DRIAMS-A|DRIAMS-B,DRIAMS-C,0.0758589,0.4994974
3521,12563.11,True,0.28754732,False,DRIAMS-A|DRIAMS-B,DRIAMS-C,0.16875063,0.406344
1879,7637.11,True,0.28739372,False,DRIAMS-A|DRIAMS-B,DRIAMS-C,0.038162146,0.53662527
1174,5522.11,False,0.28731623,False,DRIAMS-A|DRIAMS-B,DRIAMS-C,0.45329016,-0.12134229
1397,6191.11,True,0.28719604,False,DRIAMS-A|DRIAMS-B,DRIAMS-C,0.11143555,0.46295655
365,3095.1099999999997,False,0.2870119,False,DRIAMS-A|DRIAMS-B,DRIAMS-C,-0.042305414,0.5317184
3983,13949.11,True,0.2869001,False,DRIAMS-A|DRIAMS-B,DRIAMS-C,0.12296555,0.45083463
3727,13181.11,True,0.28686905,False,DRIAMS-A|DRIAMS-B,DRIAMS-C,0.1371161,0.436622
1079,5237.11,False,0.286712,False,DRIAMS-A|DRIAMS-B,DRIAMS-C,-0.052081957,0.52134204
3047,11141.11,True,0.28660864,False,DRIAMS-A|DRIAMS-B,DRIAMS-C,0.007467823,0.56574947
3791,13373.11,False,0.28660274,False,DRIAMS-A|DRIAMS-B,DRIAMS-C,0.11392426,-0.45928124
3881,13643.11,False,0.28651658,False,DRIAMS-A|DRIAMS-B,DRIAMS-C,0.1336239,-0.43940926
531,3593.1099999999997,False,0.28648767,False,DRIAMS-A|DRIAMS-B,DRIAMS-C,0.21067216,-0.3623032
3700,13100.11,False,0.28626987,False,DRIAMS-A|DRIAMS-B,DRIAMS-C,-0.19077413,0.38176563
4590,15770.11,False,0.28595036,False,DRIAMS-A|DRIAMS-B,DRIAMS-C,0.28730863,-0.28459206
1728,7184.11,True,0.28580445,False,DRIAMS-A|DRIAMS-B,DRIAMS-C,0.33398873,0.23762016
1383,6149.11,True,0.28574523,False,DRIAMS-A|DRIAMS-B,DRIAMS-C,0.34238464,0.22910583
3565,12695.11,True,0.28550294,False,DRIAMS-A|DRIAMS-B,DRIAMS-C,0.06682096,0.5041849
504,3512.1099999999997,True,0.2853765,False,DRIAMS-A|DRIAMS-B,DRIAMS-C,-0.33193198,-0.23882098
1940,7820.11,True,0.2852795,False,DRIAMS-A|DRIAMS-B,DRIAMS-C,0.17971087,0.39084816
3884,13652.11,False,0.285244,False,DRIAMS-A|DRIAMS-B,DRIAMS-C,0.19025594,-0.380232
3566,12698.11,True,0.28497207,False,DRIAMS-A|DRIAMS-B,DRIAMS-C,0.07300108,0.4969431
2980,10940.11,True,0.28482026,False,DRIAMS-A|DRIAMS-B,DRIAMS-C,0.28046498,0.2891755
1063,5189.11,False,0.2847535,False,DRIAMS-A|DRIAMS-B,DRIAMS-C,0.2553756,-0.3141314
4899,16697.11,False,0.28449827,False,DRIAMS-A|DRIAMS-B,DRIAMS-C,0.12023179,-0.44876477
1217,5651.11,True,0.28441736,False,DRIAMS-A|DRIAMS-B,DRIAMS-C,-0.121657886,-0.44717684
981,4943.11,True,0.28427655,False,DRIAMS-A|DRIAMS-B,DRIAMS-C,-0.1372458,-0.4313073
1709,7127.11,True,0.28426632,False,DRIAMS-A|DRIAMS-B,DRIAMS-C,-0.31424227,-0.25429037
129,2387.1099999999997,True,0.28415063,False,DRIAMS-A|DRIAMS-B,DRIAMS-C,-0.32902622,-0.23927505
2720,10160.11,True,0.2840706,False,DRIAMS-A|DRIAMS-B,DRIAMS-C,0.20926419,0.358877
1538,6614.11,False,0.28400636,False,DRIAMS-A|DRIAMS-B,DRIAMS-C,-0.14187224,0.4261405
3954,13862.11,False,0.283981,False,DRIAMS-A|DRIAMS-B,DRIAMS-C,0.18032731,-0.38763466
1868,7604.11,True,0.28391588,False,DRIAMS-A|DRIAMS-B,DRIAMS-C,0.18448624,0.3833455
4623,15869.11,True,0.28387403,False,DRIAMS-A|DRIAMS-B,DRIAMS-C,-0.026196696,-0.54155135
3990,13970.11,False,0.28373984,False,DRIAMS-A|DRIAMS-B,DRIAMS-C,0.1414103,-0.42606938
3943,13829.11,False,0.28372782,False,DRIAMS-A|DRIAMS-B,DRIAMS-C,0.119240865,-0.44821477
775,4325.11,True,0.28369373,False,DRIAMS-A|DRIAMS-B,DRIAMS-C,-0.22492898,-0.34245846
3890,13670.11,True,0.2832103,False,DRIAMS-A|DRIAMS-B,DRIAMS-C,0.10581986,0.46060073
683,4049.1099999999997,True,0.28301248,False,DRIAMS-A|DRIAMS-B,DRIAMS-C,-0.35547757,-0.2105474
4837,16511.11,False,0.28293416,False,DRIAMS-A|DRIAMS-B,DRIAMS-C,0.23077916,-0.33508915
696,4088.1099999999997,False,0.28280205,False,DRIAMS-A|DRIAMS-B,DRIAMS-C,-0.258608,0.30699608
5858,19574.11,False,0.28243297,False,DRIAMS-A|DRIAMS-B,DRIAMS-C,0.17077895,-0.39408702
3254,11762.11,False,0.2824114,False,DRIAMS-A|DRIAMS-B,DRIAMS-C,0.17053552,-0.39428726
5111,17333.11,False,0.28231037,False,DRIAMS-A|DRIAMS-B,DRIAMS-C,0.16912103,-0.3954997
2055,8165.11,False,0.2817036,False,DRIAMS-A|DRIAMS-B,DRIAMS-C,-0.074209504,0.48919767
181,2543.1099999999997,True,0.28168702,False,DRIAMS-A|DRIAMS-B,DRIAMS-C,-0.05699779,-0.50637627
4649,15947.11,True,0.2815996,False,DRIAMS-A|DRIAMS-B,DRIAMS-C,0.23718673,0.3260125
5845,19535.11,False,0.28107592,False,DRIAMS-A|DRIAMS-B,DRIAMS-C,0.11558269,-0.44656917
5284,17852.11,True,0.28098595,False,DRIAMS-A|DRIAMS-B,DRIAMS-C,0.10128026,0.46069163
3087,11261.11,True,0.2808606,False,DRIAMS-A|DRIAMS-B,DRIAMS-C,0.30468255,0.25703862
2677,10031.11,True,0.28080875,False,DRIAMS-A|DRIAMS-B,DRIAMS-C,0.13778451,0.423833
459,3377.1099999999997,True,0.28066346,False,DRIAMS-A|DRIAMS-B,DRIAMS-C,-0.1126074,-0.4487195
114,2342.1099999999997,True,0.28066024,False,DRIAMS-A|DRIAMS-B,DRIAMS-C,-0.20300241,-0.35831806
2528,9584.11,True,0.28058434,False,DRIAMS-A|DRIAMS-B,DRIAMS-C,0.43647623,0.12469247
1259,5777.11,True,0.2805679,False,DRIAMS-A|DRIAMS-B,DRIAMS-C,-0.32899934,-0.23213647
1845,7535.11,True,0.28053245,False,DRIAMS-A|DRIAMS-B,DRIAMS-C,-0.23677696,-0.32428795
5282,17846.11,True,0.28053048,False,DRIAMS-A|DRIAMS-B,DRIAMS-C,0.12545018,0.4356108
4552,15656.11,False,0.2804646,False,DRIAMS-A|DRIAMS-B,DRIAMS-C,0.16697048,-0.39395872
1260,5780.11,True,0.28035712,False,DRIAMS-A|DRIAMS-B,DRIAMS-C,-0.3537662,-0.20694804
172,2516.1099999999997,False,0.28018373,False,DRIAMS-A|DRIAMS-B,DRIAMS-C,0.32307404,-0.23729344
355,3065.1099999999997,False,0.2799227,False,DRIAMS-A|DRIAMS-B,DRIAMS-C,-0.22201926,0.33782613
2112,8336.11,False,0.27977595,False,DRIAMS-A|DRIAMS-B,DRIAMS-C,0.09949571,-0.4600562
3419,12257.11,False,0.27946872,False,DRIAMS-A|DRIAMS-B,DRIAMS-C,0.16278766,-0.39614975
70,2210.1099999999997,False,0.27941844,False,DRIAMS-A|DRIAMS-B,DRIAMS-C,0.21342699,-0.3454099
62,2186.1099999999997,True,0.27925584,False,DRIAMS-A|DRIAMS-B,DRIAMS-C,-0.045479048,-0.5130326
19,2057.1099999999997,False,0.27908984,False,DRIAMS-A|DRIAMS-B,DRIAMS-C,0.23479041,-0.32338926
3742,13226.11,False,0.27908197,False,DRIAMS-A|DRIAMS-B,DRIAMS-C,0.11753694,-0.440627
1869,7607.11,True,0.27905145,False,DRIAMS-A|DRIAMS-B,DRIAMS-C,0.11968092,0.438422
1599,6797.11,False,0.27903795,False,DRIAMS-A|DRIAMS-B,DRIAMS-C,-0.18070744,0.37736845
404,3212.1099999999997,True,0.27882296,False,DRIAMS-A|DRIAMS-B,DRIAMS-C,-0.39012772,-0.16751817
4386,15158.11,False,0.2788194,False,DRIAMS-A|DRIAMS-B,DRIAMS-C,-0.20975415,0.34788465
1655,6965.11,True,0.27879727,False,DRIAMS-A|DRIAMS-B,DRIAMS-C,0.33991542,0.21767908
737,4211.11,False,0.27876607,False,DRIAMS-A|DRIAMS-B,DRIAMS-C,-0.050095566,0.5074366
5109,17327.11,False,0.27876008,False,DRIAMS-A|DRIAMS-B,DRIAMS-C,0.14111121,-0.41640896
3906,13718.11,True,0.27872318,False,DRIAMS-A|DRIAMS-B,DRIAMS-C,0.17363727,0.38380912
3953,13859.11,False,0.27826717,False,DRIAMS-A|DRIAMS-B,DRIAMS-C,0.17024341,-0.38629094
3253,11759.11,False,0.27816015,False,DRIAMS-A|DRIAMS-B,DRIAMS-C,0.1341426,-0.42217767
1168,5504.11,True,0.2778474,False,DRIAMS-A|DRIAMS-B,DRIAMS-C,-0.24944726,-0.30624756
496,3488.1099999999997,False,0.27776888,False,DRIAMS-A|DRIAMS-B,DRIAMS-C,-0.18990912,0.36562866
5428,18284.11,False,0.27772862,False,DRIAMS-A|DRIAMS-B,DRIAMS-C,0.15948632,-0.39597088
1944,7832.11,True,0.27771205,False,DRIAMS-A|DRIAMS-B,DRIAMS-C,0.08172046,0.47370362
5784,19352.11,False,0.27757582,False,DRIAMS-A|DRIAMS-B,DRIAMS-C,0.10568156,-0.4494701
80,2240.1099999999997,True,0.2775745,False,DRIAMS-A|DRIAMS-B,DRIAMS-C,-0.4375578,-0.117591225
5955,19865.11,False,0.27753356,False,DRIAMS-A|DRIAMS-B,DRIAMS-C,0.12596165,-0.42910546
3355,12065.11,False,0.2774435,False,DRIAMS-A|DRIAMS-B,DRIAMS-C,0.08803143,-0.4668556
63,2189.1099999999997,True,0.2774392,False,DRIAMS-A|DRIAMS-B,DRIAMS-C,-0.077565655,-0.47731274
2278,8834.11,False,0.2774229,False,DRIAMS-A|DRIAMS-B,DRIAMS-C,-0.0891394,0.46570644
1976,7928.11,False,0.27704218,False,DRIAMS-A|DRIAMS-B,DRIAMS-C,-0.040991846,0.5130925
1967,7901.11,True,0.276989,False,DRIAMS-A|DRIAMS-B,DRIAMS-C,0.15858977,0.39538828
5215,17645.11,True,0.27690822,False,DRIAMS-A|DRIAMS-B,DRIAMS-C,0.13818975,0.41562667
2074,8222.11,True,0.27674484,False,DRIAMS-A|DRIAMS-B,DRIAMS-C,0.06966225,0.4838274
4914,16742.11,True,0.27640137,False,DRIAMS-A|DRIAMS-B,DRIAMS-C,0.12078388,0.43201888
4621,15863.11,True,0.27633572,False,DRIAMS-A|DRIAMS-B,DRIAMS-C,-0.053700056,-0.4989714
1729,7187.11,True,0.2761124,False,DRIAMS-A|DRIAMS-B,DRIAMS-C,0.38554412,0.16668068
2552,9656.11,True,0.27610797,False,DRIAMS-A|DRIAMS-B,DRIAMS-C,-0.20639475,-0.3458212
1369,6107.11,True,0.27609134,False,DRIAMS-A|DRIAMS-B,DRIAMS-C,0.24051212,0.31167054
1364,6092.11,True,0.27608263,False,DRIAMS-A|DRIAMS-B,DRIAMS-C,0.31059974,0.24156551
4636,15908.11,True,0.27598587,False,DRIAMS-A|DRIAMS-B,DRIAMS-C,0.12699969,0.42497203
5726,19178.11,False,0.2755315,False,DRIAMS-A|DRIAMS-B,DRIAMS-C,0.15771827,-0.39334473
3577,12731.11,False,0.2754488,False,DRIAMS-A|DRIAMS-B,DRIAMS-C,0.15203398,-0.39886364
2174,8522.11,True,0.27544454,False,DRIAMS-A|DRIAMS-B,DRIAMS-C,0.1251342,0.42575487
3078,11234.11,True,0.2753385,False,DRIAMS-A|DRIAMS-B,DRIAMS-C,0.085188605,0.4654884
2481,9443.11,False,0.2753201,False,DRIAMS-A|DRIAMS-B,DRIAMS-C,0.09862782,-0.45201242
4072,14216.11,False,0.27526373,False,DRIAMS-A|DRIAMS-B,DRIAMS-C,0.15684523,-0.39368224
4550,15650.11,False,0.2751437,False,DRIAMS-A|DRIAMS-B,DRIAMS-C,0.17394562,-0.37634182
287,2861.1099999999997,False,0.2750585,False,DRIAMS-A|DRIAMS-B,DRIAMS-C,0.059144273,-0.49097273
2154,8462.11,False,0.27504605,False,DRIAMS-A|DRIAMS-B,DRIAMS-C,0.07153158,-0.47856054
3916,13748.11,True,0.27497232,False,DRIAMS-A|DRIAMS-B,DRIAMS-C,0.21106464,0.33888003
3290,11870.11,False,0.27473652,False,DRIAMS-A|DRIAMS-B,DRIAMS-C,0.21449944,-0.3349736
5102,17306.11,True,0.27459717,False,DRIAMS-A|DRIAMS-B,DRIAMS-C,0.15057123,0.3986231
3430,12290.11,False,0.27456897,False,DRIAMS-A|DRIAMS-B,DRIAMS-C,0.13736336,-0.41177458
1889,7667.11,False,0.27424082,False,DRIAMS-A|DRIAMS-B,DRIAMS-C,0.21601973,-0.3324619
4331,14993.11,True,0.2741074,False,DRIAMS-A|DRIAMS-B,DRIAMS-C,0.2376648,0.31054997
5112,17336.11,False,0.2740867,False,DRIAMS-A|DRIAMS-B,DRIAMS-C,0.14778116,-0.40039226
910,4730.11,False,0.27387252,False,DRIAMS-A|DRIAMS-B,DRIAMS-C,0.26853445,-0.2792106
2828,10484.11,False,0.2738523,False,DRIAMS-A|DRIAMS-B,DRIAMS-C,-0.24210367,0.30560088
4405,15215.11,False,0.27375814,False,DRIAMS-A|DRIAMS-B,DRIAMS-C,0.057120048,-0.49039623
4183,14549.11,False,0.27350616,False,DRIAMS-A|DRIAMS-B,DRIAMS-C,0.1670082,-0.3800041
2474,9422.11,False,0.27348712,False,DRIAMS-A|DRIAMS-B,DRIAMS-C,0.21538958,-0.33158466
5896,19688.11,False,0.27348202,False,DRIAMS-A|DRIAMS-B,DRIAMS-C,0.16912678,-0.37783724
31,2093.1099999999997,True,0.27342433,False,DRIAMS-A|DRIAMS-B,DRIAMS-C,-0.33380145,-0.21304724
5899,19697.11,False,0.2733838,False,DRIAMS-A|DRIAMS-B,DRIAMS-C,0.115795396,-0.4309722
1027,5081.11,True,0.27326512,False,DRIAMS-A|DRIAMS-B,DRIAMS-C,0.2690256,0.27750465
1409,6227.11,False,0.27318388,False,DRIAMS-A|DRIAMS-B,DRIAMS-C,-0.1790874,0.36728033
322,2966.1099999999997,False,0.27296537,False,DRIAMS-A|DRIAMS-B,DRIAMS-C,-0.34759143,0.19833934
4025,14075.11,False,0.27277726,False,DRIAMS-A|DRIAMS-B,DRIAMS-C,0.08731979,-0.45823476
5777,19331.11,False,0.27276295,False,DRIAMS-A|DRIAMS-B,DRIAMS-C,0.15536815,-0.39015776
5954,19862.11,False,0.27233973,False,DRIAMS-A|DRIAMS-B,DRIAMS-C,0.14250995,-0.4021695
2853,10559.11,True,0.2722933,False,DRIAMS-A|DRIAMS-B,DRIAMS-C,0.2423457,0.30224088
5588,18764.11,False,0.27219477,False,DRIAMS-A|DRIAMS-B,DRIAMS-C,0.17862184,-0.3657677
4951,16853.11,True,0.27216506,False,DRIAMS-A|DRIAMS-B,DRIAMS-C,0.25596693,0.2883632
3578,12734.11,False,0.27211887,False,DRIAMS-A|DRIAMS-B,DRIAMS-C,0.16840406,-0.37583366
1846,7538.11,True,0.27205586,False,DRIAMS-A|DRIAMS-B,DRIAMS-C,-0.22537003,-0.31874168
5581,18743.11,True,0.27182162,False,DRIAMS-A|DRIAMS-B,DRIAMS-C,0.13013497,0.4135083
2027,8081.11,True,0.27180383,False,DRIAMS-A|DRIAMS-B,DRIAMS-C,0.045326978,0.49828067
4065,14195.11,False,0.27171844,False,DRIAMS-A|DRIAMS-B,DRIAMS-C,0.12531368,-0.41812322
4868,16604.11,False,0.2716419,False,DRIAMS-A|DRIAMS-B,DRIAMS-C,0.18107593,-0.36220786
4103,14309.11,False,0.27164146,False,DRIAMS-A|DRIAMS-B,DRIAMS-C,0.07093767,-0.47234526
408,3224.1099999999997,False,0.27163172,False,DRIAMS-A|DRIAMS-B,DRIAMS-C,-0.1407862,0.40247726
1404,6212.11,False,0.27160716,False,DRIAMS-A|DRIAMS-B,DRIAMS-C,0.15016398,-0.39305037
3370,12110.11,True,0.271575,False,DRIAMS-A|DRIAMS-B,DRIAMS-C,0.2224666,0.3206834
4185,14555.11,False,0.27154177,False,DRIAMS-A|DRIAMS-B,DRIAMS-C,0.15832524,-0.38475832
1627,6881.11,True,0.27139294,False,DRIAMS-A|DRIAMS-B,DRIAMS-C,0.32066494,0.22212091
26,2078.1099999999997,True,0.2712921,False,DRIAMS-A|DRIAMS-B,DRIAMS-C,-0.30160186,-0.24098231
858,4574.11,True,0.27113053,False,DRIAMS-A|DRIAMS-B,DRIAMS-C,-0.2986561,-0.24360494
5103,17309.11,True,0.27104962,False,DRIAMS-A|DRIAMS-B,DRIAMS-C,0.20676953,0.3353297
5331,17993.11,False,0.2710251,False,DRIAMS-A|DRIAMS-B,DRIAMS-C,0.21076895,-0.33128121
1723,7169.11,False,0.27095756,False,DRIAMS-A|DRIAMS-B,DRIAMS-C,-0.32732677,0.21458836
4736,16208.11,False,0.2709372,False,DRIAMS-A|DRIAMS-B,DRIAMS-C,0.11296491,-0.4289095
3481,12443.11,False,0.27091095,False,DRIAMS-A|DRIAMS-B,DRIAMS-C,0.11529503,-0.42652684
5225,17675.11,False,0.27076453,False,DRIAMS-A|DRIAMS-B,DRIAMS-C,0.15291142,-0.38861763
1757,7271.11,True,0.27055675,False,DRIAMS-A|DRIAMS-B,DRIAMS-C,-0.11353678,-0.4275767
2373,9119.11,True,0.27042228,False,DRIAMS-A|DRIAMS-B,DRIAMS-C,0.096461974,0.44438258
4120,14360.11,True,0.27035022,False,DRIAMS-A|DRIAMS-B,DRIAMS-C,0.1892344,0.351466
3640,12920.11,False,0.27009314,False,DRIAMS-A|DRIAMS-B,DRIAMS-C,0.12303442,-0.41715187
5965,19895.11,False,0.2699728,False,DRIAMS-A|DRIAMS-B,DRIAMS-C,0.16647328,-0.37347233
3794,13382.11,False,0.26996416,False,DRIAMS-A|DRIAMS-B,DRIAMS-C,0.105822496,-0.43410584
5821,19463.11,True,0.26953724,False,DRIAMS-A|DRIAMS-B,DRIAMS-C,0.19135061,0.34772387
4814,16442.11,True,0.2693594,False,DRIAMS-A|DRIAMS-B,DRIAMS-C,0.07022124,0.4684976
5800,19400.11,False,0.26919276,False,DRIAMS-A|DRIAMS-B,DRIAMS-C,0.12396239,-0.41442314
1223,5669.11,False,0.26912504,False,DRIAMS-A|DRIAMS-B,DRIAMS-C,0.26182887,-0.2764212
3256,11768.11,False,0.269099,False,DRIAMS-A|DRIAMS-B,DRIAMS-C,0.1864093,-0.35178873
5525,18575.11,False,0.26908165,False,DRIAMS-A|DRIAMS-B,DRIAMS-C,0.19293678,-0.34522656
3821,13463.11,False,0.26895154,False,DRIAMS-A|DRIAMS-B,DRIAMS-C,0.14071603,-0.39718705
4145,14435.11,True,0.26885217,False,DRIAMS-A|DRIAMS-B,DRIAMS-C,0.03321112,0.50449324
3289,11867.11,False,0.2687403,False,DRIAMS-A|DRIAMS-B,DRIAMS-C,0.1968058,-0.34067482
1735,7205.11,True,0.26845008,False,DRIAMS-A|DRIAMS-B,DRIAMS-C,0.1362249,0.40067524
3149,11447.11,False,0.26837775,False,DRIAMS-A|DRIAMS-B,DRIAMS-C,-0.08017821,0.4565773
857,4571.11,True,0.2683532,False,DRIAMS-A|DRIAMS-B,DRIAMS-C,-0.3457125,-0.19099386
1320,5960.11,True,0.26813805,False,DRIAMS-A|DRIAMS-B,DRIAMS-C,-0.09430178,-0.4419743
4836,16508.11,False,0.26805502,False,DRIAMS-A|DRIAMS-B,DRIAMS-C,0.18681662,-0.34929344
5552,18656.11,False,0.26797843,False,DRIAMS-A|DRIAMS-B,DRIAMS-C,0.1977012,-0.33825564
4237,14711.11,False,0.267855,False,DRIAMS-A|DRIAMS-B,DRIAMS-C,0.13178718,-0.4039228
5327,17981.11,True,0.26776695,False,DRIAMS-A|DRIAMS-B,DRIAMS-C,0.094259456,0.44127443
4045,14135.11,True,0.26776004,False,DRIAMS-A|DRIAMS-B,DRIAMS-C,0.15505718,0.38046288
4088,14264.11,False,0.2675939,False,DRIAMS-A|DRIAMS-B,DRIAMS-C,0.17435019,-0.3608376
4947,16841.11,False,0.26758343,False,DRIAMS-A|DRIAMS-B,DRIAMS-C,0.14890184,-0.386265
2189,8567.11,True,0.2675221,False,DRIAMS-A|DRIAMS-B,DRIAMS-C,-0.018163042,-0.51688117
898,4694.11,True,0.26739812,False,DRIAMS-A|DRIAMS-B,DRIAMS-C,0.28444093,0.2503553
407,3221.1099999999997,False,0.2672861,False,DRIAMS-A|DRIAMS-B,DRIAMS-C,-0.23969148,0.2948807
3878,13634.11,False,0.2671951,False,DRIAMS-A|DRIAMS-B,DRIAMS-C,0.06531015,-0.4690801
3874,13622.11,True,0.2671636,False,DRIAMS-A|DRIAMS-B,DRIAMS-C,-0.052956853,-0.48137036
2282,8846.11,True,0.26679796,False,DRIAMS-A|DRIAMS-B,DRIAMS-C,-0.12622502,-0.40737092
4602,15806.11,True,0.2666129,False,DRIAMS-A|DRIAMS-B,DRIAMS-C,0.11803196,0.4151938
1671,7013.11,True,0.26644164,False,DRIAMS-A|DRIAMS-B,DRIAMS-C,-0.15584613,-0.37703717
2564,9692.11,True,0.26638013,False,DRIAMS-A|DRIAMS-B,DRIAMS-C,0.20632124,0.32643902
4024,14072.11,False,0.26637062,False,DRIAMS-A|DRIAMS-B,DRIAMS-C,0.20241801,-0.33032322
5477,18431.11,False,0.2663177,False,DRIAMS-A|DRIAMS-B,DRIAMS-C,0.15559909,-0.3770363
348,3044.1099999999997,True,0.26623365,False,DRIAMS-A|DRIAMS-B,DRIAMS-C,0.11613019,0.4163371
1149,5447.11,True,0.26612735,False,DRIAMS-A|DRIAMS-B,DRIAMS-C,0.165586,0.36666873
4404,15212.11,False,0.26611546,False,DRIAMS-A|DRIAMS-B,DRIAMS-C,0.1557693,-0.37646163
585,3755.1099999999997,True,0.2660723,False,DRIAMS-A|DRIAMS-B,DRIAMS-C,-0.096809335,-0.43533525
4148,14444.11,True,0.26597917,False,DRIAMS-A|DRIAMS-B,DRIAMS-C,0.071950495,0.46000785
1477,6431.11,True,0.26591048,False,DRIAMS-A|DRIAMS-B,DRIAMS-C,-0.24001117,-0.2918098
59,2177.1099999999997,True,0.26587546,False,DRIAMS-A|DRIAMS-B,DRIAMS-C,-0.17259091,-0.35915998
166,2498.1099999999997,False,0.2657389,False,DRIAMS-A|DRIAMS-B,DRIAMS-C,0.3987413,-0.13273647
2051,8153.11,False,0.2656831,False,DRIAMS-A|DRIAMS-B,DRIAMS-C,-0.22286952,0.30849668
4608,15824.11,False,0.26566935,False,DRIAMS-A|DRIAMS-B,DRIAMS-C,0.10205829,-0.42928037
5450,18350.11,False,0.26565167,False,DRIAMS-A|DRIAMS-B,DRIAMS-C,0.16836494,-0.3629384
3958,13874.11,False,0.26546836,False,DRIAMS-A|DRIAMS-B,DRIAMS-C,0.11341661,-0.41752014
5966,19898.11,False,0.26543397,False,DRIAMS-A|DRIAMS-B,DRIAMS-C,0.12843136,-0.40243658
2472,9416.11,False,0.26532438,False,DRIAMS-A|DRIAMS-B,DRIAMS-C,0.12693605,-0.40371272
2048,8144.11,False,0.26527804,False,DRIAMS-A|DRIAMS-B,DRIAMS-C,-0.022668162,0.5078879
1804,7412.11,True,0.26503438,False,DRIAMS-A|DRIAMS-B,DRIAMS-C,-0.16454703,-0.36552176
2469,9407.11,False,0.26498985,False,DRIAMS-A|DRIAMS-B,DRIAMS-C,0.056743067,-0.47323665
4674,16022.11,False,0.26498866,False,DRIAMS-A|DRIAMS-B,DRIAMS-C,0.16702166,-0.36295566
5872,19616.11,False,0.26492116,False,DRIAMS-A|DRIAMS-B,DRIAMS-C,0.16627179,-0.36357054
3089,11267.11,True,0.26434496,False,DRIAMS-A|DRIAMS-B,DRIAMS-C,0.34083593,0.18785398
4925,16775.11,True,0.26430303,False,DRIAMS-A|DRIAMS-B,DRIAMS-C,0.11680364,0.4118024
1647,6941.11,False,0.26425153,False,DRIAMS-A|DRIAMS-B,DRIAMS-C,0.42505744,-0.10344565
2093,8279.11,False,0.26366097,False,DRIAMS-A|DRIAMS-B,DRIAMS-C,0.18895167,-0.33837026
4376,15128.11,False,0.26341864,False,DRIAMS-A|DRIAMS-B,DRIAMS-C,-0.17382942,0.35300785
1390,6170.11,False,0.2631192,False,DRIAMS-A|DRIAMS-B,DRIAMS-C,0.16983415,-0.35640422
675,4025.1099999999997,False,0.26294383,False,DRIAMS-A|DRIAMS-B,DRIAMS-C,-0.10542421,0.42046347
1431,6293.11,True,0.26294106,False,DRIAMS-A|DRIAMS-B,DRIAMS-C,0.046961077,0.47892103
230,2690.1099999999997,False,0.26291302,False,DRIAMS-A|DRIAMS-B,DRIAMS-C,-0.03287094,0.4929551
626,3878.1099999999997,True,0.26279485,False,DRIAMS-A|DRIAMS-B,DRIAMS-C,-0.13289939,-0.3926903
5544,18632.11,True,0.26266086,False,DRIAMS-A|DRIAMS-B,DRIAMS-C,0.1610138,0.3643079
4948,16844.11,False,0.26249987,False,DRIAMS-A|DRIAMS-B,DRIAMS-C,0.1071035,-0.41789627
3251,11753.11,False,0.26238012,False,DRIAMS-A|DRIAMS-B,DRIAMS-C,0.15269619,-0.37206405
2115,8345.11,True,0.26230448,False,DRIAMS-A|DRIAMS-B,DRIAMS-C,0.25462392,0.26998505
3817,13451.11,False,0.2619586,False,DRIAMS-A|DRIAMS-B,DRIAMS-C,0.14285988,-0.3810573
1992,7976.11,True,0.2618615,False,DRIAMS-A|DRIAMS-B,DRIAMS-C,0.12907289,0.39465013
799,4397.11,True,0.2618164,False,DRIAMS-A|DRIAMS-B,DRIAMS-C,0.010939862,0.512693
724,4172.11,False,0.2616866,False,DRIAMS-A|DRIAMS-B,DRIAMS-C,0.40609065,-0.11728254
2673,10019.11,False,0.26155317,False,DRIAMS-A|DRIAMS-B,DRIAMS-C,0.26729384,-0.25581253
3628,12884.11,False,0.26138926,False,DRIAMS-A|DRIAMS-B,DRIAMS-C,0.212923,-0.30985552
5118,17354.11,True,0.26116458,False,DRIAMS-A|DRIAMS-B,DRIAMS-C,0.17148519,0.35084397
3559,12677.11,True,0.26100656,False,DRIAMS-A|DRIAMS-B,DRIAMS-C,0.07583947,0.44617367
3361,12083.11,False,0.26099852,False,DRIAMS-A|DRIAMS-B,DRIAMS-C,0.08703854,-0.4349585
5114,17342.11,False,0.26097542,False,DRIAMS-A|DRIAMS-B,DRIAMS-C,0.21247652,-0.30947435
1213,5639.11,True,0.26079628,False,DRIAMS-A|DRIAMS-B,DRIAMS-C,0.09918796,0.42240462
1653,6959.11,True,0.26079524,False,DRIAMS-A|DRIAMS-B,DRIAMS-C,0.40470278,0.11688767
4767,16301.11,True,0.26050097,False,DRIAMS-A|DRIAMS-B,DRIAMS-C,0.10825264,0.4127493
5003,17009.11,True,0.26049772,False,DRIAMS-A|DRIAMS-B,DRIAMS-C,0.12215703,0.39883843
4872,16616.11,False,0.26036483,False,DRIAMS-A|DRIAMS-B,DRIAMS-C,0.09650245,-0.42422718
5306,17918.11,False,0.2602108,False,DRIAMS-A|DRIAMS-B,DRIAMS-C,0.16775595,-0.3526657
817,4451.11,True,0.2601629,False,DRIAMS-A|DRIAMS-B,DRIAMS-C,-0.21533047,-0.30499533
982,4946.11,True,0.25989568,False,DRIAMS-A|DRIAMS-B,DRIAMS-C,-0.15820578,-0.36158556
3532,12596.11,False,0.25985327,False,DRIAMS-A|DRIAMS-B,DRIAMS-C,-0.008084988,0.51162153
1841,7523.11,True,0.2598522,False,DRIAMS-A|DRIAMS-B,DRIAMS-C,-0.22734414,-0.29236025
4130,14390.11,False,0.2598219,False,DRIAMS-A|DRIAMS-B,DRIAMS-C,0.09809845,-0.42154533
3579,12737.11,False,0.25974602,False,DRIAMS-A|DRIAMS-B,DRIAMS-C,0.21243404,-0.307058
4572,15716.11,False,0.25953376,False,DRIAMS-A|DRIAMS-B,DRIAMS-C,0.10666854,-0.41239896
3250,11750.11,False,0.25950462,False,DRIAMS-A|DRIAMS-B,DRIAMS-C,0.14938557,-0.3696237
3665,12995.11,False,0.2593887,False,DRIAMS-A|DRIAMS-B,DRIAMS-C,0.18778259,-0.33099476
570,3710.1099999999997,True,0.25931254,False,DRIAMS-A|DRIAMS-B,DRIAMS-C,-0.26074168,-0.2578834
3991,13973.11,False,0.25921357,False,DRIAMS-A|DRIAMS-B,DRIAMS-C,0.14590234,-0.37252477
1743,7229.11,False,0.25883216,False,DRIAMS-A|DRIAMS-B,DRIAMS-C,-0.1680066,0.34965774
5145,17435.11,False,0.25861174,False,DRIAMS-A|DRIAMS-B,DRIAMS-C,0.21372974,-0.30349377
2555,9665.11,False,0.25850204,False,DRIAMS-A|DRIAMS-B,DRIAMS-C,-0.049298164,0.46770594
4290,14870.11,False,0.25827056,False,DRIAMS-A|DRIAMS-B,DRIAMS-C,0.11692464,-0.3996165
3511,12533.11,False,0.2582651,False,DRIAMS-A|DRIAMS-B,DRIAMS-C,0.1748796,-0.34165064
2930,10790.11,True,0.25812453,False,DRIAMS-A|DRIAMS-B,DRIAMS-C,-0.39016017,-0.12608892
5774,19322.11,False,0.25808567,False,DRIAMS-A|DRIAMS-B,DRIAMS-C,0.18490882,-0.33126253
1166,5498.11,True,0.25803804,False,DRIAMS-A|DRIAMS-B,DRIAMS-C,-0.20319678,-0.31287932
209,2627.1099999999997,True,0.258031,False,DRIAMS-A|DRIAMS-B,DRIAMS-C,-0.14308968,-0.3729723
1642,6926.11,True,0.25800514,False,DRIAMS-A|DRIAMS-B,DRIAMS-C,0.3006455,0.21536477
5017,17051.11,False,0.25782937,False,DRIAMS-A|DRIAMS-B,DRIAMS-C,0.1848816,-0.33077714
1078,5234.11,False,0.25761837,False,DRIAMS-A|DRIAMS-B,DRIAMS-C,-0.00883182,0.50640494
2211,8633.11,False,0.25754398,False,DRIAMS-A|DRIAMS-B,DRIAMS-C,-0.0030154795,0.5120725
105,2315.1099999999997,False,0.25753295,False,DRIAMS-A|DRIAMS-B,DRIAMS-C,0.1340704,-0.38099548
3689,13067.11,True,0.25729576,False,DRIAMS-A|DRIAMS-B,DRIAMS-C,0.0807573,0.4338342
2530,9590.11,True,0.25709945,False,DRIAMS-A|DRIAMS-B,DRIAMS-C,0.4185551,0.09564377
4519,15557.11,True,0.25694513,False,DRIAMS-A|DRIAMS-B,DRIAMS-C,0.11056427,0.40332597
2827,10481.11,False,0.25691,False,DRIAMS-A|DRIAMS-B,DRIAMS-C,-0.15114544,0.36267453
2767,10301.11,False,0.25668347,False,DRIAMS-A|DRIAMS-B,DRIAMS-C,-0.048165035,0.46520188
2914,10742.11,True,0.25661945,False,DRIAMS-A|DRIAMS-B,DRIAMS-C,0.10514136,0.40809757
5498,18494.11,False,0.2565951,False,DRIAMS-A|DRIAMS-B,DRIAMS-C,0.23720333,-0.27598688
5439,18317.11,False,0.25650698,False,DRIAMS-A|DRIAMS-B,DRIAMS-C,0.20006987,-0.3129441
1860,7580.11,False,0.2564977,False,DRIAMS-A|DRIAMS-B,DRIAMS-C,-0.2879086,0.22508681
5969,19907.11,False,0.256486,False,DRIAMS-A|DRIAMS-B,DRIAMS-C,0.10837273,-0.40459928
4998,16994.11,False,0.25638664,False,DRIAMS-A|DRIAMS-B,DRIAMS-C,0.23375116,-0.2790221
3120,11360.11,True,0.25623828,False,DRIAMS-A|DRIAMS-B,DRIAMS-C,0.09875189,0.4137247
2073,8219.11,True,0.25622976,False,DRIAMS-A|DRIAMS-B,DRIAMS-C,0.06833302,0.44412652
3825,13475.11,False,0.2560485,False,DRIAMS-A|DRIAMS-B,DRIAMS-C,0.065336004,-0.446761
3010,11030.11,True,0.2560186,False,DRIAMS-A|DRIAMS-B,DRIAMS-C,0.11370163,0.39833558
253,2759.1099999999997,False,0.25578398,False,DRIAMS-A|DRIAMS-B,DRIAMS-C,0.3295151,-0.18205288
1011,5033.11,False,0.25562426,False,DRIAMS-A|DRIAMS-B,DRIAMS-C,0.3061181,-0.20513044
1293,5879.11,True,0.2553509,False,DRIAMS-A|DRIAMS-B,DRIAMS-C,-0.13491398,-0.37578776
4377,15131.11,False,0.25529918,False,DRIAMS-A|DRIAMS-B,DRIAMS-C,-0.16562861,0.34496975
4044,14132.11,True,0.2552977,False,DRIAMS-A|DRIAMS-B,DRIAMS-C,0.13492699,0.3756684
1040,5120.11,False,0.25519976,False,DRIAMS-A|DRIAMS-B,DRIAMS-C,-0.0030061712,0.50739336
3342,12026.11,False,0.25516433,False,DRIAMS-A|DRIAMS-B,DRIAMS-C,0.14082047,-0.36950818
1948,7844.11,False,0.2550997,False,DRIAMS-A|DRIAMS-B,DRIAMS-C,0.23898697,-0.2712125
1436,6308.11,False,0.25508907,False,DRIAMS-A|DRIAMS-B,DRIAMS-C,-0.12707439,0.38310376
1476,6428.11,True,0.25476107,False,DRIAMS-A|DRIAMS-B,DRIAMS-C,-0.30043086,-0.20909126
2561,9683.11,True,0.25448957,False,DRIAMS-A|DRIAMS-B,DRIAMS-C,0.18034112,0.32863802
3314,11942.11,False,0.25444126,False,DRIAMS-A|DRIAMS-B,DRIAMS-C,0.13198043,-0.37690207
82,2246.1099999999997,True,0.25441134,False,DRIAMS-A|DRIAMS-B,DRIAMS-C,-0.30982724,-0.19899541
4931,16793.11,True,0.2543829,False,DRIAMS-A|DRIAMS-B,DRIAMS-C,0.20184559,0.3069202
350,3050.1099999999997,True,0.25435227,False,DRIAMS-A|DRIAMS-B,DRIAMS-C,0.21302852,0.29567605
1725,7175.11,True,0.25431585,False,DRIAMS-A|DRIAMS-B,DRIAMS-C,-0.3085499,-0.20008181
2411,9233.11,False,0.25431386,False,DRIAMS-A|DRIAMS-B,DRIAMS-C,0.050341565,-0.45828614
1562,6686.11,True,0.25400972,False,DRIAMS-A|DRIAMS-B,DRIAMS-C,-0.22498438,-0.28303504
121,2363.1099999999997,False,0.25399005,False,DRIAMS-A|DRIAMS-B,DRIAMS-C,-0.07657571,0.4314044
5998,19994.11,False,0.25386578,False,DRIAMS-A|DRIAMS-B,DRIAMS-C,0.14975345,-0.3579781
5255,17765.11,True,0.25376382,False,DRIAMS-A|DRIAMS-B,DRIAMS-C,0.15184654,0.35568112
618,3854.1099999999997,True,0.2537042,False,DRIAMS-A|DRIAMS-B,DRIAMS-C,-0.35578573,-0.15162268
5898,19694.11,False,0.25367856,False,DRIAMS-A|DRIAMS-B,DRIAMS-C,0.20368998,-0.30366716
674,4022.1099999999997,True,0.2536157,False,DRIAMS-A|DRIAMS-B,DRIAMS-C,0.02792515,0.47930628
569,3707.1099999999997,True,0.25354433,False,DRIAMS-A|DRIAMS-B,DRIAMS-C,-0.25664133,-0.25044736
4087,14261.11,False,0.25346184,False,DRIAMS-A|DRIAMS-B,DRIAMS-C,0.13614915,-0.37077454
523,3569.1099999999997,False,0.2533306,False,DRIAMS-A|DRIAMS-B,DRIAMS-C,0.16694048,-0.3397207
1182,5546.11,True,0.25328636,False,DRIAMS-A|DRIAMS-B,DRIAMS-C,-0.25183976,-0.254733
790,4370.11,True,0.25317824,False,DRIAMS-A|DRIAMS-B,DRIAMS-C,-0.26883736,-0.23751915
1080,5240.11,False,0.25311565,False,DRIAMS-A|DRIAMS-B,DRIAMS-C,-0.19860573,0.3076256
29,2087.1099999999997,True,0.2531007,False,DRIAMS-A|DRIAMS-B,DRIAMS-C,-0.25804436,-0.24815705
3231,11693.11,False,0.25292513,False,DRIAMS-A|DRIAMS-B,DRIAMS-C,0.16120037,-0.34464988
2598,9794.11,True,0.2529192,False,DRIAMS-A|DRIAMS-B,DRIAMS-C,0.034539938,0.4712985
38,2114.1099999999997,False,0.2529082,False,DRIAMS-A|DRIAMS-B,DRIAMS-C,0.10716064,-0.39865577
5724,19172.11,False,0.25289118,False,DRIAMS-A|DRIAMS-B,DRIAMS-C,0.08720279,-0.41857955
5990,19970.11,False,0.25288925,False,DRIAMS-A|DRIAMS-B,DRIAMS-C,0.12000952,-0.38576895
4622,15866.11,True,0.25280222,False,DRIAMS-A|DRIAMS-B,DRIAMS-C,-0.011072907,-0.4945315
1594,6782.11,False,0.25274938,False,DRIAMS-A|DRIAMS-B,DRIAMS-C,-0.2049146,0.30058414
1354,6062.11,False,0.2526569,False,DRIAMS-A|DRIAMS-B,DRIAMS-C,0.15834361,-0.3469702
1371,6113.11,True,0.25260204,False,DRIAMS-A|DRIAMS-B,DRIAMS-C,0.18883336,0.3163707
5060,17180.11,True,0.25254902,False,DRIAMS-A|DRIAMS-B,DRIAMS-C,0.18480156,0.3202965
410,3230.1099999999997,True,0.2524761,False,DRIAMS-A|DRIAMS-B,DRIAMS-C,0.026617773,0.47833443
3822,13466.11,False,0.25240082,False,DRIAMS-A|DRIAMS-B,DRIAMS-C,0.111285,-0.3935166
1212,5636.11,True,0.2523735,False,DRIAMS-A|DRIAMS-B,DRIAMS-C,0.033544324,0.47120264
2041,8123.11,True,0.2522347,False,DRIAMS-A|DRIAMS-B,DRIAMS-C,-0.25970772,-0.24476169
5964,19892.11,False,0.2520695,False,DRIAMS-A|DRIAMS-B,DRIAMS-C,0.1669497,-0.3371893
1808,7424.11,True,0.25205663,False,DRIAMS-A|DRIAMS-B,DRIAMS-C,-0.25211528,-0.25199798
1208,5624.11,True,0.251669,False,DRIAMS-A|DRIAMS-B,DRIAMS-C,0.09469563,0.40864235
3928,13784.11,False,0.25165033,False,DRIAMS-A|DRIAMS-B,DRIAMS-C,0.1416867,-0.36161396
3587,12761.11,False,0.25157267,False,DRIAMS-A|DRIAMS-B,DRIAMS-C,0.11528534,-0.38786
1530,6590.11,False,0.2515615,False,DRIAMS-A|DRIAMS-B,DRIAMS-C,0.28876144,-0.21436156
478,3434.1099999999997,False,0.2515383,False,DRIAMS-A|DRIAMS-B,DRIAMS-C,-0.22861937,0.27445725
1749,7247.11,False,0.25140288,False,DRIAMS-A|DRIAMS-B,DRIAMS-C,-0.23437242,0.26843336
4535,15605.11,True,0.2512952,False,DRIAMS-A|DRIAMS-B,DRIAMS-C,0.0026857692,0.49990463
4062,14186.11,False,0.2510926,False,DRIAMS-A|DRIAMS-B,DRIAMS-C,0.09403598,-0.40814924
3972,13916.11,True,0.2510291,False,DRIAMS-A|DRIAMS-B,DRIAMS-C,0.1273319,0.3747263
1904,7712.11,False,0.25099555,False,DRIAMS-A|DRIAMS-B,DRIAMS-C,0.008469873,-0.4935212
1862,7586.11,True,0.2509871,False,DRIAMS-A|DRIAMS-B,DRIAMS-C,-0.25562873,-0.24634552
4710,16130.11,True,0.2507916,False,DRIAMS-A|DRIAMS-B,DRIAMS-C,0.18111469,0.32046854
5066,17198.11,False,0.25072798,False,DRIAMS-A|DRIAMS-B,DRIAMS-C,0.16811816,-0.3333378
1286,5858.11,True,0.250625,False,DRIAMS-A|DRIAMS-B,DRIAMS-C,-0.091552824,-0.40969723
4810,16430.11,True,0.25057203,False,DRIAMS-A|DRIAMS-B,DRIAMS-C,0.09682248,0.40432155
2167,8501.11,False,0.2505058,False,DRIAMS-A|DRIAMS-B,DRIAMS-C,0.2001602,-0.30085143
3857,13571.11,True,0.2504876,False,DRIAMS-A|DRIAMS-B,DRIAMS-C,0.0118720755,0.4891031
2025,8075.11,True,0.25034082,False,DRIAMS-A|DRIAMS-B,DRIAMS-C,0.10974581,0.39093584
2900,10700.11,False,0.2503363,False,DRIAMS-A|DRIAMS-B,DRIAMS-C,0.16529575,-0.3353768
1188,5564.11,True,0.25003844,False,DRIAMS-A|DRIAMS-B,DRIAMS-C,0.3065854,0.19349149
4587,15761.11,True,0.2500231,False,DRIAMS-A|DRIAMS-B,DRIAMS-C,0.109935574,0.39011064
4524,15572.11,True,0.24995087,False,DRIAMS-A|DRIAMS-B,DRIAMS-C,0.061234992,0.43866676
3585,12755.11,False,0.24991307,False,DRIAMS-A|DRIAMS-B,DRIAMS-C,0.11121859,-0.38860756
852,4556.11,True,0.24980578,False,DRIAMS-A|DRIAMS-B,DRIAMS-C,0.12422909,0.37538248
2306,8918.11,True,0.24965823,False,DRIAMS-A|DRIAMS-B,DRIAMS-C,-0.23953824,-0.25977823
1338,6014.11,True,0.249654,False,DRIAMS-A|DRIAMS-B,DRIAMS-C,0.3663146,0.1329934
2113,8339.11,False,0.24939615,False,DRIAMS-A|DRIAMS-B,DRIAMS-C,0.11968166,-0.37911063
1109,5327.11,True,0.24932244,False,DRIAMS-A|DRIAMS-B,DRIAMS-C,-0.25069135,-0.24795355
2949,10847.11,False,0.24924764,False,DRIAMS-A|DRIAMS-B,DRIAMS-C,0.058204845,-0.44029045
5088,17264.11,True,0.24919413,False,DRIAMS-A|DRIAMS-B,DRIAMS-C,0.12032482,0.37806344
3022,11066.11,False,0.24916618,False,DRIAMS-A|DRIAMS-B,DRIAMS-C,0.11944126,-0.37889108
4769,16307.11,True,0.24905933,False,DRIAMS-A|DRIAMS-B,DRIAMS-C,0.12187008,0.3762486
1876,7628.11,True,0.24898487,False,DRIAMS-A|DRIAMS-B,DRIAMS-C,0.12746674,0.370503
2574,9722.11,True,0.24892293,False,DRIAMS-A|DRIAMS-B,DRIAMS-C,0.002764127,0.49508172
1649,6947.11,True,0.2488903,False,DRIAMS-A|DRIAMS-B,DRIAMS-C,0.4153365,0.0824441
5597,18791.11,False,0.24887934,False,DRIAMS-A|DRIAMS-B,DRIAMS-C,0.20406073,-0.29369795
3778,13334.11,True,0.24886094,False,DRIAMS-A|DRIAMS-B,DRIAMS-C,0.14029685,0.35742503
2782,10346.11,True,0.24885567,False,DRIAMS-A|DRIAMS-B,DRIAMS-C,0.1365053,0.36120602
992,4976.11,False,0.24881594,False,DRIAMS-A|DRIAMS-B,DRIAMS-C,-0.0030670336,0.49456483
3960,13880.11,False,0.24840423,False,DRIAMS-A|DRIAMS-B,DRIAMS-C,0.14096235,-0.35584614
2441,9323.11,True,0.24814047,False,DRIAMS-A|DRIAMS-B,DRIAMS-C,0.062253617,0.4340273
5453,18359.11,False,0.24813461,False,DRIAMS-A|DRIAMS-B,DRIAMS-C,0.20115592,-0.2951133
5974,19922.11,True,0.24812499,False,DRIAMS-A|DRIAMS-B,DRIAMS-C,0.12292949,0.3733205
3944,13832.11,False,0.24811548,False,DRIAMS-A|DRIAMS-B,DRIAMS-C,0.101023555,-0.3952074
5993,19979.11,False,0.24804059,False,DRIAMS-A|DRIAMS-B,DRIAMS-C,0.12366208,-0.3724191
5634,18902.11,True,0.24791282,False,DRIAMS-A|DRIAMS-B,DRIAMS-C,0.18657771,0.30924794
2693,10079.11,False,0.24771586,False,DRIAMS-A|DRIAMS-B,DRIAMS-C,-0.19989394,0.29553777
1589,6767.11,False,0.24763514,False,DRIAMS-A|DRIAMS-B,DRIAMS-C,-0.12374685,0.37152344
4744,16232.11,True,0.24742815,False,DRIAMS-A|DRIAMS-B,DRIAMS-C,0.19955426,0.29530203
210,2630.1099999999997,True,0.24719483,False,DRIAMS-A|DRIAMS-B,DRIAMS-C,-0.13168769,-0.36270195
5596,18788.11,False,0.24712732,False,DRIAMS-A|DRIAMS-B,DRIAMS-C,0.21579428,-0.27846038
2849,10547.11,False,0.24708588,False,DRIAMS-A|DRIAMS-B,DRIAMS-C,0.24652524,-0.24764653
5775,19325.11,False,0.24705204,False,DRIAMS-A|DRIAMS-B,DRIAMS-C,0.14117262,-0.35293147
2402,9206.11,True,0.24698576,False,DRIAMS-A|DRIAMS-B,DRIAMS-C,-0.22093375,-0.27303776
1752,7256.11,False,0.2468682,False,DRIAMS-A|DRIAMS-B,DRIAMS-C,-0.22322625,0.27051014
1007,5021.11,False,0.24679029,False,DRIAMS-A|DRIAMS-B,DRIAMS-C,-0.13926166,0.35431892
821,4463.11,False,0.24661943,False,DRIAMS-A|DRIAMS-B,DRIAMS-C,-0.17920545,0.31403342
4656,15968.11,False,0.24660234,False,DRIAMS-A|DRIAMS-B,DRIAMS-C,0.119895644,-0.37330905
2950,10850.11,False,0.24638517,False,DRIAMS-A|DRIAMS-B,DRIAMS-C,0.08573439,-0.40703595
4525,15575.11,True,0.24638307,False,DRIAMS-A|DRIAMS-B,DRIAMS-C,0.039715983,0.45305017
1736,7208.11,True,0.24637112,False,DRIAMS-A|DRIAMS-B,DRIAMS-C,0.07790241,0.41483983
5180,17540.11,False,0.2463111,False,DRIAMS-A|DRIAMS-B,DRIAMS-C,0.19363062,-0.29899156
622,3866.1099999999997,True,0.24629118,False,DRIAMS-A|DRIAMS-B,DRIAMS-C,0.058697946,0.4338844
4722,16166.11,False,0.24615517,False,DRIAMS-A|DRIAMS-B,DRIAMS-C,0.15357198,-0.33873835
3094,11282.11,True,0.2460491,False,DRIAMS-A|DRIAMS-B,DRIAMS-C,0.17003757,0.32206064
651,3953.1099999999997,True,0.24597698,False,DRIAMS-A|DRIAMS-B,DRIAMS-C,0.13376717,0.3581868
1294,5882.11,True,0.2458319,False,DRIAMS-A|DRIAMS-B,DRIAMS-C,-0.09256681,-0.399097
5594,18782.11,True,0.24582678,False,DRIAMS-A|DRIAMS-B,DRIAMS-C,0.22231674,0.26933682
3520,12560.11,True,0.2458266,False,DRIAMS-A|DRIAMS-B,DRIAMS-C,0.1976754,0.2939778
3088,11264.11,True,0.24581939,False,DRIAMS-A|DRIAMS-B,DRIAMS-C,0.33236796,0.15927082
4589,15767.11,True,0.24570948,False,DRIAMS-A|DRIAMS-B,DRIAMS-C,0.21702473,0.27439424
1847,7541.11,True,0.2456916,False,DRIAMS-A|DRIAMS-B,DRIAMS-C,-0.22249132,-0.26889187
1300,5900.11,True,0.24561,False,DRIAMS-A|DRIAMS-B,DRIAMS-C,-0.25849205,-0.23272793
3892,13676.11,True,0.24542943,False,DRIAMS-A|DRIAMS-B,DRIAMS-C,0.14789434,0.3429645
4074,14222.11,False,0.24542305,False,DRIAMS-A|DRIAMS-B,DRIAMS-C,0.14253268,-0.34831342
273,2819.1099999999997,False,0.24533142,False,DRIAMS-A|DRIAMS-B,DRIAMS-C,0.4706787,-0.019984147
4291,14873.11,False,0.24529108,False,DRIAMS-A|DRIAMS-B,DRIAMS-C,0.21219012,-0.27839205
5337,18011.11,True,0.24523623,False,DRIAMS-A|DRIAMS-B,DRIAMS-C,0.1326764,0.35779607
2059,8177.11,True,0.2452257,False,DRIAMS-A|DRIAMS-B,DRIAMS-C,-0.13459325,-0.35585815
3959,13877.11,False,0.24521802,False,DRIAMS-A|DRIAMS-B,DRIAMS-C,0.18605068,-0.30438536
3383,12149.11,True,0.24506998,False,DRIAMS-A|DRIAMS-B,DRIAMS-C,0.17936642,0.31077352
334,3002.1099999999997,False,0.24505258,False,DRIAMS-A|DRIAMS-B,DRIAMS-C,0.16042736,-0.3296778
738,4214.11,True,0.24479862,False,DRIAMS-A|DRIAMS-B,DRIAMS-C,0.101038404,0.38855883
5115,17345.11,False,0.24479386,False,DRIAMS-A|DRIAMS-B,DRIAMS-C,0.20158249,-0.28800523
4439,15317.11,False,0.24474733,False,DRIAMS-A|DRIAMS-B,DRIAMS-C,0.13772947,-0.3517652
3989,13967.11,False,0.24449743,False,DRIAMS-A|DRIAMS-B,DRIAMS-C,0.13702294,-0.35197192
3255,11765.11,False,0.24431469,False,DRIAMS-A|DRIAMS-B,DRIAMS-C,0.17958075,-0.30904862
3121,11363.11,True,0.24428879,False,DRIAMS-A|DRIAMS-B,DRIAMS-C,0.118108906,0.37046868
4833,16499.11,False,0.24424134,False,DRIAMS-A|DRIAMS-B,DRIAMS-C,0.12241933,-0.36606336
4346,15038.11,True,0.24421313,False,DRIAMS-A|DRIAMS-B,DRIAMS-C,-0.13372159,-0.35470468
3558,12674.11,True,0.24418001,False,DRIAMS-A|DRIAMS-B,DRIAMS-C,0.11694071,0.3714193
4451,15353.11,True,0.24408169,False,DRIAMS-A|DRIAMS-B,DRIAMS-C,0.10504799,0.38311538
2092,8276.11,False,0.2439991,False,DRIAMS-A|DRIAMS-B,DRIAMS-C,0.26085204,-0.22714616
3347,12041.11,False,0.24394184,False,DRIAMS-A|DRIAMS-B,DRIAMS-C,0.16949561,-0.31838807
2538,9614.11,True,0.24380517,False,DRIAMS-A|DRIAMS-B,DRIAMS-C,0.18768488,0.29992548
4818,16454.11,True,0.24375577,False,DRIAMS-A|DRIAMS-B,DRIAMS-C,0.09862866,0.38888288
1848,7544.11,True,0.24369928,False,DRIAMS-A|DRIAMS-B,DRIAMS-C,-0.21192057,-0.27547798
5934,19802.11,False,0.24362549,False,DRIAMS-A|DRIAMS-B,DRIAMS-C,0.15647444,-0.33077654
4026,14078.11,False,0.24355929,False,DRIAMS-A|DRIAMS-B,DRIAMS-C,0.073651165,-0.4134674
2160,8480.11,False,0.24344392,False,DRIAMS-A|DRIAMS-B,DRIAMS-C,0.03475844,-0.4521294
1623,6869.11,True,0.24333724,False,DRIAMS-A|DRIAMS-B,DRIAMS-C,0.26532704,0.22134747
3777,13331.11,True,0.24331883,False,DRIAMS-A|DRIAMS-B,DRIAMS-C,0.123723485,0.36291417
3330,11990.11,False,0.2433083,False,DRIAMS-A|DRIAMS-B,DRIAMS-C,0.1326104,-0.35400623
2694,10082.11,False,0.2432923,False,DRIAMS-A|DRIAMS-B,DRIAMS-C,-0.20617752,0.28040707
3605,12815.11,True,0.24328023,False,DRIAMS-A|DRIAMS-B,DRIAMS-C,0.09312293,0.39343753
5538,18614.11,True,0.24327272,False,DRIAMS-A|DRIAMS-B,DRIAMS-C,0.111017205,0.37552825
1142,5426.11,True,0.24316695,False,DRIAMS-A|DRIAMS-B,DRIAMS-C,0.029918859,0.45641506
4753,16259.11,True,0.24298708,False,DRIAMS-A|DRIAMS-B,DRIAMS-C,0.07854884,0.4074253
5960,19880.11,True,0.24292733,False,DRIAMS-A|DRIAMS-B,DRIAMS-C,0.18197668,0.30387798
1977,7931.11,False,0.24288034,False,DRIAMS-A|DRIAMS-B,DRIAMS-C,-0.084230155,0.40153053
4549,15647.11,False,0.24248123,False,DRIAMS-A|DRIAMS-B,DRIAMS-C,0.18312776,-0.3018347
2457,9371.11,False,0.24242587,False,DRIAMS-A|DRIAMS-B,DRIAMS-C,0.020565366,-0.4642864
4992,16976.11,True,0.24216099,False,DRIAMS-A|DRIAMS-B,DRIAMS-C,0.14939135,0.33493063
4937,16811.11,False,0.24208227,False,DRIAMS-A|DRIAMS-B,DRIAMS-C,0.16131483,-0.3228497
588,3764.1099999999997,True,0.2420392,False,DRIAMS-A|DRIAMS-B,DRIAMS-C,-0.14224173,-0.3418367
3701,13103.11,False,0.24200775,False,DRIAMS-A|DRIAMS-B,DRIAMS-C,-0.19972965,0.28428584
249,2747.1099999999997,True,0.24169835,False,DRIAMS-A|DRIAMS-B,DRIAMS-C,-0.28636104,-0.19703567
4915,16745.11,True,0.24158227,False,DRIAMS-A|DRIAMS-B,DRIAMS-C,0.12646253,0.356702
3675,13025.11,False,0.24150401,False,DRIAMS-A|DRIAMS-B,DRIAMS-C,0.17968853,-0.30331948
3299,11897.11,False,0.24143125,False,DRIAMS-A|DRIAMS-B,DRIAMS-C,0.117843784,-0.36501873
4949,16847.11,False,0.2413227,False,DRIAMS-A|DRIAMS-B,DRIAMS-C,0.15734808,-0.32529733
2111,8333.11,False,0.24121577,False,DRIAMS-A|DRIAMS-B,DRIAMS-C,0.08330088,-0.39913064
4503,15509.11,False,0.24113919,False,DRIAMS-A|DRIAMS-B,DRIAMS-C,0.17483199,-0.3074464
5582,18746.11,True,0.24111682,False,DRIAMS-A|DRIAMS-B,DRIAMS-C,0.102013506,0.38022014
4595,15785.11,True,0.24101397,False,DRIAMS-A|DRIAMS-B,DRIAMS-C,0.27686435,0.20516358
1849,7547.11,True,0.24100603,False,DRIAMS-A|DRIAMS-B,DRIAMS-C,-0.16263804,-0.31937402
3877,13631.11,False,0.24098697,False,DRIAMS-A|DRIAMS-B,DRIAMS-C,0.027353818,-0.45462012
505,3515.1099999999997,True,0.24094594,False,DRIAMS-A|DRIAMS-B,DRIAMS-C,-0.27764887,-0.20424302
5645,18935.11,False,0.24084774,False,DRIAMS-A|DRIAMS-B,DRIAMS-C,0.15067533,-0.33102015
4898,16694.11,False,0.24084333,False,DRIAMS-A|DRIAMS-B,DRIAMS-C,0.13823904,-0.3434476
2304,8912.11,True,0.24062377,False,DRIAMS-A|DRIAMS-B,DRIAMS-C,-0.23241086,-0.24883668
2852,10556.11,True,0.24059862,False,DRIAMS-A|DRIAMS-B,DRIAMS-C,0.2444972,0.23670006
4447,15341.11,False,0.24057072,False,DRIAMS-A|DRIAMS-B,DRIAMS-C,0.13026388,-0.35087755
1646,6938.11,False,0.24052607,False,DRIAMS-A|DRIAMS-B,DRIAMS-C,0.39013988,-0.09091226
5722,19166.11,False,0.2404526,False,DRIAMS-A|DRIAMS-B,DRIAMS-C,0.14405477,-0.33685043
3570,12710.11,False,0.24037704,False,DRIAMS-A|DRIAMS-B,DRIAMS-C,0.13534813,-0.34540597
128,2384.1099999999997,True,0.24027094,False,DRIAMS-A|DRIAMS-B,DRIAMS-C,-0.27483088,-0.20571099
1781,7343.11,False,0.2401905,False,DRIAMS-A|DRIAMS-B,DRIAMS-C,-0.01697355,0.46340746
4029,14087.11,True,0.2400772,False,DRIAMS-A|DRIAMS-B,DRIAMS-C,0.13442911,0.34572527
5754,19262.11,False,0.24000695,False,DRIAMS-A|DRIAMS-B,DRIAMS-C,0.10266669,-0.3773472
1349,6047.11,False,0.23998412,False,DRIAMS-A|DRIAMS-B,DRIAMS-C,0.09222561,-0.38774264
3008,11024.11,True,0.2398266,False,DRIAMS-A|DRIAMS-B,DRIAMS-C,0.13240433,0.34724888
1403,6209.11,False,0.23960258,False,DRIAMS-A|DRIAMS-B,DRIAMS-C,0.15904367,-0.3201615
5490,18470.11,False,0.23956755,False,DRIAMS-A|DRIAMS-B,DRIAMS-C,0.13810216,-0.34103292
32,2096.1099999999997,True,0.23953645,False,DRIAMS-A|DRIAMS-B,DRIAMS-C,-0.0412746,-0.4377983
2382,9146.11,True,0.23953438,False,DRIAMS-A|DRIAMS-B,DRIAMS-C,-0.30588898,-0.17317976
1677,7031.11,True,0.23952039,False,DRIAMS-A|DRIAMS-B,DRIAMS-C,-0.15299392,-0.32604685
5072,17216.11,True,0.23937672,False,DRIAMS-A|DRIAMS-B,DRIAMS-C,0.1844097,0.29434374
2866,10598.11,False,0.23930863,False,DRIAMS-A|DRIAMS-B,DRIAMS-C,-0.03823431,0.44038293
568,3704.1099999999997,True,0.23930104,False,DRIAMS-A|DRIAMS-B,DRIAMS-C,-0.18162036,-0.29698172
1211,5633.11,True,0.23926713,False,DRIAMS-A|DRIAMS-B,DRIAMS-C,0.06160644,0.4169278
5356,18068.11,True,0.2392603,False,DRIAMS-A|DRIAMS-B,DRIAMS-C,0.07474459,0.40377602
1020,5060.11,True,0.23919505,False,DRIAMS-A|DRIAMS-B,DRIAMS-C,-0.35060504,-0.12778506
4855,16565.11,False,0.2391864,False,DRIAMS-A|DRIAMS-B,DRIAMS-C,0.10730003,-0.37107277
1650,6950.11,True,0.23915805,False,DRIAMS-A|DRIAMS-B,DRIAMS-C,0.38951465,0.08880145
4895,16685.11,False,0.23908049,False,DRIAMS-A|DRIAMS-B,DRIAMS-C,0.18576942,-0.29239154
831,4493.11,False,0.23907292,False,DRIAMS-A|DRIAMS-B,DRIAMS-C,0.082649656,-0.3954962
330,2990.1099999999997,False,0.23903164,False,DRIAMS-A|DRIAMS-B,DRIAMS-C,0.23771323,-0.24035005
56,2168.1099999999997,True,0.2389898,False,DRIAMS-A|DRIAMS-B,DRIAMS-C,-0.34804684,-0.12993275
3007,11021.11,True,0.23898892,False,DRIAMS-A|DRIAMS-B,DRIAMS-C,0.12667638,0.35130146
3873,13619.11,True,0.2389839,False,DRIAMS-A|DRIAMS-B,DRIAMS-C,-0.02215857,-0.45580924
4265,14795.11,True,0.238967,False,DRIAMS-A|DRIAMS-B,DRIAMS-C,0.17791615,0.30001786
4556,15668.11,False,0.23893902,False,DRIAMS-A|DRIAMS-B,DRIAMS-C,0.1796553,-0.29822272
2417,9251.11,True,0.23883432,False,DRIAMS-A|DRIAMS-B,DRIAMS-C,0.16110219,0.31656647
4655,15965.11,False,0.23861244,False,DRIAMS-A|DRIAMS-B,DRIAMS-C,0.13308956,-0.3441353
64,2192.1099999999997,True,0.238531,False,DRIAMS-A|DRIAMS-B,DRIAMS-C,-0.20124592,-0.27581608
3597,12791.11,False,0.23850536,False,DRIAMS-A|DRIAMS-B,DRIAMS-C,0.13397864,-0.3430321
3353,12059.11,False,0.23850214,False,DRIAMS-A|DRIAMS-B,DRIAMS-C,0.09450355,-0.38250074
3080,11240.11,True,0.23837519,False,DRIAMS-A|DRIAMS-B,DRIAMS-C,0.17185333,0.30489704
5005,17015.11,True,0.23835027,False,DRIAMS-A|DRIAMS-B,DRIAMS-C,0.15641733,0.3202832
51,2153.1099999999997,True,0.2381988,False,DRIAMS-A|DRIAMS-B,DRIAMS-C,-0.22490424,-0.25149336
3912,13736.11,True,0.2381506,False,DRIAMS-A|DRIAMS-B,DRIAMS-C,0.180099,0.29620218
1648,6944.11,False,0.23807184,False,DRIAMS-A|DRIAMS-B,DRIAMS-C,0.44382113,-0.032322556
4056,14168.11,False,0.2380234,False,DRIAMS-A|DRIAMS-B,DRIAMS-C,0.16993971,-0.3061071
4287,14861.11,False,0.2376406,False,DRIAMS-A|DRIAMS-B,DRIAMS-C,0.09537714,-0.37990406
3234,11702.11,False,0.2374062,False,DRIAMS-A|DRIAMS-B,DRIAMS-C,0.13353051,-0.3412819
2222,8666.11,False,0.23740323,False,DRIAMS-A|DRIAMS-B,DRIAMS-C,-0.09179285,0.3830136
5065,17195.11,False,0.23730525,False,DRIAMS-A|DRIAMS-B,DRIAMS-C,0.1824406,-0.29216993
4580,15740.11,False,0.23724335,False,DRIAMS-A|DRIAMS-B,DRIAMS-C,0.011105883,-0.4633808
1724,7172.11,True,0.23718992,False,DRIAMS-A|DRIAMS-B,DRIAMS-C,-0.3688525,-0.10552735
5933,19799.11,False,0.23718847,False,DRIAMS-A|DRIAMS-B,DRIAMS-C,0.16821495,-0.306162
1680,7040.11,True,0.23702663,False,DRIAMS-A|DRIAMS-B,DRIAMS-C,-0.123240635,-0.35081264
3165,11495.11,False,0.2370226,False,DRIAMS-A|DRIAMS-B,DRIAMS-C,0.056823563,-0.41722164
5289,17867.11,True,0.23700166,False,DRIAMS-A|DRIAMS-B,DRIAMS-C,0.07788635,0.39611697
4456,15368.11,False,0.23694085,False,DRIAMS-A|DRIAMS-B,DRIAMS-C,0.14086866,-0.33301303
779,4337.11,True,0.23692772,False,DRIAMS-A|DRIAMS-B,DRIAMS-C,0.17131774,0.30253768
4582,15746.11,False,0.23675077,False,DRIAMS-A|DRIAMS-B,DRIAMS-C,0.059298746,-0.41420278
5598,18794.11,False,0.23668304,False,DRIAMS-A|DRIAMS-B,DRIAMS-C,0.21655434,-0.25681174
2213,8639.11,False,0.23665017,False,DRIAMS-A|DRIAMS-B,DRIAMS-C,-0.04038159,0.43291876
2257,8771.11,False,0.23654717,False,DRIAMS-A|DRIAMS-B,DRIAMS-C,0.10430649,-0.36878785
448,3344.1099999999997,False,0.23650652,False,DRIAMS-A|DRIAMS-B,DRIAMS-C,-0.023170792,0.44984224
4064,14192.11,False,0.23647541,False,DRIAMS-A|DRIAMS-B,DRIAMS-C,0.16276585,-0.310185
5012,17036.11,False,0.23634125,False,DRIAMS-A|DRIAMS-B,DRIAMS-C,0.22583127,-0.24685124
5454,18362.11,False,0.23620129,False,DRIAMS-A|DRIAMS-B,DRIAMS-C,0.19327809,-0.27912447
5523,18569.11,False,0.23618934,False,DRIAMS-A|DRIAMS-B,DRIAMS-C,0.17672653,-0.29565215
3841,13523.11,False,0.2361193,False,DRIAMS-A|DRIAMS-B,DRIAMS-C,-0.01008279,0.46215582
361,3083.1099999999997,False,0.23611161,False,DRIAMS-A|DRIAMS-B,DRIAMS-C,-0.020880742,0.4513425
1681,7043.11,True,0.2359437,False,DRIAMS-A|DRIAMS-B,DRIAMS-C,-0.08753456,-0.38435283
5935,19805.11,False,0.23592183,False,DRIAMS-A|DRIAMS-B,DRIAMS-C,0.14069727,-0.3311464
5770,19310.11,False,0.23589662,False,DRIAMS-A|DRIAMS-B,DRIAMS-C,0.122619785,-0.34917346
4740,16220.11,False,0.23589487,False,DRIAMS-A|DRIAMS-B,DRIAMS-C,0.18418139,-0.28760836
4773,16319.11,True,0.23586152,False,DRIAMS-A|DRIAMS-B,DRIAMS-C,0.23053528,0.24118777
4475,15425.11,False,0.23584634,False,DRIAMS-A|DRIAMS-B,DRIAMS-C,0.18047477,-0.29121792
899,4697.11,True,0.23579833,False,DRIAMS-A|DRIAMS-B,DRIAMS-C,0.12697358,0.3446231
4527,15581.11,True,0.23571756,False,DRIAMS-A|DRIAMS-B,DRIAMS-C,0.01900836,0.45242676
5376,18128.11,False,0.23570958,False,DRIAMS-A|DRIAMS-B,DRIAMS-C,0.1393254,-0.33209378
5959,19877.11,True,0.23569497,False,DRIAMS-A|DRIAMS-B,DRIAMS-C,0.16977684,0.30161312
4348,15044.11,True,0.23568743,False,DRIAMS-A|DRIAMS-B,DRIAMS-C,-0.19553073,-0.27584416
1264,5792.11,True,0.23564035,False,DRIAMS-A|DRIAMS-B,DRIAMS-C,-0.31046915,-0.16081156
2551,9653.11,True,0.23551968,False,DRIAMS-A|DRIAMS-B,DRIAMS-C,-0.1828946,-0.28814477
5815,19445.11,True,0.23533893,False,DRIAMS-A|DRIAMS-B,DRIAMS-C,0.13489261,0.33578524
1361,6083.11,True,0.23527789,False,DRIAMS-A|DRIAMS-B,DRIAMS-C,0.17924139,0.2913144
995,4985.11,True,0.23523422,False,DRIAMS-A|DRIAMS-B,DRIAMS-C,0.47035593,0.00011251188
643,3929.1099999999997,True,0.2351925,False,DRIAMS-A|DRIAMS-B,DRIAMS-C,0.16913638,0.3012486
3882,13646.11,False,0.23515883,False,DRIAMS-A|DRIAMS-B,DRIAMS-C,0.18236841,-0.28794926
1494,6482.11,True,0.23501275,False,DRIAMS-A|DRIAMS-B,DRIAMS-C,-0.1663726,-0.3036529
4131,14393.11,False,0.23499677,False,DRIAMS-A|DRIAMS-B,DRIAMS-C,0.14465626,-0.3253373
5599,18797.11,False,0.23498912,False,DRIAMS-A|DRIAMS-B,DRIAMS-C,0.15073532,-0.31924292
1189,5567.11,True,0.23493929,False,DRIAMS-A|DRIAMS-B,DRIAMS-C,0.30060238,0.16927621
226,2678.1099999999997,True,0.2349173,False,DRIAMS-A|DRIAMS-B,DRIAMS-C,-0.025047744,-0.44478685
2527,9581.11,True,0.23489831,False,DRIAMS-A|DRIAMS-B,DRIAMS-C,0.39792734,0.07186929
3955,13865.11,False,0.23458216,False,DRIAMS-A|DRIAMS-B,DRIAMS-C,0.10542113,-0.3637432
1242,5726.11,False,0.2344278,False,DRIAMS-A|DRIAMS-B,DRIAMS-C,-0.123569526,0.34528607
409,3227.1099999999997,True,0.23428577,False,DRIAMS-A|DRIAMS-B,DRIAMS-C,0.028224148,0.4403474
4746,16238.11,True,0.23413895,False,DRIAMS-A|DRIAMS-B,DRIAMS-C,0.11035205,0.35792586
996,4988.11,False,0.23407355,False,DRIAMS-A|DRIAMS-B,DRIAMS-C,0.42337167,-0.044775434
2685,10055.11,False,0.23387253,False,DRIAMS-A|DRIAMS-B,DRIAMS-C,-0.12062857,0.3471165
1651,6953.11,True,0.23383793,False,DRIAMS-A|DRIAMS-B,DRIAMS-C,0.3810499,0.08662597
4878,16634.11,False,0.23375276,False,DRIAMS-A|DRIAMS-B,DRIAMS-C,0.13053836,-0.33696714
4455,15365.11,False,0.23368566,False,DRIAMS-A|DRIAMS-B,DRIAMS-C,0.13068819,-0.33668312
5081,17243.11,True,0.23368426,False,DRIAMS-A|DRIAMS-B,DRIAMS-C,0.15448877,0.31287974
3380,12140.11,False,0.23367749,False,DRIAMS-A|DRIAMS-B,DRIAMS-C,0.1556305,-0.31172448
1750,7250.11,False,0.23350257,False,DRIAMS-A|DRIAMS-B,DRIAMS-C,-0.25552246,0.21148266
5341,18023.11,False,0.2334249,False,DRIAMS-A|DRIAMS-B,DRIAMS-C,0.14764881,-0.319201
4516,15548.11,True,0.2333764,False,DRIAMS-A|DRIAMS-B,DRIAMS-C,0.07662415,0.39012864
2884,10652.11,False,0.23330629,False,DRIAMS-A|DRIAMS-B,DRIAMS-C,0.038243007,-0.42836958
3519,12557.11,True,0.23322934,False,DRIAMS-A|DRIAMS-B,DRIAMS-C,0.18072595,0.28573275
1652,6956.11,True,0.23322083,False,DRIAMS-A|DRIAMS-B,DRIAMS-C,0.39570385,0.0707378
1800,7400.11,False,0.23319125,False,DRIAMS-A|DRIAMS-B,DRIAMS-C,-0.09486903,0.37151346
1626,6878.11,True,0.23316783,False,DRIAMS-A|DRIAMS-B,DRIAMS-C,0.28590864,0.18042701
2676,10028.11,True,0.23303266,False,DRIAMS-A|DRIAMS-B,DRIAMS-C,0.15420952,0.3118558
4155,14465.11,True,0.23298752,False,DRIAMS-A|DRIAMS-B,DRIAMS-C,0.029611684,0.43636337
4592,15776.11,False,0.2329573,False,DRIAMS-A|DRIAMS-B,DRIAMS-C,0.2375837,-0.22833093
5058,17174.11,True,0.2329217,False,DRIAMS-A|DRIAMS-B,DRIAMS-C,0.19033077,0.27551264
3392,12176.11,False,0.23290822,False,DRIAMS-A|DRIAMS-B,DRIAMS-C,0.12910484,-0.33671162
227,2681.1099999999997,True,0.2328504,False,DRIAMS-A|DRIAMS-B,DRIAMS-C,-0.08732014,-0.37838066
770,4310.11,True,0.23275007,False,DRIAMS-A|DRIAMS-B,DRIAMS-C,-0.12789533,-0.33760482
4922,16766.11,False,0.23267645,False,DRIAMS-A|DRIAMS-B,DRIAMS-C,0.17276148,-0.29259142
5108,17324.11,False,0.23266953,False,DRIAMS-A|DRIAMS-B,DRIAMS-C,0.17166832,-0.29367074
1292,5876.11,True,0.23260513,False,DRIAMS-A|DRIAMS-B,DRIAMS-C,-0.08474461,-0.38046566
5818,19454.11,True,0.23259538,False,DRIAMS-A|DRIAMS-B,DRIAMS-C,0.09728738,0.36790338
2054,8162.11,False,0.23246114,False,DRIAMS-A|DRIAMS-B,DRIAMS-C,-0.12080584,0.34411645
4266,14798.11,True,0.23239864,False,DRIAMS-A|DRIAMS-B,DRIAMS-C,0.14590302,0.31889427
4721,16163.11,False,0.23234767,False,DRIAMS-A|DRIAMS-B,DRIAMS-C,0.13693875,-0.32775658
5230,17690.11,False,0.23232363,False,DRIAMS-A|DRIAMS-B,DRIAMS-C,0.077203184,-0.38744408
2801,10403.11,True,0.2323191,False,DRIAMS-A|DRIAMS-B,DRIAMS-C,0.20497972,0.2596585
2201,8603.11,False,0.23226601,False,DRIAMS-A|DRIAMS-B,DRIAMS-C,0.08004118,-0.38449085
3988,13964.11,False,0.23215085,False,DRIAMS-A|DRIAMS-B,DRIAMS-C,0.087208375,-0.37709334
3429,12287.11,False,0.23213516,False,DRIAMS-A|DRIAMS-B,DRIAMS-C,0.15682769,-0.30744264
650,3950.1099999999997,False,0.23209885,False,DRIAMS-A|DRIAMS-B,DRIAMS-C,0.3291277,-0.13507
528,3584.1099999999997,False,0.2320958,False,DRIAMS-A|DRIAMS-B,DRIAMS-C,-0.44761315,0.016578434
4675,16025.11,False,0.23209547,False,DRIAMS-A|DRIAMS-B,DRIAMS-C,0.08350179,-0.38068914
4719,16157.11,False,0.23200965,False,DRIAMS-A|DRIAMS-B,DRIAMS-C,0.15191424,-0.31210506
5018,17054.11,False,0.23188165,False,DRIAMS-A|DRIAMS-B,DRIAMS-C,0.21694298,-0.24682032
1356,6068.11,False,0.23186095,False,DRIAMS-A|DRIAMS-B,DRIAMS-C,0.35917345,-0.104548454
2689,10067.11,True,0.23184158,False,DRIAMS-A|DRIAMS-B,DRIAMS-C,-0.21000406,-0.2536791
2592,9776.11,True,0.2318334,False,DRIAMS-A|DRIAMS-B,DRIAMS-C,0.18066432,0.2830025
325,2975.1099999999997,False,0.23182812,False,DRIAMS-A|DRIAMS-B,DRIAMS-C,0.15745004,-0.30620623
248,2744.1099999999997,True,0.23181075,False,DRIAMS-A|DRIAMS-B,DRIAMS-C,-0.13431127,-0.3293102
174,2522.1099999999997,True,0.23173746,False,DRIAMS-A|DRIAMS-B,DRIAMS-C,-0.19865452,-0.26482043
5328,17984.11,True,0.23170808,False,DRIAMS-A|DRIAMS-B,DRIAMS-C,0.19025241,0.27316374
5895,19685.11,False,0.231698,False,DRIAMS-A|DRIAMS-B,DRIAMS-C,0.12496438,-0.33843163
5254,17762.11,True,0.2316822,False,DRIAMS-A|DRIAMS-B,DRIAMS-C,0.121315785,0.34204862
3009,11027.11,True,0.23153591,False,DRIAMS-A|DRIAMS-B,DRIAMS-C,0.10153586,0.36153597
14,2042.11,False,0.23134536,False,DRIAMS-A|DRIAMS-B,DRIAMS-C,0.124938644,-0.33775207
2381,9143.11,True,0.23127624,False,DRIAMS-A|DRIAMS-B,DRIAMS-C,-0.2781616,-0.1843909
2056,8168.11,False,0.23101461,False,DRIAMS-A|DRIAMS-B,DRIAMS-C,-0.11402233,0.34800687
377,3131.1099999999997,False,0.23079973,False,DRIAMS-A|DRIAMS-B,DRIAMS-C,0.14018476,-0.3214147
2038,8114.11,True,0.23075408,False,DRIAMS-A|DRIAMS-B,DRIAMS-C,-0.27109694,-0.19041122
3422,12266.11,False,0.23071697,False,DRIAMS-A|DRIAMS-B,DRIAMS-C,0.062396195,-0.39903775
2281,8843.11,True,0.23064208,False,DRIAMS-A|DRIAMS-B,DRIAMS-C,-0.14232706,-0.3189571
5258,17774.11,True,0.23061143,False,DRIAMS-A|DRIAMS-B,DRIAMS-C,0.08905098,0.37217188
5054,17162.11,True,0.2305269,False,DRIAMS-A|DRIAMS-B,DRIAMS-C,0.23429924,0.22675456
780,4340.11,True,0.23044533,False,DRIAMS-A|DRIAMS-B,DRIAMS-C,0.15636931,0.30452135
4200,14600.11,False,0.23037903,False,DRIAMS-A|DRIAMS-B,DRIAMS-C,0.106722005,-0.35403606
3923,13769.11,False,0.23037878,False,DRIAMS-A|DRIAMS-B,DRIAMS-C,0.2115585,-0.24919903
3922,13766.11,False,0.23035273,False,DRIAMS-A|DRIAMS-B,DRIAMS-C,0.20246243,-0.25824302
4554,15662.11,False,0.23032403,False,DRIAMS-A|DRIAMS-B,DRIAMS-C,0.1339391,-0.32670897
4195,14585.11,False,0.23028997,False,DRIAMS-A|DRIAMS-B,DRIAMS-C,0.12484997,-0.33572996
429,3287.1099999999997,True,0.23028259,False,DRIAMS-A|DRIAMS-B,DRIAMS-C,-0.18277895,-0.27778623
3225,11675.11,False,0.23019454,False,DRIAMS-A|DRIAMS-B,DRIAMS-C,0.16844976,-0.29193932
2091,8273.11,False,0.23019072,False,DRIAMS-A|DRIAMS-B,DRIAMS-C,0.14692509,-0.31345636
2764,10292.11,True,0.2299706,False,DRIAMS-A|DRIAMS-B,DRIAMS-C,-0.09690618,-0.36303502
5471,18413.11,False,0.22997025,False,DRIAMS-A|DRIAMS-B,DRIAMS-C,0.21757935,-0.24236114
5611,18833.11,False,0.22996968,False,DRIAMS-A|DRIAMS-B,DRIAMS-C,0.13756892,-0.32237044
204,2612.1099999999997,True,0.22994596,False,DRIAMS-A|DRIAMS-B,DRIAMS-C,-0.1476848,-0.31220713
5551,18653.11,False,0.22990525,False,DRIAMS-A|DRIAMS-B,DRIAMS-C,0.11385015,-0.34596035
5473,18419.11,False,0.22989371,False,DRIAMS-A|DRIAMS-B,DRIAMS-C,0.19206822,-0.2677192
3101,11303.11,False,0.22985363,False,DRIAMS-A|DRIAMS-B,DRIAMS-C,0.14950898,-0.31019828
5524,18572.11,False,0.2297892,False,DRIAMS-A|DRIAMS-B,DRIAMS-C,0.18117192,-0.27840647
4371,15113.11,False,0.22970574,False,DRIAMS-A|DRIAMS-B,DRIAMS-C,-0.10037556,0.3590359
5685,19055.11,True,0.22963025,False,DRIAMS-A|DRIAMS-B,DRIAMS-C,0.1296807,0.3295798
4771,16313.11,True,0.22952038,False,DRIAMS-A|DRIAMS-B,DRIAMS-C,0.18815146,0.27088928
2966,10898.11,True,0.22948217,False,DRIAMS-A|DRIAMS-B,DRIAMS-C,0.40800154,0.050962813
4644,15932.11,True,0.22939408,False,DRIAMS-A|DRIAMS-B,DRIAMS-C,0.11377193,0.3450162
3122,11366.11,True,0.22934374,False,DRIAMS-A|DRIAMS-B,DRIAMS-C,0.1320584,0.32662907
1710,7130.11,True,0.22932069,False,DRIAMS-A|DRIAMS-B,DRIAMS-C,-0.2671844,-0.19145697
4163,14489.11,False,0.22907738,False,DRIAMS-A|DRIAMS-B,DRIAMS-C,-0.07772743,0.38042733
3809,13427.11,False,0.22891264,False,DRIAMS-A|DRIAMS-B,DRIAMS-C,0.20178038,-0.2560449
5628,18884.11,False,0.22886172,False,DRIAMS-A|DRIAMS-B,DRIAMS-C,0.12375562,-0.33396783
5992,19976.11,False,0.22885334,False,DRIAMS-A|DRIAMS-B,DRIAMS-C,0.14675373,-0.31095296
1263,5789.11,True,0.22875352,False,DRIAMS-A|DRIAMS-B,DRIAMS-C,-0.36594006,-0.09156697
5160,17480.11,True,0.22872028,False,DRIAMS-A|DRIAMS-B,DRIAMS-C,0.17962612,0.27781442
1803,7409.11,True,0.22871973,False,DRIAMS-A|DRIAMS-B,DRIAMS-C,-0.12536082,-0.33207864
5429,18287.11,False,0.22868976,False,DRIAMS-A|DRIAMS-B,DRIAMS-C,0.11640413,-0.3409754
2880,10640.11,True,0.22868305,False,DRIAMS-A|DRIAMS-B,DRIAMS-C,0.17534952,0.2820166
3956,13868.11,False,0.22864929,False,DRIAMS-A|DRIAMS-B,DRIAMS-C,0.16751625,-0.28978232
5133,17399.11,False,0.22851631,False,DRIAMS-A|DRIAMS-B,DRIAMS-C,0.19964413,-0.2573885
2778,10334.11,False,0.2284728,False,DRIAMS-A|DRIAMS-B,DRIAMS-C,-0.05648957,0.40045604
2712,10136.11,False,0.22838067,False,DRIAMS-A|DRIAMS-B,DRIAMS-C,-0.025910879,0.43085045
2190,8570.11,True,0.22834064,False,DRIAMS-A|DRIAMS-B,DRIAMS-C,-0.015286894,-0.4413944
1407,6221.11,True,0.2283124,False,DRIAMS-A|DRIAMS-B,DRIAMS-C,-0.0898728,-0.366752
4946,16838.11,False,0.22822842,False,DRIAMS-A|DRIAMS-B,DRIAMS-C,0.14503591,-0.31142092
3262,11786.11,True,0.22809778,False,DRIAMS-A|DRIAMS-B,DRIAMS-C,0.16694888,0.28924668
2181,8543.11,False,0.22805257,False,DRIAMS-A|DRIAMS-B,DRIAMS-C,0.030189445,-0.4259157
1169,5507.11,True,0.22796234,False,DRIAMS-A|DRIAMS-B,DRIAMS-C,-0.2708691,-0.18505558
3718,13154.11,False,0.22787195,False,DRIAMS-A|DRIAMS-B,DRIAMS-C,0.016559292,-0.4391846
445,3335.1099999999997,True,0.22779357,False,DRIAMS-A|DRIAMS-B,DRIAMS-C,-0.04261418,-0.41297296
4484,15452.11,False,0.22768132,False,DRIAMS-A|DRIAMS-B,DRIAMS-C,0.005329876,-0.45003277
3974,13922.11,True,0.22762069,False,DRIAMS-A|DRIAMS-B,DRIAMS-C,0.18687667,0.26836473
2124,8372.11,True,0.22743745,False,DRIAMS-A|DRIAMS-B,DRIAMS-C,0.08753702,0.36733788
3041,11123.11,True,0.22739749,False,DRIAMS-A|DRIAMS-B,DRIAMS-C,0.097273104,0.35752186
1722,7166.11,False,0.22729833,False,DRIAMS-A|DRIAMS-B,DRIAMS-C,-0.18447408,0.2701226
5392,18176.11,False,0.22724095,False,DRIAMS-A|DRIAMS-B,DRIAMS-C,0.16355176,-0.29093015
5977,19931.11,True,0.22723521,False,DRIAMS-A|DRIAMS-B,DRIAMS-C,0.106523626,0.3479468
2896,10688.11,True,0.22719842,False,DRIAMS-A|DRIAMS-B,DRIAMS-C,0.13487738,0.31951946
4870,16610.11,False,0.22711718,False,DRIAMS-A|DRIAMS-B,DRIAMS-C,0.13929243,-0.31494194
1156,5468.11,False,0.22710551,False,DRIAMS-A|DRIAMS-B,DRIAMS-C,-0.10106679,0.35314423
2591,9773.11,True,0.22704327,False,DRIAMS-A|DRIAMS-B,DRIAMS-C,0.17839693,0.27568963
2050,8150.11,False,0.22695018,False,DRIAMS-A|DRIAMS-B,DRIAMS-C,-0.13523397,0.3186664
2875,10625.11,True,0.22689247,False,DRIAMS-A|DRIAMS-B,DRIAMS-C,0.016811376,0.43697357
5822,19466.11,True,0.226865,False,DRIAMS-A|DRIAMS-B,DRIAMS-C,0.21618333,0.23754665
5032,17096.11,False,0.22686037,False,DRIAMS-A|DRIAMS-B,DRIAMS-C,0.07746497,-0.37625578
4980,16940.11,False,0.22681232,False,DRIAMS-A|DRIAMS-B,DRIAMS-C,0.22295603,-0.2306686
3506,12518.11,False,0.22669381,False,DRIAMS-A|DRIAMS-B,DRIAMS-C,0.14011814,-0.31326947
3455,12365.11,True,0.22667894,False,DRIAMS-A|DRIAMS-B,DRIAMS-C,0.16144238,0.29191548
1665,6995.11,True,0.22662164,False,DRIAMS-A|DRIAMS-B,DRIAMS-C,-0.07355877,-0.3796845
1617,6851.11,True,0.22659549,False,DRIAMS-A|DRIAMS-B,DRIAMS-C,-0.27069166,-0.1824993
3823,13469.11,False,0.22657159,False,DRIAMS-A|DRIAMS-B,DRIAMS-C,0.16623135,-0.28691182
4856,16568.11,False,0.22652426,False,DRIAMS-A|DRIAMS-B,DRIAMS-C,0.06691511,-0.3861334
5901,19703.11,False,0.22649035,False,DRIAMS-A|DRIAMS-B,DRIAMS-C,0.13230793,-0.32067275
2776,10328.11,True,0.22627428,False,DRIAMS-A|DRIAMS-B,DRIAMS-C,0.041721866,0.4108267
4351,15053.11,True,0.22623658,False,DRIAMS-A|DRIAMS-B,DRIAMS-C,-0.24057794,-0.21189521
3726,13178.11,True,0.2262347,False,DRIAMS-A|DRIAMS-B,DRIAMS-C,0.13750942,0.31495997
2824,10472.11,True,0.22609696,False,DRIAMS-A|DRIAMS-B,DRIAMS-C,0.056378007,0.3958159
1934,7802.11,False,0.22609466,False,DRIAMS-A|DRIAMS-B,DRIAMS-C,-0.08368821,0.36850113
1322,5966.11,True,0.2260902,False,DRIAMS-A|DRIAMS-B,DRIAMS-C,0.26028195,0.19189844
3627,12881.11,False,0.22608596,False,DRIAMS-A|DRIAMS-B,DRIAMS-C,0.1970725,-0.25509942
1028,5084.11,False,0.22606742,False,DRIAMS-A|DRIAMS-B,DRIAMS-C,0.21979162,-0.23234321
5950,19850.11,False,0.2260581,False,DRIAMS-A|DRIAMS-B,DRIAMS-C,0.14966048,-0.3024557
4218,14654.11,False,0.22596219,False,DRIAMS-A|DRIAMS-B,DRIAMS-C,0.252303,-0.19962138
4857,16571.11,False,0.22593686,False,DRIAMS-A|DRIAMS-B,DRIAMS-C,0.14784594,-0.30402777
685,4055.1099999999997,True,0.22590527,False,DRIAMS-A|DRIAMS-B,DRIAMS-C,-0.3190065,-0.13280402
4932,16796.11,True,0.22576714,False,DRIAMS-A|DRIAMS-B,DRIAMS-C,0.14965047,0.3018838
2549,9647.11,True,0.22575393,False,DRIAMS-A|DRIAMS-B,DRIAMS-C,-0.11532185,-0.33618602
2726,10178.11,True,0.22570634,False,DRIAMS-A|DRIAMS-B,DRIAMS-C,-0.2346149,-0.21679778
4350,15050.11,True,0.2256605,False,DRIAMS-A|DRIAMS-B,DRIAMS-C,-0.22547302,-0.22584797
405,3215.1099999999997,True,0.22562334,False,DRIAMS-A|DRIAMS-B,DRIAMS-C,-0.29225034,-0.15899634
1146,5438.11,True,0.22559503,False,DRIAMS-A|DRIAMS-B,DRIAMS-C,0.26384455,0.18734549
2733,10199.11,True,0.22551523,False,DRIAMS-A|DRIAMS-B,DRIAMS-C,-0.062817626,-0.38821283
678,4034.1099999999997,True,0.22544521,False,DRIAMS-A|DRIAMS-B,DRIAMS-C,0.1070817,0.3438087
5046,17138.11,False,0.2253434,False,DRIAMS-A|DRIAMS-B,DRIAMS-C,0.18851374,-0.2621731
2401,9203.11,True,0.22534013,False,DRIAMS-A|DRIAMS-B,DRIAMS-C,-0.207299,-0.24338128
843,4529.11,False,0.22521183,False,DRIAMS-A|DRIAMS-B,DRIAMS-C,-0.07127263,0.37915105
3780,13340.11,True,0.22519553,False,DRIAMS-A|DRIAMS-B,DRIAMS-C,0.17152105,0.27887
2375,9125.11,True,0.22516376,False,DRIAMS-A|DRIAMS-B,DRIAMS-C,0.0392106,0.41111693
4446,15338.11,False,0.22515711,False,DRIAMS-A|DRIAMS-B,DRIAMS-C,0.088170215,-0.362144
1100,5300.11,True,0.22511953,False,DRIAMS-A|DRIAMS-B,DRIAMS-C,0.21509534,0.23514374
5496,18488.11,False,0.22510472,False,DRIAMS-A|DRIAMS-B,DRIAMS-C,0.2136739,-0.23653553
527,3581.1099999999997,False,0.2249765,False,DRIAMS-A|DRIAMS-B,DRIAMS-C,-0.25344187,0.19651112
275,2825.1099999999997,False,0.22479309,False,DRIAMS-A|DRIAMS-B,DRIAMS-C,0.35173976,-0.09784641
2785,10355.11,True,0.22477265,False,DRIAMS-A|DRIAMS-B,DRIAMS-C,-0.0471768,-0.4023685
2731,10193.11,False,0.22470157,False,DRIAMS-A|DRIAMS-B,DRIAMS-C,0.00859062,-0.44081253
672,4016.1099999999997,False,0.22453028,False,DRIAMS-A|DRIAMS-B,DRIAMS-C,0.27714258,-0.17191796
682,4046.1099999999997,False,0.22447991,False,DRIAMS-A|DRIAMS-B,DRIAMS-C,-0.41380227,0.035157558
2599,9797.11,True,0.22444631,False,DRIAMS-A|DRIAMS-B,DRIAMS-C,0.061181933,0.3877107
3406,12218.11,False,0.22440977,False,DRIAMS-A|DRIAMS-B,DRIAMS-C,0.10345721,-0.34536234
649,3947.1099999999997,False,0.2243711,False,DRIAMS-A|DRIAMS-B,DRIAMS-C,0.26289043,-0.18585178
695,4085.1099999999997,False,0.22426924,False,DRIAMS-A|DRIAMS-B,DRIAMS-C,-0.29732347,0.15121502
4276,14828.11,False,0.22426718,False,DRIAMS-A|DRIAMS-B,DRIAMS-C,0.14041181,-0.30812255
1888,7664.11,False,0.22420609,False,DRIAMS-A|DRIAMS-B,DRIAMS-C,0.2698879,-0.17852429
3381,12143.11,False,0.22417948,False,DRIAMS-A|DRIAMS-B,DRIAMS-C,0.15841688,-0.28994206
1173,5519.11,True,0.22416317,False,DRIAMS-A|DRIAMS-B,DRIAMS-C,0.40801534,0.040311005
1773,7319.11,True,0.22415742,False,DRIAMS-A|DRIAMS-B,DRIAMS-C,0.11528505,0.3330298
2440,9320.11,True,0.22414136,False,DRIAMS-A|DRIAMS-B,DRIAMS-C,0.09651686,0.35176584
4881,16643.11,False,0.22411898,False,DRIAMS-A|DRIAMS-B,DRIAMS-C,0.12731074,-0.3209272
4210,14630.11,False,0.22408222,False,DRIAMS-A|DRIAMS-B,DRIAMS-C,0.12037381,-0.32779062
1392,6176.11,False,0.2240581,False,DRIAMS-A|DRIAMS-B,DRIAMS-C,0.100690566,-0.34742564
5131,17393.11,False,0.22404909,False,DRIAMS-A|DRIAMS-B,DRIAMS-C,0.1049148,-0.34318337
3507,12521.11,False,0.22397353,False,DRIAMS-A|DRIAMS-B,DRIAMS-C,0.11376978,-0.3341773
2579,9737.11,False,0.22392192,False,DRIAMS-A|DRIAMS-B,DRIAMS-C,-0.031647366,0.4161965
3103,11309.11,False,0.22375959,False,DRIAMS-A|DRIAMS-B,DRIAMS-C,0.21876962,-0.22874957
1739,7217.11,True,0.22372548,False,DRIAMS-A|DRIAMS-B,DRIAMS-C,0.08581843,0.36163253
2248,8744.11,False,0.2236177,False,DRIAMS-A|DRIAMS-B,DRIAMS-C,0.14304516,-0.30419025
3420,12260.11,False,0.22360334,False,DRIAMS-A|DRIAMS-B,DRIAMS-C,0.115377545,-0.33182913
1734,7202.11,True,0.22342306,False,DRIAMS-A|DRIAMS-B,DRIAMS-C,0.2086596,0.23818651
2652,9956.11,True,0.22337547,False,DRIAMS-A|DRIAMS-B,DRIAMS-C,0.15017594,0.296575
40,2120.1099999999997,False,0.22325686,False,DRIAMS-A|DRIAMS-B,DRIAMS-C,-0.30532366,0.14119004
5668,19004.11,False,0.22318089,False,DRIAMS-A|DRIAMS-B,DRIAMS-C,0.15740503,-0.28895676
392,3176.1099999999997,True,0.22313093,False,DRIAMS-A|DRIAMS-B,DRIAMS-C,-0.09424136,-0.3520205
5760,19280.11,True,0.2230814,False,DRIAMS-A|DRIAMS-B,DRIAMS-C,0.099478066,0.34668472
5727,19181.11,False,0.22306229,False,DRIAMS-A|DRIAMS-B,DRIAMS-C,0.12331077,-0.3228138
57,2171.1099999999997,True,0.22305904,False,DRIAMS-A|DRIAMS-B,DRIAMS-C,-0.041920688,-0.4041974
5119,17357.11,True,0.22304153,False,DRIAMS-A|DRIAMS-B,DRIAMS-C,0.09410563,0.35197744
99,2297.1099999999997,True,0.22297157,False,DRIAMS-A|DRIAMS-B,DRIAMS-C,-0.084748775,-0.36119437
495,3485.1099999999997,False,0.2229631,False,DRIAMS-A|DRIAMS-B,DRIAMS-C,-0.20963654,0.23628964
866,4598.11,True,0.22292465,False,DRIAMS-A|DRIAMS-B,DRIAMS-C,-0.2408581,-0.20499122
3555,12665.11,True,0.22285903,False,DRIAMS-A|DRIAMS-B,DRIAMS-C,0.20194669,0.24377134
3639,12917.11,False,0.22279699,False,DRIAMS-A|DRIAMS-B,DRIAMS-C,0.119538784,-0.3260552
314,2942.1099999999997,True,0.22279367,False,DRIAMS-A|DRIAMS-B,DRIAMS-C,-0.20407055,-0.24151677
2134,8402.11,True,0.2226842,False,DRIAMS-A|DRIAMS-B,DRIAMS-C,0.29127565,0.15409277
1159,5477.11,True,0.22267234,False,DRIAMS-A|DRIAMS-B,DRIAMS-C,-0.13432424,-0.31102046
1557,6671.11,True,0.22247788,False,DRIAMS-A|DRIAMS-B,DRIAMS-C,0.109424464,0.3355313
5996,19988.11,False,0.22242707,False,DRIAMS-A|DRIAMS-B,DRIAMS-C,0.13041992,-0.3144342
4593,15779.11,True,0.22233012,False,DRIAMS-A|DRIAMS-B,DRIAMS-C,0.26295564,0.18170461
1520,6560.11,False,0.22221357,False,DRIAMS-A|DRIAMS-B,DRIAMS-C,-0.25370705,0.19072008
5541,18623.11,True,0.2220982,False,DRIAMS-A|DRIAMS-B,DRIAMS-C,0.13932286,0.30487353
4755,16265.11,True,0.22201681,False,DRIAMS-A|DRIAMS-B,DRIAMS-C,0.085483655,0.35854995
2365,9095.11,False,0.2220151,False,DRIAMS-A|DRIAMS-B,DRIAMS-C,0.024440356,-0.41958985
5209,17627.11,False,0.22182664,False,DRIAMS-A|DRIAMS-B,DRIAMS-C,0.14472108,-0.2989322
540,3620.1099999999997,True,0.2216301,False,DRIAMS-A|DRIAMS-B,DRIAMS-C,0.040141575,0.4031186
3306,11918.11,False,0.22162752,False,DRIAMS-A|DRIAMS-B,DRIAMS-C,0.20129697,-0.24195807
3635,12905.11,True,0.22158244,False,DRIAMS-A|DRIAMS-B,DRIAMS-C,0.1409994,0.30216548
4941,16823.11,False,0.2215671,False,DRIAMS-A|DRIAMS-B,DRIAMS-C,0.16267926,-0.28045493
5470,18410.11,False,0.22151634,False,DRIAMS-A|DRIAMS-B,DRIAMS-C,0.19801797,-0.24501471
3474,12422.11,False,0.22150654,False,DRIAMS-A|DRIAMS-B,DRIAMS-C,0.0961238,-0.34688926
5226,17678.11,False,0.22135139,False,DRIAMS-A|DRIAMS-B,DRIAMS-C,0.016243005,-0.42645976
1529,6587.11,False,0.2212128,False,DRIAMS-A|DRIAMS-B,DRIAMS-C,0.16262452,-0.27980107
4326,14978.11,False,0.22119163,False,DRIAMS-A|DRIAMS-B,DRIAMS-C,0.23626383,-0.20611943
4347,15041.11,True,0.22118309,False,DRIAMS-A|DRIAMS-B,DRIAMS-C,-0.17216927,-0.2701969
169,2507.1099999999997,True,0.22116113,False,DRIAMS-A|DRIAMS-B,DRIAMS-C,-0.18909578,-0.25322646
4989,16967.11,False,0.22110859,False,DRIAMS-A|DRIAMS-B,DRIAMS-C,0.18692191,-0.25529525
1708,7124.11,True,0.22110242,False,DRIAMS-A|DRIAMS-B,DRIAMS-C,-0.22934932,-0.2128555
3941,13823.11,False,0.22109737,False,DRIAMS-A|DRIAMS-B,DRIAMS-C,0.09373831,-0.3484564
2047,8141.11,False,0.22104217,False,DRIAMS-A|DRIAMS-B,DRIAMS-C,-0.005149268,0.43693507
5823,19469.11,True,0.22102326,False,DRIAMS-A|DRIAMS-B,DRIAMS-C,0.21938434,0.22266218
1053,5159.11,False,0.22099157,False,DRIAMS-A|DRIAMS-B,DRIAMS-C,-0.028049972,0.41393316
5432,18296.11,False,0.2209871,False,DRIAMS-A|DRIAMS-B,DRIAMS-C,0.1595448,-0.2824294
3441,12323.11,True,0.22098164,False,DRIAMS-A|DRIAMS-B,DRIAMS-C,0.07545826,0.36650503
5393,18179.11,False,0.22092643,False,DRIAMS-A|DRIAMS-B,DRIAMS-C,0.12287124,-0.31898162
834,4502.11,False,0.22082044,False,DRIAMS-A|DRIAMS-B,DRIAMS-C,-0.039358173,0.4022827
4696,16088.11,True,0.22080788,False,DRIAMS-A|DRIAMS-B,DRIAMS-C,-0.01669328,-0.4249225
1417,6251.11,True,0.22076562,False,DRIAMS-A|DRIAMS-B,DRIAMS-C,0.117924586,0.32360667
4545,15635.11,False,0.22073568,False,DRIAMS-A|DRIAMS-B,DRIAMS-C,0.25052094,-0.19095042
190,2570.1099999999997,True,0.22067073,False,DRIAMS-A|DRIAMS-B,DRIAMS-C,-0.14379258,-0.2975489
632,3896.1099999999997,True,0.22042912,False,DRIAMS-A|DRIAMS-B,DRIAMS-C,0.18796319,0.25289506
625,3875.1099999999997,True,0.22040974,False,DRIAMS-A|DRIAMS-B,DRIAMS-C,-0.11446469,-0.32635477
3830,13490.11,False,0.22039431,False,DRIAMS-A|DRIAMS-B,DRIAMS-C,0.1554433,-0.28534532
5497,18491.11,False,0.22038132,False,DRIAMS-A|DRIAMS-B,DRIAMS-C,0.25138673,-0.18937589
612,3836.1099999999997,True,0.22032136,False,DRIAMS-A|DRIAMS-B,DRIAMS-C,0.33451623,0.1061265
3978,13934.11,False,0.22024319,False,DRIAMS-A|DRIAMS-B,DRIAMS-C,0.16093248,-0.2795539
4647,15941.11,True,0.22023442,False,DRIAMS-A|DRIAMS-B,DRIAMS-C,0.1747181,0.26575074
4476,15428.11,False,0.22022629,False,DRIAMS-A|DRIAMS-B,DRIAMS-C,0.17284471,-0.26760787
5336,18008.11,True,0.22005099,False,DRIAMS-A|DRIAMS-B,DRIAMS-C,0.21934448,0.22075751
619,3857.1099999999997,True,0.22002995,False,DRIAMS-A|DRIAMS-B,DRIAMS-C,-0.31855527,-0.12150462
3733,13199.11,True,0.22001474,False,DRIAMS-A|DRIAMS-B,DRIAMS-C,0.07710058,0.3629289
4599,15797.11,False,0.21999559,False,DRIAMS-A|DRIAMS-B,DRIAMS-C,0.20152193,-0.23846923
1618,6854.11,True,0.21998999,False,DRIAMS-A|DRIAMS-B,DRIAMS-C,-0.17412484,-0.26585513
2525,9575.11,True,0.21980989,False,DRIAMS-A|DRIAMS-B,DRIAMS-C,0.27123123,0.16838856
3334,12002.11,True,0.21980183,False,DRIAMS-A|DRIAMS-B,DRIAMS-C,0.13770431,0.30189934
5723,19169.11,False,0.2197338,False,DRIAMS-A|DRIAMS-B,DRIAMS-C,0.10735665,-0.33211097
5565,18695.11,True,0.21972618,False,DRIAMS-A|DRIAMS-B,DRIAMS-C,0.13354355,0.3059088
4474,15422.11,False,0.21967548,False,DRIAMS-A|DRIAMS-B,DRIAMS-C,0.18006043,-0.25929055
5299,17897.11,False,0.21965942,False,DRIAMS-A|DRIAMS-B,DRIAMS-C,0.20092407,-0.23839477
4672,16016.11,False,0.2196469,False,DRIAMS-A|DRIAMS-B,DRIAMS-C,0.15669793,-0.28259587
5670,19010.11,False,0.2196217,False,DRIAMS-A|DRIAMS-B,DRIAMS-C,0.17837921,-0.2608642
5952,19856.11,False,0.21959047,False,DRIAMS-A|DRIAMS-B,DRIAMS-C,0.1144801,-0.32470083
5047,17141.11,False,0.21955174,False,DRIAMS-A|DRIAMS-B,DRIAMS-C,0.25309533,-0.18600814
2383,9149.11,True,0.21945427,False,DRIAMS-A|DRIAMS-B,DRIAMS-C,-0.2459433,-0.19296525
653,3959.1099999999997,False,0.21934047,False,DRIAMS-A|DRIAMS-B,DRIAMS-C,-0.0772057,0.36147523
5850,19550.11,False,0.21926403,False,DRIAMS-A|DRIAMS-B,DRIAMS-C,0.12956282,-0.30896524
3554,12662.11,True,0.21919617,False,DRIAMS-A|DRIAMS-B,DRIAMS-C,0.176395,0.26199734
1405,6215.11,False,0.2191501,False,DRIAMS-A|DRIAMS-B,DRIAMS-C,0.08256624,-0.35573396
3166,11498.11,False,0.21907483,False,DRIAMS-A|DRIAMS-B,DRIAMS-C,0.0536637,-0.38448596
2740,10220.11,False,0.2190198,False,DRIAMS-A|DRIAMS-B,DRIAMS-C,0.14769731,-0.29034227
1341,6023.11,True,0.21899824,False,DRIAMS-A|DRIAMS-B,DRIAMS-C,-0.059518673,-0.3784778
5137,17411.11,True,0.21895766,False,DRIAMS-A|DRIAMS-B,DRIAMS-C,0.13446876,0.30344656
2865,10595.11,False,0.21893224,False,DRIAMS-A|DRIAMS-B,DRIAMS-C,-0.010762808,0.42710167
4203,14609.11,True,0.2189093,False,DRIAMS-A|DRIAMS-B,DRIAMS-C,0.12777309,0.3100455
5991,19973.11,False,0.21887547,False,DRIAMS-A|DRIAMS-B,DRIAMS-C,0.11702522,-0.3207257
3875,13625.11,True,0.21878761,False,DRIAMS-A|DRIAMS-B,DRIAMS-C,-0.042332783,-0.39524242
5064,17192.11,False,0.21877852,False,DRIAMS-A|DRIAMS-B,DRIAMS-C,0.17400303,-0.263554
474,3422.1099999999997,True,0.21876352,False,DRIAMS-A|DRIAMS-B,DRIAMS-C,-0.24935253,-0.1881745
3569,12707.11,False,0.21863735,False,DRIAMS-A|DRIAMS-B,DRIAMS-C,0.1237851,-0.3134896
381,3143.1099999999997,True,0.2186083,False,DRIAMS-A|DRIAMS-B,DRIAMS-C,0.08332089,0.35389572
5655,18965.11,False,0.21856335,False,DRIAMS-A|DRIAMS-B,DRIAMS-C,0.13986069,-0.297266
317,2951.1099999999997,True,0.21847495,False,DRIAMS-A|DRIAMS-B,DRIAMS-C,0.18610586,0.25084403
3265,11795.11,False,0.21845956,False,DRIAMS-A|DRIAMS-B,DRIAMS-C,0.13066158,-0.30625755
3385,12155.11,True,0.21843527,False,DRIAMS-A|DRIAMS-B,DRIAMS-C,0.12065696,0.31621358
4270,14810.11,False,0.21843022,False,DRIAMS-A|DRIAMS-B,DRIAMS-C,0.24622817,-0.19063228
865,4595.11,True,0.21836819,False,DRIAMS-A|DRIAMS-B,DRIAMS-C,-0.26898554,-0.16775084
5326,17978.11,True,0.21835908,False,DRIAMS-A|DRIAMS-B,DRIAMS-C,0.069273874,0.3674443
254,2762.1099999999997,False,0.21834284,False,DRIAMS-A|DRIAMS-B,DRIAMS-C,0.1881286,-0.24855708
1004,5012.11,False,0.21832785,False,DRIAMS-A|DRIAMS-B,DRIAMS-C,0.17580552,-0.2608502
5543,18629.11,True,0.21829614,False,DRIAMS-A|DRIAMS-B,DRIAMS-C,0.20286702,0.23372525
5865,19595.11,False,0.21829514,False,DRIAMS-A|DRIAMS-B,DRIAMS-C,0.15853915,-0.27805114
1355,6065.11,False,0.21825424,False,DRIAMS-A|DRIAMS-B,DRIAMS-C,0.2820219,-0.15448657
3371,12113.11,True,0.21810508,False,DRIAMS-A|DRIAMS-B,DRIAMS-C,0.22566554,0.2105446
5452,18356.11,False,0.21809644,False,DRIAMS-A|DRIAMS-B,DRIAMS-C,0.18439187,-0.25180098
4844,16532.11,True,0.2180217,False,DRIAMS-A|DRIAMS-B,DRIAMS-C,0.12200242,0.314041
135,2405.1099999999997,False,0.21800046,False,DRIAMS-A|DRIAMS-B,DRIAMS-C,0.38980877,-0.04619214
58,2174.1099999999997,False,0.21792571,False,DRIAMS-A|DRIAMS-B,DRIAMS-C,0.031904433,-0.403947
5479,18437.11,False,0.21773158,False,DRIAMS-A|DRIAMS-B,DRIAMS-C,0.15077484,-0.28468832
3971,13913.11,True,0.2176784,False,DRIAMS-A|DRIAMS-B,DRIAMS-C,0.07846288,0.35689393
3243,11729.11,True,0.21766533,False,DRIAMS-A|DRIAMS-B,DRIAMS-C,0.18093127,0.2543994
4666,15998.11,False,0.21760847,False,DRIAMS-A|DRIAMS-B,DRIAMS-C,0.22433564,-0.2108813
1740,7220.11,True,0.21747616,False,DRIAMS-A|DRIAMS-B,DRIAMS-C,0.08246209,0.35249022
4100,14300.11,False,0.21744116,False,DRIAMS-A|DRIAMS-B,DRIAMS-C,0.17929748,-0.25558484
3831,13493.11,False,0.21727657,False,DRIAMS-A|DRIAMS-B,DRIAMS-C,0.15886393,-0.2756892
4743,16229.11,True,0.21722469,False,DRIAMS-A|DRIAMS-B,DRIAMS-C,0.18197043,0.25247896
2700,10100.11,False,0.21721986,False,DRIAMS-A|DRIAMS-B,DRIAMS-C,-0.13791887,0.29652086
611,3833.1099999999997,False,0.21720713,False,DRIAMS-A|DRIAMS-B,DRIAMS-C,0.24520648,-0.18920779
2786,10358.11,True,0.21708354,False,DRIAMS-A|DRIAMS-B,DRIAMS-C,-0.0049612434,-0.42920583
4562,15686.11,True,0.21705258,False,DRIAMS-A|DRIAMS-B,DRIAMS-C,0.09879379,0.33531138
1921,7763.11,True,0.2169446,False,DRIAMS-A|DRIAMS-B,DRIAMS-C,-0.074693576,-0.35919562
3490,12470.11,False,0.21691583,False,DRIAMS-A|DRIAMS-B,DRIAMS-C,0.1803036,-0.25352806
4135,14405.11,True,0.21679103,False,DRIAMS-A|DRIAMS-B,DRIAMS-C,0.10338597,0.3301961
202,2606.1099999999997,True,0.2167877,False,DRIAMS-A|DRIAMS-B,DRIAMS-C,-0.29037672,-0.14319867
1087,5261.11,False,0.21678582,False,DRIAMS-A|DRIAMS-B,DRIAMS-C,-0.1689677,0.26460394
1380,6140.11,True,0.21665972,False,DRIAMS-A|DRIAMS-B,DRIAMS-C,0.4299835,0.003335946
3027,11081.11,True,0.21664762,False,DRIAMS-A|DRIAMS-B,DRIAMS-C,0.0827993,0.35049596
4557,15671.11,False,0.21659005,False,DRIAMS-A|DRIAMS-B,DRIAMS-C,0.19840354,-0.23477654
1830,7490.11,False,0.216517,False,DRIAMS-A|DRIAMS-B,DRIAMS-C,0.18331246,-0.24972156
1985,7955.11,True,0.21649851,False,DRIAMS-A|DRIAMS-B,DRIAMS-C,-0.054046184,-0.37895083
1406,6218.11,True,0.21649443,False,DRIAMS-A|DRIAMS-B,DRIAMS-C,-0.017231485,-0.41575736
3929,13787.11,False,0.21647091,False,DRIAMS-A|DRIAMS-B,DRIAMS-C,0.12802765,-0.30491418
3973,13919.11,True,0.21645036,False,DRIAMS-A|DRIAMS-B,DRIAMS-C,0.13603115,0.29686958
5883,19649.11,False,0.2164422,False,DRIAMS-A|DRIAMS-B,DRIAMS-C,0.21184209,-0.22104232
497,3491.1099999999997,False,0.21644032,False,DRIAMS-A|DRIAMS-B,DRIAMS-C,-0.2158719,0.21700874
5958,19874.11,True,0.2163327,False,DRIAMS-A|DRIAMS-B,DRIAMS-C,0.23416825,0.19849716
4912,16736.11,True,0.21626028,False,DRIAMS-A|DRIAMS-B,DRIAMS-C,0.1306924,0.30182818
1828,7484.11,False,0.21624361,False,DRIAMS-A|DRIAMS-B,DRIAMS-C,0.10284648,-0.32964075
5238,17714.11,False,0.21624185,False,DRIAMS-A|DRIAMS-B,DRIAMS-C,0.19345012,-0.23903358
1949,7847.11,True,0.21624006,False,DRIAMS-A|DRIAMS-B,DRIAMS-C,0.17772108,0.25475904
1114,5342.11,True,0.2162041,False,DRIAMS-A|DRIAMS-B,DRIAMS-C,0.1820997,0.2503085
5136,17408.11,True,0.21620068,False,DRIAMS-A|DRIAMS-B,DRIAMS-C,0.081043735,0.3513576
3339,12017.11,False,0.21619019,False,DRIAMS-A|DRIAMS-B,DRIAMS-C,0.09767484,-0.33470553
2965,10895.11,True,0.2161843,False,DRIAMS-A|DRIAMS-B,DRIAMS-C,0.3190977,0.113270916
4193,14579.11,False,0.21617797,False,DRIAMS-A|DRIAMS-B,DRIAMS-C,0.19695683,-0.2353991
4238,14714.11,False,0.21611051,False,DRIAMS-A|DRIAMS-B,DRIAMS-C,0.12441006,-0.30781096
2067,8201.11,False,0.21603912,False,DRIAMS-A|DRIAMS-B,DRIAMS-C,0.085406974,-0.34667125
2921,10763.11,False,0.21597682,False,DRIAMS-A|DRIAMS-B,DRIAMS-C,0.18318257,-0.24877107
5351,18053.11,True,0.21593565,False,DRIAMS-A|DRIAMS-B,DRIAMS-C,0.15660198,0.2752693
819,4457.11,False,0.21592613,False,DRIAMS-A|DRIAMS-B,DRIAMS-C,-0.050566148,0.3812861
134,2402.1099999999997,False,0.21591151,False,DRIAMS-A|DRIAMS-B,DRIAMS-C,0.23814763,-0.1936754
1214,5642.11,True,0.21587169,False,DRIAMS-A|DRIAMS-B,DRIAMS-C,0.12697236,0.30477104
5641,18923.11,False,0.21583079,False,DRIAMS-A|DRIAMS-B,DRIAMS-C,0.17461252,-0.25704905
2439,9317.11,True,0.21581721,False,DRIAMS-A|DRIAMS-B,DRIAMS-C,0.10260291,0.32903153
747,4241.11,False,0.21559565,False,DRIAMS-A|DRIAMS-B,DRIAMS-C,0.07471498,-0.3564763
3432,12296.11,False,0.21554406,False,DRIAMS-A|DRIAMS-B,DRIAMS-C,0.17075348,-0.26033464
3136,11408.11,True,0.21550135,False,DRIAMS-A|DRIAMS-B,DRIAMS-C,0.057693116,0.37330958
2795,10385.11,False,0.21548672,False,DRIAMS-A|DRIAMS-B,DRIAMS-C,0.01666451,-0.41430894
4295,14885.11,True,0.21546291,False,DRIAMS-A|DRIAMS-B,DRIAMS-C,0.11101854,0.31990728
2848,10544.11,False,0.21541893,False,DRIAMS-A|DRIAMS-B,DRIAMS-C,0.2011951,-0.22964276
3247,11741.11,False,0.21534401,False,DRIAMS-A|DRIAMS-B,DRIAMS-C,0.107956976,-0.32273105
3749,13247.11,False,0.21524386,False,DRIAMS-A|DRIAMS-B,DRIAMS-C,0.16378582,-0.2667019
5146,17438.11,False,0.2152272,False,DRIAMS-A|DRIAMS-B,DRIAMS-C,0.11264912,-0.3178053
4121,14363.11,True,0.21517292,False,DRIAMS-A|DRIAMS-B,DRIAMS-C,0.16961648,0.26072934
660,3980.1099999999997,False,0.21517117,False,DRIAMS-A|DRIAMS-B,DRIAMS-C,0.30629387,-0.124048464
997,4991.11,True,0.21511497,False,DRIAMS-A|DRIAMS-B,DRIAMS-C,0.41964218,0.010587759
3274,11822.11,True,0.2150754,False,DRIAMS-A|DRIAMS-B,DRIAMS-C,0.07898645,0.35116434
3805,13415.11,False,0.21503547,False,DRIAMS-A|DRIAMS-B,DRIAMS-C,0.14409,-0.28598094
323,2969.1099999999997,False,0.21495667,False,DRIAMS-A|DRIAMS-B,DRIAMS-C,-0.34003943,0.08987392
2883,10649.11,False,0.21490598,False,DRIAMS-A|DRIAMS-B,DRIAMS-C,0.058343254,-0.3714687
277,2831.1099999999997,True,0.21487582,False,DRIAMS-A|DRIAMS-B,DRIAMS-C,0.020519787,0.40923184
288,2864.1099999999997,True,0.21482153,False,DRIAMS-A|DRIAMS-B,DRIAMS-C,-0.1008904,-0.32875267
3868,13604.11,False,0.21478553,False,DRIAMS-A|DRIAMS-B,DRIAMS-C,-0.13363236,0.2959387
3319,11957.11,False,0.214747,False,DRIAMS-A|DRIAMS-B,DRIAMS-C,0.08109493,-0.34839907
3648,12944.11,True,0.21472406,False,DRIAMS-A|DRIAMS-B,DRIAMS-C,0.14311786,0.28633025
1016,5048.11,False,0.21469258,False,DRIAMS-A|DRIAMS-B,DRIAMS-C,-0.18670595,0.24267921
5501,18503.11,False,0.21467847,False,DRIAMS-A|DRIAMS-B,DRIAMS-C,0.15491877,-0.27443814
5771,19313.11,False,0.21467248,False,DRIAMS-A|DRIAMS-B,DRIAMS-C,0.14015062,-0.28919432
5078,17234.11,False,0.21466309,False,DRIAMS-A|DRIAMS-B,DRIAMS-C,0.17403239,-0.2552938
2259,8777.11,False,0.2145557,False,DRIAMS-A|DRIAMS-B,DRIAMS-C,0.051264253,-0.37784714
4081,14243.11,False,0.2144828,False,DRIAMS-A|DRIAMS-B,DRIAMS-C,0.10549992,-0.32346568
5575,18725.11,False,0.21444981,False,DRIAMS-A|DRIAMS-B,DRIAMS-C,0.09082571,-0.3380739
2814,10442.11,True,0.2144458,False,DRIAMS-A|DRIAMS-B,DRIAMS-C,-0.2289536,-0.19993798
5377,18131.11,False,0.2144197,False,DRIAMS-A|DRIAMS-B,DRIAMS-C,0.11806523,-0.31077415
2396,9188.11,True,0.21435118,False,DRIAMS-A|DRIAMS-B,DRIAMS-C,-0.23873797,-0.1899644
5633,18899.11,True,0.21434706,False,DRIAMS-A|DRIAMS-B,DRIAMS-C,0.22744013,0.201254
3335,12005.11,True,0.21425854,False,DRIAMS-A|DRIAMS-B,DRIAMS-C,0.11407006,0.31444702
2931,10793.11,True,0.21425772,False,DRIAMS-A|DRIAMS-B,DRIAMS-C,-0.3955924,-0.032923043
5484,18452.11,False,0.21424583,False,DRIAMS-A|DRIAMS-B,DRIAMS-C,0.15826644,-0.2702252
4849,16547.11,False,0.2142034,False,DRIAMS-A|DRIAMS-B,DRIAMS-C,0.16913944,-0.25926736
4097,14291.11,False,0.21416482,False,DRIAMS-A|DRIAMS-B,DRIAMS-C,0.16400023,-0.2643294
734,4202.11,True,0.214044,False,DRIAMS-A|DRIAMS-B,DRIAMS-C,0.09733753,0.33075047
2139,8417.11,True,0.213996,False,DRIAMS-A|DRIAMS-B,DRIAMS-C,0.17037894,0.25761303
1576,6728.11,False,0.21398376,False,DRIAMS-A|DRIAMS-B,DRIAMS-C,0.04029742,-0.3876701
5578,18734.11,True,0.21395384,False,DRIAMS-A|DRIAMS-B,DRIAMS-C,0.1488021,0.27910557
1257,5771.11,True,0.21395129,False,DRIAMS-A|DRIAMS-B,DRIAMS-C,-0.33675256,-0.09115001
5281,17843.11,True,0.21385899,False,DRIAMS-A|DRIAMS-B,DRIAMS-C,0.15779157,0.26992643
1015,5045.11,False,0.21382076,False,DRIAMS-A|DRIAMS-B,DRIAMS-C,-0.15433499,0.27330652
1911,7733.11,False,0.21381654,False,DRIAMS-A|DRIAMS-B,DRIAMS-C,0.3204895,-0.10714359
2228,8684.11,False,0.21378997,False,DRIAMS-A|DRIAMS-B,DRIAMS-C,0.2060225,-0.22155745
4246,14738.11,False,0.21367174,False,DRIAMS-A|DRIAMS-B,DRIAMS-C,0.16899548,-0.25834802
2584,9752.11,True,0.2134283,False,DRIAMS-A|DRIAMS-B,DRIAMS-C,-0.09205797,-0.33479863
4532,15596.11,True,0.21337564,False,DRIAMS-A|DRIAMS-B,DRIAMS-C,0.0044327276,0.42231855
5751,19253.11,False,0.21337289,False,DRIAMS-A|DRIAMS-B,DRIAMS-C,0.13194923,-0.29479656
2143,8429.11,True,0.21335979,False,DRIAMS-A|DRIAMS-B,DRIAMS-C,0.11948026,0.30723932
5749,19247.11,True,0.213286,False,DRIAMS-A|DRIAMS-B,DRIAMS-C,0.17854899,0.248023
2319,8957.11,False,0.21324822,False,DRIAMS-A|DRIAMS-B,DRIAMS-C,0.058576167,-0.36792028
3273,11819.11,True,0.21324095,False,DRIAMS-A|DRIAMS-B,DRIAMS-C,0.07820321,0.3482787
4304,14912.11,True,0.21321648,False,DRIAMS-A|DRIAMS-B,DRIAMS-C,0.16706334,0.2593696
3367,12101.11,False,0.21321617,False,DRIAMS-A|DRIAMS-B,DRIAMS-C,0.16501245,-0.2614199
4660,15980.11,False,0.21320125,False,DRIAMS-A|DRIAMS-B,DRIAMS-C,0.17065693,-0.25574556
4520,15560.11,True,0.21314208,False,DRIAMS-A|DRIAMS-B,DRIAMS-C,0.08463371,0.34165046
4858,16574.11,False,0.21309736,False,DRIAMS-A|DRIAMS-B,DRIAMS-C,0.14484696,-0.28134775
3883,13649.11,False,0.21308261,False,DRIAMS-A|DRIAMS-B,DRIAMS-C,0.220541,-0.20562421
5553,18659.11,False,0.21295485,False,DRIAMS-A|DRIAMS-B,DRIAMS-C,0.1453929,-0.2805168
2857,10571.11,False,0.2129242,False,DRIAMS-A|DRIAMS-B,DRIAMS-C,0.061912484,-0.36393592
4345,15035.11,True,0.21290402,False,DRIAMS-A|DRIAMS-B,DRIAMS-C,-0.103806764,-0.32200128
3681,13043.11,False,0.21266535,False,DRIAMS-A|DRIAMS-B,DRIAMS-C,0.1842154,-0.24111532
909,4727.11,False,0.21263361,False,DRIAMS-A|DRIAMS-B,DRIAMS-C,0.17082271,-0.2544445
373,3119.1099999999997,False,0.21254414,False,DRIAMS-A|DRIAMS-B,DRIAMS-C,-0.1630877,0.2620006
1733,7199.11,False,0.21252844,False,DRIAMS-A|DRIAMS-B,DRIAMS-C,0.34282514,-0.08223173
4559,15677.11,False,0.21242154,False,DRIAMS-A|DRIAMS-B,DRIAMS-C,0.19771433,-0.22712873
4802,16406.11,True,0.21234024,False,DRIAMS-A|DRIAMS-B,DRIAMS-C,0.17251594,0.25216454
5476,18428.11,False,0.21225731,False,DRIAMS-A|DRIAMS-B,DRIAMS-C,0.14361075,-0.28090388
5522,18566.11,False,0.21223481,False,DRIAMS-A|DRIAMS-B,DRIAMS-C,0.19183564,-0.23263398
2309,8927.11,True,0.2122181,False,DRIAMS-A|DRIAMS-B,DRIAMS-C,0.053673796,0.3707624
2940,10820.11,True,0.21218897,False,DRIAMS-A|DRIAMS-B,DRIAMS-C,0.37717968,0.04719827
2951,10853.11,False,0.212076,False,DRIAMS-A|DRIAMS-B,DRIAMS-C,0.10229377,-0.32185823
1679,7037.11,True,0.21205229,False,DRIAMS-A|DRIAMS-B,DRIAMS-C,-0.08951871,-0.33458588
4824,16472.11,True,0.21198682,False,DRIAMS-A|DRIAMS-B,DRIAMS-C,0.05683795,0.3671357
3829,13487.11,False,0.21179383,False,DRIAMS-A|DRIAMS-B,DRIAMS-C,0.12121612,-0.30237153
5350,18050.11,True,0.21164827,False,DRIAMS-A|DRIAMS-B,DRIAMS-C,0.16848302,0.25481352
5744,19232.11,False,0.211565,False,DRIAMS-A|DRIAMS-B,DRIAMS-C,0.13855743,-0.28457257
2180,8540.11,False,0.21153887,False,DRIAMS-A|DRIAMS-B,DRIAMS-C,0.09542495,-0.32765278
250,2750.1099999999997,False,0.21153863,False,DRIAMS-A|DRIAMS-B,DRIAMS-C,-0.40722865,0.01584862
4271,14813.11,False,0.21152109,False,DRIAMS-A|DRIAMS-B,DRIAMS-C,0.25665346,-0.16638874
2524,9572.11,True,0.21150053,False,DRIAMS-A|DRIAMS-B,DRIAMS-C,0.19393286,0.22906817
1768,7304.11,False,0.21145271,False,DRIAMS-A|DRIAMS-B,DRIAMS-C,0.014877285,-0.40802813
5444,18332.11,True,0.2114487,False,DRIAMS-A|DRIAMS-B,DRIAMS-C,0.14253601,0.28036138
599,3797.1099999999997,False,0.21141073,False,DRIAMS-A|DRIAMS-B,DRIAMS-C,-0.18243717,0.2403843
315,2945.1099999999997,True,0.21137883,False,DRIAMS-A|DRIAMS-B,DRIAMS-C,-0.2989931,-0.12376454
1009,5027.11,False,0.21136576,False,DRIAMS-A|DRIAMS-B,DRIAMS-C,0.27123886,-0.15149267
5067,17201.11,False,0.21128748,False,DRIAMS-A|DRIAMS-B,DRIAMS-C,0.14781356,-0.2747614
3456,12368.11,True,0.21108374,False,DRIAMS-A|DRIAMS-B,DRIAMS-C,0.20736264,0.21480483
2906,10718.11,False,0.21098238,False,DRIAMS-A|DRIAMS-B,DRIAMS-C,0.16148154,-0.26048324
3998,13994.11,True,0.21091923,False,DRIAMS-A|DRIAMS-B,DRIAMS-C,0.13614167,0.28569677
1896,7688.11,True,0.21090859,False,DRIAMS-A|DRIAMS-B,DRIAMS-C,0.25623178,0.16558541
4917,16751.11,True,0.21080944,False,DRIAMS-A|DRIAMS-B,DRIAMS-C,0.09243442,0.32918447
802,4406.11,True,0.21078578,False,DRIAMS-A|DRIAMS-B,DRIAMS-C,0.1319607,0.28961083
5332,17996.11,False,0.21076256,False,DRIAMS-A|DRIAMS-B,DRIAMS-C,0.14884645,-0.27267867
5475,18425.11,False,0.21062636,False,DRIAMS-A|DRIAMS-B,DRIAMS-C,0.12150242,-0.2997503
3932,13796.11,True,0.21060151,False,DRIAMS-A|DRIAMS-B,DRIAMS-C,0.1692224,0.2519806
2224,8672.11,True,0.21051733,False,DRIAMS-A|DRIAMS-B,DRIAMS-C,0.056325704,0.36470896
5208,17624.11,False,0.21047214,False,DRIAMS-A|DRIAMS-B,DRIAMS-C,0.16779305,-0.25315124
5016,17048.11,False,0.21046977,False,DRIAMS-A|DRIAMS-B,DRIAMS-C,0.1920647,-0.22887483
2299,8897.11,True,0.21045396,False,DRIAMS-A|DRIAMS-B,DRIAMS-C,-0.22257103,-0.19833688
1353,6059.11,False,0.21042755,False,DRIAMS-A|DRIAMS-B,DRIAMS-C,0.055028006,-0.3658271
3804,13412.11,False,0.21040167,False,DRIAMS-A|DRIAMS-B,DRIAMS-C,0.0755519,-0.34525144
2370,9110.11,False,0.2102615,False,DRIAMS-A|DRIAMS-B,DRIAMS-C,0.19872488,-0.22179809
1962,7886.11,True,0.21021302,False,DRIAMS-A|DRIAMS-B,DRIAMS-C,0.069906384,0.35051966
4101,14303.11,False,0.21017642,False,DRIAMS-A|DRIAMS-B,DRIAMS-C,0.1613932,-0.25895965
2086,8258.11,True,0.21010986,False,DRIAMS-A|DRIAMS-B,DRIAMS-C,0.15868779,0.26153192
2414,9242.11,True,0.21008463,False,DRIAMS-A|DRIAMS-B,DRIAMS-C,0.09780621,0.32236305
122,2366.1099999999997,True,0.209885,False,DRIAMS-A|DRIAMS-B,DRIAMS-C,0.08063084,0.33913916
476,3428.1099999999997,False,0.20987736,False,DRIAMS-A|DRIAMS-B,DRIAMS-C,-0.23868701,0.1810677
2138,8414.11,True,0.20978463,False,DRIAMS-A|DRIAMS-B,DRIAMS-C,0.23691513,0.18265413
1875,7625.11,True,0.20977348,False,DRIAMS-A|DRIAMS-B,DRIAMS-C,0.104042664,0.3155043
5590,18770.11,False,0.20971352,False,DRIAMS-A|DRIAMS-B,DRIAMS-C,0.060832653,-0.3585944
4352,15056.11,True,0.20966026,False,DRIAMS-A|DRIAMS-B,DRIAMS-C,-0.22130853,-0.19801198
4813,16439.11,True,0.20965584,False,DRIAMS-A|DRIAMS-B,DRIAMS-C,0.091450214,0.32786146
5130,17390.11,False,0.20958757,False,DRIAMS-A|DRIAMS-B,DRIAMS-C,0.14701054,-0.2721646
1219,5657.11,True,0.20955184,False,DRIAMS-A|DRIAMS-B,DRIAMS-C,-0.1928698,-0.22623387
2969,10907.11,True,0.2094769,False,DRIAMS-A|DRIAMS-B,DRIAMS-C,0.4132543,0.005699524
4066,14198.11,False,0.2094599,False,DRIAMS-A|DRIAMS-B,DRIAMS-C,0.1260077,-0.2929121
5019,17057.11,False,0.2093616,False,DRIAMS-A|DRIAMS-B,DRIAMS-C,0.18069713,-0.23802607
4799,16397.11,True,0.20935388,False,DRIAMS-A|DRIAMS-B,DRIAMS-C,0.088513166,0.3301946
5034,17102.11,False,0.20934568,False,DRIAMS-A|DRIAMS-B,DRIAMS-C,0.09781691,-0.32087445
550,3650.1099999999997,False,0.20928186,False,DRIAMS-A|DRIAMS-B,DRIAMS-C,-0.047512725,0.371051
4289,14867.11,False,0.20927227,False,DRIAMS-A|DRIAMS-B,DRIAMS-C,0.11999517,-0.29854935
2970,10910.11,False,0.2092588,False,DRIAMS-A|DRIAMS-B,DRIAMS-C,0.33362815,-0.08488946
454,3362.1099999999997,False,0.20915484,False,DRIAMS-A|DRIAMS-B,DRIAMS-C,-0.12663174,0.29167795
4407,15221.11,False,0.2091505,False,DRIAMS-A|DRIAMS-B,DRIAMS-C,0.06727125,-0.35102975
2018,8054.11,True,0.20909013,False,DRIAMS-A|DRIAMS-B,DRIAMS-C,-0.16320187,-0.2549784
4374,15122.11,False,0.20906562,False,DRIAMS-A|DRIAMS-B,DRIAMS-C,-0.14503106,0.27310017
1975,7925.11,True,0.20906046,False,DRIAMS-A|DRIAMS-B,DRIAMS-C,0.018630296,0.39949062
2952,10856.11,False,0.20899093,False,DRIAMS-A|DRIAMS-B,DRIAMS-C,0.14479731,-0.27318454
3987,13961.11,False,0.20892698,False,DRIAMS-A|DRIAMS-B,DRIAMS-C,0.13034452,-0.28750944
1153,5459.11,False,0.2088722,False,DRIAMS-A|DRIAMS-B,DRIAMS-C,0.17008066,-0.24766375
3123,11369.11,True,0.20886488,False,DRIAMS-A|DRIAMS-B,DRIAMS-C,0.13042805,0.28730172
930,4790.11,True,0.20882939,False,DRIAMS-A|DRIAMS-B,DRIAMS-C,0.28225207,0.1354067
1523,6569.11,False,0.20878524,False,DRIAMS-A|DRIAMS-B,DRIAMS-C,-0.118507825,0.29906264
5918,19754.11,False,0.20868494,False,DRIAMS-A|DRIAMS-B,DRIAMS-C,0.18290643,-0.23446344
5311,17933.11,False,0.20867285,False,DRIAMS-A|DRIAMS-B,DRIAMS-C,0.12843895,-0.28890675
171,2513.1099999999997,False,0.20866433,False,DRIAMS-A|DRIAMS-B,DRIAMS-C,0.33727792,-0.08005073
1012,5036.11,False,0.20860569,False,DRIAMS-A|DRIAMS-B,DRIAMS-C,0.23877393,-0.17843746
101,2303.1099999999997,True,0.20854902,False,DRIAMS-A|DRIAMS-B,DRIAMS-C,-0.16132084,-0.2557772
2727,10181.11,True,0.2085289,False,DRIAMS-A|DRIAMS-B,DRIAMS-C,-0.18936577,-0.22769204
5567,18701.11,True,0.20847672,False,DRIAMS-A|DRIAMS-B,DRIAMS-C,0.18700267,0.22995079
861,4583.11,False,0.20843996,False,DRIAMS-A|DRIAMS-B,DRIAMS-C,-0.045408364,0.37147155
3672,13016.11,True,0.20843422,False,DRIAMS-A|DRIAMS-B,DRIAMS-C,0.27125767,0.1456108
4633,15899.11,True,0.20841865,False,DRIAMS-A|DRIAMS-B,DRIAMS-C,0.03994456,0.37689275
2741,10223.11,False,0.20838617,False,DRIAMS-A|DRIAMS-B,DRIAMS-C,0.10206584,-0.3147065
4071,14213.11,False,0.2083044,False,DRIAMS-A|DRIAMS-B,DRIAMS-C,0.1498096,-0.2667992
4977,16931.11,False,0.20829973,False,DRIAMS-A|DRIAMS-B,DRIAMS-C,0.17671315,-0.23988631
3264,11792.11,False,0.20827842,False,DRIAMS-A|DRIAMS-B,DRIAMS-C,0.12837404,-0.2881828
2873,10619.11,False,0.20827545,False,DRIAMS-A|DRIAMS-B,DRIAMS-C,-0.06925089,0.34730002
3083,11249.11,True,0.20823577,False,DRIAMS-A|DRIAMS-B,DRIAMS-C,0.21441911,0.20205241
115,2345.1099999999997,True,0.20815802,False,DRIAMS-A|DRIAMS-B,DRIAMS-C,-0.23117012,-0.18514591
3435,12305.11,True,0.20815101,False,DRIAMS-A|DRIAMS-B,DRIAMS-C,0.19479468,0.22150734
4999,16997.11,False,0.20807339,False,DRIAMS-A|DRIAMS-B,DRIAMS-C,0.16389307,-0.2522537
4311,14933.11,False,0.20798153,False,DRIAMS-A|DRIAMS-B,DRIAMS-C,0.22124107,-0.194722
544,3632.1099999999997,False,0.20792614,False,DRIAMS-A|DRIAMS-B,DRIAMS-C,0.1840285,-0.23182377
4349,15047.11,True,0.2078769,False,DRIAMS-A|DRIAMS-B,DRIAMS-C,-0.21772143,-0.19803238
2371,9113.11,False,0.20777467,False,DRIAMS-A|DRIAMS-B,DRIAMS-C,0.23008205,-0.18546727
2932,10796.11,True,0.20776899,False,DRIAMS-A|DRIAMS-B,DRIAMS-C,-0.3706716,-0.044866376
5639,18917.11,False,0.20775928,False,DRIAMS-A|DRIAMS-B,DRIAMS-C,0.18499234,-0.23052621
3098,11294.11,False,0.20769323,False,DRIAMS-A|DRIAMS-B,DRIAMS-C,0.04390556,-0.3714809
4398,15194.11,True,0.20761056,False,DRIAMS-A|DRIAMS-B,DRIAMS-C,-0.031546503,-0.38367462
3850,13550.11,False,0.20760131,False,DRIAMS-A|DRIAMS-B,DRIAMS-C,-0.08260922,0.33259338
4106,14318.11,True,0.2075288,False,DRIAMS-A|DRIAMS-B,DRIAMS-C,0.17313187,0.24192573
2777,10331.11,False,0.20747247,False,DRIAMS-A|DRIAMS-B,DRIAMS-C,-0.053622052,0.36132288
5080,17240.11,True,0.20743603,False,DRIAMS-A|DRIAMS-B,DRIAMS-C,0.2012453,0.21362677
4715,16145.11,False,0.2074264,False,DRIAMS-A|DRIAMS-B,DRIAMS-C,0.13807558,-0.2767772
3845,13535.11,False,0.20741667,False,DRIAMS-A|DRIAMS-B,DRIAMS-C,-0.05353949,0.36129385
5291,17873.11,True,0.20732105,False,DRIAMS-A|DRIAMS-B,DRIAMS-C,0.14284463,0.27179748
661,3983.1099999999997,False,0.20729643,False,DRIAMS-A|DRIAMS-B,DRIAMS-C,0.27783725,-0.1367556
3896,13688.11,False,0.2072785,False,DRIAMS-A|DRIAMS-B,DRIAMS-C,0.12276565,-0.29179135
1348,6044.11,False,0.20714144,False,DRIAMS-A|DRIAMS-B,DRIAMS-C,0.14561269,-0.2686702
1730,7190.11,False,0.20706315,False,DRIAMS-A|DRIAMS-B,DRIAMS-C,0.36701033,-0.04711599
3745,13235.11,True,0.20698595,False,DRIAMS-A|DRIAMS-B,DRIAMS-C,0.16972086,0.24425104
2692,10076.11,False,0.20696592,False,DRIAMS-A|DRIAMS-B,DRIAMS-C,-0.22553784,0.188394
864,4592.11,True,0.20693003,False,DRIAMS-A|DRIAMS-B,DRIAMS-C,-0.31509653,-0.098763525
4322,14966.11,True,0.20687777,False,DRIAMS-A|DRIAMS-B,DRIAMS-C,0.2069443,0.20681122
5004,17012.11,True,0.20687734,False,DRIAMS-A|DRIAMS-B,DRIAMS-C,0.13123748,0.2825172
35,2105.1099999999997,True,0.20685306,False,DRIAMS-A|DRIAMS-B,DRIAMS-C,-0.4013227,-0.0123834275
2821,10463.11,True,0.20672594,False,DRIAMS-A|DRIAMS-B,DRIAMS-C,0.051220663,0.36223122
3164,11492.11,False,0.20671123,False,DRIAMS-A|DRIAMS-B,DRIAMS-C,0.068303145,-0.34511933
4242,14726.11,True,0.20664035,False,DRIAMS-A|DRIAMS-B,DRIAMS-C,0.1946718,0.2186089
1083,5249.11,True,0.20652926,False,DRIAMS-A|DRIAMS-B,DRIAMS-C,-0.27471235,-0.13834615
2542,9626.11,True,0.2064426,False,DRIAMS-A|DRIAMS-B,DRIAMS-C,0.14758496,0.2653002
251,2753.1099999999997,False,0.2064153,False,DRIAMS-A|DRIAMS-B,DRIAMS-C,-0.3752226,0.037607986
1084,5252.11,False,0.20632708,False,DRIAMS-A|DRIAMS-B,DRIAMS-C,-0.25510353,0.15755062
3252,11756.11,False,0.20631218,False,DRIAMS-A|DRIAMS-B,DRIAMS-C,0.14542915,-0.26719522
5656,18968.11,False,0.2063047,False,DRIAMS-A|DRIAMS-B,DRIAMS-C,0.16289753,-0.24971189
3188,11564.11,True,0.2062365,False,DRIAMS-A|DRIAMS-B,DRIAMS-C,-0.17878179,-0.2336912
232,2696.1099999999997,False,0.20613158,False,DRIAMS-A|DRIAMS-B,DRIAMS-C,-0.25156882,0.16069432
2869,10607.11,False,0.20606744,False,DRIAMS-A|DRIAMS-B,DRIAMS-C,-0.1964838,0.21565108
3867,13601.11,False,0.20606092,False,DRIAMS-A|DRIAMS-B,DRIAMS-C,-0.1506248,0.26149705
3226,11678.11,False,0.2060439,False,DRIAMS-A|DRIAMS-B,DRIAMS-C,0.15543218,-0.2566556
5290,17870.11,True,0.20601173,False,DRIAMS-A|DRIAMS-B,DRIAMS-C,0.112044245,0.2999792
4354,15062.11,True,0.20595685,False,DRIAMS-A|DRIAMS-B,DRIAMS-C,-0.19922319,-0.21269049
2642,9926.11,False,0.20593156,False,DRIAMS-A|DRIAMS-B,DRIAMS-C,0.04576304,-0.36610007
3717,13151.11,False,0.20569421,False,DRIAMS-A|DRIAMS-B,DRIAMS-C,0.01364045,-0.39774796
2305,8915.11,True,0.20552039,False,DRIAMS-A|DRIAMS-B,DRIAMS-C,-0.24840358,-0.1626372
2220,8660.11,False,0.20551622,False,DRIAMS-A|DRIAMS-B,DRIAMS-C,-0.17384702,0.2371854
1894,7682.11,False,0.20539686,False,DRIAMS-A|DRIAMS-B,DRIAMS-C,0.37112364,-0.039670072
5206,17618.11,False,0.20535779,False,DRIAMS-A|DRIAMS-B,DRIAMS-C,0.08800529,-0.32271028
4970,16910.11,True,0.20511107,False,DRIAMS-A|DRIAMS-B,DRIAMS-C,0.09393975,0.3162824
6,2018.11,True,0.20510848,False,DRIAMS-A|DRIAMS-B,DRIAMS-C,-0.30608842,-0.10412853
5539,18617.11,True,0.20509382,False,DRIAMS-A|DRIAMS-B,DRIAMS-C,0.123976775,0.28621086
321,2963.1099999999997,True,0.20506915,False,DRIAMS-A|DRIAMS-B,DRIAMS-C,-0.31882358,-0.09131475
4566,15698.11,True,0.20503893,False,DRIAMS-A|DRIAMS-B,DRIAMS-C,0.16455175,0.24552613
4391,15173.11,False,0.20501655,False,DRIAMS-A|DRIAMS-B,DRIAMS-C,-0.22437438,0.18565874
5467,18401.11,False,0.2049928,False,DRIAMS-A|DRIAMS-B,DRIAMS-C,0.13583909,-0.2741465
4461,15383.11,False,0.20491302,False,DRIAMS-A|DRIAMS-B,DRIAMS-C,0.15778781,-0.2520382
4369,15107.11,False,0.20487624,False,DRIAMS-A|DRIAMS-B,DRIAMS-C,-0.072988555,0.33676395
1420,6260.11,True,0.20484968,False,DRIAMS-A|DRIAMS-B,DRIAMS-C,0.32113484,0.08856451
3261,11783.11,True,0.20481977,False,DRIAMS-A|DRIAMS-B,DRIAMS-C,0.1736814,0.23595814
4293,14879.11,True,0.20472163,False,DRIAMS-A|DRIAMS-B,DRIAMS-C,0.22040184,0.1890414
2218,8654.11,False,0.20471513,False,DRIAMS-A|DRIAMS-B,DRIAMS-C,-0.10281746,0.3066128
2560,9680.11,True,0.20466515,False,DRIAMS-A|DRIAMS-B,DRIAMS-C,0.16685244,0.24247788
4842,16526.11,True,0.20441405,False,DRIAMS-A|DRIAMS-B,DRIAMS-C,0.15384889,0.25497922
771,4313.11,True,0.20440784,False,DRIAMS-A|DRIAMS-B,DRIAMS-C,-0.10745198,-0.3013637
676,4028.1099999999997,False,0.20425428,False,DRIAMS-A|DRIAMS-B,DRIAMS-C,-0.025513388,0.3829952
4594,15782.11,True,0.20416164,False,DRIAMS-A|DRIAMS-B,DRIAMS-C,0.25707227,0.151251
1117,5351.11,False,0.20413649,False,DRIAMS-A|DRIAMS-B,DRIAMS-C,0.23444897,-0.17382401
4720,16160.11,False,0.20394185,False,DRIAMS-A|DRIAMS-B,DRIAMS-C,0.16024262,-0.24764109
4421,15263.11,True,0.20390971,False,DRIAMS-A|DRIAMS-B,DRIAMS-C,0.06369877,0.34412065
4344,15032.11,True,0.20387305,False,DRIAMS-A|DRIAMS-B,DRIAMS-C,-0.035078425,-0.37266767
4967,16901.11,False,0.20382144,False,DRIAMS-A|DRIAMS-B,DRIAMS-C,0.19227552,-0.21536735
4793,16379.11,False,0.20379892,False,DRIAMS-A|DRIAMS-B,DRIAMS-C,0.20800516,-0.1995927
3224,11672.11,False,0.20378914,False,DRIAMS-A|DRIAMS-B,DRIAMS-C,0.19360997,-0.21396834
5483,18449.11,False,0.20367937,False,DRIAMS-A|DRIAMS-B,DRIAMS-C,0.21041392,-0.19694482
5846,19538.11,False,0.20367292,False,DRIAMS-A|DRIAMS-B,DRIAMS-C,0.1394638,-0.26788205
74,2222.1099999999997,True,0.203671,False,DRIAMS-A|DRIAMS-B,DRIAMS-C,-0.35834286,-0.048999142
4816,16448.11,True,0.20353027,False,DRIAMS-A|DRIAMS-B,DRIAMS-C,0.058320317,0.34874022
2953,10859.11,False,0.20346573,False,DRIAMS-A|DRIAMS-B,DRIAMS-C,0.16161732,-0.24531415
2803,10409.11,True,0.20340419,False,DRIAMS-A|DRIAMS-B,DRIAMS-C,0.13525446,0.27155393
3865,13595.11,False,0.20336767,False,DRIAMS-A|DRIAMS-B,DRIAMS-C,-0.16439442,0.24234091
2590,9770.11,True,0.20334223,False,DRIAMS-A|DRIAMS-B,DRIAMS-C,0.17158286,0.2351016
5534,18602.11,False,0.2033281,False,DRIAMS-A|DRIAMS-B,DRIAMS-C,0.15683466,-0.24982154
475,3425.1099999999997,True,0.20324379,False,DRIAMS-A|DRIAMS-B,DRIAMS-C,-0.28028557,-0.12620202
1183,5549.11,True,0.20321131,False,DRIAMS-A|DRIAMS-B,DRIAMS-C,-0.25211218,-0.15431045
2394,9182.11,False,0.20315936,False,DRIAMS-A|DRIAMS-B,DRIAMS-C,-0.2615945,0.14472423
736,4208.11,False,0.20315257,False,DRIAMS-A|DRIAMS-B,DRIAMS-C,-0.078967296,0.32733783
4652,15956.11,True,0.20307416,False,DRIAMS-A|DRIAMS-B,DRIAMS-C,0.23833519,0.16781314
2823,10469.11,True,0.20301543,False,DRIAMS-A|DRIAMS-B,DRIAMS-C,0.07015401,0.33587685
5384,18152.11,True,0.20298102,False,DRIAMS-A|DRIAMS-B,DRIAMS-C,0.18835339,0.21760866
1297,5891.11,True,0.2028783,False,DRIAMS-A|DRIAMS-B,DRIAMS-C,-0.18486458,-0.220892
1092,5276.11,True,0.20287392,False,DRIAMS-A|DRIAMS-B,DRIAMS-C,0.18784612,0.2179017
1261,5783.11,False,0.20281863,False,DRIAMS-A|DRIAMS-B,DRIAMS-C,-0.3629371,0.04270018
2258,8774.11,False,0.20281446,False,DRIAMS-A|DRIAMS-B,DRIAMS-C,0.098180994,-0.30744794
614,3842.1099999999997,True,0.2027854,False,DRIAMS-A|DRIAMS-B,DRIAMS-C,-0.082718655,-0.32285213
5364,18092.11,False,0.20277369,False,DRIAMS-A|DRIAMS-B,DRIAMS-C,0.20051439,-0.20503299
2470,9410.11,False,0.20270896,False,DRIAMS-A|DRIAMS-B,DRIAMS-C,0.07772776,-0.32769015
2498,9494.11,True,0.20269367,False,DRIAMS-A|DRIAMS-B,DRIAMS-C,0.14805247,0.2573349
362,3086.1099999999997,True,0.20266905,False,DRIAMS-A|DRIAMS-B,DRIAMS-C,0.035282377,0.37005574
2244,8732.11,True,0.2026177,False,DRIAMS-A|DRIAMS-B,DRIAMS-C,0.2097526,0.19548279
3374,12122.11,False,0.20255679,False,DRIAMS-A|DRIAMS-B,DRIAMS-C,0.1888412,-0.2162724
4683,16049.11,False,0.2024747,False,DRIAMS-A|DRIAMS-B,DRIAMS-C,0.11345145,-0.29149795
366,3098.1099999999997,False,0.20245185,False,DRIAMS-A|DRIAMS-B,DRIAMS-C,-0.019209469,0.38569424
2964,10892.11,True,0.20237723,False,DRIAMS-A|DRIAMS-B,DRIAMS-C,0.2796815,0.12507297
4389,15167.11,False,0.20233905,False,DRIAMS-A|DRIAMS-B,DRIAMS-C,-0.22085166,0.18382643
4149,14447.11,True,0.20228016,False,DRIAMS-A|DRIAMS-B,DRIAMS-C,0.10425773,0.3003026
4485,15455.11,True,0.2022494,False,DRIAMS-A|DRIAMS-B,DRIAMS-C,-0.006607019,-0.39789176
1231,5693.11,False,0.20222096,False,DRIAMS-A|DRIAMS-B,DRIAMS-C,0.19286928,-0.21157265
2879,10637.11,True,0.20212762,False,DRIAMS-A|DRIAMS-B,DRIAMS-C,0.16284719,0.24140805
1721,7163.11,False,0.20207408,False,DRIAMS-A|DRIAMS-B,DRIAMS-C,-0.075326085,0.32882208
2148,8444.11,False,0.20206244,False,DRIAMS-A|DRIAMS-B,DRIAMS-C,0.068043165,-0.3360817
3329,11987.11,False,0.2020118,False,DRIAMS-A|DRIAMS-B,DRIAMS-C,0.12215413,-0.28186947
2922,10766.11,False,0.20199034,False,DRIAMS-A|DRIAMS-B,DRIAMS-C,0.12846716,-0.2755135
4186,14558.11,False,0.20196086,False,DRIAMS-A|DRIAMS-B,DRIAMS-C,0.1732529,-0.23066884
3543,12629.11,True,0.20190714,False,DRIAMS-A|DRIAMS-B,DRIAMS-C,-0.061087456,-0.34272683
3659,12977.11,False,0.20180756,False,DRIAMS-A|DRIAMS-B,DRIAMS-C,0.07641728,-0.32719782
3586,12758.11,False,0.20178041,False,DRIAMS-A|DRIAMS-B,DRIAMS-C,0.09682088,-0.30673993
1131,5393.11,False,0.20175004,False,DRIAMS-A|DRIAMS-B,DRIAMS-C,-0.29491398,0.10858612
3815,13445.11,True,0.20168021,False,DRIAMS-A|DRIAMS-B,DRIAMS-C,0.18693167,0.21642877
4005,14015.11,True,0.20166272,False,DRIAMS-A|DRIAMS-B,DRIAMS-C,0.18859272,0.21473274
2103,8309.11,True,0.201622,False,DRIAMS-A|DRIAMS-B,DRIAMS-C,-0.06531686,-0.33792713
708,4124.11,False,0.20160139,False,DRIAMS-A|DRIAMS-B,DRIAMS-C,-0.049058255,0.3541445
1544,6632.11,False,0.20159525,False,DRIAMS-A|DRIAMS-B,DRIAMS-C,0.028677389,-0.37451312
5382,18146.11,True,0.20151113,False,DRIAMS-A|DRIAMS-B,DRIAMS-C,0.18527697,0.21774529
2418,9254.11,True,0.20143676,False,DRIAMS-A|DRIAMS-B,DRIAMS-C,0.15758906,0.24528445
4547,15641.11,False,0.20143247,False,DRIAMS-A|DRIAMS-B,DRIAMS-C,0.23047596,-0.17238896
4811,16433.11,True,0.20130238,False,DRIAMS-A|DRIAMS-B,DRIAMS-C,0.096463844,0.30614093
447,3341.1099999999997,False,0.20101283,False,DRIAMS-A|DRIAMS-B,DRIAMS-C,-0.1129714,0.28905427
3671,13013.11,True,0.20098385,False,DRIAMS-A|DRIAMS-B,DRIAMS-C,0.26366875,0.13829894
2671,10013.11,False,0.20096056,False,DRIAMS-A|DRIAMS-B,DRIAMS-C,0.18342659,-0.21849453
5205,17615.11,False,0.20090288,False,DRIAMS-A|DRIAMS-B,DRIAMS-C,0.14685318,-0.25495258
3183,11549.11,True,0.20089632,False,DRIAMS-A|DRIAMS-B,DRIAMS-C,-0.23612855,-0.1656641
3300,11900.11,False,0.20089164,False,DRIAMS-A|DRIAMS-B,DRIAMS-C,0.11790609,-0.2838772
5342,18026.11,False,0.20085686,False,DRIAMS-A|DRIAMS-B,DRIAMS-C,0.12165563,-0.28005812
5213,17639.11,True,0.20085174,False,DRIAMS-A|DRIAMS-B,DRIAMS-C,0.12572053,0.27598295
1893,7679.11,False,0.20084944,False,DRIAMS-A|DRIAMS-B,DRIAMS-C,0.3086707,-0.09302818
5197,17591.11,False,0.20080027,False,DRIAMS-A|DRIAMS-B,DRIAMS-C,0.13100354,-0.27059698
4738,16214.11,False,0.20079586,False,DRIAMS-A|DRIAMS-B,DRIAMS-C,0.17597379,-0.22561795
1230,5690.11,False,0.20078936,False,DRIAMS-A|DRIAMS-B,DRIAMS-C,0.07124751,-0.3303312
2308,8924.11,False,0.20077601,False,DRIAMS-A|DRIAMS-B,DRIAMS-C,-0.04285921,0.3586928
1840,7520.11,True,0.20074883,False,DRIAMS-A|DRIAMS-B,DRIAMS-C,-0.14998205,-0.25151563
5804,19412.11,False,0.20073412,False,DRIAMS-A|DRIAMS-B,DRIAMS-C,0.10187185,-0.2995964
5951,19853.11,False,0.20056443,False,DRIAMS-A|DRIAMS-B,DRIAMS-C,0.13434431,-0.26678455
5478,18434.11,False,0.20056164,False,DRIAMS-A|DRIAMS-B,DRIAMS-C,0.12013846,-0.28098482
4658,15974.11,False,0.20050061,False,DRIAMS-A|DRIAMS-B,DRIAMS-C,0.14430939,-0.25669184
453,3359.1099999999997,False,0.20050035,False,DRIAMS-A|DRIAMS-B,DRIAMS-C,-0.022615068,0.37838563
1378,6134.11,False,0.2004735,False,DRIAMS-A|DRIAMS-B,DRIAMS-C,0.045892276,-0.35505474
3843,13529.11,False,0.20041066,False,DRIAMS-A|DRIAMS-B,DRIAMS-C,-0.007791596,0.39302972
1628,6884.11,True,0.2003988,False,DRIAMS-A|DRIAMS-B,DRIAMS-C,0.34183013,0.058967482
3189,11567.11,True,0.20039281,False,DRIAMS-A|DRIAMS-B,DRIAMS-C,-0.13181725,-0.26896837
2453,9359.11,True,0.20023456,False,DRIAMS-A|DRIAMS-B,DRIAMS-C,0.014565205,0.38590392
3356,12068.11,False,0.20009594,False,DRIAMS-A|DRIAMS-B,DRIAMS-C,0.10843885,-0.29175302
3704,13112.11,True,0.20009103,False,DRIAMS-A|DRIAMS-B,DRIAMS-C,-0.16961437,-0.2305677
2450,9350.11,False,0.20003667,False,DRIAMS-A|DRIAMS-B,DRIAMS-C,0.030242778,-0.36983058
5097,17291.11,False,0.19997382,False,DRIAMS-A|DRIAMS-B,DRIAMS-C,0.11396869,-0.28597894
2407,9221.11,False,0.19990967,False,DRIAMS-A|DRIAMS-B,DRIAMS-C,-0.041422386,0.35839695
2962,10886.11,True,0.19985284,False,DRIAMS-A|DRIAMS-B,DRIAMS-C,0.28953114,0.11017454
4378,15134.11,False,0.19971696,False,DRIAMS-A|DRIAMS-B,DRIAMS-C,-0.17263727,0.22679663
5690,19070.11,False,0.19961682,False,DRIAMS-A|DRIAMS-B,DRIAMS-C,0.10182609,-0.29740754
5298,17894.11,False,0.19961119,False,DRIAMS-A|DRIAMS-B,DRIAMS-C,0.17083466,-0.2283877
372,3116.1099999999997,False,0.19957002,False,DRIAMS-A|DRIAMS-B,DRIAMS-C,-0.11941609,0.27972394
3776,13328.11,True,0.19952798,False,DRIAMS-A|DRIAMS-B,DRIAMS-C,0.12377056,0.2752854
1478,6434.11,True,0.19951507,False,DRIAMS-A|DRIAMS-B,DRIAMS-C,-0.14321391,-0.25581622
2687,10061.11,True,0.19951445,False,DRIAMS-A|DRIAMS-B,DRIAMS-C,-0.19628002,-0.2027489
3663,12989.11,True,0.19949207,False,DRIAMS-A|DRIAMS-B,DRIAMS-C,0.15981917,0.23916495
3260,11780.11,True,0.19947746,False,DRIAMS-A|DRIAMS-B,DRIAMS-C,0.14431491,0.25464
5469,18407.11,False,0.19937903,False,DRIAMS-A|DRIAMS-B,DRIAMS-C,0.18155798,-0.21720006
4245,14735.11,False,0.19927797,False,DRIAMS-A|DRIAMS-B,DRIAMS-C,0.21631937,-0.18223658
5589,18767.11,False,0.1992754,False,DRIAMS-A|DRIAMS-B,DRIAMS-C,0.12769428,-0.27085653
5564,18692.11,True,0.19922253,False,DRIAMS-A|DRIAMS-B,DRIAMS-C,0.16751184,0.23093325
3641,12923.11,False,0.19916843,False,DRIAMS-A|DRIAMS-B,DRIAMS-C,0.12281793,-0.27551892
5629,18887.11,False,0.19913118,False,DRIAMS-A|DRIAMS-B,DRIAMS-C,0.16541624,-0.23284611
3651,12953.11,False,0.19911832,False,DRIAMS-A|DRIAMS-B,DRIAMS-C,0.14567254,-0.25256407
5625,18875.11,True,0.19903684,False,DRIAMS-A|DRIAMS-B,DRIAMS-C,0.14321275,0.25486094
5348,18044.11,True,0.19900045,False,DRIAMS-A|DRIAMS-B,DRIAMS-C,0.13406956,0.26393133
5056,17168.11,True,0.1988802,False,DRIAMS-A|DRIAMS-B,DRIAMS-C,0.26535514,0.13240527
5061,17183.11,True,0.1988701,False,DRIAMS-A|DRIAMS-B,DRIAMS-C,0.18435326,0.21338692
2531,9593.11,True,0.1988693,False,DRIAMS-A|DRIAMS-B,DRIAMS-C,0.34613413,0.051604476
4049,14147.11,False,0.19877006,False,DRIAMS-A|DRIAMS-B,DRIAMS-C,0.13660002,-0.2609401
455,3365.1099999999997,True,0.1987586,False,DRIAMS-A|DRIAMS-B,DRIAMS-C,-0.24911106,-0.14840616
2176,8528.11,True,0.1987509,False,DRIAMS-A|DRIAMS-B,DRIAMS-C,0.16140263,0.23609917
4294,14882.11,True,0.1987293,False,DRIAMS-A|DRIAMS-B,DRIAMS-C,0.20715953,0.1902991
4341,15023.11,False,0.19867657,False,DRIAMS-A|DRIAMS-B,DRIAMS-C,0.10083447,-0.29651868
1561,6683.11,True,0.19866323,False,DRIAMS-A|DRIAMS-B,DRIAMS-C,-0.108349055,-0.2889774
493,3479.1099999999997,False,0.19864817,False,DRIAMS-A|DRIAMS-B,DRIAMS-C,-0.105794854,0.2915015
1160,5480.11,True,0.1986095,False,DRIAMS-A|DRIAMS-B,DRIAMS-C,-0.22543281,-0.1717862
2938,10814.11,False,0.19860832,False,DRIAMS-A|DRIAMS-B,DRIAMS-C,0.29116026,-0.1060564
5999,19997.11,False,0.19855534,False,DRIAMS-A|DRIAMS-B,DRIAMS-C,0.17235692,-0.22475375
4112,14336.11,True,0.19855285,False,DRIAMS-A|DRIAMS-B,DRIAMS-C,0.18467064,0.21243505
1411,6233.11,True,0.19854343,False,DRIAMS-A|DRIAMS-B,DRIAMS-C,0.09008249,0.30700436
2064,8192.11,True,0.19851045,False,DRIAMS-A|DRIAMS-B,DRIAMS-C,0.00037018905,0.39665073
68,2204.1099999999997,True,0.19850487,False,DRIAMS-A|DRIAMS-B,DRIAMS-C,-0.2727485,-0.124261245
4236,14708.11,False,0.19849154,False,DRIAMS-A|DRIAMS-B,DRIAMS-C,0.08891638,-0.3080667
83,2249.1099999999997,True,0.19842888,False,DRIAMS-A|DRIAMS-B,DRIAMS-C,-0.085160576,-0.31169719
1531,6593.11,False,0.19834535,False,DRIAMS-A|DRIAMS-B,DRIAMS-C,0.28602982,-0.11066089
3373,12119.11,False,0.19833112,False,DRIAMS-A|DRIAMS-B,DRIAMS-C,0.23032974,-0.16633251
2722,10166.11,True,0.19829303,False,DRIAMS-A|DRIAMS-B,DRIAMS-C,0.23801716,0.15856892
1998,7994.11,True,0.19820026,False,DRIAMS-A|DRIAMS-B,DRIAMS-C,0.12820818,0.26819232
4330,14990.11,True,0.19818366,False,DRIAMS-A|DRIAMS-B,DRIAMS-C,0.19659288,0.19977444
3723,13169.11,True,0.1981578,False,DRIAMS-A|DRIAMS-B,DRIAMS-C,0.17519358,0.22112203
2939,10817.11,False,0.19814768,False,DRIAMS-A|DRIAMS-B,DRIAMS-C,0.3711934,-0.025101956
665,3995.1099999999997,True,0.19813634,False,DRIAMS-A|DRIAMS-B,DRIAMS-C,0.19275637,0.20351632
5820,19460.11,True,0.19808033,False,DRIAMS-A|DRIAMS-B,DRIAMS-C,0.1762394,0.21992128
2384,9152.11,True,0.19796416,False,DRIAMS-A|DRIAMS-B,DRIAMS-C,-0.23085468,-0.16507363
5431,18293.11,False,0.19791451,False,DRIAMS-A|DRIAMS-B,DRIAMS-C,0.18954335,-0.20628569
2895,10685.11,True,0.1978911,False,DRIAMS-A|DRIAMS-B,DRIAMS-C,0.10080654,0.29497567
4296,14888.11,True,0.19787025,False,DRIAMS-A|DRIAMS-B,DRIAMS-C,0.13059224,0.26514828
73,2219.1099999999997,True,0.19777331,False,DRIAMS-A|DRIAMS-B,DRIAMS-C,-0.30053705,-0.09500955
4978,16934.11,False,0.19772056,False,DRIAMS-A|DRIAMS-B,DRIAMS-C,0.24053161,-0.1549095
5436,18308.11,False,0.19769612,False,DRIAMS-A|DRIAMS-B,DRIAMS-C,0.16723816,-0.22815406
4966,16898.11,True,0.19765447,False,DRIAMS-A|DRIAMS-B,DRIAMS-C,0.20820846,0.18710048
5843,19529.11,False,0.197615,False,DRIAMS-A|DRIAMS-B,DRIAMS-C,0.104932316,-0.2902977
4023,14069.11,False,0.1975959,False,DRIAMS-A|DRIAMS-B,DRIAMS-C,0.17778856,-0.21740325
519,3557.1099999999997,True,0.1975052,False,DRIAMS-A|DRIAMS-B,DRIAMS-C,-0.119402885,-0.27560753
4866,16598.11,False,0.19749036,False,DRIAMS-A|DRIAMS-B,DRIAMS-C,0.160707,-0.23427373
1098,5294.11,True,0.1974903,False,DRIAMS-A|DRIAMS-B,DRIAMS-C,0.2323552,0.1626254
2753,10259.11,False,0.19744237,False,DRIAMS-A|DRIAMS-B,DRIAMS-C,0.14279294,-0.2520918
4069,14207.11,False,0.19733652,False,DRIAMS-A|DRIAMS-B,DRIAMS-C,0.13035315,-0.2643199
1613,6839.11,True,0.19729486,False,DRIAMS-A|DRIAMS-B,DRIAMS-C,0.09503354,0.29955617
1678,7034.11,True,0.1972723,False,DRIAMS-A|DRIAMS-B,DRIAMS-C,-0.072000176,-0.32254443
3673,13019.11,True,0.1972353,False,DRIAMS-A|DRIAMS-B,DRIAMS-C,0.2362797,0.1581909
2874,10622.11,False,0.19721939,False,DRIAMS-A|DRIAMS-B,DRIAMS-C,-0.022089193,0.3723496
2391,9173.11,False,0.19721013,False,DRIAMS-A|DRIAMS-B,DRIAMS-C,-0.016695024,0.37772524
300,2900.1099999999997,True,0.19713412,False,DRIAMS-A|DRIAMS-B,DRIAMS-C,-0.122899145,-0.2713691
4662,15986.11,False,0.1970464,False,DRIAMS-A|DRIAMS-B,DRIAMS-C,0.16040224,-0.23369057
1880,7640.11,True,0.19704278,False,DRIAMS-A|DRIAMS-B,DRIAMS-C,0.108067356,0.2860182
3057,11171.11,True,0.19703943,False,DRIAMS-A|DRIAMS-B,DRIAMS-C,0.16658705,0.2274918
694,4082.1099999999997,False,0.19699097,False,DRIAMS-A|DRIAMS-B,DRIAMS-C,-0.22639939,0.16758253
5767,19301.11,False,0.19698328,False,DRIAMS-A|DRIAMS-B,DRIAMS-C,0.13497746,-0.2589891
3001,11003.11,True,0.19697636,False,DRIAMS-A|DRIAMS-B,DRIAMS-C,0.10880773,0.28514498
1232,5696.11,False,0.19694358,False,DRIAMS-A|DRIAMS-B,DRIAMS-C,0.23918724,-0.1546999
5069,17207.11,False,0.19688086,False,DRIAMS-A|DRIAMS-B,DRIAMS-C,0.10849469,-0.28526703
1191,5573.11,False,0.19679806,False,DRIAMS-A|DRIAMS-B,DRIAMS-C,0.24953082,-0.14406528
3388,12164.11,False,0.19678648,False,DRIAMS-A|DRIAMS-B,DRIAMS-C,0.15185249,-0.24172047
2690,10070.11,True,0.19659892,False,DRIAMS-A|DRIAMS-B,DRIAMS-C,-0.21107137,-0.18212648
5105,17315.11,True,0.19658753,False,DRIAMS-A|DRIAMS-B,DRIAMS-C,0.22007258,0.17310247
2973,10919.11,False,0.19657066,False,DRIAMS-A|DRIAMS-B,DRIAMS-C,0.25217384,-0.14096747
2855,10565.11,False,0.1965341,False,DRIAMS-A|DRIAMS-B,DRIAMS-C,0.19541244,-0.19765575
5926,19778.11,True,0.19637658,False,DRIAMS-A|DRIAMS-B,DRIAMS-C,0.1354768,0.25727636
3818,13454.11,False,0.1963039,False,DRIAMS-A|DRIAMS-B,DRIAMS-C,0.08906855,-0.30353925
5737,19211.11,True,0.19627674,False,DRIAMS-A|DRIAMS-B,DRIAMS-C,0.09204622,0.30050725
5699,19097.11,True,0.19626799,False,DRIAMS-A|DRIAMS-B,DRIAMS-C,0.19097969,0.20155628
2022,8066.11,True,0.19621773,False,DRIAMS-A|DRIAMS-B,DRIAMS-C,0.09202844,0.30040702
3446,12338.11,False,0.19618641,False,DRIAMS-A|DRIAMS-B,DRIAMS-C,0.06820927,-0.32416356
1116,5348.11,False,0.19610275,False,DRIAMS-A|DRIAMS-B,DRIAMS-C,0.1331101,-0.2590954
3632,12896.11,False,0.19609071,False,DRIAMS-A|DRIAMS-B,DRIAMS-C,0.17687455,-0.21530688
2366,9098.11,False,0.19606091,False,DRIAMS-A|DRIAMS-B,DRIAMS-C,0.017064322,-0.3750575
1216,5648.11,True,0.19602081,False,DRIAMS-A|DRIAMS-B,DRIAMS-C,-0.0006595992,-0.39138204
529,3587.1099999999997,False,0.19601923,False,DRIAMS-A|DRIAMS-B,DRIAMS-C,-0.32297322,0.06906525
3257,11771.11,False,0.1958865,False,DRIAMS-A|DRIAMS-B,DRIAMS-C,0.16152261,-0.23025039
1947,7841.11,False,0.19587429,False,DRIAMS-A|DRIAMS-B,DRIAMS-C,0.18519108,-0.2065575
5451,18353.11,False,0.19580597,False,DRIAMS-A|DRIAMS-B,DRIAMS-C,0.21907832,-0.17253362
2742,10226.11,False,0.19578446,False,DRIAMS-A|DRIAMS-B,DRIAMS-C,0.09754169,-0.29402724
149,2447.1099999999997,False,0.19576073,False,DRIAMS-A|DRIAMS-B,DRIAMS-C,0.21401432,-0.17750715
1164,5492.11,True,0.19571581,False,DRIAMS-A|DRIAMS-B,DRIAMS-C,-0.25839505,-0.13303657
1553,6659.11,False,0.19566898,False,DRIAMS-A|DRIAMS-B,DRIAMS-C,0.08773425,-0.3036037
758,4274.11,True,0.19561517,False,DRIAMS-A|DRIAMS-B,DRIAMS-C,0.1228537,0.26837665
1776,7328.11,False,0.1956149,False,DRIAMS-A|DRIAMS-B,DRIAMS-C,0.10269074,-0.28853905
888,4664.11,True,0.19559005,False,DRIAMS-A|DRIAMS-B,DRIAMS-C,-0.08623088,-0.30494922
5365,18095.11,False,0.19558862,False,DRIAMS-A|DRIAMS-B,DRIAMS-C,0.18688025,-0.20429698
4355,15065.11,True,0.19554223,False,DRIAMS-A|DRIAMS-B,DRIAMS-C,-0.1981372,-0.19294727
1262,5786.11,True,0.19552934,False,DRIAMS-A|DRIAMS-B,DRIAMS-C,-0.37429267,-0.016766006
4676,16028.11,False,0.19542748,False,DRIAMS-A|DRIAMS-B,DRIAMS-C,0.07436604,-0.31648892
4921,16763.11,False,0.19529852,False,DRIAMS-A|DRIAMS-B,DRIAMS-C,0.12641476,-0.2641823
781,4343.11,True,0.19522274,False,DRIAMS-A|DRIAMS-B,DRIAMS-C,0.09869449,0.291751
36,2108.1099999999997,True,0.19518077,False,DRIAMS-A|DRIAMS-B,DRIAMS-C,-0.27700126,-0.1133603
2929,10787.11,True,0.19512834,False,DRIAMS-A|DRIAMS-B,DRIAMS-C,-0.31004554,-0.080211125
3288,11864.11,False,0.19511318,False,DRIAMS-A|DRIAMS-B,DRIAMS-C,0.17722557,-0.21300079
5556,18668.11,False,0.19493651,False,DRIAMS-A|DRIAMS-B,DRIAMS-C,0.1503154,-0.23955761
4431,15293.11,True,0.19493084,False,DRIAMS-A|DRIAMS-B,DRIAMS-C,0.019703208,0.37015846
4975,16925.11,False,0.19492817,False,DRIAMS-A|DRIAMS-B,DRIAMS-C,0.14287709,-0.24697924
5191,17573.11,True,0.19491914,False,DRIAMS-A|DRIAMS-B,DRIAMS-C,0.14153878,0.24829948
2812,10436.11,True,0.19490632,False,DRIAMS-A|DRIAMS-B,DRIAMS-C,-0.04310648,-0.34670618
4094,14282.11,False,0.19489373,False,DRIAMS-A|DRIAMS-B,DRIAMS-C,0.118477434,-0.27131003
3427,12281.11,True,0.19488756,False,DRIAMS-A|DRIAMS-B,DRIAMS-C,0.20037787,0.18939726
5448,18344.11,False,0.19485016,False,DRIAMS-A|DRIAMS-B,DRIAMS-C,0.17586096,-0.21383937
3721,13163.11,True,0.19478332,False,DRIAMS-A|DRIAMS-B,DRIAMS-C,0.14568526,0.24388137
5224,17672.11,False,0.19477455,False,DRIAMS-A|DRIAMS-B,DRIAMS-C,0.036184464,-0.35336465
3379,12137.11,False,0.19463605,False,DRIAMS-A|DRIAMS-B,DRIAMS-C,0.124020845,-0.26525125
5893,19679.11,False,0.19461454,False,DRIAMS-A|DRIAMS-B,DRIAMS-C,0.10570929,-0.2835198
2648,9944.11,False,0.19459793,False,DRIAMS-A|DRIAMS-B,DRIAMS-C,0.11951181,-0.26968405
2000,8000.11,True,0.1945592,False,DRIAMS-A|DRIAMS-B,DRIAMS-C,0.16168751,0.2274309
1641,6923.11,True,0.19455041,False,DRIAMS-A|DRIAMS-B,DRIAMS-C,0.25099733,0.13810349
4058,14174.11,True,0.19454214,False,DRIAMS-A|DRIAMS-B,DRIAMS-C,0.26567483,0.123409435
5829,19487.11,False,0.19452083,False,DRIAMS-A|DRIAMS-B,DRIAMS-C,0.16300301,-0.22603865
1285,5855.11,True,0.19447517,False,DRIAMS-A|DRIAMS-B,DRIAMS-C,-0.036695004,-0.35225534
5307,17921.11,False,0.19446433,False,DRIAMS-A|DRIAMS-B,DRIAMS-C,0.17558275,-0.21334589
3211,11633.11,True,0.19432615,False,DRIAMS-A|DRIAMS-B,DRIAMS-C,0.089713246,0.29893905
206,2618.1099999999997,True,0.19425541,False,DRIAMS-A|DRIAMS-B,DRIAMS-C,-0.09810291,-0.29040793
4583,15749.11,False,0.19420737,False,DRIAMS-A|DRIAMS-B,DRIAMS-C,0.053419925,-0.33499482
2066,8198.11,False,0.19419822,False,DRIAMS-A|DRIAMS-B,DRIAMS-C,0.02142736,-0.36696908
1281,5843.11,True,0.19411966,False,DRIAMS-A|DRIAMS-B,DRIAMS-C,0.27839857,0.10984074
3636,12908.11,True,0.19411361,False,DRIAMS-A|DRIAMS-B,DRIAMS-C,0.15213278,0.23609444
5831,19493.11,False,0.1939643,False,DRIAMS-A|DRIAMS-B,DRIAMS-C,0.15989423,-0.22803438
5995,19985.11,False,0.19393207,False,DRIAMS-A|DRIAMS-B,DRIAMS-C,0.11974803,-0.26811612
1099,5297.11,True,0.19387475,False,DRIAMS-A|DRIAMS-B,DRIAMS-C,0.20949827,0.17825124
4708,16124.11,True,0.19387305,False,DRIAMS-A|DRIAMS-B,DRIAMS-C,0.117152356,0.27059373
4671,16013.11,False,0.19383855,False,DRIAMS-A|DRIAMS-B,DRIAMS-C,0.12398424,-0.26369286
1313,5939.11,True,0.19379514,False,DRIAMS-A|DRIAMS-B,DRIAMS-C,-0.18354298,-0.20404732
2351,9053.11,True,0.19369641,False,DRIAMS-A|DRIAMS-B,DRIAMS-C,0.20697539,0.18041743
2144,8432.11,True,0.19368225,False,DRIAMS-A|DRIAMS-B,DRIAMS-C,0.16531545,0.22204907
1474,6422.11,False,0.19365457,False,DRIAMS-A|DRIAMS-B,DRIAMS-C,-0.1672437,0.22006543
5020,17060.11,False,0.19365002,False,DRIAMS-A|DRIAMS-B,DRIAMS-C,0.18005505,-0.20724499
845,4535.11,True,0.19357246,False,DRIAMS-A|DRIAMS-B,DRIAMS-C,0.0035480994,0.38359684
740,4220.11,False,0.19355382,False,DRIAMS-A|DRIAMS-B,DRIAMS-C,0.23308875,-0.1540189
3977,13931.11,False,0.19354224,False,DRIAMS-A|DRIAMS-B,DRIAMS-C,0.19386077,-0.19322371
2885,10655.11,False,0.19353929,False,DRIAMS-A|DRIAMS-B,DRIAMS-C,0.08009778,-0.3069808
25,2075.1099999999997,False,0.19342262,False,DRIAMS-A|DRIAMS-B,DRIAMS-C,0.059627034,-0.3272182
2868,10604.11,False,0.19338721,False,DRIAMS-A|DRIAMS-B,DRIAMS-C,-0.12340813,0.26336628
5838,19514.11,False,0.1933141,False,DRIAMS-A|DRIAMS-B,DRIAMS-C,0.15715681,-0.2294714
1622,6866.11,True,0.19330497,False,DRIAMS-A|DRIAMS-B,DRIAMS-C,0.2673291,0.119280845
1482,6446.11,True,0.19329023,False,DRIAMS-A|DRIAMS-B,DRIAMS-C,-0.16654857,-0.2200319
4839,16517.11,False,0.19327888,False,DRIAMS-A|DRIAMS-B,DRIAMS-C,0.21640725,-0.17015052
1558,6674.11,True,0.19326028,False,DRIAMS-A|DRIAMS-B,DRIAMS-C,0.14643164,0.24008892
3471,12413.11,True,0.19321498,False,DRIAMS-A|DRIAMS-B,DRIAMS-C,0.19450545,0.19192451
3328,11984.11,False,0.19312319,False,DRIAMS-A|DRIAMS-B,DRIAMS-C,0.12471332,-0.26153305
4704,16112.11,False,0.1931158,False,DRIAMS-A|DRIAMS-B,DRIAMS-C,0.072879456,-0.31335214
4454,15362.11,False,0.19294934,False,DRIAMS-A|DRIAMS-B,DRIAMS-C,0.086684376,-0.2992143
730,4190.11,True,0.1929371,False,DRIAMS-A|DRIAMS-B,DRIAMS-C,0.11461807,0.27125615
5667,19001.11,False,0.19289759,False,DRIAMS-A|DRIAMS-B,DRIAMS-C,0.10196426,-0.2838309
741,4223.11,False,0.19284743,False,DRIAMS-A|DRIAMS-B,DRIAMS-C,0.04759175,-0.33810312
1157,5471.11,False,0.1927982,False,DRIAMS-A|DRIAMS-B,DRIAMS-C,-0.08100752,0.30458888
1551,6653.11,False,0.19274959,False,DRIAMS-A|DRIAMS-B,DRIAMS-C,0.17930454,-0.20619465
4871,16613.11,False,0.19272867,False,DRIAMS-A|DRIAMS-B,DRIAMS-C,0.13953768,-0.24591967
4695,16085.11,True,0.19270323,False,DRIAMS-A|DRIAMS-B,DRIAMS-C,-0.015437627,-0.36996883
1881,7643.11,True,0.19263616,False,DRIAMS-A|DRIAMS-B,DRIAMS-C,0.10712985,0.27814248
1886,7658.11,False,0.1926054,False,DRIAMS-A|DRIAMS-B,DRIAMS-C,0.24772511,-0.13748568
4102,14306.11,False,0.19258259,False,DRIAMS-A|DRIAMS-B,DRIAMS-C,0.10900406,-0.27616113
2301,8903.11,True,0.19256058,False,DRIAMS-A|DRIAMS-B,DRIAMS-C,-0.17643942,-0.20868173
5555,18665.11,False,0.19255584,False,DRIAMS-A|DRIAMS-B,DRIAMS-C,0.19132142,-0.19379027
4068,14204.11,False,0.19250292,False,DRIAMS-A|DRIAMS-B,DRIAMS-C,0.16364984,-0.22135597
4517,15551.11,True,0.19247365,False,DRIAMS-A|DRIAMS-B,DRIAMS-C,0.09087541,0.29407188
980,4940.11,True,0.19238189,False,DRIAMS-A|DRIAMS-B,DRIAMS-C,-0.11504728,-0.2697165
468,3404.1099999999997,True,0.19235075,False,DRIAMS-A|DRIAMS-B,DRIAMS-C,-0.18379556,-0.20090592
5126,17378.11,True,0.19230942,False,DRIAMS-A|DRIAMS-B,DRIAMS-C,0.18235467,0.20226417
2021,8063.11,True,0.1922281,False,DRIAMS-A|DRIAMS-B,DRIAMS-C,0.121026225,0.26342997
1385,6155.11,False,0.19216862,False,DRIAMS-A|DRIAMS-B,DRIAMS-C,0.23043355,-0.15390368
3812,13436.11,False,0.19212976,False,DRIAMS-A|DRIAMS-B,DRIAMS-C,0.14701506,-0.23724444
2747,10241.11,False,0.19209664,False,DRIAMS-A|DRIAMS-B,DRIAMS-C,0.1827646,-0.20142867
3763,13289.11,False,0.19209568,False,DRIAMS-A|DRIAMS-B,DRIAMS-C,0.12106136,-0.26313
3417,12251.11,False,0.1920353,False,DRIAMS-A|DRIAMS-B,DRIAMS-C,0.1703049,-0.21376571
5542,18626.11,True,0.19203177,False,DRIAMS-A|DRIAMS-B,DRIAMS-C,0.15932326,0.22474027
1095,5285.11,True,0.19200411,False,DRIAMS-A|DRIAMS-B,DRIAMS-C,0.2844521,0.09955613
4533,15599.11,True,0.19200152,False,DRIAMS-A|DRIAMS-B,DRIAMS-C,0.0048571196,0.37914592
1817,7451.11,True,0.19194722,False,DRIAMS-A|DRIAMS-B,DRIAMS-C,-0.021839613,-0.36205482
4230,14690.11,False,0.19188447,False,DRIAMS-A|DRIAMS-B,DRIAMS-C,0.12829825,-0.2554707
4092,14276.11,True,0.19186047,False,DRIAMS-A|DRIAMS-B,DRIAMS-C,0.06876217,0.31495878
1123,5369.11,False,0.19184193,False,DRIAMS-A|DRIAMS-B,DRIAMS-C,-0.07929499,0.30438888
4082,14246.11,False,0.19177862,False,DRIAMS-A|DRIAMS-B,DRIAMS-C,0.1526611,-0.23089613
66,2198.1099999999997,True,0.19162402,False,DRIAMS-A|DRIAMS-B,DRIAMS-C,-0.20716196,-0.17608605
792,4376.11,True,0.19159958,False,DRIAMS-A|DRIAMS-B,DRIAMS-C,-0.1801457,-0.20305344
4968,16904.11,True,0.19157282,False,DRIAMS-A|DRIAMS-B,DRIAMS-C,0.17881896,0.20432666
179,2537.1099999999997,True,0.19148114,False,DRIAMS-A|DRIAMS-B,DRIAMS-C,-0.10057667,-0.28238562
840,4520.11,False,0.19143984,False,DRIAMS-A|DRIAMS-B,DRIAMS-C,-0.24394293,0.13893674
3190,11570.11,True,0.19137165,False,DRIAMS-A|DRIAMS-B,DRIAMS-C,-0.09559936,-0.28714395
4804,16412.11,True,0.19133195,False,DRIAMS-A|DRIAMS-B,DRIAMS-C,0.1798767,0.20278722
2834,10502.11,False,0.19130784,False,DRIAMS-A|DRIAMS-B,DRIAMS-C,-0.20414513,0.17847057
2674,10022.11,False,0.19128837,False,DRIAMS-A|DRIAMS-B,DRIAMS-C,0.28362668,-0.098950066
2976,10928.11,False,0.19126758,False,DRIAMS-A|DRIAMS-B,DRIAMS-C,0.16565728,-0.2168779
4794,16382.11,False,0.19123033,False,DRIAMS-A|DRIAMS-B,DRIAMS-C,0.20956273,-0.17289793
1887,7661.11,False,0.19118036,False,DRIAMS-A|DRIAMS-B,DRIAMS-C,0.23689839,-0.14546233
1821,7463.11,True,0.1910483,False,DRIAMS-A|DRIAMS-B,DRIAMS-C,0.11070997,0.27138662
3434,12302.11,True,0.19104643,False,DRIAMS-A|DRIAMS-B,DRIAMS-C,0.21656102,0.16553184
1767,7301.11,False,0.19103806,False,DRIAMS-A|DRIAMS-B,DRIAMS-C,0.0060590883,-0.37601703
5374,18122.11,False,0.19089428,False,DRIAMS-A|DRIAMS-B,DRIAMS-C,0.1332566,-0.24853194
3676,13028.11,False,0.19086799,False,DRIAMS-A|DRIAMS-B,DRIAMS-C,0.12357766,-0.25815833
2458,9374.11,False,0.19083063,False,DRIAMS-A|DRIAMS-B,DRIAMS-C,0.044105362,-0.33755592
5366,18098.11,False,0.1908013,False,DRIAMS-A|DRIAMS-B,DRIAMS-C,0.2242492,-0.15735337
42,2126.1099999999997,False,0.19078144,False,DRIAMS-A|DRIAMS-B,DRIAMS-C,-0.24811344,0.13344944
2405,9215.11,True,0.19073895,False,DRIAMS-A|DRIAMS-B,DRIAMS-C,0.012000343,0.36947754
4952,16856.11,True,0.19069226,False,DRIAMS-A|DRIAMS-B,DRIAMS-C,0.22175534,0.15962918
5739,19217.11,True,0.19063579,False,DRIAMS-A|DRIAMS-B,DRIAMS-C,0.13047192,0.25079966
3414,12242.11,True,0.19057359,False,DRIAMS-A|DRIAMS-B,DRIAMS-C,0.15290385,0.22824332
2695,10085.11,False,0.19053158,False,DRIAMS-A|DRIAMS-B,DRIAMS-C,-0.18490529,0.19615789
443,3329.1099999999997,True,0.19046588,False,DRIAMS-A|DRIAMS-B,DRIAMS-C,-0.04329717,-0.3376346
2017,8051.11,True,0.1904501,False,DRIAMS-A|DRIAMS-B,DRIAMS-C,-0.19978993,-0.1811103
4838,16514.11,False,0.19042827,False,DRIAMS-A|DRIAMS-B,DRIAMS-C,0.21201643,-0.16884011
2483,9449.11,False,0.19039644,False,DRIAMS-A|DRIAMS-B,DRIAMS-C,0.07227988,-0.30851302
3833,13499.11,False,0.19039026,False,DRIAMS-A|DRIAMS-B,DRIAMS-C,0.1454608,-0.23531972
4939,16817.11,False,0.19038996,False,DRIAMS-A|DRIAMS-B,DRIAMS-C,0.10303402,-0.2777459
727,4181.11,False,0.19037177,False,DRIAMS-A|DRIAMS-B,DRIAMS-C,0.19232711,-0.18841642
2179,8537.11,False,0.19034186,False,DRIAMS-A|DRIAMS-B,DRIAMS-C,0.1450174,-0.23566633
3824,13472.11,False,0.19027391,False,DRIAMS-A|DRIAMS-B,DRIAMS-C,0.11364509,-0.26690271
5743,19229.11,False,0.19017297,False,DRIAMS-A|DRIAMS-B,DRIAMS-C,0.14731206,-0.2330339
4442,15326.11,True,0.19014241,False,DRIAMS-A|DRIAMS-B,DRIAMS-C,0.16016094,0.22012387
4653,15959.11,False,0.18998954,False,DRIAMS-A|DRIAMS-B,DRIAMS-C,0.19640057,-0.18357852
3705,13115.11,True,0.18992925,False,DRIAMS-A|DRIAMS-B,DRIAMS-C,-0.12929992,-0.25055856
797,4391.11,False,0.18991125,False,DRIAMS-A|DRIAMS-B,DRIAMS-C,-0.24411981,0.13570268
4787,16361.11,False,0.18985707,False,DRIAMS-A|DRIAMS-B,DRIAMS-C,0.15850687,-0.22120726
335,3005.1099999999997,False,0.1897097,False,DRIAMS-A|DRIAMS-B,DRIAMS-C,0.107065275,-0.2723541
5340,18020.11,False,0.18969402,False,DRIAMS-A|DRIAMS-B,DRIAMS-C,0.0902772,-0.28911084
5504,18512.11,False,0.1896914,False,DRIAMS-A|DRIAMS-B,DRIAMS-C,0.14888135,-0.23050144
4353,15059.11,True,0.18968078,False,DRIAMS-A|DRIAMS-B,DRIAMS-C,-0.22104347,-0.1583181
582,3746.1099999999997,True,0.18967402,False,DRIAMS-A|DRIAMS-B,DRIAMS-C,0.09758627,0.28176177
1017,5051.11,False,0.18965712,False,DRIAMS-A|DRIAMS-B,DRIAMS-C,-0.2951306,0.08418362
4900,16700.11,False,0.18965174,False,DRIAMS-A|DRIAMS-B,DRIAMS-C,0.14222366,-0.23707983
5533,18599.11,False,0.18959646,False,DRIAMS-A|DRIAMS-B,DRIAMS-C,0.079732895,-0.29946002
4372,15116.11,False,0.1895646,False,DRIAMS-A|DRIAMS-B,DRIAMS-C,-0.11748778,0.2616414
1162,5486.11,True,0.1895233,False,DRIAMS-A|DRIAMS-B,DRIAMS-C,-0.31065443,-0.068392165
1124,5372.11,False,0.18948269,False,DRIAMS-A|DRIAMS-B,DRIAMS-C,-0.09189259,0.28707278
5077,17231.11,False,0.18946394,False,DRIAMS-A|DRIAMS-B,DRIAMS-C,0.186361,-0.19256687
3655,12965.11,True,0.18943787,False,DRIAMS-A|DRIAMS-B,DRIAMS-C,0.23318283,0.1456929
3395,12185.11,True,0.1894285,False,DRIAMS-A|DRIAMS-B,DRIAMS-C,0.18046078,0.1983962
1691,7073.11,False,0.18942651,False,DRIAMS-A|DRIAMS-B,DRIAMS-C,0.19498089,-0.18387215
2263,8789.11,True,0.18934199,False,DRIAMS-A|DRIAMS-B,DRIAMS-C,0.16228136,0.21640262
5375,18125.11,False,0.18924016,False,DRIAMS-A|DRIAMS-B,DRIAMS-C,0.12115207,-0.25732824
2594,9782.11,False,0.1891616,False,DRIAMS-A|DRIAMS-B,DRIAMS-C,0.16573584,-0.21258736
822,4466.11,True,0.1891379,False,DRIAMS-A|DRIAMS-B,DRIAMS-C,-0.16747436,-0.21080144
5574,18722.11,False,0.18913421,False,DRIAMS-A|DRIAMS-B,DRIAMS-C,0.12090163,-0.2573668
5252,17756.11,False,0.18903212,False,DRIAMS-A|DRIAMS-B,DRIAMS-C,0.11583093,-0.26223332
2420,9260.11,True,0.18901414,False,DRIAMS-A|DRIAMS-B,DRIAMS-C,0.06305263,0.31497565
185,2555.1099999999997,False,0.18886581,False,DRIAMS-A|DRIAMS-B,DRIAMS-C,0.23032124,-0.1474104
749,4247.11,True,0.18880904,False,DRIAMS-A|DRIAMS-B,DRIAMS-C,-0.1554115,-0.2222066
4757,16271.11,True,0.18870215,False,DRIAMS-A|DRIAMS-B,DRIAMS-C,0.08266297,0.29474133
5681,19043.11,False,0.18867318,False,DRIAMS-A|DRIAMS-B,DRIAMS-C,0.15900889,-0.21833748
211,2633.1099999999997,True,0.18863384,False,DRIAMS-A|DRIAMS-B,DRIAMS-C,-0.13941249,-0.2378552
1110,5330.11,True,0.18862802,False,DRIAMS-A|DRIAMS-B,DRIAMS-C,-0.17314443,-0.2041116
5008,17024.11,False,0.188622,False,DRIAMS-A|DRIAMS-B,DRIAMS-C,0.14585374,-0.23139027
103,2309.1099999999997,True,0.1885517,False,DRIAMS-A|DRIAMS-B,DRIAMS-C,-0.13355944,-0.24354395
1278,5834.11,False,0.18850835,False,DRIAMS-A|DRIAMS-B,DRIAMS-C,0.16204318,-0.21497351
2901,10703.11,False,0.18849102,False,DRIAMS-A|DRIAMS-B,DRIAMS-C,0.17239645,-0.20458558
5407,18221.11,False,0.18846038,False,DRIAMS-A|DRIAMS-B,DRIAMS-C,0.17896964,-0.19795112
5232,17696.11,False,0.18834177,False,DRIAMS-A|DRIAMS-B,DRIAMS-C,0.07910723,-0.2975763
3588,12764.11,False,0.18831214,False,DRIAMS-A|DRIAMS-B,DRIAMS-C,0.1817608,-0.19486348
5930,19790.11,True,0.18830669,False,DRIAMS-A|DRIAMS-B,DRIAMS-C,0.13229096,0.2443224
2829,10487.11,False,0.18822503,False,DRIAMS-A|DRIAMS-B,DRIAMS-C,-0.2819635,0.09448657
4768,16304.11,True,0.18820855,False,DRIAMS-A|DRIAMS-B,DRIAMS-C,0.1332975,0.24311961
5583,18749.11,True,0.188171,False,DRIAMS-A|DRIAMS-B,DRIAMS-C,0.14479238,0.23154962
5044,17132.11,False,0.1881004,False,DRIAMS-A|DRIAMS-B,DRIAMS-C,0.15437938,-0.22182143
4140,14420.11,False,0.18809903,False,DRIAMS-A|DRIAMS-B,DRIAMS-C,0.14047341,-0.23572463
5988,19964.11,False,0.18800998,False,DRIAMS-A|DRIAMS-B,DRIAMS-C,0.18856269,-0.18745728
3454,12362.11,True,0.18798015,False,DRIAMS-A|DRIAMS-B,DRIAMS-C,0.14083359,0.23512669
5397,18191.11,True,0.18797085,False,DRIAMS-A|DRIAMS-B,DRIAMS-C,0.09140124,0.28454044
3616,12848.11,False,0.18789458,False,DRIAMS-A|DRIAMS-B,DRIAMS-C,-0.15868092,0.21710825
4569,15707.11,True,0.18785955,False,DRIAMS-A|DRIAMS-B,DRIAMS-C,0.13053615,0.24518295
3081,11243.11,True,0.18782306,False,DRIAMS-A|DRIAMS-B,DRIAMS-C,0.19301374,0.18263239
5325,17975.11,True,0.187765,False,DRIAMS-A|DRIAMS-B,DRIAMS-C,0.116385885,0.25914413
4933,16799.11,True,0.18756616,False,DRIAMS-A|DRIAMS-B,DRIAMS-C,0.17571431,0.19941801
5994,19982.11,False,0.18755788,False,DRIAMS-A|DRIAMS-B,DRIAMS-C,0.110532925,-0.2645828
1052,5156.11,False,0.18755354,False,DRIAMS-A|DRIAMS-B,DRIAMS-C,-0.060558606,0.31454846
4187,14561.11,False,0.18746954,False,DRIAMS-A|DRIAMS-B,DRIAMS-C,0.19684136,-0.17809771
5515,18545.11,False,0.18742886,False,DRIAMS-A|DRIAMS-B,DRIAMS-C,0.25540933,-0.119448386
1550,6650.11,False,0.18739778,False,DRIAMS-A|DRIAMS-B,DRIAMS-C,0.20038734,-0.17440823
3116,11348.11,True,0.18738784,False,DRIAMS-A|DRIAMS-B,DRIAMS-C,0.04414144,0.33063424
5827,19481.11,False,0.18736157,False,DRIAMS-A|DRIAMS-B,DRIAMS-C,0.18602502,-0.1886981
1720,7160.11,False,0.18731923,False,DRIAMS-A|DRIAMS-B,DRIAMS-C,-0.0063691624,0.3682693
1413,6239.11,True,0.18728617,False,DRIAMS-A|DRIAMS-B,DRIAMS-C,0.2785694,0.09600293
706,4118.11,True,0.18722498,False,DRIAMS-A|DRIAMS-B,DRIAMS-C,-0.20114385,-0.17330614
1439,6317.11,True,0.18714425,False,DRIAMS-A|DRIAMS-B,DRIAMS-C,-0.12110329,-0.2531852
3291,11873.11,False,0.1871328,False,DRIAMS-A|DRIAMS-B,DRIAMS-C,0.17596167,-0.19830392
3952,13856.11,False,0.1869334,False,DRIAMS-A|DRIAMS-B,DRIAMS-C,0.1589667,-0.21490009
1742,7226.11,False,0.18691324,False,DRIAMS-A|DRIAMS-B,DRIAMS-C,-0.080602616,0.29322386
3540,12620.11,True,0.18687391,False,DRIAMS-A|DRIAMS-B,DRIAMS-C,-0.16698797,-0.20675986
3702,13106.11,False,0.18680687,False,DRIAMS-A|DRIAMS-B,DRIAMS-C,-0.21520695,0.1584068
4273,14819.11,False,0.18680465,False,DRIAMS-A|DRIAMS-B,DRIAMS-C,0.2588269,-0.11478238
4332,14996.11,True,0.18667486,False,DRIAMS-A|DRIAMS-B,DRIAMS-C,0.2153836,0.15796612
3421,12263.11,False,0.18665506,False,DRIAMS-A|DRIAMS-B,DRIAMS-C,0.04685227,-0.32645786
5531,18593.11,False,0.18651965,False,DRIAMS-A|DRIAMS-B,DRIAMS-C,0.13767488,-0.2353644
776,4328.11,True,0.18645632,False,DRIAMS-A|DRIAMS-B,DRIAMS-C,-0.28481215,-0.0881005
4543,15629.11,False,0.18644792,False,DRIAMS-A|DRIAMS-B,DRIAMS-C,0.1993641,-0.17353173
208,2624.1099999999997,True,0.18634333,False,DRIAMS-A|DRIAMS-B,DRIAMS-C,-0.09509698,-0.27758968
5101,17303.11,True,0.18634105,False,DRIAMS-A|DRIAMS-B,DRIAMS-C,0.143789,0.22889309
5401,18203.11,False,0.18634064,False,DRIAMS-A|DRIAMS-B,DRIAMS-C,0.17694312,-0.19573817
729,4187.11,True,0.1863365,False,DRIAMS-A|DRIAMS-B,DRIAMS-C,0.1488538,0.22381921
5413,18239.11,True,0.1862647,False,DRIAMS-A|DRIAMS-B,DRIAMS-C,0.13022944,0.24229994
258,2774.1099999999997,False,0.18619964,False,DRIAMS-A|DRIAMS-B,DRIAMS-C,-0.050354715,0.32204455
4694,16082.11,True,0.18615453,False,DRIAMS-A|DRIAMS-B,DRIAMS-C,-0.016713565,-0.3555955
2393,9179.11,False,0.18612365,False,DRIAMS-A|DRIAMS-B,DRIAMS-C,-0.15046905,0.22177826
537,3611.1099999999997,True,0.18610264,False,DRIAMS-A|DRIAMS-B,DRIAMS-C,-0.07700013,-0.29520515
4502,15506.11,False,0.18608162,False,DRIAMS-A|DRIAMS-B,DRIAMS-C,0.14375289,-0.22841035
4280,14840.11,True,0.18604755,False,DRIAMS-A|DRIAMS-B,DRIAMS-C,0.13941224,0.23268287
5825,19475.11,True,0.1859422,False,DRIAMS-A|DRIAMS-B,DRIAMS-C,0.18750945,0.18437497
1579,6737.11,True,0.18593954,False,DRIAMS-A|DRIAMS-B,DRIAMS-C,0.012060714,0.35981837
3995,13985.11,True,0.18585634,False,DRIAMS-A|DRIAMS-B,DRIAMS-C,0.14729658,0.22441612
3126,11378.11,True,0.18585314,False,DRIAMS-A|DRIAMS-B,DRIAMS-C,0.040994007,0.33071226
5415,18245.11,True,0.18583837,False,DRIAMS-A|DRIAMS-B,DRIAMS-C,0.1440696,0.22760716
2388,9164.11,False,0.18567362,False,DRIAMS-A|DRIAMS-B,DRIAMS-C,-0.10641543,0.26493183
2082,8246.11,True,0.18563455,False,DRIAMS-A|DRIAMS-B,DRIAMS-C,0.16077009,0.21049903
2410,9230.11,True,0.18562634,False,DRIAMS-A|DRIAMS-B,DRIAMS-C,-0.023260377,-0.3479923
2119,8357.11,True,0.18560877,False,DRIAMS-A|DRIAMS-B,DRIAMS-C,0.1390901,0.23212744
1601,6803.11,False,0.18551993,False,DRIAMS-A|DRIAMS-B,DRIAMS-C,-0.24977235,0.121267505
1929,7787.11,True,0.18550196,False,DRIAMS-A|DRIAMS-B,DRIAMS-C,0.06023047,0.31077346
3919,13757.11,True,0.18543865,False,DRIAMS-A|DRIAMS-B,DRIAMS-C,0.21169183,0.15918547
4600,15800.11,True,0.18537721,False,DRIAMS-A|DRIAMS-B,DRIAMS-C,0.11495188,0.25580254
4342,15026.11,False,0.18532808,False,DRIAMS-A|DRIAMS-B,DRIAMS-C,0.029920734,-0.34073544
2961,10883.11,False,0.18526968,False,DRIAMS-A|DRIAMS-B,DRIAMS-C,0.29729545,-0.07324392
3925,13775.11,True,0.18526694,False,DRIAMS-A|DRIAMS-B,DRIAMS-C,0.2651197,0.10541418
5819,19457.11,True,0.18517432,False,DRIAMS-A|DRIAMS-B,DRIAMS-C,0.13555528,0.23479335
1165,5495.11,True,0.18516055,False,DRIAMS-A|DRIAMS-B,DRIAMS-C,-0.2474186,-0.12290249
4095,14285.11,False,0.1851599,False,DRIAMS-A|DRIAMS-B,DRIAMS-C,0.13551883,-0.23480098
1495,6485.11,True,0.18513167,False,DRIAMS-A|DRIAMS-B,DRIAMS-C,-0.14679737,-0.22346598
4275,14825.11,False,0.18509705,False,DRIAMS-A|DRIAMS-B,DRIAMS-C,0.14845948,-0.22173463
5125,17375.11,True,0.18507409,False,DRIAMS-A|DRIAMS-B,DRIAMS-C,0.16863263,0.20151557
1686,7058.11,False,0.18499768,False,DRIAMS-A|DRIAMS-B,DRIAMS-C,0.21836351,-0.15163183
100,2300.1099999999997,True,0.18498693,False,DRIAMS-A|DRIAMS-B,DRIAMS-C,-0.08919662,-0.28077725
4039,14117.11,False,0.18494137,False,DRIAMS-A|DRIAMS-B,DRIAMS-C,0.15030515,-0.21957758
5817,19451.11,True,0.18493967,False,DRIAMS-A|DRIAMS-B,DRIAMS-C,0.13545899,0.23442034
1643,6929.11,True,0.18484612,False,DRIAMS-A|DRIAMS-B,DRIAMS-C,0.24153152,0.12816072
3560,12680.11,True,0.18469346,False,DRIAMS-A|DRIAMS-B,DRIAMS-C,0.08096006,0.28842685
2034,8102.11,True,0.18457758,False,DRIAMS-A|DRIAMS-B,DRIAMS-C,-0.20169544,-0.16745974
5234,17702.11,False,0.18455508,False,DRIAMS-A|DRIAMS-B,DRIAMS-C,0.13259529,-0.23651488
2455,9365.11,False,0.1845301,False,DRIAMS-A|DRIAMS-B,DRIAMS-C,-0.03674074,0.33231944
5876,19628.11,False,0.18452826,False,DRIAMS-A|DRIAMS-B,DRIAMS-C,0.09840277,-0.27065375
5076,17228.11,False,0.18445629,False,DRIAMS-A|DRIAMS-B,DRIAMS-C,0.1415546,-0.22735797
2275,8825.11,True,0.18442683,False,DRIAMS-A|DRIAMS-B,DRIAMS-C,0.008721564,0.3601321
1994,7982.11,False,0.18439466,False,DRIAMS-A|DRIAMS-B,DRIAMS-C,0.068081304,-0.30070803
3716,13148.11,True,0.18437533,False,DRIAMS-A|DRIAMS-B,DRIAMS-C,-0.011416342,-0.35733432
4553,15659.11,False,0.18428457,False,DRIAMS-A|DRIAMS-B,DRIAMS-C,0.16015267,-0.20841648
5443,18329.11,True,0.18425488,False,DRIAMS-A|DRIAMS-B,DRIAMS-C,0.13957821,0.22893156
3660,12980.11,False,0.1842191,False,DRIAMS-A|DRIAMS-B,DRIAMS-C,0.10895327,-0.25948495
3887,13661.11,True,0.18409924,False,DRIAMS-A|DRIAMS-B,DRIAMS-C,0.09573475,0.27246374
3910,13730.11,True,0.1840333,False,DRIAMS-A|DRIAMS-B,DRIAMS-C,0.16926792,0.1987987
3077,11231.11,True,0.18403193,False,DRIAMS-A|DRIAMS-B,DRIAMS-C,0.043371245,0.32469264
2104,8312.11,True,0.1840209,False,DRIAMS-A|DRIAMS-B,DRIAMS-C,-0.018658131,-0.34938368
567,3701.1099999999997,True,0.18396732,False,DRIAMS-A|DRIAMS-B,DRIAMS-C,-0.14935541,-0.21857925
2109,8327.11,True,0.18395707,False,DRIAMS-A|DRIAMS-B,DRIAMS-C,0.17460234,0.19331178
94,2282.1099999999997,True,0.18388857,False,DRIAMS-A|DRIAMS-B,DRIAMS-C,-0.25769722,-0.110079914
3975,13925.11,True,0.18388048,False,DRIAMS-A|DRIAMS-B,DRIAMS-C,0.1722836,0.19547735
5241,17723.11,True,0.18385342,False,DRIAMS-A|DRIAMS-B,DRIAMS-C,0.15852778,0.20917907
4959,16877.11,False,0.18373549,False,DRIAMS-A|DRIAMS-B,DRIAMS-C,0.15848601,-0.20898496
796,4388.11,True,0.18369108,False,DRIAMS-A|DRIAMS-B,DRIAMS-C,-0.21029288,-0.1570893
4973,16919.11,False,0.18362647,False,DRIAMS-A|DRIAMS-B,DRIAMS-C,0.15198399,-0.21526894
5540,18620.11,True,0.18357533,False,DRIAMS-A|DRIAMS-B,DRIAMS-C,0.16677976,0.2003709
2800,10400.11,True,0.18351242,False,DRIAMS-A|DRIAMS-B,DRIAMS-C,0.16458407,0.20244077
2688,10064.11,True,0.18337047,False,DRIAMS-A|DRIAMS-B,DRIAMS-C,-0.19225381,-0.17448711
5549,18647.11,False,0.18322833,False,DRIAMS-A|DRIAMS-B,DRIAMS-C,0.15832774,-0.20812891
2721,10163.11,True,0.18305741,False,DRIAMS-A|DRIAMS-B,DRIAMS-C,0.2741661,0.091948725
1038,5114.11,True,0.18304753,False,DRIAMS-A|DRIAMS-B,DRIAMS-C,0.252709,0.11338608
3557,12671.11,True,0.18303998,False,DRIAMS-A|DRIAMS-B,DRIAMS-C,0.15479043,0.21128953
3333,11999.11,True,0.18299541,False,DRIAMS-A|DRIAMS-B,DRIAMS-C,0.17317164,0.1928192
5472,18416.11,False,0.18297465,False,DRIAMS-A|DRIAMS-B,DRIAMS-C,0.1600653,-0.20588401
5194,17582.11,False,0.18289343,False,DRIAMS-A|DRIAMS-B,DRIAMS-C,0.12672073,-0.23906611
1357,6071.11,False,0.18285999,False,DRIAMS-A|DRIAMS-B,DRIAMS-C,0.31249875,-0.05322124
5785,19355.11,False,0.18284202,False,DRIAMS-A|DRIAMS-B,DRIAMS-C,0.1053142,-0.26036984
133,2399.1099999999997,True,0.182812,False,DRIAMS-A|DRIAMS-B,DRIAMS-C,-0.16448501,-0.201139
4548,15644.11,False,0.18278709,False,DRIAMS-A|DRIAMS-B,DRIAMS-C,0.1955408,-0.1700334
5927,19781.11,True,0.18273696,False,DRIAMS-A|DRIAMS-B,DRIAMS-C,0.13928795,0.22618596
218,2654.1099999999997,False,0.18270704,False,DRIAMS-A|DRIAMS-B,DRIAMS-C,-0.06299156,0.30242252
1693,7079.11,True,0.18261734,False,DRIAMS-A|DRIAMS-B,DRIAMS-C,0.21775854,0.14747614
4096,14288.11,False,0.18258011,False,DRIAMS-A|DRIAMS-B,DRIAMS-C,0.1307299,-0.23443033
1493,6479.11,True,0.18257523,False,DRIAMS-A|DRIAMS-B,DRIAMS-C,-0.13136297,-0.23378746
2053,8159.11,False,0.18257171,False,DRIAMS-A|DRIAMS-B,DRIAMS-C,-0.18178841,0.183355
1751,7253.11,False,0.18251687,False,DRIAMS-A|DRIAMS-B,DRIAMS-C,-0.25338155,0.1116522
2354,9062.11,True,0.18246877,False,DRIAMS-A|DRIAMS-B,DRIAMS-C,0.20453936,0.1603982
1799,7397.11,True,0.18241869,False,DRIAMS-A|DRIAMS-B,DRIAMS-C,0.024918936,0.33991843
5402,18206.11,False,0.18241678,False,DRIAMS-A|DRIAMS-B,DRIAMS-C,0.1619084,-0.20292516
2699,10097.11,False,0.18234052,False,DRIAMS-A|DRIAMS-B,DRIAMS-C,-0.11802875,0.24665229
2983,10949.11,False,0.18231949,False,DRIAMS-A|DRIAMS-B,DRIAMS-C,0.19154358,-0.17309542
739,4217.11,True,0.18228133,False,DRIAMS-A|DRIAMS-B,DRIAMS-C,0.2604317,0.104130946
4723,16169.11,False,0.18227121,False,DRIAMS-A|DRIAMS-B,DRIAMS-C,0.12583625,-0.23870619
2295,8885.11,False,0.18225381,False,DRIAMS-A|DRIAMS-B,DRIAMS-C,-0.030272337,0.33423528
4385,15155.11,False,0.18223472,False,DRIAMS-A|DRIAMS-B,DRIAMS-C,-0.12916832,0.23530112
1190,5570.11,True,0.18222015,False,DRIAMS-A|DRIAMS-B,DRIAMS-C,0.26184678,0.102593504
1995,7985.11,True,0.18209872,False,DRIAMS-A|DRIAMS-B,DRIAMS-C,0.082832575,0.28136486
5000,17000.11,False,0.18205036,False,DRIAMS-A|DRIAMS-B,DRIAMS-C,0.15430275,-0.20979798
2125,8375.11,True,0.18198137,False,DRIAMS-A|DRIAMS-B,DRIAMS-C,0.05178864,0.3121741
4522,15566.11,True,0.18197858,False,DRIAMS-A|DRIAMS-B,DRIAMS-C,0.047861986,0.31609517
5509,18527.11,True,0.18196952,False,DRIAMS-A|DRIAMS-B,DRIAMS-C,0.14838172,0.21555732
1265,5795.11,True,0.18196666,False,DRIAMS-A|DRIAMS-B,DRIAMS-C,-0.19096607,-0.17296727
5813,19439.11,True,0.18196613,False,DRIAMS-A|DRIAMS-B,DRIAMS-C,0.121598385,0.24233387
2796,10388.11,False,0.18190943,False,DRIAMS-A|DRIAMS-B,DRIAMS-C,0.036016762,-0.3278021
3378,12134.11,False,0.18178496,False,DRIAMS-A|DRIAMS-B,DRIAMS-C,0.13778621,-0.2257837
4479,15437.11,True,0.18175659,False,DRIAMS-A|DRIAMS-B,DRIAMS-C,0.18446247,0.17905071
5669,19007.11,False,0.18174267,False,DRIAMS-A|DRIAMS-B,DRIAMS-C,0.18395533,-0.17953
5617,18851.11,True,0.18173218,False,DRIAMS-A|DRIAMS-B,DRIAMS-C,0.1425564,0.22090797
3475,12425.11,False,0.18171066,False,DRIAMS-A|DRIAMS-B,DRIAMS-C,0.12043981,-0.24298152
2543,9629.11,True,0.18169355,False,DRIAMS-A|DRIAMS-B,DRIAMS-C,0.05463147,0.30875564
1152,5456.11,False,0.18165763,False,DRIAMS-A|DRIAMS-B,DRIAMS-C,0.2347383,-0.12857695
52,2156.1099999999997,False,0.18161564,False,DRIAMS-A|DRIAMS-B,DRIAMS-C,0.024459582,-0.3387717
2697,10091.11,False,0.1816126,False,DRIAMS-A|DRIAMS-B,DRIAMS-C,-0.15939696,0.20382823
789,4367.11,False,0.18157354,False,DRIAMS-A|DRIAMS-B,DRIAMS-C,-0.21566243,0.14748463
436,3308.1099999999997,True,0.18153867,False,DRIAMS-A|DRIAMS-B,DRIAMS-C,-0.18731567,-0.17576167
1690,7070.11,False,0.18153127,False,DRIAMS-A|DRIAMS-B,DRIAMS-C,0.03056403,-0.3324985
1552,6656.11,False,0.18145064,False,DRIAMS-A|DRIAMS-B,DRIAMS-C,0.12015398,-0.2427473
5310,17930.11,False,0.18137315,False,DRIAMS-A|DRIAMS-B,DRIAMS-C,0.13105075,-0.23169556
4974,16922.11,False,0.1812854,False,DRIAMS-A|DRIAMS-B,DRIAMS-C,0.09809509,-0.2644757
4,2012.11,False,0.18123591,False,DRIAMS-A|DRIAMS-B,DRIAMS-C,0.02419613,-0.3382757
684,4052.1099999999997,True,0.18118626,False,DRIAMS-A|DRIAMS-B,DRIAMS-C,-0.26695454,-0.095417984
4433,15299.11,True,0.18118194,False,DRIAMS-A|DRIAMS-B,DRIAMS-C,0.07529558,0.28706828
705,4115.11,True,0.18117997,False,DRIAMS-A|DRIAMS-B,DRIAMS-C,-0.15888436,-0.20347558
5857,19571.11,False,0.18115494,False,DRIAMS-A|DRIAMS-B,DRIAMS-C,0.21252738,-0.1497825
2147,8441.11,False,0.18114002,False,DRIAMS-A|DRIAMS-B,DRIAMS-C,0.08816713,-0.2741129
4123,14369.11,True,0.18113594,False,DRIAMS-A|DRIAMS-B,DRIAMS-C,0.19681463,0.16545725
2349,9047.11,False,0.18100204,False,DRIAMS-A|DRIAMS-B,DRIAMS-C,0.1870024,-0.17500167
2963,10889.11,True,0.18099572,False,DRIAMS-A|DRIAMS-B,DRIAMS-C,0.2723986,0.089592844
1629,6887.11,True,0.18098144,False,DRIAMS-A|DRIAMS-B,DRIAMS-C,0.30736333,0.054599557
1233,5699.11,False,0.1809659,False,DRIAMS-A|DRIAMS-B,DRIAMS-C,0.14939909,-0.21253271
1044,5132.11,False,0.1809514,False,DRIAMS-A|DRIAMS-B,DRIAMS-C,0.07469198,-0.28721082
1465,6395.11,True,0.1809482,False,DRIAMS-A|DRIAMS-B,DRIAMS-C,0.13186058,0.23003583
5787,19361.11,False,0.18087947,False,DRIAMS-A|DRIAMS-B,DRIAMS-C,0.08235268,-0.27940628
4564,15692.11,True,0.18083769,False,DRIAMS-A|DRIAMS-B,DRIAMS-C,0.13347618,0.2281992
4161,14483.11,False,0.18081068,False,DRIAMS-A|DRIAMS-B,DRIAMS-C,-0.06479598,0.29682538
2468,9404.11,False,0.18078595,False,DRIAMS-A|DRIAMS-B,DRIAMS-C,0.04785265,-0.31371924
723,4169.11,False,0.18077105,False,DRIAMS-A|DRIAMS-B,DRIAMS-C,0.21689771,-0.1446444
400,3200.1099999999997,False,0.18077031,False,DRIAMS-A|DRIAMS-B,DRIAMS-C,-0.041731667,0.31980896
2730,10190.11,True,0.18064609,False,DRIAMS-A|DRIAMS-B,DRIAMS-C,-0.017194632,-0.34409755
4075,14225.11,False,0.18060228,False,DRIAMS-A|DRIAMS-B,DRIAMS-C,0.1495432,-0.21166138
4206,14618.11,True,0.18057373,False,DRIAMS-A|DRIAMS-B,DRIAMS-C,0.1317235,0.22942397
5776,19328.11,False,0.18056753,False,DRIAMS-A|DRIAMS-B,DRIAMS-C,0.13153476,-0.22960033
3246,11738.11,False,0.18056127,False,DRIAMS-A|DRIAMS-B,DRIAMS-C,0.10727842,-0.25384414
1384,6152.11,True,0.18050991,False,DRIAMS-A|DRIAMS-B,DRIAMS-C,0.2665207,0.09449911
4796,16388.11,True,0.18047732,False,DRIAMS-A|DRIAMS-B,DRIAMS-C,0.17965144,0.1813032
2338,9014.11,False,0.1804556,False,DRIAMS-A|DRIAMS-B,DRIAMS-C,0.045157846,-0.31575334
853,4559.11,True,0.18043363,False,DRIAMS-A|DRIAMS-B,DRIAMS-C,0.066511855,0.29435542
4991,16973.11,False,0.18042895,False,DRIAMS-A|DRIAMS-B,DRIAMS-C,0.21073514,-0.15012275
1325,5975.11,True,0.18041983,False,DRIAMS-A|DRIAMS-B,DRIAMS-C,0.22116986,0.13966979
3541,12623.11,True,0.18040648,False,DRIAMS-A|DRIAMS-B,DRIAMS-C,-0.1499202,-0.21089275
2374,9122.11,True,0.18038885,False,DRIAMS-A|DRIAMS-B,DRIAMS-C,0.0678902,0.2928875
836,4508.11,True,0.18032457,False,DRIAMS-A|DRIAMS-B,DRIAMS-C,-0.2670496,-0.093599536
1737,7211.11,True,0.18031034,False,DRIAMS-A|DRIAMS-B,DRIAMS-C,0.055510167,0.3051105
4713,16139.11,False,0.1803066,False,DRIAMS-A|DRIAMS-B,DRIAMS-C,0.14223021,-0.21838298
398,3194.1099999999997,False,0.18030027,False,DRIAMS-A|DRIAMS-B,DRIAMS-C,0.17282848,-0.18777207
1227,5681.11,False,0.18029374,False,DRIAMS-A|DRIAMS-B,DRIAMS-C,-0.064741746,0.29584572
5486,18458.11,False,0.18024498,False,DRIAMS-A|DRIAMS-B,DRIAMS-C,0.21871954,-0.14177041
5715,19145.11,False,0.18021673,False,DRIAMS-A|DRIAMS-B,DRIAMS-C,0.1529296,-0.20750384
5630,18890.11,False,0.1801928,False,DRIAMS-A|DRIAMS-B,DRIAMS-C,0.13589747,-0.22448814
4168,14504.11,False,0.18017438,False,DRIAMS-A|DRIAMS-B,DRIAMS-C,-0.15673701,0.20361176
3307,11921.11,False,0.18011111,False,DRIAMS-A|DRIAMS-B,DRIAMS-C,0.15196,-0.20826222
1519,6557.11,True,0.18007766,False,DRIAMS-A|DRIAMS-B,DRIAMS-C,-0.22672339,-0.13343193
3127,11381.11,True,0.17992802,False,DRIAMS-A|DRIAMS-B,DRIAMS-C,0.080979474,0.27887657
3670,13010.11,True,0.17988655,False,DRIAMS-A|DRIAMS-B,DRIAMS-C,0.20554821,0.1542249
5435,18305.11,False,0.17987582,False,DRIAMS-A|DRIAMS-B,DRIAMS-C,0.1161578,-0.24359384
46,2138.1099999999997,False,0.1798517,False,DRIAMS-A|DRIAMS-B,DRIAMS-C,-0.10964126,0.25006214
2620,9860.11,True,0.17983124,False,DRIAMS-A|DRIAMS-B,DRIAMS-C,0.06556904,0.29409343
4705,16115.11,False,0.17973514,False,DRIAMS-A|DRIAMS-B,DRIAMS-C,0.0342938,-0.32517648
2955,10865.11,False,0.17971084,False,DRIAMS-A|DRIAMS-B,DRIAMS-C,0.1578531,-0.20156857
4406,15218.11,False,0.17968194,False,DRIAMS-A|DRIAMS-B,DRIAMS-C,0.07950956,-0.27985433
4028,14084.11,True,0.17966428,False,DRIAMS-A|DRIAMS-B,DRIAMS-C,0.12517674,0.23415183
5263,17789.11,False,0.17961301,False,DRIAMS-A|DRIAMS-B,DRIAMS-C,0.13561456,-0.22361146
5855,19565.11,True,0.1795398,False,DRIAMS-A|DRIAMS-B,DRIAMS-C,0.20701632,0.15206327
4778,16334.11,False,0.1794621,False,DRIAMS-A|DRIAMS-B,DRIAMS-C,0.074123174,-0.28480104
1074,5222.11,True,0.17945257,False,DRIAMS-A|DRIAMS-B,DRIAMS-C,-0.18848737,-0.17041779
2177,8531.11,False,0.1793666,False,DRIAMS-A|DRIAMS-B,DRIAMS-C,0.16331275,-0.19542046
1777,7331.11,False,0.1793572,False,DRIAMS-A|DRIAMS-B,DRIAMS-C,0.088825956,-0.26988846
4987,16961.11,False,0.1791463,False,DRIAMS-A|DRIAMS-B,DRIAMS-C,0.068224795,-0.29006782
1645,6935.11,False,0.17910504,False,DRIAMS-A|DRIAMS-B,DRIAMS-C,0.26755673,-0.090653375
1753,7259.11,False,0.1790156,False,DRIAMS-A|DRIAMS-B,DRIAMS-C,-0.1552514,0.20277983
1564,6692.11,False,0.17900085,False,DRIAMS-A|DRIAMS-B,DRIAMS-C,-0.14386359,0.2141381
1527,6581.11,True,0.17888165,False,DRIAMS-A|DRIAMS-B,DRIAMS-C,-0.06812002,-0.2896433
774,4322.11,True,0.17887582,False,DRIAMS-A|DRIAMS-B,DRIAMS-C,-0.055063225,-0.30268842
5572,18716.11,False,0.17881468,False,DRIAMS-A|DRIAMS-B,DRIAMS-C,0.15884936,-0.19878
1988,7964.11,True,0.1787944,False,DRIAMS-A|DRIAMS-B,DRIAMS-C,0.023086697,0.3345021
1809,7427.11,True,0.17876157,False,DRIAMS-A|DRIAMS-B,DRIAMS-C,-0.18132475,-0.1761984
5240,17720.11,True,0.17871076,False,DRIAMS-A|DRIAMS-B,DRIAMS-C,0.09153711,0.2658844
600,3800.1099999999997,False,0.17870688,False,DRIAMS-A|DRIAMS-B,DRIAMS-C,-0.09710311,0.26031065
2161,8483.11,False,0.17869855,False,DRIAMS-A|DRIAMS-B,DRIAMS-C,0.023264993,-0.3341321
2454,9362.11,True,0.17869277,False,DRIAMS-A|DRIAMS-B,DRIAMS-C,0.015237508,0.34214804
692,4076.1099999999997,True,0.17867401,False,DRIAMS-A|DRIAMS-B,DRIAMS-C,-0.29494828,-0.06239976
5799,19397.11,False,0.17858386,False,DRIAMS-A|DRIAMS-B,DRIAMS-C,0.14259958,-0.21456815
3940,13820.11,False,0.17845386,False,DRIAMS-A|DRIAMS-B,DRIAMS-C,0.07830276,-0.27860495
2646,9938.11,False,0.17815907,False,DRIAMS-A|DRIAMS-B,DRIAMS-C,0.1123605,-0.24395765
4882,16646.11,False,0.1781443,False,DRIAMS-A|DRIAMS-B,DRIAMS-C,0.13297991,-0.2233087
1228,5684.11,False,0.1781131,False,DRIAMS-A|DRIAMS-B,DRIAMS-C,-0.044668894,0.31155732
1823,7469.11,True,0.17808664,False,DRIAMS-A|DRIAMS-B,DRIAMS-C,0.18155415,0.17461912
2268,8804.11,True,0.17808652,False,DRIAMS-A|DRIAMS-B,DRIAMS-C,0.18703787,0.16913515
3571,12713.11,False,0.17806885,False,DRIAMS-A|DRIAMS-B,DRIAMS-C,0.15295489,-0.20318282
354,3062.1099999999997,False,0.17797281,False,DRIAMS-A|DRIAMS-B,DRIAMS-C,-0.19455509,0.16139053
4499,15497.11,False,0.1777957,False,DRIAMS-A|DRIAMS-B,DRIAMS-C,0.076960765,-0.2786306
1077,5231.11,False,0.17779423,False,DRIAMS-A|DRIAMS-B,DRIAMS-C,-0.05477388,0.3008146
2231,8693.11,True,0.17770518,False,DRIAMS-A|DRIAMS-B,DRIAMS-C,0.16114026,0.1942701
2790,10370.11,True,0.17761308,False,DRIAMS-A|DRIAMS-B,DRIAMS-C,0.14126329,0.21396285
3638,12914.11,False,0.17760597,False,DRIAMS-A|DRIAMS-B,DRIAMS-C,0.110522285,-0.24468966
1332,5996.11,False,0.17757599,False,DRIAMS-A|DRIAMS-B,DRIAMS-C,0.054449882,-0.3007021
5528,18584.11,False,0.17756993,False,DRIAMS-A|DRIAMS-B,DRIAMS-C,0.12572527,-0.2294146
3285,11855.11,False,0.17756787,False,DRIAMS-A|DRIAMS-B,DRIAMS-C,0.070395514,-0.2847402
4792,16376.11,False,0.17746666,False,DRIAMS-A|DRIAMS-B,DRIAMS-C,0.17445306,-0.18048024
1454,6362.11,True,0.17746553,False,DRIAMS-A|DRIAMS-B,DRIAMS-C,-0.018931042,-0.33600003
268,2804.1099999999997,False,0.17746189,False,DRIAMS-A|DRIAMS-B,DRIAMS-C,0.0793995,-0.2755243
832,4496.11,False,0.17729555,False,DRIAMS-A|DRIAMS-B,DRIAMS-C,0.100062765,-0.25452834
3205,11615.11,True,0.17716792,False,DRIAMS-A|DRIAMS-B,DRIAMS-C,0.12295501,0.23138085
1924,7772.11,True,0.17709777,False,DRIAMS-A|DRIAMS-B,DRIAMS-C,-0.046841014,-0.3073545
5689,19067.11,False,0.1770922,False,DRIAMS-A|DRIAMS-B,DRIAMS-C,0.15327235,-0.20091204
4274,14822.11,False,0.17708443,False,DRIAMS-A|DRIAMS-B,DRIAMS-C,0.17544553,-0.17872334
3854,13562.11,False,0.177006,False,DRIAMS-A|DRIAMS-B,DRIAMS-C,-0.15296456,0.20104745
2347,9041.11,False,0.17699763,False,DRIAMS-A|DRIAMS-B,DRIAMS-C,0.17633788,-0.17765737
76,2228.1099999999997,False,0.17693895,False,DRIAMS-A|DRIAMS-B,DRIAMS-C,0.18965396,-0.16422392
2971,10913.11,False,0.17680955,False,DRIAMS-A|DRIAMS-B,DRIAMS-C,0.27223727,-0.08138184
4497,15491.11,False,0.17679243,False,DRIAMS-A|DRIAMS-B,DRIAMS-C,0.06986085,-0.283724
2825,10475.11,True,0.17675798,False,DRIAMS-A|DRIAMS-B,DRIAMS-C,0.0025326612,0.3509833
4747,16241.11,True,0.17665547,False,DRIAMS-A|DRIAMS-B,DRIAMS-C,0.050461423,0.30284953
5706,19118.11,False,0.17662525,False,DRIAMS-A|DRIAMS-B,DRIAMS-C,0.18209296,-0.17115754
5976,19928.11,True,0.17661718,False,DRIAMS-A|DRIAMS-B,DRIAMS-C,0.1513998,0.20183454
1605,6815.11,True,0.17661333,False,DRIAMS-A|DRIAMS-B,DRIAMS-C,-0.13829587,-0.21493079
262,2786.1099999999997,False,0.17647986,False,DRIAMS-A|DRIAMS-B,DRIAMS-C,0.266922,-0.086037725
2553,9659.11,True,0.17633817,False,DRIAMS-A|DRIAMS-B,DRIAMS-C,-0.20267272,-0.1500036
298,2894.1099999999997,True,0.1762815,False,DRIAMS-A|DRIAMS-B,DRIAMS-C,0.15129244,0.20127055
3811,13433.11,False,0.17618117,False,DRIAMS-A|DRIAMS-B,DRIAMS-C,0.18193343,-0.1704289
4284,14852.11,False,0.17615122,False,DRIAMS-A|DRIAMS-B,DRIAMS-C,0.12465674,-0.2276457
1738,7214.11,True,0.17613335,False,DRIAMS-A|DRIAMS-B,DRIAMS-C,0.076340616,0.27592608
2746,10238.11,False,0.17608482,False,DRIAMS-A|DRIAMS-B,DRIAMS-C,0.1561319,-0.19603772
5938,19814.11,True,0.17607433,False,DRIAMS-A|DRIAMS-B,DRIAMS-C,0.09562193,0.2565267
3100,11300.11,False,0.17599142,False,DRIAMS-A|DRIAMS-B,DRIAMS-C,0.09536078,-0.25662205
5568,18704.11,False,0.17596674,False,DRIAMS-A|DRIAMS-B,DRIAMS-C,0.16906744,-0.18286604
3584,12752.11,False,0.17590891,False,DRIAMS-A|DRIAMS-B,DRIAMS-C,0.11012605,-0.24169177
1861,7583.11,False,0.17573047,False,DRIAMS-A|DRIAMS-B,DRIAMS-C,-0.26399663,0.0874643
108,2324.1099999999997,False,0.17569686,False,DRIAMS-A|DRIAMS-B,DRIAMS-C,-0.11611243,0.2352813
5106,17318.11,True,0.17562297,False,DRIAMS-A|DRIAMS-B,DRIAMS-C,0.21230468,0.13894124
2408,9224.11,False,0.17562278,False,DRIAMS-A|DRIAMS-B,DRIAMS-C,-0.07127551,0.27997005
2891,10673.11,False,0.17560372,False,DRIAMS-A|DRIAMS-B,DRIAMS-C,0.07200032,-0.2792071
4018,14054.11,False,0.17558274,False,DRIAMS-A|DRIAMS-B,DRIAMS-C,0.18029724,-0.17086822
2121,8363.11,False,0.17557423,False,DRIAMS-A|DRIAMS-B,DRIAMS-C,0.04994697,-0.3012015
5343,18029.11,False,0.1755723,False,DRIAMS-A|DRIAMS-B,DRIAMS-C,0.1731265,-0.1780181
1978,7934.11,False,0.17555524,False,DRIAMS-A|DRIAMS-B,DRIAMS-C,-0.086961456,0.26414904
668,4004.1099999999997,True,0.17536184,False,DRIAMS-A|DRIAMS-B,DRIAMS-C,0.006822855,0.34390083
1528,6584.11,True,0.17534892,False,DRIAMS-A|DRIAMS-B,DRIAMS-C,-0.004949018,-0.34574884
4343,15029.11,True,0.1753338,False,DRIAMS-A|DRIAMS-B,DRIAMS-C,-0.0076355417,-0.34303206
2106,8318.11,False,0.17521097,False,DRIAMS-A|DRIAMS-B,DRIAMS-C,0.054144982,-0.29627696
3163,11489.11,False,0.17520727,False,DRIAMS-A|DRIAMS-B,DRIAMS-C,0.099725895,-0.25068864
4609,15827.11,False,0.17517796,False,DRIAMS-A|DRIAMS-B,DRIAMS-C,0.11639468,-0.23396125
1895,7685.11,False,0.17516452,False,DRIAMS-A|DRIAMS-B,DRIAMS-C,0.3149185,-0.035410542
4714,16142.11,False,0.17515928,False,DRIAMS-A|DRIAMS-B,DRIAMS-C,0.16521442,-0.18510415
5752,19256.11,False,0.17512453,False,DRIAMS-A|DRIAMS-B,DRIAMS-C,0.13181463,-0.21843442
120,2360.1099999999997,False,0.17510512,False,DRIAMS-A|DRIAMS-B,DRIAMS-C,-0.1798537,0.17035654
2006,8018.11,False,0.17508984,False,DRIAMS-A|DRIAMS-B,DRIAMS-C,-0.047925122,0.30225456
1056,5168.11,False,0.17497094,False,DRIAMS-A|DRIAMS-B,DRIAMS-C,-0.2522828,0.097659074
5917,19751.11,False,0.17490211,False,DRIAMS-A|DRIAMS-B,DRIAMS-C,0.17142262,-0.17838162
2701,10103.11,False,0.17488372,False,DRIAMS-A|DRIAMS-B,DRIAMS-C,-0.15760896,0.19215849
5653,18959.11,False,0.17477548,False,DRIAMS-A|DRIAMS-B,DRIAMS-C,0.17777975,-0.17177123
3364,12092.11,True,0.17473781,False,DRIAMS-A|DRIAMS-B,DRIAMS-C,0.14639798,0.20307766
280,2840.1099999999997,True,0.17473406,False,DRIAMS-A|DRIAMS-B,DRIAMS-C,-0.084750846,-0.26471728
4596,15788.11,True,0.17469993,False,DRIAMS-A|DRIAMS-B,DRIAMS-C,0.24839696,0.101002894
4136,14408.11,True,0.1746703,False,DRIAMS-A|DRIAMS-B,DRIAMS-C,0.104342386,0.2449982
425,3275.1099999999997,False,0.1746529,False,DRIAMS-A|DRIAMS-B,DRIAMS-C,-0.16799101,0.18131478
3187,11561.11,True,0.17463973,False,DRIAMS-A|DRIAMS-B,DRIAMS-C,-0.18984029,-0.15943919
4964,16892.11,True,0.17456204,False,DRIAMS-A|DRIAMS-B,DRIAMS-C,0.18433459,0.1647895
5495,18485.11,False,0.17453423,False,DRIAMS-A|DRIAMS-B,DRIAMS-C,0.24538139,-0.10368709
4196,14588.11,False,0.1745314,False,DRIAMS-A|DRIAMS-B,DRIAMS-C,0.1333932,-0.2156696
518,3554.1099999999997,True,0.17452678,False,DRIAMS-A|DRIAMS-B,DRIAMS-C,-0.23436509,-0.114688456
5474,18422.11,False,0.1744746,False,DRIAMS-A|DRIAMS-B,DRIAMS-C,0.18410003,-0.16484916
3984,13952.11,True,0.17447273,False,DRIAMS-A|DRIAMS-B,DRIAMS-C,0.11728895,0.23165652
4817,16451.11,True,0.17441043,False,DRIAMS-A|DRIAMS-B,DRIAMS-C,0.061397694,0.28742316
1350,6050.11,True,0.1743968,False,DRIAMS-A|DRIAMS-B,DRIAMS-C,-0.014600573,-0.33419302
2897,10691.11,True,0.17431882,False,DRIAMS-A|DRIAMS-B,DRIAMS-C,0.10088467,0.24775296
106,2318.1099999999997,False,0.1742354,False,DRIAMS-A|DRIAMS-B,DRIAMS-C,0.086032555,-0.26243827
2822,10466.11,True,0.17419776,False,DRIAMS-A|DRIAMS-B,DRIAMS-C,0.037985757,0.31040978
3816,13448.11,False,0.17416763,False,DRIAMS-A|DRIAMS-B,DRIAMS-C,0.15292901,-0.19540627
2314,8942.11,False,0.17397916,False,DRIAMS-A|DRIAMS-B,DRIAMS-C,0.00693129,-0.34102705
5696,19088.11,True,0.17390895,False,DRIAMS-A|DRIAMS-B,DRIAMS-C,0.15490073,0.19291715
3979,13937.11,False,0.17384116,False,DRIAMS-A|DRIAMS-B,DRIAMS-C,0.13687506,-0.21080726
5650,18950.11,True,0.17378944,False,DRIAMS-A|DRIAMS-B,DRIAMS-C,0.15440321,0.19317569
5778,19334.11,False,0.17373103,False,DRIAMS-A|DRIAMS-B,DRIAMS-C,0.13548563,-0.21197644
247,2741.1099999999997,True,0.17369975,False,DRIAMS-A|DRIAMS-B,DRIAMS-C,-0.10719656,-0.24020295
4437,15311.11,False,0.17369813,False,DRIAMS-A|DRIAMS-B,DRIAMS-C,0.19551933,-0.15187691
638,3914.1099999999997,False,0.17367592,False,DRIAMS-A|DRIAMS-B,DRIAMS-C,-0.0066622864,0.34068957
5569,18707.11,False,0.17363787,False,DRIAMS-A|DRIAMS-B,DRIAMS-C,0.20471594,-0.14255978
1150,5450.11,True,0.1736288,False,DRIAMS-A|DRIAMS-B,DRIAMS-C,0.19226225,0.15499537
1513,6539.11,False,0.17360632,False,DRIAMS-A|DRIAMS-B,DRIAMS-C,-0.06219699,0.28501564
3184,11552.11,True,0.17355323,False,DRIAMS-A|DRIAMS-B,DRIAMS-C,-0.21071838,-0.13638806
830,4490.11,False,0.17346634,False,DRIAMS-A|DRIAMS-B,DRIAMS-C,0.104342856,-0.24258982
2934,10802.11,False,0.17336988,False,DRIAMS-A|DRIAMS-B,DRIAMS-C,-0.1748354,0.17190439
5398,18194.11,True,0.17333259,False,DRIAMS-A|DRIAMS-B,DRIAMS-C,0.06320203,0.28346315
2276,8828.11,False,0.17331079,False,DRIAMS-A|DRIAMS-B,DRIAMS-C,-0.013913787,0.3327078
5049,17147.11,True,0.17327179,False,DRIAMS-A|DRIAMS-B,DRIAMS-C,0.24229561,0.104247965
3518,12554.11,True,0.17326835,False,DRIAMS-A|DRIAMS-B,DRIAMS-C,0.12461765,0.22191903
4113,14339.11,True,0.17324564,False,DRIAMS-A|DRIAMS-B,DRIAMS-C,0.18886304,0.15762822
4731,16193.11,True,0.17321706,False,DRIAMS-A|DRIAMS-B,DRIAMS-C,0.13634834,0.21008576
1764,7292.11,True,0.17319301,False,DRIAMS-A|DRIAMS-B,DRIAMS-C,-0.12351684,-0.22286919
4938,16814.11,False,0.17318699,False,DRIAMS-A|DRIAMS-B,DRIAMS-C,0.13559338,-0.21078059
5313,17939.11,False,0.17309503,False,DRIAMS-A|DRIAMS-B,DRIAMS-C,0.12323447,-0.22295558
3236,11708.11,True,0.17309082,False,DRIAMS-A|DRIAMS-B,DRIAMS-C,0.15200618,0.19417544
3785,13355.11,True,0.17306434,False,DRIAMS-A|DRIAMS-B,DRIAMS-C,0.1855387,0.16058998
5748,19244.11,True,0.173047,False,DRIAMS-A|DRIAMS-B,DRIAMS-C,0.17781176,0.16828226
2703,10109.11,False,0.17302808,False,DRIAMS-A|DRIAMS-B,DRIAMS-C,-0.3210009,0.02505525
2367,9101.11,False,0.17296547,False,DRIAMS-A|DRIAMS-B,DRIAMS-C,0.009710234,-0.3362207
2105,8315.11,True,0.17296469,False,DRIAMS-A|DRIAMS-B,DRIAMS-C,-0.007169488,-0.3387599
5369,18107.11,True,0.17294969,False,DRIAMS-A|DRIAMS-B,DRIAMS-C,0.15463437,0.191265
3598,12794.11,False,0.17289469,False,DRIAMS-A|DRIAMS-B,DRIAMS-C,0.12994407,-0.2158453
5283,17849.11,True,0.17287847,False,DRIAMS-A|DRIAMS-B,DRIAMS-C,0.12441189,0.22134505
1473,6419.11,False,0.17285892,False,DRIAMS-A|DRIAMS-B,DRIAMS-C,-0.06545222,0.28026563
4211,14633.11,False,0.17281663,False,DRIAMS-A|DRIAMS-B,DRIAMS-C,0.110837616,-0.23479566
5089,17267.11,True,0.1727779,False,DRIAMS-A|DRIAMS-B,DRIAMS-C,0.1560427,0.18951312
1315,5945.11,False,0.17277682,False,DRIAMS-A|DRIAMS-B,DRIAMS-C,-0.07379877,0.27175486
4958,16874.11,False,0.17274407,False,DRIAMS-A|DRIAMS-B,DRIAMS-C,0.16409312,-0.18139502
4367,15101.11,False,0.17266418,False,DRIAMS-A|DRIAMS-B,DRIAMS-C,-0.08603775,0.2592906
5779,19337.11,False,0.17257527,False,DRIAMS-A|DRIAMS-B,DRIAMS-C,0.13588679,-0.20926376
4477,15431.11,False,0.17257395,False,DRIAMS-A|DRIAMS-B,DRIAMS-C,0.217195,-0.12795289
4507,15521.11,True,0.1725182,False,DRIAMS-A|DRIAMS-B,DRIAMS-C,0.16205616,0.18298021
4339,15017.11,False,0.1724914,False,DRIAMS-A|DRIAMS-B,DRIAMS-C,0.18026772,-0.16471507
4164,14492.11,False,0.1724602,False,DRIAMS-A|DRIAMS-B,DRIAMS-C,-0.14563197,0.19928841
4400,15200.11,False,0.17242216,False,DRIAMS-A|DRIAMS-B,DRIAMS-C,0.017589556,-0.32725474
506,3518.1099999999997,True,0.1723519,False,DRIAMS-A|DRIAMS-B,DRIAMS-C,-0.19137743,-0.15332635
5532,18596.11,False,0.17233957,False,DRIAMS-A|DRIAMS-B,DRIAMS-C,0.10730365,-0.2373755
4037,14111.11,True,0.17224002,False,DRIAMS-A|DRIAMS-B,DRIAMS-C,0.16163483,0.18284519
4356,15068.11,True,0.17223997,False,DRIAMS-A|DRIAMS-B,DRIAMS-C,-0.17754634,-0.16693361
5389,18167.11,True,0.17223832,False,DRIAMS-A|DRIAMS-B,DRIAMS-C,0.17420465,0.170272
5371,18113.11,True,0.17216703,False,DRIAMS-A|DRIAMS-B,DRIAMS-C,0.2031959,0.14113817
1145,5435.11,False,0.17214264,False,DRIAMS-A|DRIAMS-B,DRIAMS-C,0.33352208,-0.01076321
2214,8642.11,True,0.17211507,False,DRIAMS-A|DRIAMS-B,DRIAMS-C,0.010189917,0.33404022
1820,7460.11,True,0.1719424,False,DRIAMS-A|DRIAMS-B,DRIAMS-C,0.026280237,0.31760457
472,3416.1099999999997,True,0.1719309,False,DRIAMS-A|DRIAMS-B,DRIAMS-C,0.095051564,0.24881023
417,3251.1099999999997,True,0.17187178,False,DRIAMS-A|DRIAMS-B,DRIAMS-C,-0.24577357,-0.09797
2905,10715.11,False,0.1717256,False,DRIAMS-A|DRIAMS-B,DRIAMS-C,0.11143687,-0.23201434
2298,8894.11,False,0.17166728,False,DRIAMS-A|DRIAMS-B,DRIAMS-C,-0.22111665,0.1222179
3905,13715.11,True,0.17164767,False,DRIAMS-A|DRIAMS-B,DRIAMS-C,0.20656626,0.13672908
4070,14210.11,False,0.17163712,False,DRIAMS-A|DRIAMS-B,DRIAMS-C,0.19836803,-0.1449062
5828,19484.11,False,0.17161053,False,DRIAMS-A|DRIAMS-B,DRIAMS-C,0.1756577,-0.16756338
1327,5981.11,True,0.1715852,False,DRIAMS-A|DRIAMS-B,DRIAMS-C,-0.01777367,-0.32539675
1398,6194.11,True,0.17157707,False,DRIAMS-A|DRIAMS-B,DRIAMS-C,0.058651704,0.28450242
5970,19910.11,False,0.17156237,False,DRIAMS-A|DRIAMS-B,DRIAMS-C,0.09499778,-0.24812697
3926,13778.11,False,0.17155589,False,DRIAMS-A|DRIAMS-B,DRIAMS-C,0.2218494,-0.12126239
5124,17372.11,False,0.17155255,False,DRIAMS-A|DRIAMS-B,DRIAMS-C,0.1464225,-0.1966826
5055,17165.11,True,0.17141856,False,DRIAMS-A|DRIAMS-B,DRIAMS-C,0.22631255,0.116524585
1563,6689.11,True,0.17140976,False,DRIAMS-A|DRIAMS-B,DRIAMS-C,-0.2533322,-0.089487314
5223,17669.11,False,0.17129359,False,DRIAMS-A|DRIAMS-B,DRIAMS-C,0.1115047,-0.23108247
4419,15257.11,True,0.17128617,False,DRIAMS-A|DRIAMS-B,DRIAMS-C,0.049796052,0.2927763
4657,15971.11,False,0.17121533,False,DRIAMS-A|DRIAMS-B,DRIAMS-C,0.1600372,-0.18239346
1570,6710.11,False,0.1712117,False,DRIAMS-A|DRIAMS-B,DRIAMS-C,-0.12283402,0.2195894
2794,10382.11,False,0.17113331,False,DRIAMS-A|DRIAMS-B,DRIAMS-C,0.02147593,-0.32079068
4598,15794.11,False,0.17112981,False,DRIAMS-A|DRIAMS-B,DRIAMS-C,0.19750659,-0.14475302
2108,8324.11,True,0.17101432,False,DRIAMS-A|DRIAMS-B,DRIAMS-C,0.19379295,0.1482357
4166,14498.11,False,0.17096958,False,DRIAMS-A|DRIAMS-B,DRIAMS-C,-0.16465001,0.17728913
199,2597.1099999999997,True,0.17095777,False,DRIAMS-A|DRIAMS-B,DRIAMS-C,-0.061486468,-0.28042907
295,2885.1099999999997,False,0.17092365,False,DRIAMS-A|DRIAMS-B,DRIAMS-C,-0.06284801,0.2789993
5714,19142.11,False,0.1709206,False,DRIAMS-A|DRIAMS-B,DRIAMS-C,0.14886737,-0.19297382
2101,8303.11,True,0.17092048,False,DRIAMS-A|DRIAMS-B,DRIAMS-C,-0.015013257,-0.3268277
4800,16400.11,True,0.1708997,False,DRIAMS-A|DRIAMS-B,DRIAMS-C,0.13206163,0.20973778
239,2717.1099999999997,True,0.17088936,False,DRIAMS-A|DRIAMS-B,DRIAMS-C,-0.012133179,-0.32964554
2475,9425.11,False,0.17083752,False,DRIAMS-A|DRIAMS-B,DRIAMS-C,0.16613339,-0.17554164
1951,7853.11,True,0.17076182,False,DRIAMS-A|DRIAMS-B,DRIAMS-C,0.06864716,0.27287647
471,3413.1099999999997,True,0.17070575,False,DRIAMS-A|DRIAMS-B,DRIAMS-C,0.08536631,0.2560452
4397,15191.11,False,0.1706699,False,DRIAMS-A|DRIAMS-B,DRIAMS-C,0.065288685,-0.2760511
4285,14855.11,False,0.17051922,False,DRIAMS-A|DRIAMS-B,DRIAMS-C,0.12182903,-0.2192094
951,4853.11,True,0.17051446,False,DRIAMS-A|DRIAMS-B,DRIAMS-C,0.27117214,0.069856785
635,3905.1099999999997,True,0.17046706,False,DRIAMS-A|DRIAMS-B,DRIAMS-C,0.0051228073,0.33581132
2871,10613.11,False,0.17040804,False,DRIAMS-A|DRIAMS-B,DRIAMS-C,-0.20746897,0.1333471
2737,10211.11,False,0.17035523,False,DRIAMS-A|DRIAMS-B,DRIAMS-C,-0.024282062,0.3164284
2820,10460.11,True,0.17034942,False,DRIAMS-A|DRIAMS-B,DRIAMS-C,0.067695305,0.27300355
1793,7379.11,False,0.17033617,False,DRIAMS-A|DRIAMS-B,DRIAMS-C,0.23121953,-0.109452814
4852,16556.11,True,0.1703256,False,DRIAMS-A|DRIAMS-B,DRIAMS-C,0.14542185,0.19522935
451,3353.1099999999997,False,0.17031473,False,DRIAMS-A|DRIAMS-B,DRIAMS-C,-0.10777821,0.23285125
4610,15830.11,False,0.1701869,False,DRIAMS-A|DRIAMS-B,DRIAMS-C,0.086054906,-0.2543189
2872,10616.11,False,0.17018282,False,DRIAMS-A|DRIAMS-B,DRIAMS-C,-0.14220239,0.19816327
4772,16316.11,True,0.17017993,False,DRIAMS-A|DRIAMS-B,DRIAMS-C,0.2059628,0.13439706
4586,15758.11,True,0.17012426,False,DRIAMS-A|DRIAMS-B,DRIAMS-C,0.14217249,0.19807605
3442,12326.11,True,0.17007963,False,DRIAMS-A|DRIAMS-B,DRIAMS-C,0.09942218,0.2407371
442,3326.1099999999997,True,0.17007805,False,DRIAMS-A|DRIAMS-B,DRIAMS-C,-0.12277312,-0.217383
2397,9191.11,True,0.16999114,False,DRIAMS-A|DRIAMS-B,DRIAMS-C,-0.20804399,-0.13193826
1984,7952.11,True,0.16998164,False,DRIAMS-A|DRIAMS-B,DRIAMS-C,-0.0619592,-0.27800408
3416,12248.11,False,0.1699306,False,DRIAMS-A|DRIAMS-B,DRIAMS-C,0.17587203,-0.16398919
1368,6104.11,True,0.1698967,False,DRIAMS-A|DRIAMS-B,DRIAMS-C,0.20192203,0.13787138
2659,9977.11,False,0.1698634,False,DRIAMS-A|DRIAMS-B,DRIAMS-C,0.1196915,-0.2200353
4036,14108.11,True,0.1698506,False,DRIAMS-A|DRIAMS-B,DRIAMS-C,0.17457603,0.16512518
641,3923.1099999999997,False,0.16980466,False,DRIAMS-A|DRIAMS-B,DRIAMS-C,0.01633527,-0.32327405
3182,11546.11,True,0.16975349,False,DRIAMS-A|DRIAMS-B,DRIAMS-C,-0.2604165,-0.07909049
3426,12278.11,True,0.16974051,False,DRIAMS-A|DRIAMS-B,DRIAMS-C,0.17149523,0.1679858
3320,11960.11,False,0.1696778,False,DRIAMS-A|DRIAMS-B,DRIAMS-C,0.15388288,-0.18547271
2096,8288.11,True,0.16961783,False,DRIAMS-A|DRIAMS-B,DRIAMS-C,0.016031206,0.32320446
3028,11084.11,True,0.16960058,False,DRIAMS-A|DRIAMS-B,DRIAMS-C,0.11982568,0.21937548
1545,6635.11,True,0.16959046,False,DRIAMS-A|DRIAMS-B,DRIAMS-C,-0.068261266,-0.27091965
4452,15356.11,True,0.16958287,False,DRIAMS-A|DRIAMS-B,DRIAMS-C,0.08272506,0.25644067
1541,6623.11,True,0.16957457,False,DRIAMS-A|DRIAMS-B,DRIAMS-C,-0.10152929,-0.23761985
1066,5198.11,False,0.16954137,False,DRIAMS-A|DRIAMS-B,DRIAMS-C,-0.10096985,0.2381129
5073,17219.11,True,0.16944772,False,DRIAMS-A|DRIAMS-B,DRIAMS-C,0.17089526,0.16800016
1093,5279.11,True,0.16932586,False,DRIAMS-A|DRIAMS-B,DRIAMS-C,0.26140964,0.07724208
1818,7454.11,True,0.16926329,False,DRIAMS-A|DRIAMS-B,DRIAMS-C,-0.04553485,-0.29299173
5025,17075.11,True,0.16923925,False,DRIAMS-A|DRIAMS-B,DRIAMS-C,0.20056108,0.13791744
5339,18017.11,False,0.16921559,False,DRIAMS-A|DRIAMS-B,DRIAMS-C,0.15138716,-0.18704401
4551,15653.11,False,0.1691944,False,DRIAMS-A|DRIAMS-B,DRIAMS-C,0.18226197,-0.15612683
242,2726.1099999999997,True,0.1691747,False,DRIAMS-A|DRIAMS-B,DRIAMS-C,-0.0973503,-0.24099909
5610,18830.11,False,0.16915244,False,DRIAMS-A|DRIAMS-B,DRIAMS-C,0.12900329,-0.20930158
306,2918.1099999999997,False,0.1690792,False,DRIAMS-A|DRIAMS-B,DRIAMS-C,0.22296132,-0.11519708
4537,15611.11,True,0.1690585,False,DRIAMS-A|DRIAMS-B,DRIAMS-C,0.0044576083,0.33365938
5647,18941.11,False,0.16897163,False,DRIAMS-A|DRIAMS-B,DRIAMS-C,0.14049706,-0.19744618
3387,12161.11,False,0.16896792,False,DRIAMS-A|DRIAMS-B,DRIAMS-C,0.14248991,-0.19544592
4277,14831.11,False,0.16896269,False,DRIAMS-A|DRIAMS-B,DRIAMS-C,0.12906228,-0.20886308
1161,5483.11,True,0.16890742,False,DRIAMS-A|DRIAMS-B,DRIAMS-C,-0.27343822,-0.06437662
462,3386.1099999999997,False,0.16887288,False,DRIAMS-A|DRIAMS-B,DRIAMS-C,0.032099154,-0.3056466
4803,16409.11,True,0.16877331,False,DRIAMS-A|DRIAMS-B,DRIAMS-C,0.17680532,0.1607413
2277,8831.11,False,0.16875032,False,DRIAMS-A|DRIAMS-B,DRIAMS-C,-0.07118257,0.26631805
713,4139.11,True,0.16873659,False,DRIAMS-A|DRIAMS-B,DRIAMS-C,0.018284114,0.31918907
2851,10553.11,True,0.16868776,False,DRIAMS-A|DRIAMS-B,DRIAMS-C,0.26347515,0.07390038
4847,16541.11,False,0.16867974,False,DRIAMS-A|DRIAMS-B,DRIAMS-C,0.11512752,-0.22223195
4229,14687.11,False,0.1686669,False,DRIAMS-A|DRIAMS-B,DRIAMS-C,0.16831583,-0.16901796
5925,19775.11,True,0.1686078,False,DRIAMS-A|DRIAMS-B,DRIAMS-C,0.1404696,0.19674602
3807,13421.11,True,0.1685737,False,DRIAMS-A|DRIAMS-B,DRIAMS-C,0.20398247,0.13316494
2012,8036.11,True,0.1685363,False,DRIAMS-A|DRIAMS-B,DRIAMS-C,-0.055104967,-0.28196764
5615,18845.11,True,0.16850483,False,DRIAMS-A|DRIAMS-B,DRIAMS-C,0.1838978,0.15311188
92,2276.1099999999997,True,0.1684652,False,DRIAMS-A|DRIAMS-B,DRIAMS-C,-0.19725965,-0.13967076
5403,18209.11,False,0.16845752,False,DRIAMS-A|DRIAMS-B,DRIAMS-C,0.15200426,-0.18491079
1163,5489.11,True,0.1684508,False,DRIAMS-A|DRIAMS-B,DRIAMS-C,-0.27001062,-0.06689097
1952,7856.11,True,0.16839246,False,DRIAMS-A|DRIAMS-B,DRIAMS-C,0.07489326,0.26189166
5585,18755.11,True,0.16827485,False,DRIAMS-A|DRIAMS-B,DRIAMS-C,0.1399586,0.19659108
2686,10058.11,False,0.16824648,False,DRIAMS-A|DRIAMS-B,DRIAMS-C,-0.1508239,0.18566903
4815,16445.11,True,0.16818315,False,DRIAMS-A|DRIAMS-B,DRIAMS-C,0.035574574,0.3007917
1438,6314.11,True,0.16817567,False,DRIAMS-A|DRIAMS-B,DRIAMS-C,-0.16519372,-0.17115763
5135,17405.11,True,0.16806315,False,DRIAMS-A|DRIAMS-B,DRIAMS-C,0.1548357,0.1812906
1612,6836.11,True,0.16804248,False,DRIAMS-A|DRIAMS-B,DRIAMS-C,0.10554196,0.23054302
1726,7178.11,True,0.16803327,False,DRIAMS-A|DRIAMS-B,DRIAMS-C,-0.11277655,-0.22329
4021,14063.11,True,0.16801715,False,DRIAMS-A|DRIAMS-B,DRIAMS-C,0.20010687,0.13592741
5390,18170.11,False,0.16797304,False,DRIAMS-A|DRIAMS-B,DRIAMS-C,0.17870992,-0.15723617
906,4718.11,True,0.1679354,False,DRIAMS-A|DRIAMS-B,DRIAMS-C,-0.03916577,-0.29670504
3781,13343.11,True,0.16776428,False,DRIAMS-A|DRIAMS-B,DRIAMS-C,0.17133531,0.16419323
5468,18404.11,False,0.16773468,False,DRIAMS-A|DRIAMS-B,DRIAMS-C,0.19715635,-0.13831303
4640,15920.11,True,0.16766897,False,DRIAMS-A|DRIAMS-B,DRIAMS-C,0.15612207,0.17921585
4292,14876.11,False,0.16763586,False,DRIAMS-A|DRIAMS-B,DRIAMS-C,0.16993207,-0.16533963
393,3179.1099999999997,True,0.16763525,False,DRIAMS-A|DRIAMS-B,DRIAMS-C,-0.10678891,-0.22848158
945,4835.11,True,0.16758206,False,DRIAMS-A|DRIAMS-B,DRIAMS-C,-0.07745254,-0.2577116
4965,16895.11,False,0.16757043,False,DRIAMS-A|DRIAMS-B,DRIAMS-C,0.18820137,-0.14693949
5040,17120.11,False,0.16753693,False,DRIAMS-A|DRIAMS-B,DRIAMS-C,0.21153657,-0.12353728
1279,5837.11,False,0.16752905,False,DRIAMS-A|DRIAMS-B,DRIAMS-C,0.22732465,-0.107733436
4645,15935.11,True,0.1674945,False,DRIAMS-A|DRIAMS-B,DRIAMS-C,0.16559187,0.16939716
5923,19769.11,True,0.16745526,False,DRIAMS-A|DRIAMS-B,DRIAMS-C,0.12639911,0.20851141
5406,18218.11,False,0.16743532,False,DRIAMS-A|DRIAMS-B,DRIAMS-C,0.17820944,-0.15666121
4129,14387.11,False,0.16737756,False,DRIAMS-A|DRIAMS-B,DRIAMS-C,0.14876561,-0.18598953
5854,19562.11,True,0.16720682,False,DRIAMS-A|DRIAMS-B,DRIAMS-C,0.1904864,0.14392725
1055,5165.11,True,0.16712496,False,DRIAMS-A|DRIAMS-B,DRIAMS-C,-0.25013834,-0.08411158
2617,9851.11,False,0.1670871,False,DRIAMS-A|DRIAMS-B,DRIAMS-C,0.08060005,-0.25357413
5404,18212.11,False,0.16705617,False,DRIAMS-A|DRIAMS-B,DRIAMS-C,0.14465854,-0.1894538
5210,17630.11,False,0.16693792,False,DRIAMS-A|DRIAMS-B,DRIAMS-C,0.21397518,-0.11990065
1284,5852.11,False,0.16682893,False,DRIAMS-A|DRIAMS-B,DRIAMS-C,0.028267696,-0.30539015
5500,18500.11,False,0.16681585,False,DRIAMS-A|DRIAMS-B,DRIAMS-C,0.16822907,-0.16540264
795,4385.11,True,0.1667922,False,DRIAMS-A|DRIAMS-B,DRIAMS-C,-0.1415251,-0.1920593
148,2444.1099999999997,False,0.16666575,False,DRIAMS-A|DRIAMS-B,DRIAMS-C,0.09201892,-0.24131258
3311,11933.11,False,0.16663632,False,DRIAMS-A|DRIAMS-B,DRIAMS-C,0.15396453,-0.17930812
4994,16982.11,True,0.16657928,False,DRIAMS-A|DRIAMS-B,DRIAMS-C,0.16619122,0.16696733
3666,12998.11,False,0.16657457,False,DRIAMS-A|DRIAMS-B,DRIAMS-C,0.17286503,-0.16028409
837,4511.11,True,0.16653682,False,DRIAMS-A|DRIAMS-B,DRIAMS-C,-0.31468552,-0.018388135
5640,18920.11,False,0.16652852,False,DRIAMS-A|DRIAMS-B,DRIAMS-C,0.19789346,-0.13516358
5842,19526.11,False,0.16650645,False,DRIAMS-A|DRIAMS-B,DRIAMS-C,0.10870022,-0.2243127
4337,15011.11,False,0.16646735,False,DRIAMS-A|DRIAMS-B,DRIAMS-C,0.13194874,-0.20098597
578,3734.1099999999997,False,0.1664516,False,DRIAMS-A|DRIAMS-B,DRIAMS-C,0.14688997,-0.18601322
3762,13286.11,False,0.16642317,False,DRIAMS-A|DRIAMS-B,DRIAMS-C,0.06685555,-0.2659908
3097,11291.11,False,0.16637069,False,DRIAMS-A|DRIAMS-B,DRIAMS-C,0.042725828,-0.29001555
2185,8555.11,True,0.16634843,False,DRIAMS-A|DRIAMS-B,DRIAMS-C,0.07761342,0.25508344
3936,13808.11,True,0.16630517,False,DRIAMS-A|DRIAMS-B,DRIAMS-C,0.10722758,0.22538276
5946,19838.11,False,0.16630138,False,DRIAMS-A|DRIAMS-B,DRIAMS-C,0.18724999,-0.14535278
1340,6020.11,True,0.16627353,False,DRIAMS-A|DRIAMS-B,DRIAMS-C,-0.04274306,-0.289804
5600,18800.11,False,0.1662643,False,DRIAMS-A|DRIAMS-B,DRIAMS-C,0.124095246,-0.20843334
918,4754.11,False,0.16624506,False,DRIAMS-A|DRIAMS-B,DRIAMS-C,0.12782176,-0.20466836
5228,17684.11,False,0.16624248,False,DRIAMS-A|DRIAMS-B,DRIAMS-C,0.038670354,-0.2938146
4142,14426.11,True,0.16623822,False,DRIAMS-A|DRIAMS-B,DRIAMS-C,0.05809782,0.27437863
4209,14627.11,False,0.16622238,False,DRIAMS-A|DRIAMS-B,DRIAMS-C,0.07195437,-0.2604904
5308,17924.11,False,0.16620374,False,DRIAMS-A|DRIAMS-B,DRIAMS-C,0.14617032,-0.18623716
2804,10412.11,True,0.16616148,False,DRIAMS-A|DRIAMS-B,DRIAMS-C,0.11868186,0.2136411
2133,8399.11,True,0.16615847,False,DRIAMS-A|DRIAMS-B,DRIAMS-C,0.185662,0.14665492
1106,5318.11,True,0.16615276,False,DRIAMS-A|DRIAMS-B,DRIAMS-C,0.02236792,0.3099376
3076,11228.11,True,0.16615067,False,DRIAMS-A|DRIAMS-B,DRIAMS-C,0.02844726,0.30385408
5797,19391.11,False,0.16609612,False,DRIAMS-A|DRIAMS-B,DRIAMS-C,0.13100316,-0.20118909
4735,16205.11,False,0.16601941,False,DRIAMS-A|DRIAMS-B,DRIAMS-C,0.064101845,-0.26793697
1181,5543.11,True,0.16598792,False,DRIAMS-A|DRIAMS-B,DRIAMS-C,-0.15089826,-0.18107758
5489,18467.11,False,0.16587055,False,DRIAMS-A|DRIAMS-B,DRIAMS-C,0.16335669,-0.1683844
1346,6038.11,True,0.16583577,False,DRIAMS-A|DRIAMS-B,DRIAMS-C,0.10194489,0.22972664
4182,14546.11,False,0.16581392,False,DRIAMS-A|DRIAMS-B,DRIAMS-C,0.15115173,-0.18047613
2979,10937.11,True,0.1657851,False,DRIAMS-A|DRIAMS-B,DRIAMS-C,0.21316378,0.11840643
4840,16520.11,True,0.16572893,False,DRIAMS-A|DRIAMS-B,DRIAMS-C,0.16368172,0.16777614
3005,11015.11,True,0.16572858,False,DRIAMS-A|DRIAMS-B,DRIAMS-C,0.19117397,0.1402832
4158,14474.11,True,0.16570005,False,DRIAMS-A|DRIAMS-B,DRIAMS-C,0.004848629,0.32655147
2749,10247.11,True,0.16568491,False,DRIAMS-A|DRIAMS-B,DRIAMS-C,0.19608633,0.1352835
5492,18476.11,False,0.16565149,False,DRIAMS-A|DRIAMS-B,DRIAMS-C,0.14006992,-0.19123305
4661,15983.11,False,0.16562513,False,DRIAMS-A|DRIAMS-B,DRIAMS-C,0.19749317,-0.1337571
3658,12974.11,False,0.16542087,False,DRIAMS-A|DRIAMS-B,DRIAMS-C,0.113927804,-0.21691394
9,2027.11,False,0.16541556,False,DRIAMS-A|DRIAMS-B,DRIAMS-C,0.068697974,-0.26213315
2974,10922.11,False,0.1653994,False,DRIAMS-A|DRIAMS-B,DRIAMS-C,0.2770253,-0.0537735
2583,9749.11,True,0.16537437,False,DRIAMS-A|DRIAMS-B,DRIAMS-C,-0.06720381,-0.26354492
2850,10550.11,True,0.16529712,False,DRIAMS-A|DRIAMS-B,DRIAMS-C,0.25171655,0.0788777
3839,13517.11,True,0.16526121,False,DRIAMS-A|DRIAMS-B,DRIAMS-C,0.021967676,0.30855474
5595,18785.11,True,0.16524348,False,DRIAMS-A|DRIAMS-B,DRIAMS-C,0.2504605,0.080026455
2876,10628.11,True,0.16523065,False,DRIAMS-A|DRIAMS-B,DRIAMS-C,0.028246066,0.30221522
3784,13352.11,True,0.1652126,False,DRIAMS-A|DRIAMS-B,DRIAMS-C,0.20775822,0.122666985
4784,16352.11,True,0.16518132,False,DRIAMS-A|DRIAMS-B,DRIAMS-C,0.121233344,0.2091293
592,3776.1099999999997,True,0.16516902,False,DRIAMS-A|DRIAMS-B,DRIAMS-C,0.011789944,0.31854808
3284,11852.11,False,0.16515365,False,DRIAMS-A|DRIAMS-B,DRIAMS-C,0.096284516,-0.2340228
1057,5171.11,False,0.16514847,False,DRIAMS-A|DRIAMS-B,DRIAMS-C,-0.08362388,0.24667305
5781,19343.11,True,0.16512974,False,DRIAMS-A|DRIAMS-B,DRIAMS-C,0.20887007,0.1213894
3999,13997.11,True,0.16504066,False,DRIAMS-A|DRIAMS-B,DRIAMS-C,0.11197662,0.21810469
1972,7916.11,True,0.16501686,False,DRIAMS-A|DRIAMS-B,DRIAMS-C,0.122669876,0.20736386
5189,17567.11,True,0.165015,False,DRIAMS-A|DRIAMS-B,DRIAMS-C,0.15969346,0.17033653
2423,9269.11,False,0.16498248,False,DRIAMS-A|DRIAMS-B,DRIAMS-C,-0.03019436,0.2997706
556,3668.1099999999997,True,0.16495769,False,DRIAMS-A|DRIAMS-B,DRIAMS-C,0.01956081,0.31035456
1082,5246.11,False,0.1649418,False,DRIAMS-A|DRIAMS-B,DRIAMS-C,-0.32461193,0.00527166
2595,9785.11,False,0.16491334,False,DRIAMS-A|DRIAMS-B,DRIAMS-C,0.105684206,-0.22414248
4324,14972.11,False,0.16490686,False,DRIAMS-A|DRIAMS-B,DRIAMS-C,0.27333108,-0.056482628
2651,9953.11,True,0.16487032,False,DRIAMS-A|DRIAMS-B,DRIAMS-C,0.1013972,0.22834344
3992,13976.11,False,0.16469476,False,DRIAMS-A|DRIAMS-B,DRIAMS-C,0.16307695,-0.16631256
4734,16202.11,False,0.16465062,False,DRIAMS-A|DRIAMS-B,DRIAMS-C,0.10837866,-0.22092257
5314,17942.11,False,0.16456792,False,DRIAMS-A|DRIAMS-B,DRIAMS-C,0.1945391,-0.13459675
5330,17990.11,True,0.16456173,False,DRIAMS-A|DRIAMS-B,DRIAMS-C,0.21692638,0.11219709
333,2999.1099999999997,False,0.16450642,False,DRIAMS-A|DRIAMS-B,DRIAMS-C,0.15807779,-0.17093505
4667,16001.11,False,0.16450307,False,DRIAMS-A|DRIAMS-B,DRIAMS-C,0.19793642,-0.1310697
2260,8780.11,False,0.16444686,False,DRIAMS-A|DRIAMS-B,DRIAMS-C,0.059899434,-0.26899427
1094,5282.11,True,0.1643813,False,DRIAMS-A|DRIAMS-B,DRIAMS-C,0.26999193,0.058770653
1021,5063.11,False,0.16434003,False,DRIAMS-A|DRIAMS-B,DRIAMS-C,-0.27741998,0.051260084
5782,19346.11,False,0.16421491,False,DRIAMS-A|DRIAMS-B,DRIAMS-C,0.15262377,-0.17580603
700,4100.11,False,0.16420737,False,DRIAMS-A|DRIAMS-B,DRIAMS-C,0.14246199,-0.18595275
5506,18518.11,True,0.16402957,False,DRIAMS-A|DRIAMS-B,DRIAMS-C,0.1605017,0.16755745
3362,12086.11,False,0.16401261,False,DRIAMS-A|DRIAMS-B,DRIAMS-C,0.07542274,-0.2526025
1514,6542.11,False,0.16395026,False,DRIAMS-A|DRIAMS-B,DRIAMS-C,-0.015984192,0.31191632
5894,19682.11,False,0.16384006,False,DRIAMS-A|DRIAMS-B,DRIAMS-C,0.1669619,-0.16071823
4555,15665.11,False,0.16382766,False,DRIAMS-A|DRIAMS-B,DRIAMS-C,0.13712925,-0.19052605
5671,19013.11,False,0.1638053,False,DRIAMS-A|DRIAMS-B,DRIAMS-C,0.13250042,-0.19511019
595,3785.1099999999997,True,0.163798,False,DRIAMS-A|DRIAMS-B,DRIAMS-C,-0.17621362,-0.1513824
342,3026.1099999999997,False,0.16379392,False,DRIAMS-A|DRIAMS-B,DRIAMS-C,0.20892687,-0.118660964
2083,8249.11,True,0.16359356,False,DRIAMS-A|DRIAMS-B,DRIAMS-C,0.10946398,0.21772315
301,2903.1099999999997,True,0.16359015,False,DRIAMS-A|DRIAMS-B,DRIAMS-C,-0.06336639,-0.2638139
5383,18149.11,True,0.16358559,False,DRIAMS-A|DRIAMS-B,DRIAMS-C,0.21583083,0.11134034
5372,18116.11,False,0.16358492,False,DRIAMS-A|DRIAMS-B,DRIAMS-C,0.11294797,-0.21422185
2419,9257.11,True,0.16353129,False,DRIAMS-A|DRIAMS-B,DRIAMS-C,0.13449384,0.19256873
1863,7589.11,True,0.16349505,False,DRIAMS-A|DRIAMS-B,DRIAMS-C,-0.26756433,-0.05942576
2128,8384.11,True,0.16342649,False,DRIAMS-A|DRIAMS-B,DRIAMS-C,-0.02003019,-0.30682278
4444,15332.11,False,0.16342312,False,DRIAMS-A|DRIAMS-B,DRIAMS-C,0.15161446,-0.17523178
2223,8669.11,True,0.16333872,False,DRIAMS-A|DRIAMS-B,DRIAMS-C,0.033748686,0.29292876
701,4103.11,False,0.16328436,False,DRIAMS-A|DRIAMS-B,DRIAMS-C,0.17048435,-0.15608439
1792,7376.11,True,0.16327915,False,DRIAMS-A|DRIAMS-B,DRIAMS-C,0.2154268,0.111131474
1041,5123.11,False,0.16325203,False,DRIAMS-A|DRIAMS-B,DRIAMS-C,-0.05934238,0.26716167
4340,15020.11,False,0.16320483,False,DRIAMS-A|DRIAMS-B,DRIAMS-C,0.10719174,-0.21921793
3343,12029.11,False,0.1631433,False,DRIAMS-A|DRIAMS-B,DRIAMS-C,0.10026175,-0.22602488
2010,8030.11,False,0.16312367,False,DRIAMS-A|DRIAMS-B,DRIAMS-C,0.077858046,-0.24838927
2758,10274.11,True,0.16299315,False,DRIAMS-A|DRIAMS-B,DRIAMS-C,0.10919808,0.21678822
3034,11102.11,True,0.16298345,False,DRIAMS-A|DRIAMS-B,DRIAMS-C,0.22101218,0.104954734
4940,16820.11,False,0.16292301,False,DRIAMS-A|DRIAMS-B,DRIAMS-C,0.15240726,-0.17343876
5024,17072.11,False,0.16290125,False,DRIAMS-A|DRIAMS-B,DRIAMS-C,0.19198084,-0.13382167
5335,18005.11,True,0.16288683,False,DRIAMS-A|DRIAMS-B,DRIAMS-C,0.15387493,0.17189872
144,2432.1099999999997,False,0.16285051,False,DRIAMS-A|DRIAMS-B,DRIAMS-C,0.048313905,-0.2773871
4268,14804.11,True,0.16282052,False,DRIAMS-A|DRIAMS-B,DRIAMS-C,0.17549798,0.15014306
2506,9518.11,False,0.16279055,False,DRIAMS-A|DRIAMS-B,DRIAMS-C,0.0952431,-0.230338
2621,9863.11,True,0.16272116,False,DRIAMS-A|DRIAMS-B,DRIAMS-C,0.07759619,0.24784614
5683,19049.11,True,0.16269544,False,DRIAMS-A|DRIAMS-B,DRIAMS-C,0.14093108,0.18445979
136,2408.1099999999997,False,0.16262677,False,DRIAMS-A|DRIAMS-B,DRIAMS-C,0.30337846,-0.021875078
2787,10361.11,False,0.16258752,False,DRIAMS-A|DRIAMS-B,DRIAMS-C,0.06420137,-0.26097366
5430,18290.11,False,0.16256846,False,DRIAMS-A|DRIAMS-B,DRIAMS-C,0.11902948,-0.20610745
3810,13430.11,False,0.16248646,False,DRIAMS-A|DRIAMS-B,DRIAMS-C,0.1636266,-0.16134633
3025,11075.11,False,0.16243818,False,DRIAMS-A|DRIAMS-B,DRIAMS-C,0.09103108,-0.23384528
4955,16865.11,True,0.16241145,False,DRIAMS-A|DRIAMS-B,DRIAMS-C,0.14278232,0.18204057
3051,11153.11,False,0.16239737,False,DRIAMS-A|DRIAMS-B,DRIAMS-C,-0.11424162,0.21055311
5229,17687.11,True,0.1623869,False,DRIAMS-A|DRIAMS-B,DRIAMS-C,-0.017494986,-0.3072788
5874,19622.11,False,0.16238587,False,DRIAMS-A|DRIAMS-B,DRIAMS-C,0.14816411,-0.17660762
4063,14189.11,False,0.16236806,False,DRIAMS-A|DRIAMS-B,DRIAMS-C,0.06458836,-0.26014775
4534,15602.11,True,0.16236407,False,DRIAMS-A|DRIAMS-B,DRIAMS-C,0.019810863,0.30491728
1619,6857.11,True,0.1622621,False,DRIAMS-A|DRIAMS-B,DRIAMS-C,-0.09471536,-0.22980884
3911,13733.11,True,0.16212934,False,DRIAMS-A|DRIAMS-B,DRIAMS-C,0.20379566,0.12046304
3398,12194.11,False,0.16211063,False,DRIAMS-A|DRIAMS-B,DRIAMS-C,0.22184992,-0.10237135
880,4640.11,False,0.16207874,False,DRIAMS-A|DRIAMS-B,DRIAMS-C,0.2531458,-0.07101167
5068,17204.11,False,0.1620662,False,DRIAMS-A|DRIAMS-B,DRIAMS-C,0.1611398,-0.16299261
5082,17246.11,True,0.16206269,False,DRIAMS-A|DRIAMS-B,DRIAMS-C,0.21821292,0.10591247
5388,18164.11,False,0.16205947,False,DRIAMS-A|DRIAMS-B,DRIAMS-C,0.15369637,-0.17042257
2315,8945.11,False,0.16198799,False,DRIAMS-A|DRIAMS-B,DRIAMS-C,0.034707367,-0.2892686
3483,12449.11,False,0.16189334,False,DRIAMS-A|DRIAMS-B,DRIAMS-C,0.111546285,-0.2122404
2675,10025.11,True,0.1618414,False,DRIAMS-A|DRIAMS-B,DRIAMS-C,0.25720975,0.06647306
4040,14120.11,False,0.16180244,False,DRIAMS-A|DRIAMS-B,DRIAMS-C,0.13005748,-0.1935474
3181,11543.11,True,0.16172495,False,DRIAMS-A|DRIAMS-B,DRIAMS-C,-0.27955475,-0.043895166
2480,9440.11,False,0.16165963,False,DRIAMS-A|DRIAMS-B,DRIAMS-C,0.13422017,-0.18909909
2797,10391.11,False,0.16164343,False,DRIAMS-A|DRIAMS-B,DRIAMS-C,0.048823062,-0.2744638
96,2288.1099999999997,True,0.16155365,False,DRIAMS-A|DRIAMS-B,DRIAMS-C,-0.18225186,-0.14085543
5222,17666.11,False,0.16145606,False,DRIAMS-A|DRIAMS-B,DRIAMS-C,0.051099904,-0.27181223
5463,18389.11,True,0.16140601,False,DRIAMS-A|DRIAMS-B,DRIAMS-C,0.1110539,0.2117581
5352,18056.11,True,0.16139308,False,DRIAMS-A|DRIAMS-B,DRIAMS-C,0.117151625,0.20563452
907,4721.11,True,0.16137543,False,DRIAMS-A|DRIAMS-B,DRIAMS-C,-0.04051297,-0.2822379
3897,13691.11,False,0.16136816,False,DRIAMS-A|DRIAMS-B,DRIAMS-C,0.13523449,-0.18750182
3725,13175.11,True,0.1613605,False,DRIAMS-A|DRIAMS-B,DRIAMS-C,0.14924774,0.17347327
3112,11336.11,True,0.16132201,False,DRIAMS-A|DRIAMS-B,DRIAMS-C,0.04868384,0.27396017
3667,13001.11,False,0.16131443,False,DRIAMS-A|DRIAMS-B,DRIAMS-C,0.22215787,-0.10047099
3000,11000.11,True,0.16130023,False,DRIAMS-A|DRIAMS-B,DRIAMS-C,0.070895605,0.25170484
2954,10862.11,False,0.16129528,False,DRIAMS-A|DRIAMS-B,DRIAMS-C,0.15296094,-0.16962962
4126,14378.11,True,0.16125119,False,DRIAMS-A|DRIAMS-B,DRIAMS-C,0.18619332,0.13630906
1666,6998.11,True,0.16123857,False,DRIAMS-A|DRIAMS-B,DRIAMS-C,-0.027517404,-0.29495972
5116,17348.11,False,0.16123247,False,DRIAMS-A|DRIAMS-B,DRIAMS-C,0.18330656,-0.13915838
1968,7904.11,True,0.16110682,False,DRIAMS-A|DRIAMS-B,DRIAMS-C,0.15443721,0.16777644
5806,19418.11,False,0.16108122,False,DRIAMS-A|DRIAMS-B,DRIAMS-C,0.13813868,-0.18402377
3969,13907.11,False,0.16103718,False,DRIAMS-A|DRIAMS-B,DRIAMS-C,0.14337477,-0.17869958
2078,8234.11,False,0.16103502,False,DRIAMS-A|DRIAMS-B,DRIAMS-C,-0.13202022,0.19004981
3179,11537.11,False,0.1610321,False,DRIAMS-A|DRIAMS-B,DRIAMS-C,-0.19415243,0.12791176
3006,11018.11,True,0.16098826,False,DRIAMS-A|DRIAMS-B,DRIAMS-C,0.1561894,0.16578712
2168,8504.11,False,0.16093071,False,DRIAMS-A|DRIAMS-B,DRIAMS-C,0.15351897,-0.16834244
5408,18224.11,False,0.16090977,False,DRIAMS-A|DRIAMS-B,DRIAMS-C,0.2297954,-0.092024155
4707,16121.11,False,0.16080324,False,DRIAMS-A|DRIAMS-B,DRIAMS-C,0.08910229,-0.2325042
2272,8816.11,False,0.16076016,False,DRIAMS-A|DRIAMS-B,DRIAMS-C,0.12061787,-0.20090245
4860,16580.11,False,0.16072866,False,DRIAMS-A|DRIAMS-B,DRIAMS-C,0.18603958,-0.13541776
2505,9515.11,False,0.1606999,False,DRIAMS-A|DRIAMS-B,DRIAMS-C,0.12008394,-0.20131588
3054,11162.11,False,0.16068077,False,DRIAMS-A|DRIAMS-B,DRIAMS-C,0.047194682,-0.27416685
1389,6167.11,False,0.16066322,False,DRIAMS-A|DRIAMS-B,DRIAMS-C,0.103927605,-0.21739884
1644,6932.11,True,0.16064145,False,DRIAMS-A|DRIAMS-B,DRIAMS-C,0.21059406,0.110688835
5659,18977.11,False,0.16057068,False,DRIAMS-A|DRIAMS-B,DRIAMS-C,0.11014968,-0.21099167
5957,19871.11,False,0.16052732,False,DRIAMS-A|DRIAMS-B,DRIAMS-C,0.23324586,-0.08780876
3331,11993.11,False,0.1605169,False,DRIAMS-A|DRIAMS-B,DRIAMS-C,0.15250336,-0.16853045
5007,17021.11,False,0.16051112,False,DRIAMS-A|DRIAMS-B,DRIAMS-C,0.1620044,-0.15901785
1831,7493.11,False,0.16049646,False,DRIAMS-A|DRIAMS-B,DRIAMS-C,0.21979477,-0.101198144
3369,12107.11,True,0.16048071,False,DRIAMS-A|DRIAMS-B,DRIAMS-C,0.16944279,0.15151864
5459,18377.11,False,0.16046618,False,DRIAMS-A|DRIAMS-B,DRIAMS-C,0.18659408,-0.13433827
5793,19379.11,False,0.16044453,False,DRIAMS-A|DRIAMS-B,DRIAMS-C,0.16149214,-0.1593969
1234,5702.11,False,0.16039692,False,DRIAMS-A|DRIAMS-B,DRIAMS-C,0.01804079,-0.30275306
3505,12515.11,False,0.16031861,False,DRIAMS-A|DRIAMS-B,DRIAMS-C,0.16841768,-0.15221953
5035,17105.11,False,0.16024312,False,DRIAMS-A|DRIAMS-B,DRIAMS-C,0.16170157,-0.15878467
3501,12503.11,True,0.1602045,False,DRIAMS-A|DRIAMS-B,DRIAMS-C,0.07820287,0.24220613
397,3191.1099999999997,True,0.16012093,False,DRIAMS-A|DRIAMS-B,DRIAMS-C,0.057104286,0.26313758
3997,13991.11,True,0.16011404,False,DRIAMS-A|DRIAMS-B,DRIAMS-C,0.13487473,0.18535334
5875,19625.11,False,0.16009171,False,DRIAMS-A|DRIAMS-B,DRIAMS-C,0.1373626,-0.18282083
1301,5903.11,True,0.16007751,False,DRIAMS-A|DRIAMS-B,DRIAMS-C,-0.1527784,-0.16737661
5296,17888.11,False,0.16007726,False,DRIAMS-A|DRIAMS-B,DRIAMS-C,0.17442243,-0.14573209
2198,8594.11,True,0.16001306,False,DRIAMS-A|DRIAMS-B,DRIAMS-C,0.17981319,0.14021294
4874,16622.11,False,0.15999216,False,DRIAMS-A|DRIAMS-B,DRIAMS-C,0.0554986,-0.26448572
2400,9200.11,True,0.15998691,False,DRIAMS-A|DRIAMS-B,DRIAMS-C,-0.19041947,-0.12955435
2236,8708.11,True,0.1599501,False,DRIAMS-A|DRIAMS-B,DRIAMS-C,0.10363511,0.2162651
2841,10523.11,False,0.15991193,False,DRIAMS-A|DRIAMS-B,DRIAMS-C,-0.053140104,0.26668376
1158,5474.11,True,0.15989658,False,DRIAMS-A|DRIAMS-B,DRIAMS-C,-0.08622136,-0.23357181
5233,17699.11,False,0.15986234,False,DRIAMS-A|DRIAMS-B,DRIAMS-C,0.16530949,-0.15441519
2032,8096.11,False,0.15984288,False,DRIAMS-A|DRIAMS-B,DRIAMS-C,-0.31329218,0.0063935723
2837,10511.11,False,0.15979788,False,DRIAMS-A|DRIAMS-B,DRIAMS-C,-0.1930774,0.12651837
2290,8870.11,False,0.15977608,False,DRIAMS-A|DRIAMS-B,DRIAMS-C,-0.0326117,0.28694046
3862,13586.11,False,0.15968302,False,DRIAMS-A|DRIAMS-B,DRIAMS-C,-0.1234015,0.19596455
2476,9428.11,False,0.15964775,False,DRIAMS-A|DRIAMS-B,DRIAMS-C,0.22651003,-0.092785455
4252,14756.11,False,0.15944988,False,DRIAMS-A|DRIAMS-B,DRIAMS-C,0.16673629,-0.15216346
4518,15554.11,True,0.1594336,False,DRIAMS-A|DRIAMS-B,DRIAMS-C,0.06668857,0.25217864
1176,5528.11,True,0.15942547,False,DRIAMS-A|DRIAMS-B,DRIAMS-C,0.29854438,0.020306552
3770,13310.11,False,0.15932354,False,DRIAMS-A|DRIAMS-B,DRIAMS-C,0.1303012,-0.18834588
4050,14150.11,False,0.1592324,False,DRIAMS-A|DRIAMS-B,DRIAMS-C,0.1327289,-0.18573588
5419,18257.11,True,0.15919337,False,DRIAMS-A|DRIAMS-B,DRIAMS-C,0.14936113,0.16902559
5673,19019.11,False,0.15912087,False,DRIAMS-A|DRIAMS-B,DRIAMS-C,0.11894693,-0.19929482
4032,14096.11,False,0.1591201,False,DRIAMS-A|DRIAMS-B,DRIAMS-C,0.079575196,-0.238665
3269,11807.11,True,0.15911096,False,DRIAMS-A|DRIAMS-B,DRIAMS-C,0.11212236,0.20609958
1129,5387.11,False,0.15910065,False,DRIAMS-A|DRIAMS-B,DRIAMS-C,0.15186031,-0.16634098
5462,18386.11,True,0.15891957,False,DRIAMS-A|DRIAMS-B,DRIAMS-C,0.17055304,0.1472861
4468,15404.11,True,0.15890041,False,DRIAMS-A|DRIAMS-B,DRIAMS-C,0.1417505,0.17605032
3368,12104.11,False,0.15866023,False,DRIAMS-A|DRIAMS-B,DRIAMS-C,0.16838954,-0.14893094
3487,12461.11,False,0.158589,False,DRIAMS-A|DRIAMS-B,DRIAMS-C,0.104219265,-0.21295874
1897,7691.11,True,0.15857947,False,DRIAMS-A|DRIAMS-B,DRIAMS-C,0.14159714,0.17556182
983,4949.11,True,0.15857735,False,DRIAMS-A|DRIAMS-B,DRIAMS-C,-0.15481542,-0.1623393
3272,11816.11,True,0.1585427,False,DRIAMS-A|DRIAMS-B,DRIAMS-C,0.12331684,0.19376856
2399,9197.11,True,0.15853919,False,DRIAMS-A|DRIAMS-B,DRIAMS-C,-0.14488201,-0.17219637
5755,19265.11,False,0.15846251,False,DRIAMS-A|DRIAMS-B,DRIAMS-C,0.1109607,-0.20596433
4463,15389.11,False,0.1583321,False,DRIAMS-A|DRIAMS-B,DRIAMS-C,0.19596283,-0.120701365
123,2369.1099999999997,True,0.15831316,False,DRIAMS-A|DRIAMS-B,DRIAMS-C,0.113041185,0.20358513
1656,6968.11,True,0.1583129,False,DRIAMS-A|DRIAMS-B,DRIAMS-C,0.26867697,0.047948834
1533,6599.11,True,0.15824617,False,DRIAMS-A|DRIAMS-B,DRIAMS-C,0.10898394,0.2075084
748,4244.11,True,0.15824184,False,DRIAMS-A|DRIAMS-B,DRIAMS-C,-0.07052068,-0.24596299
138,2414.1099999999997,True,0.1582407,False,DRIAMS-A|DRIAMS-B,DRIAMS-C,0.16050094,0.15598045
5886,19658.11,False,0.15820912,False,DRIAMS-A|DRIAMS-B,DRIAMS-C,0.16694345,-0.1494748
5460,18380.11,True,0.15816122,False,DRIAMS-A|DRIAMS-B,DRIAMS-C,0.14008139,0.17624106
1059,5177.11,False,0.1581217,False,DRIAMS-A|DRIAMS-B,DRIAMS-C,0.16351165,-0.15273178
3964,13892.11,True,0.15809666,False,DRIAMS-A|DRIAMS-B,DRIAMS-C,0.16119605,0.15499726
4403,15209.11,False,0.15809219,False,DRIAMS-A|DRIAMS-B,DRIAMS-C,0.10140784,-0.21477653
1224,5672.11,False,0.1580432,False,DRIAMS-A|DRIAMS-B,DRIAMS-C,0.16993105,-0.14615537
5278,17834.11,False,0.15801764,False,DRIAMS-A|DRIAMS-B,DRIAMS-C,0.13941334,-0.17662194
2240,8720.11,False,0.15792689,False,DRIAMS-A|DRIAMS-B,DRIAMS-C,0.1185514,-0.19730237
2013,8039.11,True,0.15788864,False,DRIAMS-A|DRIAMS-B,DRIAMS-C,-0.06395719,-0.2518201
3433,12299.11,False,0.15788488,False,DRIAMS-A|DRIAMS-B,DRIAMS-C,0.20534036,-0.11042941
2960,10880.11,False,0.15784281,False,DRIAMS-A|DRIAMS-B,DRIAMS-C,0.21213408,-0.10355156
1606,6818.11,True,0.15782933,False,DRIAMS-A|DRIAMS-B,DRIAMS-C,-0.13458504,-0.18107362
777,4331.11,False,0.15782186,False,DRIAMS-A|DRIAMS-B,DRIAMS-C,-0.16146223,0.1541815
4896,16688.11,False,0.15781367,False,DRIAMS-A|DRIAMS-B,DRIAMS-C,0.18388456,-0.13174279
389,3167.1099999999997,True,0.15779099,False,DRIAMS-A|DRIAMS-B,DRIAMS-C,0.0212377,0.29434428
370,3110.1099999999997,True,0.15772656,False,DRIAMS-A|DRIAMS-B,DRIAMS-C,-0.050614174,-0.26483893
1254,5762.11,False,0.15766619,False,DRIAMS-A|DRIAMS-B,DRIAMS-C,-0.084212236,0.23112015
5537,18611.11,True,0.15765163,False,DRIAMS-A|DRIAMS-B,DRIAMS-C,0.17441757,0.14088571
5363,18089.11,False,0.15763116,False,DRIAMS-A|DRIAMS-B,DRIAMS-C,0.2521817,-0.063080594
3734,13202.11,True,0.15761986,False,DRIAMS-A|DRIAMS-B,DRIAMS-C,0.039537355,0.27570236
311,2933.1099999999997,True,0.15755266,False,DRIAMS-A|DRIAMS-B,DRIAMS-C,-0.13975567,-0.17534964
4487,15461.11,True,0.15752193,False,DRIAMS-A|DRIAMS-B,DRIAMS-C,-0.0032046076,-0.31183925
3266,11798.11,False,0.15751335,False,DRIAMS-A|DRIAMS-B,DRIAMS-C,0.14010558,-0.17492111
1277,5831.11,False,0.15749687,False,DRIAMS-A|DRIAMS-B,DRIAMS-C,0.09978622,-0.21520752
3719,13157.11,False,0.15747325,False,DRIAMS-A|DRIAMS-B,DRIAMS-C,0.0602229,-0.2547236
557,3671.1099999999997,True,0.15746622,False,DRIAMS-A|DRIAMS-B,DRIAMS-C,0.05717636,0.25775608
534,3602.1099999999997,True,0.15745008,False,DRIAMS-A|DRIAMS-B,DRIAMS-C,0.053339735,0.26156044
2706,10118.11,False,0.15737818,False,DRIAMS-A|DRIAMS-B,DRIAMS-C,-0.21992914,0.09482721
3497,12491.11,True,0.15734753,False,DRIAMS-A|DRIAMS-B,DRIAMS-C,0.16446349,0.15023156
1272,5816.11,False,0.15732688,False,DRIAMS-A|DRIAMS-B,DRIAMS-C,0.036832847,-0.27782091
3647,12941.11,True,0.15731391,False,DRIAMS-A|DRIAMS-B,DRIAMS-C,0.10641683,0.208211
2972,10916.11,False,0.15726396,False,DRIAMS-A|DRIAMS-B,DRIAMS-C,0.23982191,-0.074706025
1694,7082.11,True,0.15722531,False,DRIAMS-A|DRIAMS-B,DRIAMS-C,0.098608926,0.21584171
871,4613.11,True,0.15716887,False,DRIAMS-A|DRIAMS-B,DRIAMS-C,-0.23422094,-0.08011681
2085,8255.11,False,0.15710798,False,DRIAMS-A|DRIAMS-B,DRIAMS-C,0.13994357,-0.17427237
3688,13064.11,True,0.157098,False,DRIAMS-A|DRIAMS-B,DRIAMS-C,0.103381716,0.21081427
5646,18938.11,False,0.15707168,False,DRIAMS-A|DRIAMS-B,DRIAMS-C,0.13497987,-0.1791635
2858,10574.11,False,0.15705901,False,DRIAMS-A|DRIAMS-B,DRIAMS-C,0.043899342,-0.2702187
5093,17279.11,True,0.15704298,False,DRIAMS-A|DRIAMS-B,DRIAMS-C,0.11760178,0.1964842
5132,17396.11,False,0.15703127,False,DRIAMS-A|DRIAMS-B,DRIAMS-C,0.12970439,-0.18435816
191,2573.1099999999997,True,0.15701932,False,DRIAMS-A|DRIAMS-B,DRIAMS-C,-0.1356455,-0.17839314
488,3464.1099999999997,False,0.15699595,False,DRIAMS-A|DRIAMS-B,DRIAMS-C,0.0670432,-0.24694872
5156,17468.11,True,0.1569846,False,DRIAMS-A|DRIAMS-B,DRIAMS-C,0.1632644,0.15070482
539,3617.1099999999997,True,0.15696806,False,DRIAMS-A|DRIAMS-B,DRIAMS-C,0.121626526,0.1923096
3372,12116.11,False,0.15691972,False,DRIAMS-A|DRIAMS-B,DRIAMS-C,0.25196707,-0.061872378
2707,10121.11,False,0.15687889,False,DRIAMS-A|DRIAMS-B,DRIAMS-C,-0.19539359,0.11836418
3298,11894.11,False,0.15675828,False,DRIAMS-A|DRIAMS-B,DRIAMS-C,0.14416096,-0.1693556
1706,7118.11,False,0.15674055,False,DRIAMS-A|DRIAMS-B,DRIAMS-C,-0.032697927,0.28078318
3322,11966.11,False,0.15671656,False,DRIAMS-A|DRIAMS-B,DRIAMS-C,0.22262202,-0.09081108
72,2216.1099999999997,False,0.15664658,False,DRIAMS-A|DRIAMS-B,DRIAMS-C,0.07499271,-0.23830044
2499,9497.11,True,0.1566438,False,DRIAMS-A|DRIAMS-B,DRIAMS-C,0.09833493,0.21495265
4047,14141.11,True,0.15664096,False,DRIAMS-A|DRIAMS-B,DRIAMS-C,0.11830667,0.19497526
4944,16832.11,True,0.15655383,False,DRIAMS-A|DRIAMS-B,DRIAMS-C,0.24032195,0.07278572
1586,6758.11,False,0.1565527,False,DRIAMS-A|DRIAMS-B,DRIAMS-C,0.12727557,-0.18582983
155,2465.1099999999997,False,0.15652627,False,DRIAMS-A|DRIAMS-B,DRIAMS-C,0.13385913,-0.17919342
1763,7289.11,True,0.15652327,False,DRIAMS-A|DRIAMS-B,DRIAMS-C,-0.123266555,-0.18978
584,3752.1099999999997,False,0.15639804,False,DRIAMS-A|DRIAMS-B,DRIAMS-C,0.09541933,-0.21737675
954,4862.11,False,0.15636124,False,DRIAMS-A|DRIAMS-B,DRIAMS-C,-0.03275996,0.2799625
3981,13943.11,True,0.15634044,False,DRIAMS-A|DRIAMS-B,DRIAMS-C,0.114605375,0.1980755
879,4637.11,True,0.15632126,False,DRIAMS-A|DRIAMS-B,DRIAMS-C,0.23158185,0.081060655
2300,8900.11,True,0.15617253,False,DRIAMS-A|DRIAMS-B,DRIAMS-C,-0.22225489,-0.09009017
2340,9020.11,False,0.15615542,False,DRIAMS-A|DRIAMS-B,DRIAMS-C,0.030625599,-0.28168523
4227,14681.11,False,0.1561273,False,DRIAMS-A|DRIAMS-B,DRIAMS-C,0.12670526,-0.18554933
1621,6863.11,False,0.15603475,False,DRIAMS-A|DRIAMS-B,DRIAMS-C,0.2040391,-0.10803041
1822,7466.11,True,0.15601039,False,DRIAMS-A|DRIAMS-B,DRIAMS-C,0.15053092,0.16148986
2339,9017.11,False,0.15593962,False,DRIAMS-A|DRIAMS-B,DRIAMS-C,0.024479037,-0.28740022
5268,17804.11,False,0.1559088,False,DRIAMS-A|DRIAMS-B,DRIAMS-C,0.15122019,-0.16059741
4077,14231.11,True,0.1559073,False,DRIAMS-A|DRIAMS-B,DRIAMS-C,0.13995688,0.17185774
1459,6377.11,False,0.1558118,False,DRIAMS-A|DRIAMS-B,DRIAMS-C,-0.13968511,0.1719385
5144,17432.11,True,0.15580946,False,DRIAMS-A|DRIAMS-B,DRIAMS-C,0.20494549,0.10667342
4338,15014.11,False,0.15580298,False,DRIAMS-A|DRIAMS-B,DRIAMS-C,0.12069049,-0.19091548
4243,14729.11,False,0.1557152,False,DRIAMS-A|DRIAMS-B,DRIAMS-C,0.18069802,-0.13073237
1483,6449.11,True,0.1557017,False,DRIAMS-A|DRIAMS-B,DRIAMS-C,-0.14606701,-0.16533637
3397,12191.11,False,0.15568407,False,DRIAMS-A|DRIAMS-B,DRIAMS-C,0.23410006,-0.07726808
946,4838.11,False,0.15567642,False,DRIAMS-A|DRIAMS-B,DRIAMS-C,0.001908512,-0.30944434
1255,5765.11,False,0.15559386,False,DRIAMS-A|DRIAMS-B,DRIAMS-C,-0.12515691,0.1860308
5612,18836.11,False,0.15558185,False,DRIAMS-A|DRIAMS-B,DRIAMS-C,0.12487207,-0.18629162
5816,19448.11,True,0.15554568,False,DRIAMS-A|DRIAMS-B,DRIAMS-C,0.12783666,0.18325472
3900,13700.11,False,0.15553705,False,DRIAMS-A|DRIAMS-B,DRIAMS-C,0.05168147,-0.25939265
3480,12440.11,False,0.15547305,False,DRIAMS-A|DRIAMS-B,DRIAMS-C,0.10216485,-0.20878126
1484,6452.11,False,0.15539509,False,DRIAMS-A|DRIAMS-B,DRIAMS-C,-0.082162976,0.2286272
5084,17252.11,False,0.15534571,False,DRIAMS-A|DRIAMS-B,DRIAMS-C,0.19246548,-0.11822595
514,3542.1099999999997,False,0.15534349,False,DRIAMS-A|DRIAMS-B,DRIAMS-C,0.25174996,-0.058937013
5786,19358.11,False,0.15532395,False,DRIAMS-A|DRIAMS-B,DRIAMS-C,0.0645449,-0.246103
1187,5561.11,True,0.15529487,False,DRIAMS-A|DRIAMS-B,DRIAMS-C,0.26640534,0.0441844
1797,7391.11,False,0.15526098,False,DRIAMS-A|DRIAMS-B,DRIAMS-C,0.11775327,-0.19276868
5039,17117.11,False,0.15521419,False,DRIAMS-A|DRIAMS-B,DRIAMS-C,0.15764374,-0.15278465
4607,15821.11,False,0.15520675,False,DRIAMS-A|DRIAMS-B,DRIAMS-C,0.11894555,-0.19146796
1554,6662.11,False,0.15519181,False,DRIAMS-A|DRIAMS-B,DRIAMS-C,0.068764724,-0.2416189
469,3407.1099999999997,True,0.15513882,False,DRIAMS-A|DRIAMS-B,DRIAMS-C,-0.14474347,-0.16553417
4795,16385.11,False,0.15512256,False,DRIAMS-A|DRIAMS-B,DRIAMS-C,0.21135253,-0.09889261
5243,17729.11,True,0.15509015,False,DRIAMS-A|DRIAMS-B,DRIAMS-C,0.18001026,0.13017006
2361,9083.11,False,0.15507676,False,DRIAMS-A|DRIAMS-B,DRIAMS-C,0.07485785,-0.23529565
5932,19796.11,False,0.15492979,False,DRIAMS-A|DRIAMS-B,DRIAMS-C,0.13975137,-0.17010818
4235,14705.11,False,0.15492266,False,DRIAMS-A|DRIAMS-B,DRIAMS-C,0.03171516,-0.27813017
4990,16970.11,True,0.15490608,False,DRIAMS-A|DRIAMS-B,DRIAMS-C,0.1495401,0.16027206
4510,15530.11,False,0.1549053,False,DRIAMS-A|DRIAMS-B,DRIAMS-C,0.19247408,-0.11733652
5911,19733.11,False,0.15483958,False,DRIAMS-A|DRIAMS-B,DRIAMS-C,0.14174944,-0.16792971
1075,5225.11,False,0.15482426,False,DRIAMS-A|DRIAMS-B,DRIAMS-C,-0.16060802,0.1490405
2153,8459.11,False,0.15479578,False,DRIAMS-A|DRIAMS-B,DRIAMS-C,0.06228496,-0.2473066
1488,6464.11,True,0.15476848,False,DRIAMS-A|DRIAMS-B,DRIAMS-C,0.006816147,0.30272081
5710,19130.11,True,0.15473554,False,DRIAMS-A|DRIAMS-B,DRIAMS-C,0.13275097,0.1767201
4529,15587.11,True,0.15467577,False,DRIAMS-A|DRIAMS-B,DRIAMS-C,0.01705811,0.29229343
5871,19613.11,False,0.1546639,False,DRIAMS-A|DRIAMS-B,DRIAMS-C,0.13942206,-0.16990575
5530,18590.11,False,0.15463485,False,DRIAMS-A|DRIAMS-B,DRIAMS-C,0.08705276,-0.22221693
4828,16484.11,True,0.1546287,False,DRIAMS-A|DRIAMS-B,DRIAMS-C,0.12200333,0.18725407
4924,16772.11,True,0.15460715,False,DRIAMS-A|DRIAMS-B,DRIAMS-C,0.10433943,0.20487487
1595,6785.11,False,0.15460154,False,DRIAMS-A|DRIAMS-B,DRIAMS-C,-0.15384649,0.1553566
2369,9107.11,False,0.15458477,False,DRIAMS-A|DRIAMS-B,DRIAMS-C,0.16777803,-0.14139152
2057,8171.11,False,0.15457463,False,DRIAMS-A|DRIAMS-B,DRIAMS-C,-0.14880332,0.16034596
102,2306.1099999999997,True,0.15456164,False,DRIAMS-A|DRIAMS-B,DRIAMS-C,-0.1597247,-0.14939857
3814,13442.11,True,0.15453523,False,DRIAMS-A|DRIAMS-B,DRIAMS-C,0.16803193,0.14103855
759,4277.11,True,0.15449643,False,DRIAMS-A|DRIAMS-B,DRIAMS-C,0.17811835,0.13087453
4194,14582.11,False,0.15448055,False,DRIAMS-A|DRIAMS-B,DRIAMS-C,0.19725145,-0.11170965
5143,17429.11,True,0.15446241,False,DRIAMS-A|DRIAMS-B,DRIAMS-C,0.20667976,0.102245055
1859,7577.11,False,0.15443242,False,DRIAMS-A|DRIAMS-B,DRIAMS-C,-0.24508232,0.06378253
2836,10508.11,False,0.15442687,False,DRIAMS-A|DRIAMS-B,DRIAMS-C,-0.19299336,0.1158604
3515,12545.11,True,0.15431522,False,DRIAMS-A|DRIAMS-B,DRIAMS-C,0.13001785,0.17861259
2754,10262.11,False,0.15425657,False,DRIAMS-A|DRIAMS-B,DRIAMS-C,0.1309851,-0.17752804
5805,19415.11,False,0.15423194,False,DRIAMS-A|DRIAMS-B,DRIAMS-C,0.13976215,-0.16870172
1076,5228.11,False,0.15422603,False,DRIAMS-A|DRIAMS-B,DRIAMS-C,-0.086160414,0.22229166
5422,18266.11,True,0.15421265,False,DRIAMS-A|DRIAMS-B,DRIAMS-C,0.1319403,0.17648499
4996,16988.11,False,0.1541829,False,DRIAMS-A|DRIAMS-B,DRIAMS-C,0.23169704,-0.07666876
515,3545.1099999999997,False,0.15408385,False,DRIAMS-A|DRIAMS-B,DRIAMS-C,0.18190622,-0.12626146
3281,11843.11,True,0.15400553,False,DRIAMS-A|DRIAMS-B,DRIAMS-C,0.15013069,0.15788038
742,4226.11,True,0.15399973,False,DRIAMS-A|DRIAMS-B,DRIAMS-C,-0.010244385,-0.29775506
4486,15458.11,True,0.15399367,False,DRIAMS-A|DRIAMS-B,DRIAMS-C,-0.03611545,-0.2718719
5251,17753.11,False,0.15399006,False,DRIAMS-A|DRIAMS-B,DRIAMS-C,0.1345585,-0.17342162
5301,17903.11,False,0.15390319,False,DRIAMS-A|DRIAMS-B,DRIAMS-C,0.15787789,-0.14992847
5120,17360.11,True,0.15387964,False,DRIAMS-A|DRIAMS-B,DRIAMS-C,0.10617218,0.2015871
4531,15593.11,False,0.15384656,False,DRIAMS-A|DRIAMS-B,DRIAMS-C,-0.0074629877,0.30023015
3686,13058.11,False,0.15382136,False,DRIAMS-A|DRIAMS-B,DRIAMS-C,0.13774711,-0.16989562
3004,11012.11,True,0.15379333,False,DRIAMS-A|DRIAMS-B,DRIAMS-C,0.19780536,0.10978132
449,3347.1099999999997,False,0.15373649,False,DRIAMS-A|DRIAMS-B,DRIAMS-C,-0.046334323,0.26113865
3128,11384.11,True,0.15372643,False,DRIAMS-A|DRIAMS-B,DRIAMS-C,0.117767856,0.189685
1578,6734.11,True,0.15369174,False,DRIAMS-A|DRIAMS-B,DRIAMS-C,0.011227813,0.29615566
4213,14639.11,False,0.15368067,False,DRIAMS-A|DRIAMS-B,DRIAMS-C,0.13865991,-0.16870143
1282,5846.11,True,0.15365091,False,DRIAMS-A|DRIAMS-B,DRIAMS-C,0.20228966,0.10501215
2255,8765.11,False,0.15360725,False,DRIAMS-A|DRIAMS-B,DRIAMS-C,0.037266955,-0.26994756
1789,7367.11,True,0.1535592,False,DRIAMS-A|DRIAMS-B,DRIAMS-C,0.19603433,0.11108405
4017,14051.11,False,0.15354542,False,DRIAMS-A|DRIAMS-B,DRIAMS-C,0.16060406,-0.14648679
5989,19967.11,False,0.1535272,False,DRIAMS-A|DRIAMS-B,DRIAMS-C,0.14864308,-0.15841134
65,2195.1099999999997,True,0.15342677,False,DRIAMS-A|DRIAMS-B,DRIAMS-C,-0.17688051,-0.12997304
4141,14423.11,True,0.15324914,False,DRIAMS-A|DRIAMS-B,DRIAMS-C,0.13547885,0.17101945
1604,6812.11,True,0.15324894,False,DRIAMS-A|DRIAMS-B,DRIAMS-C,-0.16035752,-0.14614035
2898,10694.11,True,0.1531955,False,DRIAMS-A|DRIAMS-B,DRIAMS-C,0.10670799,0.199683
77,2231.1099999999997,True,0.15313953,False,DRIAMS-A|DRIAMS-B,DRIAMS-C,-0.08852559,-0.21775348
1412,6236.11,True,0.15305375,False,DRIAMS-A|DRIAMS-B,DRIAMS-C,0.27163854,0.03446894
279,2837.1099999999997,False,0.15303056,False,DRIAMS-A|DRIAMS-B,DRIAMS-C,0.016657095,-0.28940403
5890,19670.11,False,0.15301737,False,DRIAMS-A|DRIAMS-B,DRIAMS-C,0.12973306,-0.17630169
2831,10493.11,True,0.15299188,False,DRIAMS-A|DRIAMS-B,DRIAMS-C,-0.24513727,-0.06084647
5386,18158.11,True,0.15294772,False,DRIAMS-A|DRIAMS-B,DRIAMS-C,0.1526398,0.15325563
803,4409.11,True,0.1529391,False,DRIAMS-A|DRIAMS-B,DRIAMS-C,0.1523755,0.15350269
5882,19646.11,False,0.15290722,False,DRIAMS-A|DRIAMS-B,DRIAMS-C,0.14671418,-0.15910028
3832,13496.11,False,0.15289752,False,DRIAMS-A|DRIAMS-B,DRIAMS-C,0.13853511,-0.16725993
2948,10844.11,False,0.15288483,False,DRIAMS-A|DRIAMS-B,DRIAMS-C,0.04553693,-0.26023272
4950,16850.11,False,0.15284741,False,DRIAMS-A|DRIAMS-B,DRIAMS-C,0.19308195,-0.11261287
856,4568.11,True,0.15279943,False,DRIAMS-A|DRIAMS-B,DRIAMS-C,-0.18940575,-0.11619309
823,4469.11,True,0.15275258,False,DRIAMS-A|DRIAMS-B,DRIAMS-C,-0.1769952,-0.12850995
5921,19763.11,False,0.15270494,False,DRIAMS-A|DRIAMS-B,DRIAMS-C,0.15659767,-0.1488122
312,2936.1099999999997,True,0.15263136,False,DRIAMS-A|DRIAMS-B,DRIAMS-C,-0.23241869,-0.072844036
1138,5414.11,True,0.15241471,False,DRIAMS-A|DRIAMS-B,DRIAMS-C,-0.08955,-0.2152794
3278,11834.11,False,0.15240216,False,DRIAMS-A|DRIAMS-B,DRIAMS-C,0.12784523,-0.1769591
5638,18914.11,False,0.15239435,False,DRIAMS-A|DRIAMS-B,DRIAMS-C,0.17502588,-0.12976284
4301,14903.11,True,0.15239194,False,DRIAMS-A|DRIAMS-B,DRIAMS-C,0.07209486,0.23268901
1585,6755.11,False,0.15238576,False,DRIAMS-A|DRIAMS-B,DRIAMS-C,0.17757331,-0.1271982
4104,14312.11,False,0.15234214,False,DRIAMS-A|DRIAMS-B,DRIAMS-C,0.05223883,-0.25244546
3277,11831.11,False,0.15232588,False,DRIAMS-A|DRIAMS-B,DRIAMS-C,0.121594734,-0.18305703
4303,14909.11,True,0.15231016,False,DRIAMS-A|DRIAMS-B,DRIAMS-C,0.10685693,0.19776338
5887,19661.11,True,0.1522492,False,DRIAMS-A|DRIAMS-B,DRIAMS-C,0.18297103,0.121527374
3765,13295.11,False,0.1522469,False,DRIAMS-A|DRIAMS-B,DRIAMS-C,0.104979776,-0.19951405
4774,16322.11,True,0.15224166,False,DRIAMS-A|DRIAMS-B,DRIAMS-C,0.19087718,0.11360613
2271,8813.11,False,0.1522004,False,DRIAMS-A|DRIAMS-B,DRIAMS-C,0.18211854,-0.12228227
887,4661.11,True,0.15208624,False,DRIAMS-A|DRIAMS-B,DRIAMS-C,-0.060451854,-0.24372064
583,3749.1099999999997,True,0.15192536,False,DRIAMS-A|DRIAMS-B,DRIAMS-C,0.14315124,0.16069946
4055,14165.11,False,0.15187189,False,DRIAMS-A|DRIAMS-B,DRIAMS-C,0.18267533,-0.12106844
2225,8675.11,True,0.15182787,False,DRIAMS-A|DRIAMS-B,DRIAMS-C,0.10812152,0.19553423
5902,19706.11,False,0.1517708,False,DRIAMS-A|DRIAMS-B,DRIAMS-C,0.13525288,-0.16828871
1073,5219.11,True,0.15169689,False,DRIAMS-A|DRIAMS-B,DRIAMS-C,-0.053579353,-0.24981442
5265,17795.11,False,0.15166022,False,DRIAMS-A|DRIAMS-B,DRIAMS-C,0.101968,-0.20135245
267,2801.1099999999997,False,0.15165894,False,DRIAMS-A|DRIAMS-B,DRIAMS-C,0.053231645,-0.25008622
3516,12548.11,True,0.15164119,False,DRIAMS-A|DRIAMS-B,DRIAMS-C,0.089823395,0.21345897
5756,19268.11,False,0.15162058,False,DRIAMS-A|DRIAMS-B,DRIAMS-C,0.08731901,-0.21592216
2484,9452.11,False,0.15161884,False,DRIAMS-A|DRIAMS-B,DRIAMS-C,0.014667007,-0.28857067
5518,18554.11,True,0.15159287,False,DRIAMS-A|DRIAMS-B,DRIAMS-C,0.2136886,0.089497134
1685,7055.11,False,0.15157732,False,DRIAMS-A|DRIAMS-B,DRIAMS-C,0.21793191,-0.08522274
1950,7850.11,True,0.1515625,False,DRIAMS-A|DRIAMS-B,DRIAMS-C,0.1105239,0.19260108
4492,15476.11,False,0.15155594,False,DRIAMS-A|DRIAMS-B,DRIAMS-C,0.004047397,-0.2990645
2210,8630.11,True,0.15154657,False,DRIAMS-A|DRIAMS-B,DRIAMS-C,0.04387431,0.25921884
5635,18905.11,True,0.15153912,False,DRIAMS-A|DRIAMS-B,DRIAMS-C,0.16882463,0.13425359
5912,19736.11,True,0.15148365,False,DRIAMS-A|DRIAMS-B,DRIAMS-C,0.14381322,0.15915409
1037,5111.11,True,0.15145318,False,DRIAMS-A|DRIAMS-B,DRIAMS-C,0.27604282,0.026863532
2762,10286.11,True,0.15142955,False,DRIAMS-A|DRIAMS-B,DRIAMS-C,-0.023742398,-0.2791167
2413,9239.11,True,0.15133858,False,DRIAMS-A|DRIAMS-B,DRIAMS-C,0.076887436,0.22578973
2398,9194.11,True,0.15128356,False,DRIAMS-A|DRIAMS-B,DRIAMS-C,-0.1658188,-0.13674831
324,2972.1099999999997,True,0.15128271,False,DRIAMS-A|DRIAMS-B,DRIAMS-C,-0.0013396096,-0.3012258
4668,16004.11,False,0.15117648,False,DRIAMS-A|DRIAMS-B,DRIAMS-C,0.14782123,-0.15453172
5140,17420.11,False,0.1511428,False,DRIAMS-A|DRIAMS-B,DRIAMS-C,0.124600366,-0.17768526
3575,12725.11,False,0.1511378,False,DRIAMS-A|DRIAMS-B,DRIAMS-C,0.082707554,-0.21956806
5063,17189.11,False,0.151124,False,DRIAMS-A|DRIAMS-B,DRIAMS-C,0.20358889,-0.09865912
4887,16661.11,False,0.15111476,False,DRIAMS-A|DRIAMS-B,DRIAMS-C,0.13348942,-0.16874011
3327,11981.11,False,0.15108941,False,DRIAMS-A|DRIAMS-B,DRIAMS-C,0.13606963,-0.1661092
225,2675.1099999999997,True,0.15106057,False,DRIAMS-A|DRIAMS-B,DRIAMS-C,-0.08919096,-0.21293017
2196,8588.11,True,0.15099953,False,DRIAMS-A|DRIAMS-B,DRIAMS-C,0.18868007,0.113318995
1453,6359.11,True,0.15099552,False,DRIAMS-A|DRIAMS-B,DRIAMS-C,-0.005014835,-0.2969762
452,3356.1099999999997,False,0.15096416,False,DRIAMS-A|DRIAMS-B,DRIAMS-C,-0.09012667,0.21180165
5163,17489.11,True,0.15092622,False,DRIAMS-A|DRIAMS-B,DRIAMS-C,0.19017377,0.11167866
5736,19208.11,True,0.15080127,False,DRIAMS-A|DRIAMS-B,DRIAMS-C,0.1372329,0.16436963
5929,19787.11,True,0.15074505,False,DRIAMS-A|DRIAMS-B,DRIAMS-C,0.120475404,0.18101469
5961,19883.11,True,0.15071195,False,DRIAMS-A|DRIAMS-B,DRIAMS-C,0.11714462,0.1842793
2856,10568.11,False,0.15069048,False,DRIAMS-A|DRIAMS-B,DRIAMS-C,0.080152296,-0.22122867
3924,13772.11,False,0.15068959,False,DRIAMS-A|DRIAMS-B,DRIAMS-C,0.21279602,-0.08858315
4620,15860.11,True,0.15065597,False,DRIAMS-A|DRIAMS-B,DRIAMS-C,-0.030477898,-0.27083403
2933,10799.11,False,0.15065505,False,DRIAMS-A|DRIAMS-B,DRIAMS-C,-0.29853192,0.0027781737
1043,5129.11,True,0.15064284,False,DRIAMS-A|DRIAMS-B,DRIAMS-C,-0.013171768,-0.28811392
1096,5288.11,False,0.15059438,False,DRIAMS-A|DRIAMS-B,DRIAMS-C,0.24666952,-0.05451926
2487,9461.11,False,0.15059432,False,DRIAMS-A|DRIAMS-B,DRIAMS-C,0.15826632,-0.14292231
5586,18758.11,False,0.15056573,False,DRIAMS-A|DRIAMS-B,DRIAMS-C,0.20387255,-0.09725891
3889,13667.11,True,0.15055183,False,DRIAMS-A|DRIAMS-B,DRIAMS-C,0.081827834,0.2192758
3450,12350.11,True,0.15053047,False,DRIAMS-A|DRIAMS-B,DRIAMS-C,0.1594435,0.14161745
1549,6647.11,False,0.15048328,False,DRIAMS-A|DRIAMS-B,DRIAMS-C,0.16215077,-0.1388158
2359,9077.11,True,0.15047388,False,DRIAMS-A|DRIAMS-B,DRIAMS-C,0.26488107,0.03606669
959,4877.11,False,0.15043396,False,DRIAMS-A|DRIAMS-B,DRIAMS-C,-0.15650749,0.14436041
5869,19607.11,True,0.15037683,False,DRIAMS-A|DRIAMS-B,DRIAMS-C,0.17240116,0.1283525
2916,10748.11,True,0.1503636,False,DRIAMS-A|DRIAMS-B,DRIAMS-C,0.08042683,0.22030036
4737,16211.11,False,0.15031762,False,DRIAMS-A|DRIAMS-B,DRIAMS-C,0.12073841,-0.17989683
5487,18461.11,False,0.15024689,False,DRIAMS-A|DRIAMS-B,DRIAMS-C,0.16860618,-0.1318876
1543,6629.11,False,0.15021615,False,DRIAMS-A|DRIAMS-B,DRIAMS-C,0.06574671,-0.23468558
2982,10946.11,False,0.15016694,False,DRIAMS-A|DRIAMS-B,DRIAMS-C,0.27806556,-0.022268318
3642,12926.11,False,0.15014479,False,DRIAMS-A|DRIAMS-B,DRIAMS-C,0.11627252,-0.18401705
353,3059.1099999999997,True,0.15012017,False,DRIAMS-A|DRIAMS-B,DRIAMS-C,-0.25847825,-0.041762076
5746,19238.11,True,0.15006913,False,DRIAMS-A|DRIAMS-B,DRIAMS-C,0.16901726,0.13112101
1711,7133.11,False,0.1500676,False,DRIAMS-A|DRIAMS-B,DRIAMS-C,-0.15149061,0.1486446
4470,15410.11,True,0.15005618,False,DRIAMS-A|DRIAMS-B,DRIAMS-C,0.16502064,0.1350917
2558,9674.11,False,0.15003651,False,DRIAMS-A|DRIAMS-B,DRIAMS-C,0.047218997,-0.25285402
3336,12008.11,True,0.1500334,False,DRIAMS-A|DRIAMS-B,DRIAMS-C,0.054705553,0.24536124
4960,16880.11,False,0.14996071,False,DRIAMS-A|DRIAMS-B,DRIAMS-C,0.15080118,-0.14912024
1140,5420.11,False,0.14994308,False,DRIAMS-A|DRIAMS-B,DRIAMS-C,-0.17078936,0.12909682
1054,5162.11,False,0.14990023,False,DRIAMS-A|DRIAMS-B,DRIAMS-C,-0.14338952,0.15641095
4663,15989.11,False,0.1498666,False,DRIAMS-A|DRIAMS-B,DRIAMS-C,0.21396129,-0.085771896
2084,8252.11,True,0.14985257,False,DRIAMS-A|DRIAMS-B,DRIAMS-C,0.20684776,0.092857406
4288,14864.11,False,0.14983976,False,DRIAMS-A|DRIAMS-B,DRIAMS-C,0.13111238,-0.16856715
2870,10610.11,False,0.14982347,False,DRIAMS-A|DRIAMS-B,DRIAMS-C,-0.20124835,0.098398596
5315,17945.11,False,0.14959866,False,DRIAMS-A|DRIAMS-B,DRIAMS-C,0.19585547,-0.10334185
3033,11099.11,True,0.1495967,False,DRIAMS-A|DRIAMS-B,DRIAMS-C,0.24247767,0.05671575
394,3182.1099999999997,False,0.1495795,False,DRIAMS-A|DRIAMS-B,DRIAMS-C,-0.10012704,0.19903193
2102,8306.11,True,0.14956701,False,DRIAMS-A|DRIAMS-B,DRIAMS-C,-0.035219822,-0.2639142
3866,13598.11,False,0.14951894,False,DRIAMS-A|DRIAMS-B,DRIAMS-C,-0.17980494,0.119232945
4256,14768.11,True,0.14948727,False,DRIAMS-A|DRIAMS-B,DRIAMS-C,0.08582183,0.2131527
5636,18908.11,True,0.14947276,False,DRIAMS-A|DRIAMS-B,DRIAMS-C,0.1259046,0.17304091
4962,16886.11,True,0.14945364,False,DRIAMS-A|DRIAMS-B,DRIAMS-C,0.1480924,0.15081486
1705,7115.11,False,0.1494449,False,DRIAMS-A|DRIAMS-B,DRIAMS-C,-0.0030981088,0.2957917
2302,8906.11,True,0.14944392,False,DRIAMS-A|DRIAMS-B,DRIAMS-C,-0.17681302,-0.12207481
2508,9524.11,True,0.14937939,False,DRIAMS-A|DRIAMS-B,DRIAMS-C,0.07921484,0.21954393
541,3623.1099999999997,False,0.14936122,False,DRIAMS-A|DRIAMS-B,DRIAMS-C,-0.18367188,0.115050554
977,4931.11,True,0.14934114,False,DRIAMS-A|DRIAMS-B,DRIAMS-C,0.053633064,0.24504922
5381,18143.11,True,0.14925958,False,DRIAMS-A|DRIAMS-B,DRIAMS-C,0.12921974,0.16929942
3544,12632.11,True,0.14924903,False,DRIAMS-A|DRIAMS-B,DRIAMS-C,-0.032471884,-0.26602617
3129,11387.11,True,0.14914054,False,DRIAMS-A|DRIAMS-B,DRIAMS-C,0.1519795,0.14630157
5772,19316.11,False,0.14913982,False,DRIAMS-A|DRIAMS-B,DRIAMS-C,0.12675011,-0.17152953
1432,6296.11,True,0.14912811,False,DRIAMS-A|DRIAMS-B,DRIAMS-C,0.024067212,0.274189
1833,7499.11,True,0.14912711,False,DRIAMS-A|DRIAMS-B,DRIAMS-C,0.26135045,0.036903765
1036,5108.11,False,0.14909086,False,DRIAMS-A|DRIAMS-B,DRIAMS-C,0.23232381,-0.06585789
5242,17726.11,True,0.14909054,False,DRIAMS-A|DRIAMS-B,DRIAMS-C,0.14427647,0.15390462
5652,18956.11,False,0.1490781,False,DRIAMS-A|DRIAMS-B,DRIAMS-C,0.17174898,-0.12640724
769,4307.11,True,0.14902902,False,DRIAMS-A|DRIAMS-B,DRIAMS-C,-0.115033254,-0.18302478
2904,10712.11,False,0.1490223,False,DRIAMS-A|DRIAMS-B,DRIAMS-C,0.1295124,-0.1685322
479,3437.1099999999997,False,0.14898407,False,DRIAMS-A|DRIAMS-B,DRIAMS-C,-0.07571708,0.22225107
2241,8723.11,False,0.14897537,False,DRIAMS-A|DRIAMS-B,DRIAMS-C,0.17664853,-0.121302225
3498,12494.11,True,0.14891234,False,DRIAMS-A|DRIAMS-B,DRIAMS-C,0.1496505,0.14817417
1839,7517.11,True,0.14889897,False,DRIAMS-A|DRIAMS-B,DRIAMS-C,-0.10082386,-0.19697408
2696,10088.11,False,0.14878441,False,DRIAMS-A|DRIAMS-B,DRIAMS-C,-0.20000258,0.097566254
3930,13790.11,False,0.14878142,False,DRIAMS-A|DRIAMS-B,DRIAMS-C,0.10748621,-0.19007662
1024,5072.11,True,0.14875808,False,DRIAMS-A|DRIAMS-B,DRIAMS-C,0.20884313,0.088673025
5505,18515.11,False,0.14872399,False,DRIAMS-A|DRIAMS-B,DRIAMS-C,0.1429236,-0.1545244
5812,19436.11,True,0.14865996,False,DRIAMS-A|DRIAMS-B,DRIAMS-C,0.0795644,0.21775553
1832,7496.11,True,0.14859582,False,DRIAMS-A|DRIAMS-B,DRIAMS-C,0.22742052,0.06977112
1912,7736.11,False,0.14857858,False,DRIAMS-A|DRIAMS-B,DRIAMS-C,0.08950041,-0.20765677
200,2600.1099999999997,True,0.14855523,False,DRIAMS-A|DRIAMS-B,DRIAMS-C,-0.05087481,-0.24623565
4579,15737.11,False,0.14852986,False,DRIAMS-A|DRIAMS-B,DRIAMS-C,0.022418771,-0.27464095
5644,18932.11,False,0.14852218,False,DRIAMS-A|DRIAMS-B,DRIAMS-C,0.11943645,-0.17760791
5732,19196.11,False,0.14848046,False,DRIAMS-A|DRIAMS-B,DRIAMS-C,0.095693305,-0.20126761
2376,9128.11,True,0.14846824,False,DRIAMS-A|DRIAMS-B,DRIAMS-C,0.0068629547,0.2900735
2145,8435.11,True,0.14843515,False,DRIAMS-A|DRIAMS-B,DRIAMS-C,0.12333518,0.17353511
513,3539.1099999999997,False,0.1483914,False,DRIAMS-A|DRIAMS-B,DRIAMS-C,0.22641583,-0.07036695
1029,5087.11,False,0.14833215,False,DRIAMS-A|DRIAMS-B,DRIAMS-C,0.07663681,-0.22002748
3798,13394.11,True,0.14831875,False,DRIAMS-A|DRIAMS-B,DRIAMS-C,0.11905032,0.17758718
5848,19544.11,False,0.14828861,False,DRIAMS-A|DRIAMS-B,DRIAMS-C,0.115639485,-0.18093772
3413,12239.11,True,0.14827383,False,DRIAMS-A|DRIAMS-B,DRIAMS-C,0.15736745,0.13918018
5643,18929.11,False,0.14825171,False,DRIAMS-A|DRIAMS-B,DRIAMS-C,0.14510319,-0.15140024
5547,18641.11,True,0.14823648,False,DRIAMS-A|DRIAMS-B,DRIAMS-C,0.15290424,0.14356871
5764,19292.11,False,0.14821759,False,DRIAMS-A|DRIAMS-B,DRIAMS-C,0.15371196,-0.14272323
4440,15320.11,False,0.14819236,False,DRIAMS-A|DRIAMS-B,DRIAMS-C,0.14512701,-0.15125771
5571,18713.11,False,0.1481215,False,DRIAMS-A|DRIAMS-B,DRIAMS-C,0.16223833,-0.13400468
3150,11450.11,False,0.1480348,False,DRIAMS-A|DRIAMS-B,DRIAMS-C,-0.12605903,0.17001057
4438,15314.11,False,0.14801183,False,DRIAMS-A|DRIAMS-B,DRIAMS-C,0.1405353,-0.15548839
1071,5213.11,True,0.14797188,False,DRIAMS-A|DRIAMS-B,DRIAMS-C,0.23187494,0.06406882
3652,12956.11,False,0.147938,False,DRIAMS-A|DRIAMS-B,DRIAMS-C,0.12920035,-0.16667564
1660,6980.11,True,0.1477893,False,DRIAMS-A|DRIAMS-B,DRIAMS-C,-0.19232342,-0.10325517
5860,19580.11,True,0.1477342,False,DRIAMS-A|DRIAMS-B,DRIAMS-C,0.15740015,0.13806826
3305,11915.11,False,0.14773344,False,DRIAMS-A|DRIAMS-B,DRIAMS-C,0.20086715,-0.094599724
5266,17798.11,False,0.14768131,False,DRIAMS-A|DRIAMS-B,DRIAMS-C,0.13554151,-0.15982111
2878,10634.11,True,0.14765948,False,DRIAMS-A|DRIAMS-B,DRIAMS-C,0.080288626,0.21503034
2239,8717.11,False,0.14764467,False,DRIAMS-A|DRIAMS-B,DRIAMS-C,0.13715269,-0.15813664
3180,11540.11,False,0.14760964,False,DRIAMS-A|DRIAMS-B,DRIAMS-C,-0.2688208,0.02639847
3582,12746.11,False,0.14758772,False,DRIAMS-A|DRIAMS-B,DRIAMS-C,0.19215745,-0.103017986
1328,5984.11,False,0.14747143,False,DRIAMS-A|DRIAMS-B,DRIAMS-C,0.046720397,-0.24822247
1197,5591.11,False,0.14740601,False,DRIAMS-A|DRIAMS-B,DRIAMS-C,-0.07370548,0.22110653
1834,7502.11,False,0.1473883,False,DRIAMS-A|DRIAMS-B,DRIAMS-C,0.21844725,-0.07632934
4373,15119.11,False,0.14737615,False,DRIAMS-A|DRIAMS-B,DRIAMS-C,-0.13894634,0.15580596
95,2285.1099999999997,True,0.14735502,False,DRIAMS-A|DRIAMS-B,DRIAMS-C,-0.1863226,-0.10838745
5624,18872.11,True,0.14735466,False,DRIAMS-A|DRIAMS-B,DRIAMS-C,0.1775083,0.11720103
4220,14660.11,False,0.14733939,False,DRIAMS-A|DRIAMS-B,DRIAMS-C,0.20172957,-0.09294921
2736,10208.11,False,0.14731641,False,DRIAMS-A|DRIAMS-B,DRIAMS-C,-0.088849835,0.20578298
4716,16148.11,True,0.14730188,False,DRIAMS-A|DRIAMS-B,DRIAMS-C,0.20794299,0.08666079
3436,12308.11,True,0.14728731,False,DRIAMS-A|DRIAMS-B,DRIAMS-C,0.179734,0.114840604
3376,12128.11,True,0.14727035,False,DRIAMS-A|DRIAMS-B,DRIAMS-C,0.17028318,0.12425753
900,4700.11,False,0.14721285,False,DRIAMS-A|DRIAMS-B,DRIAMS-C,-0.0742618,0.2201639
2444,9332.11,False,0.14720687,False,DRIAMS-A|DRIAMS-B,DRIAMS-C,0.13590497,-0.15850879
815,4445.11,True,0.14720547,False,DRIAMS-A|DRIAMS-B,DRIAMS-C,-0.1829653,-0.11144564
5826,19478.11,True,0.14718792,False,DRIAMS-A|DRIAMS-B,DRIAMS-C,0.20319994,0.0911759
5614,18842.11,True,0.14704004,False,DRIAMS-A|DRIAMS-B,DRIAMS-C,0.16138275,0.13269733
1291,5873.11,True,0.14702049,False,DRIAMS-A|DRIAMS-B,DRIAMS-C,-0.054685306,-0.23935568
5057,17171.11,True,0.14701605,False,DRIAMS-A|DRIAMS-B,DRIAMS-C,0.22433567,0.06969643
5513,18539.11,False,0.1469983,False,DRIAMS-A|DRIAMS-B,DRIAMS-C,0.17501478,-0.11898183
299,2897.1099999999997,False,0.1469563,False,DRIAMS-A|DRIAMS-B,DRIAMS-C,-0.045629293,0.24828331
1974,7922.11,True,0.14692949,False,DRIAMS-A|DRIAMS-B,DRIAMS-C,0.07882977,0.21502921
5329,17987.11,True,0.14692855,False,DRIAMS-A|DRIAMS-B,DRIAMS-C,0.1376488,0.15620829
3011,11033.11,True,0.14687707,False,DRIAMS-A|DRIAMS-B,DRIAMS-C,0.07997397,0.21378015
4260,14780.11,True,0.14680542,False,DRIAMS-A|DRIAMS-B,DRIAMS-C,0.08308663,0.21052422
1280,5840.11,True,0.14680243,False,DRIAMS-A|DRIAMS-B,DRIAMS-C,0.23004924,0.06355562
5627,18881.11,False,0.14680076,False,DRIAMS-A|DRIAMS-B,DRIAMS-C,0.20759323,-0.08600828
464,3392.1099999999997,True,0.14679998,False,DRIAMS-A|DRIAMS-B,DRIAMS-C,0.08099619,0.21260378
4908,16724.11,True,0.1467578,False,DRIAMS-A|DRIAMS-B,DRIAMS-C,0.12276969,0.1707459
5915,19745.11,False,0.14674033,False,DRIAMS-A|DRIAMS-B,DRIAMS-C,0.13751881,-0.15596186
5217,17651.11,True,0.1466693,False,DRIAMS-A|DRIAMS-B,DRIAMS-C,0.09390705,0.19943154
988,4964.11,True,0.1465733,False,DRIAMS-A|DRIAMS-B,DRIAMS-C,-0.033915427,-0.25923118
4820,16460.11,True,0.14648259,False,DRIAMS-A|DRIAMS-B,DRIAMS-C,0.06749247,0.22547272
4558,15674.11,False,0.14644684,False,DRIAMS-A|DRIAMS-B,DRIAMS-C,0.268933,-0.023960683
4588,15764.11,True,0.14639968,False,DRIAMS-A|DRIAMS-B,DRIAMS-C,0.23171477,0.061084587
5096,17288.11,False,0.14636913,False,DRIAMS-A|DRIAMS-B,DRIAMS-C,0.13128953,-0.16144872
5680,19040.11,False,0.14635195,False,DRIAMS-A|DRIAMS-B,DRIAMS-C,0.1066915,-0.1860124
3292,11876.11,False,0.14634663,False,DRIAMS-A|DRIAMS-B,DRIAMS-C,0.18337387,-0.10931938
4782,16346.11,True,0.14628491,False,DRIAMS-A|DRIAMS-B,DRIAMS-C,0.07170167,0.22086814
3764,13292.11,False,0.14626691,False,DRIAMS-A|DRIAMS-B,DRIAMS-C,0.12304728,-0.16948654
184,2552.1099999999997,True,0.14626546,False,DRIAMS-A|DRIAMS-B,DRIAMS-C,-0.03597051,-0.25656042
842,4526.11,True,0.14625469,False,DRIAMS-A|DRIAMS-B,DRIAMS-C,0.015144015,0.27736536
5449,18347.11,False,0.14619625,False,DRIAMS-A|DRIAMS-B,DRIAMS-C,0.16062859,-0.13176389
2395,9185.11,True,0.14615563,False,DRIAMS-A|DRIAMS-B,DRIAMS-C,-0.25653753,-0.03577372
2628,9884.11,True,0.14613706,False,DRIAMS-A|DRIAMS-B,DRIAMS-C,-0.11956592,-0.1727082
5481,18443.11,True,0.14607075,False,DRIAMS-A|DRIAMS-B,DRIAMS-C,0.16768484,0.124456644
3576,12728.11,False,0.14606854,False,DRIAMS-A|DRIAMS-B,DRIAMS-C,0.11257692,-0.17956018
4682,16046.11,False,0.14605612,False,DRIAMS-A|DRIAMS-B,DRIAMS-C,0.1394459,-0.15266633
3459,12377.11,False,0.14604986,False,DRIAMS-A|DRIAMS-B,DRIAMS-C,0.12251945,-0.16958027
2094,8282.11,True,0.14602087,False,DRIAMS-A|DRIAMS-B,DRIAMS-C,0.14538217,0.14665958
2819,10457.11,True,0.14601728,False,DRIAMS-A|DRIAMS-B,DRIAMS-C,0.040599946,0.25143462
4181,14543.11,False,0.14591126,False,DRIAMS-A|DRIAMS-B,DRIAMS-C,0.097742684,-0.19407983
940,4820.11,True,0.14590256,False,DRIAMS-A|DRIAMS-B,DRIAMS-C,-0.008645039,-0.2831601
1128,5384.11,False,0.14587767,False,DRIAMS-A|DRIAMS-B,DRIAMS-C,0.20083675,-0.09091861
3032,11096.11,True,0.14586031,False,DRIAMS-A|DRIAMS-B,DRIAMS-C,0.2507716,0.040949013
461,3383.1099999999997,False,0.14584854,False,DRIAMS-A|DRIAMS-B,DRIAMS-C,-0.04895872,0.24273835
5204,17612.11,False,0.14580934,False,DRIAMS-A|DRIAMS-B,DRIAMS-C,0.05853728,-0.2330814
1170,5510.11,False,0.145769,False,DRIAMS-A|DRIAMS-B,DRIAMS-C,-0.26421896,0.027319053
4509,15527.11,False,0.1456768,False,DRIAMS-A|DRIAMS-B,DRIAMS-C,0.17787056,-0.11348305
2913,10739.11,True,0.14564648,False,DRIAMS-A|DRIAMS-B,DRIAMS-C,0.13221602,0.15907694
2046,8138.11,False,0.14557059,False,DRIAMS-A|DRIAMS-B,DRIAMS-C,-0.04304598,0.2480952
3626,12878.11,False,0.14546975,False,DRIAMS-A|DRIAMS-B,DRIAMS-C,0.12639005,-0.16454946
5763,19289.11,True,0.1454498,False,DRIAMS-A|DRIAMS-B,DRIAMS-C,0.12942573,0.16147387
2033,8099.11,True,0.14543381,False,DRIAMS-A|DRIAMS-B,DRIAMS-C,-0.24407269,-0.04679495
4329,14987.11,False,0.14542979,False,DRIAMS-A|DRIAMS-B,DRIAMS-C,0.27056167,-0.020297922
859,4577.11,True,0.14541706,False,DRIAMS-A|DRIAMS-B,DRIAMS-C,-0.2197519,-0.07108224
3055,11165.11,False,0.14541063,False,DRIAMS-A|DRIAMS-B,DRIAMS-C,0.107565954,-0.1832553
5527,18581.11,False,0.14540146,False,DRIAMS-A|DRIAMS-B,DRIAMS-C,0.11636511,-0.17443782
5405,18215.11,False,0.1453698,False,DRIAMS-A|DRIAMS-B,DRIAMS-C,0.15146434,-0.13927527
4893,16679.11,True,0.14535916,False,DRIAMS-A|DRIAMS-B,DRIAMS-C,0.17200874,0.11870959
5345,18035.11,True,0.14535403,False,DRIAMS-A|DRIAMS-B,DRIAMS-C,0.12343477,0.16727331
4232,14696.11,False,0.14532249,False,DRIAMS-A|DRIAMS-B,DRIAMS-C,0.09196926,-0.1986757
1440,6320.11,True,0.14532217,False,DRIAMS-A|DRIAMS-B,DRIAMS-C,-0.06933084,-0.22131352
1854,7562.11,False,0.14528821,False,DRIAMS-A|DRIAMS-B,DRIAMS-C,-0.0055297865,0.28504664
5293,17879.11,False,0.1452167,False,DRIAMS-A|DRIAMS-B,DRIAMS-C,0.15896408,-0.13146932
50,2150.1099999999997,False,0.14506336,False,DRIAMS-A|DRIAMS-B,DRIAMS-C,-0.28882647,0.001300246
2811,10433.11,False,0.1450373,False,DRIAMS-A|DRIAMS-B,DRIAMS-C,0.074157715,-0.21591687
3533,12599.11,False,0.14502569,False,DRIAMS-A|DRIAMS-B,DRIAMS-C,-0.016366905,0.27368447
10,2030.11,True,0.14502354,False,DRIAMS-A|DRIAMS-B,DRIAMS-C,-0.22956142,-0.06048565
5042,17126.11,False,0.14498106,False,DRIAMS-A|DRIAMS-B,DRIAMS-C,0.18383428,-0.106127836
535,3605.1099999999997,True,0.14493312,False,DRIAMS-A|DRIAMS-B,DRIAMS-C,0.02617663,0.2636896
1790,7370.11,True,0.14492565,False,DRIAMS-A|DRIAMS-B,DRIAMS-C,0.19532895,0.094522364
3589,12767.11,True,0.14489609,False,DRIAMS-A|DRIAMS-B,DRIAMS-C,0.14108326,0.14870894
3744,13232.11,True,0.14482532,False,DRIAMS-A|DRIAMS-B,DRIAMS-C,0.11163726,0.1780134
1475,6425.11,True,0.14478031,False,DRIAMS-A|DRIAMS-B,DRIAMS-C,-0.2828174,-0.006743222
5426,18278.11,False,0.14477855,False,DRIAMS-A|DRIAMS-B,DRIAMS-C,0.12059828,-0.16895883
4826,16478.11,True,0.14468303,False,DRIAMS-A|DRIAMS-B,DRIAMS-C,0.1304245,0.15894157
1171,5513.11,False,0.14468183,False,DRIAMS-A|DRIAMS-B,DRIAMS-C,-0.15314876,0.1362149
2503,9509.11,True,0.14466149,False,DRIAMS-A|DRIAMS-B,DRIAMS-C,0.09215464,0.19716835
3411,12233.11,False,0.1445799,False,DRIAMS-A|DRIAMS-B,DRIAMS-C,0.18411961,-0.1050402
1126,5378.11,True,0.14456868,False,DRIAMS-A|DRIAMS-B,DRIAMS-C,0.12872514,0.1604122
1600,6800.11,True,0.14451893,False,DRIAMS-A|DRIAMS-B,DRIAMS-C,-0.22118363,-0.06785422
4046,14138.11,True,0.14443892,False,DRIAMS-A|DRIAMS-B,DRIAMS-C,0.16692054,0.12195731
3472,12416.11,True,0.14438277,False,DRIAMS-A|DRIAMS-B,DRIAMS-C,0.15322508,0.13554047
3248,11744.11,False,0.14431706,False,DRIAMS-A|DRIAMS-B,DRIAMS-C,0.12450436,-0.16412975
5014,17042.11,True,0.14425987,False,DRIAMS-A|DRIAMS-B,DRIAMS-C,0.20689975,0.08161999
990,4970.11,False,0.14423643,False,DRIAMS-A|DRIAMS-B,DRIAMS-C,0.059912156,-0.22856072
3806,13418.11,False,0.14422388,False,DRIAMS-A|DRIAMS-B,DRIAMS-C,0.15582182,-0.13262595
697,4091.1099999999997,False,0.14417392,False,DRIAMS-A|DRIAMS-B,DRIAMS-C,-0.09633255,0.19201529
4490,15470.11,True,0.14417227,False,DRIAMS-A|DRIAMS-B,DRIAMS-C,-0.05521523,-0.2331293
5703,19109.11,False,0.14415628,False,DRIAMS-A|DRIAMS-B,DRIAMS-C,0.15892072,-0.12939185
867,4601.11,False,0.14411148,False,DRIAMS-A|DRIAMS-B,DRIAMS-C,-0.234104,0.054118983
2559,9677.11,False,0.14409271,False,DRIAMS-A|DRIAMS-B,DRIAMS-C,0.09835638,-0.18982905
3994,13982.11,True,0.14409153,False,DRIAMS-A|DRIAMS-B,DRIAMS-C,0.13838734,0.14979573
2711,10133.11,False,0.14407435,False,DRIAMS-A|DRIAMS-B,DRIAMS-C,-0.11595069,0.17219803
4223,14669.11,True,0.14399877,False,DRIAMS-A|DRIAMS-B,DRIAMS-C,0.15889551,0.12910204
2915,10745.11,True,0.14394674,False,DRIAMS-A|DRIAMS-B,DRIAMS-C,0.06701055,0.22088292
2114,8342.11,False,0.14393702,False,DRIAMS-A|DRIAMS-B,DRIAMS-C,0.23072058,-0.05715348
4625,15875.11,True,0.1439325,False,DRIAMS-A|DRIAMS-B,DRIAMS-C,-0.031946253,-0.25591877
2131,8393.11,True,0.14391851,False,DRIAMS-A|DRIAMS-B,DRIAMS-C,0.11292808,0.17490897
5491,18473.11,False,0.14388523,False,DRIAMS-A|DRIAMS-B,DRIAMS-C,0.13445324,-0.1533172
156,2468.1099999999997,False,0.143877,False,DRIAMS-A|DRIAMS-B,DRIAMS-C,0.03151753,-0.25623646
5445,18335.11,True,0.14383247,False,DRIAMS-A|DRIAMS-B,DRIAMS-C,0.18798353,0.099681415
5029,17087.11,False,0.14379711,False,DRIAMS-A|DRIAMS-B,DRIAMS-C,0.12376668,-0.16382755
3445,12335.11,False,0.14376943,False,DRIAMS-A|DRIAMS-B,DRIAMS-C,0.04182234,-0.24571653
3393,12179.11,False,0.14372513,False,DRIAMS-A|DRIAMS-B,DRIAMS-C,0.14448832,-0.14296192
1221,5663.11,True,0.14367597,False,DRIAMS-A|DRIAMS-B,DRIAMS-C,0.026071249,0.2612807
5740,19220.11,True,0.14366092,False,DRIAMS-A|DRIAMS-B,DRIAMS-C,0.10037493,0.1869469
4730,16190.11,False,0.14365357,False,DRIAMS-A|DRIAMS-B,DRIAMS-C,0.1431573,-0.14414985
5712,19136.11,True,0.14364815,False,DRIAMS-A|DRIAMS-B,DRIAMS-C,0.17465918,0.11263712
2513,9539.11,False,0.14361462,False,DRIAMS-A|DRIAMS-B,DRIAMS-C,0.10215959,-0.18506965
1539,6617.11,False,0.1435216,False,DRIAMS-A|DRIAMS-B,DRIAMS-C,-0.19152433,0.095518894
3308,11924.11,False,0.14349863,False,DRIAMS-A|DRIAMS-B,DRIAMS-C,0.15403292,-0.13296434
1127,5381.11,True,0.14349794,False,DRIAMS-A|DRIAMS-B,DRIAMS-C,0.17927027,0.107725635
2627,9881.11,True,0.14339489,False,DRIAMS-A|DRIAMS-B,DRIAMS-C,-0.1146073,-0.17218247
2756,10268.11,False,0.14337,False,DRIAMS-A|DRIAMS-B,DRIAMS-C,0.15906626,-0.12767375
813,4439.11,False,0.14336737,False,DRIAMS-A|DRIAMS-B,DRIAMS-C,-0.031940315,0.25479442
972,4916.11,True,0.14335483,False,DRIAMS-A|DRIAMS-B,DRIAMS-C,0.17535117,0.11135849
5862,19586.11,True,0.14334422,False,DRIAMS-A|DRIAMS-B,DRIAMS-C,0.15167388,0.13501455
640,3920.1099999999997,True,0.14333549,False,DRIAMS-A|DRIAMS-B,DRIAMS-C,-0.012469002,-0.274202
5546,18638.11,True,0.14328404,False,DRIAMS-A|DRIAMS-B,DRIAMS-C,0.22839537,0.058172703
3879,13637.11,False,0.1432745,False,DRIAMS-A|DRIAMS-B,DRIAMS-C,0.115089126,-0.17145988
2509,9527.11,True,0.14326158,False,DRIAMS-A|DRIAMS-B,DRIAMS-C,0.078180745,0.2083424
5235,17705.11,True,0.14325112,False,DRIAMS-A|DRIAMS-B,DRIAMS-C,0.18069166,0.105810575
4877,16631.11,False,0.14324103,False,DRIAMS-A|DRIAMS-B,DRIAMS-C,0.0978836,-0.18859847
5304,17912.11,False,0.14321655,False,DRIAMS-A|DRIAMS-B,DRIAMS-C,0.11085836,-0.17557475
5075,17225.11,False,0.14318089,False,DRIAMS-A|DRIAMS-B,DRIAMS-C,0.1851064,-0.101255395
1505,6515.11,False,0.14315206,False,DRIAMS-A|DRIAMS-B,DRIAMS-C,0.17322546,-0.11307865
5885,19655.11,False,0.14314058,False,DRIAMS-A|DRIAMS-B,DRIAMS-C,0.15391268,-0.13236848
863,4589.11,False,0.14312376,False,DRIAMS-A|DRIAMS-B,DRIAMS-C,-0.19564584,0.090601675
2751,10253.11,True,0.14311084,False,DRIAMS-A|DRIAMS-B,DRIAMS-C,0.15787303,0.12834865
4370,15110.11,False,0.14308427,False,DRIAMS-A|DRIAMS-B,DRIAMS-C,-0.073226824,0.21294172
4105,14315.11,True,0.14305577,False,DRIAMS-A|DRIAMS-B,DRIAMS-C,0.09755628,0.18855524
5987,19961.11,False,0.14304206,False,DRIAMS-A|DRIAMS-B,DRIAMS-C,0.12624271,-0.15984139
2708,10124.11,True,0.14301822,False,DRIAMS-A|DRIAMS-B,DRIAMS-C,-0.198824,-0.08721243
411,3233.1099999999997,True,0.14298373,False,DRIAMS-A|DRIAMS-B,DRIAMS-C,0.019202564,0.2667649
1920,7760.11,True,0.14296728,False,DRIAMS-A|DRIAMS-B,DRIAMS-C,-0.054257315,-0.23167726
5231,17693.11,False,0.14288117,False,DRIAMS-A|DRIAMS-B,DRIAMS-C,0.07602357,-0.20973876
1630,6890.11,True,0.14278859,False,DRIAMS-A|DRIAMS-B,DRIAMS-C,0.21567218,0.069905005
3747,13241.11,False,0.1427488,False,DRIAMS-A|DRIAMS-B,DRIAMS-C,0.16603716,-0.11946046
5378,18134.11,False,0.14269665,False,DRIAMS-A|DRIAMS-B,DRIAMS-C,0.14081204,-0.14458126
297,2891.1099999999997,True,0.14266367,False,DRIAMS-A|DRIAMS-B,DRIAMS-C,0.2704351,0.014892252
4250,14750.11,True,0.1426322,False,DRIAMS-A|DRIAMS-B,DRIAMS-C,0.20788765,0.07737676
1331,5993.11,False,0.1426302,False,DRIAMS-A|DRIAMS-B,DRIAMS-C,0.050585143,-0.23467526
3360,12080.11,False,0.14261688,False,DRIAMS-A|DRIAMS-B,DRIAMS-C,0.0750412,-0.21019256
2835,10505.11,False,0.1426106,False,DRIAMS-A|DRIAMS-B,DRIAMS-C,-0.21468292,0.07053826
5292,17876.11,True,0.1426084,False,DRIAMS-A|DRIAMS-B,DRIAMS-C,0.120870925,0.16434589
4501,15503.11,False,0.14259404,False,DRIAMS-A|DRIAMS-B,DRIAMS-C,0.13396087,-0.1512272
1177,5531.11,False,0.14256415,False,DRIAMS-A|DRIAMS-B,DRIAMS-C,0.17195007,-0.11317822
3921,13763.11,False,0.14253098,False,DRIAMS-A|DRIAMS-B,DRIAMS-C,0.13978703,-0.1452749
3245,11735.11,False,0.1425295,False,DRIAMS-A|DRIAMS-B,DRIAMS-C,0.14384192,-0.14121708
5271,17813.11,True,0.14252116,False,DRIAMS-A|DRIAMS-B,DRIAMS-C,0.11538976,0.16965255
4033,14099.11,False,0.1425029,False,DRIAMS-A|DRIAMS-B,DRIAMS-C,0.14901452,-0.1359913
1081,5243.11,False,0.1424908,False,DRIAMS-A|DRIAMS-B,DRIAMS-C,-0.28159776,0.0033838307
5658,18974.11,False,0.14246374,False,DRIAMS-A|DRIAMS-B,DRIAMS-C,0.10795159,-0.1769759
5503,18509.11,False,0.14239812,False,DRIAMS-A|DRIAMS-B,DRIAMS-C,0.15213692,-0.13265933
4821,16463.11,True,0.14234035,False,DRIAMS-A|DRIAMS-B,DRIAMS-C,0.054791003,0.22988969
5914,19742.11,False,0.14233062,False,DRIAMS-A|DRIAMS-B,DRIAMS-C,0.10127167,-0.18338957
4212,14636.11,False,0.14230633,False,DRIAMS-A|DRIAMS-B,DRIAMS-C,0.18028064,-0.10433202
1518,6554.11,True,0.14229801,False,DRIAMS-A|DRIAMS-B,DRIAMS-C,-0.17056799,-0.11402804
1526,6578.11,True,0.14228477,False,DRIAMS-A|DRIAMS-B,DRIAMS-C,-0.043717537,-0.240852
892,4676.11,False,0.14224744,False,DRIAMS-A|DRIAMS-B,DRIAMS-C,0.022119742,-0.26237515
5521,18563.11,False,0.14224511,False,DRIAMS-A|DRIAMS-B,DRIAMS-C,0.20949781,-0.0749924
3210,11630.11,True,0.14222692,False,DRIAMS-A|DRIAMS-B,DRIAMS-C,0.05676342,0.22769041
4697,16091.11,True,0.14221023,False,DRIAMS-A|DRIAMS-B,DRIAMS-C,-0.007291758,-0.2771287
5908,19724.11,False,0.14206979,False,DRIAMS-A|DRIAMS-B,DRIAMS-C,0.17471573,-0.109423846
5312,17936.11,False,0.14205578,False,DRIAMS-A|DRIAMS-B,DRIAMS-C,0.15590872,-0.12820284
717,4151.11,True,0.14201929,False,DRIAMS-A|DRIAMS-B,DRIAMS-C,-0.01547625,-0.26856232
897,4691.11,True,0.14201242,False,DRIAMS-A|DRIAMS-B,DRIAMS-C,0.22874556,0.05527927
4651,15953.11,True,0.14199571,False,DRIAMS-A|DRIAMS-B,DRIAMS-C,0.2312779,0.05271354
5753,19259.11,False,0.14194015,False,DRIAMS-A|DRIAMS-B,DRIAMS-C,0.11530398,-0.16857633
3771,13313.11,True,0.1419212,False,DRIAMS-A|DRIAMS-B,DRIAMS-C,0.1621068,0.12173562
4334,15002.11,False,0.14186674,False,DRIAMS-A|DRIAMS-B,DRIAMS-C,0.20588635,-0.07784714
2011,8033.11,False,0.1418643,False,DRIAMS-A|DRIAMS-B,DRIAMS-C,0.016184412,-0.26754418
492,3476.1099999999997,False,0.14185727,False,DRIAMS-A|DRIAMS-B,DRIAMS-C,-0.053535238,0.2301793
1692,7076.11,True,0.14177738,False,DRIAMS-A|DRIAMS-B,DRIAMS-C,0.25908953,0.024465233
5757,19271.11,False,0.14169872,False,DRIAMS-A|DRIAMS-B,DRIAMS-C,0.12968834,-0.1537091
4247,14741.11,False,0.14166111,False,DRIAMS-A|DRIAMS-B,DRIAMS-C,0.20147225,-0.08184998
2187,8561.11,False,0.14158851,False,DRIAMS-A|DRIAMS-B,DRIAMS-C,0.010338302,-0.2728387
431,3293.1099999999997,False,0.14158425,False,DRIAMS-A|DRIAMS-B,DRIAMS-C,0.031046422,-0.25212207
3003,11009.11,True,0.14156637,False,DRIAMS-A|DRIAMS-B,DRIAMS-C,0.18355054,0.09958218
1970,7910.11,True,0.14143263,False,DRIAMS-A|DRIAMS-B,DRIAMS-C,0.16013846,0.1227268
4718,16154.11,True,0.1414234,False,DRIAMS-A|DRIAMS-B,DRIAMS-C,0.202871,0.07997581
5127,17381.11,True,0.14140686,False,DRIAMS-A|DRIAMS-B,DRIAMS-C,0.13041027,0.15240347
2864,10592.11,False,0.14131233,False,DRIAMS-A|DRIAMS-B,DRIAMS-C,-0.040101454,0.2425232
1583,6749.11,True,0.1412874,False,DRIAMS-A|DRIAMS-B,DRIAMS-C,-0.0043502315,-0.27822456
450,3350.1099999999997,False,0.14120904,False,DRIAMS-A|DRIAMS-B,DRIAMS-C,-0.09689525,0.18552282
5945,19835.11,False,0.14120695,False,DRIAMS-A|DRIAMS-B,DRIAMS-C,0.21143095,-0.07098295
763,4289.11,False,0.14117165,False,DRIAMS-A|DRIAMS-B,DRIAMS-C,0.029662285,-0.25268102
4263,14789.11,True,0.14116174,False,DRIAMS-A|DRIAMS-B,DRIAMS-C,0.13916586,0.14315763
5318,17954.11,True,0.14115496,False,DRIAMS-A|DRIAMS-B,DRIAMS-C,0.12895401,0.15335591
5516,18548.11,False,0.14112845,False,DRIAMS-A|DRIAMS-B,DRIAMS-C,0.19989511,-0.08236179
154,2462.1099999999997,False,0.14104423,False,DRIAMS-A|DRIAMS-B,DRIAMS-C,0.14937526,-0.13271318
2212,8636.11,False,0.14103833,False,DRIAMS-A|DRIAMS-B,DRIAMS-C,-0.06111969,0.22095698
2854,10562.11,True,0.14103466,False,DRIAMS-A|DRIAMS-B,DRIAMS-C,0.22491717,0.05715214
5719,19157.11,False,0.14099373,False,DRIAMS-A|DRIAMS-B,DRIAMS-C,0.15953435,-0.1224531
3783,13349.11,False,0.14089619,False,DRIAMS-A|DRIAMS-B,DRIAMS-C,0.15804754,-0.12374483
1402,6206.11,False,0.1408113,False,DRIAMS-A|DRIAMS-B,DRIAMS-C,0.117213555,-0.16440904
4375,15125.11,False,0.14072512,False,DRIAMS-A|DRIAMS-B,DRIAMS-C,-0.15567167,0.12577857
228,2684.1099999999997,True,0.14069563,False,DRIAMS-A|DRIAMS-B,DRIAMS-C,-0.08324051,-0.19815074
5949,19847.11,False,0.14069203,False,DRIAMS-A|DRIAMS-B,DRIAMS-C,0.18857369,-0.092810355
911,4733.11,False,0.14068244,False,DRIAMS-A|DRIAMS-B,DRIAMS-C,0.24714246,-0.03422242
3212,11636.11,True,0.14067863,False,DRIAMS-A|DRIAMS-B,DRIAMS-C,0.086453505,0.19490376
5021,17063.11,False,0.1406036,False,DRIAMS-A|DRIAMS-B,DRIAMS-C,0.19656368,-0.08464354
3494,12482.11,False,0.14060104,False,DRIAMS-A|DRIAMS-B,DRIAMS-C,0.11099069,-0.17021139
4483,15449.11,False,0.14059958,False,DRIAMS-A|DRIAMS-B,DRIAMS-C,0.019374425,-0.26182473
693,4079.1099999999997,False,0.14056623,False,DRIAMS-A|DRIAMS-B,DRIAMS-C,-0.23479643,0.046336032
4654,15962.11,False,0.14050578,False,DRIAMS-A|DRIAMS-B,DRIAMS-C,0.16502476,-0.11598679
1207,5621.11,False,0.14048761,False,DRIAMS-A|DRIAMS-B,DRIAMS-C,-0.06131385,0.21966137
5678,19034.11,False,0.14045349,False,DRIAMS-A|DRIAMS-B,DRIAMS-C,0.12415801,-0.15674898
5686,19058.11,True,0.14044727,False,DRIAMS-A|DRIAMS-B,DRIAMS-C,0.14478455,0.13611
1347,6041.11,True,0.14039364,False,DRIAMS-A|DRIAMS-B,DRIAMS-C,0.14442414,0.13636313
5053,17159.11,True,0.14034891,False,DRIAMS-A|DRIAMS-B,DRIAMS-C,0.18062414,0.10007368
2178,8534.11,False,0.14032081,False,DRIAMS-A|DRIAMS-B,DRIAMS-C,0.15419404,-0.12644756
5466,18398.11,False,0.14016654,False,DRIAMS-A|DRIAMS-B,DRIAMS-C,0.13416366,-0.14616941
1614,6842.11,True,0.14013022,False,DRIAMS-A|DRIAMS-B,DRIAMS-C,0.0036988056,0.27656165
3186,11558.11,True,0.14011681,False,DRIAMS-A|DRIAMS-B,DRIAMS-C,-0.19751525,-0.08271839
4862,16586.11,False,0.14010465,False,DRIAMS-A|DRIAMS-B,DRIAMS-C,0.15159127,-0.12861802
4262,14786.11,True,0.13992283,False,DRIAMS-A|DRIAMS-B,DRIAMS-C,0.13588545,0.1439602
5394,18182.11,False,0.1399016,False,DRIAMS-A|DRIAMS-B,DRIAMS-C,0.11376437,-0.16603883
5557,18671.11,False,0.13988887,False,DRIAMS-A|DRIAMS-B,DRIAMS-C,0.17485933,-0.1049184
4257,14771.11,True,0.13987553,False,DRIAMS-A|DRIAMS-B,DRIAMS-C,0.14569412,0.13405693
4971,16913.11,True,0.13965298,False,DRIAMS-A|DRIAMS-B,DRIAMS-C,0.15464018,0.124665774
3467,12401.11,False,0.13961773,False,DRIAMS-A|DRIAMS-B,DRIAMS-C,0.044026725,-0.23520873
2705,10115.11,True,0.13958251,False,DRIAMS-A|DRIAMS-B,DRIAMS-C,-0.2640447,-0.015120328
5122,17366.11,False,0.13957544,False,DRIAMS-A|DRIAMS-B,DRIAMS-C,0.15717357,-0.12197731
234,2702.1099999999997,False,0.13956317,False,DRIAMS-A|DRIAMS-B,DRIAMS-C,-0.213332,0.065794356
5566,18698.11,True,0.1395165,False,DRIAMS-A|DRIAMS-B,DRIAMS-C,0.14354452,0.13548847
4892,16676.11,False,0.13951056,False,DRIAMS-A|DRIAMS-B,DRIAMS-C,0.17048524,-0.10853588
835,4505.11,False,0.13948804,False,DRIAMS-A|DRIAMS-B,DRIAMS-C,-0.19356917,0.08540693
4819,16457.11,True,0.13942567,False,DRIAMS-A|DRIAMS-B,DRIAMS-C,0.065507665,0.21334367
5173,17519.11,False,0.13939254,False,DRIAMS-A|DRIAMS-B,DRIAMS-C,0.112674005,-0.16611108
5373,18119.11,False,0.13928638,False,DRIAMS-A|DRIAMS-B,DRIAMS-C,0.111606754,-0.166966
2321,8963.11,False,0.13928454,False,DRIAMS-A|DRIAMS-B,DRIAMS-C,0.07383358,-0.2047355
5150,17450.11,True,0.13925427,False,DRIAMS-A|DRIAMS-B,DRIAMS-C,0.17012025,0.1083883
4888,16664.11,False,0.13924101,False,DRIAMS-A|DRIAMS-B,DRIAMS-C,0.1040032,-0.17447881
5773,19319.11,False,0.13921484,False,DRIAMS-A|DRIAMS-B,DRIAMS-C,0.14497316,-0.13345654
4307,14921.11,True,0.13918865,False,DRIAMS-A|DRIAMS-B,DRIAMS-C,0.17972824,0.09864907
2462,9386.11,False,0.13917051,False,DRIAMS-A|DRIAMS-B,DRIAMS-C,0.06832711,-0.21001393
3993,13979.11,False,0.13914806,False,DRIAMS-A|DRIAMS-B,DRIAMS-C,0.1405746,-0.13772152
332,2996.1099999999997,True,0.13914531,False,DRIAMS-A|DRIAMS-B,DRIAMS-C,0.15040419,0.12788646
985,4955.11,False,0.13913797,False,DRIAMS-A|DRIAMS-B,DRIAMS-C,-0.14274502,0.13553092
3104,11312.11,False,0.13908075,False,DRIAMS-A|DRIAMS-B,DRIAMS-C,0.27059674,-0.0075647514
784,4352.11,True,0.13905679,False,DRIAMS-A|DRIAMS-B,DRIAMS-C,0.035740618,0.24237294
2438,9314.11,True,0.13904044,False,DRIAMS-A|DRIAMS-B,DRIAMS-C,0.12873624,0.14934462
3563,12689.11,True,0.13897502,False,DRIAMS-A|DRIAMS-B,DRIAMS-C,0.06747479,0.21047527
1960,7880.11,True,0.13895537,False,DRIAMS-A|DRIAMS-B,DRIAMS-C,0.03123673,0.246674
3095,11285.11,True,0.13890304,False,DRIAMS-A|DRIAMS-B,DRIAMS-C,0.104811564,0.17299451
2653,9959.11,True,0.13888776,False,DRIAMS-A|DRIAMS-B,DRIAMS-C,0.18916088,0.08861466
5,2015.11,True,0.13885637,False,DRIAMS-A|DRIAMS-B,DRIAMS-C,-0.17583603,-0.10187671
5997,19991.11,False,0.13884111,False,DRIAMS-A|DRIAMS-B,DRIAMS-C,0.13157813,-0.14610408
5745,19235.11,True,0.13878036,False,DRIAMS-A|DRIAMS-B,DRIAMS-C,0.14367457,0.13388614
4781,16343.11,True,0.13867699,False,DRIAMS-A|DRIAMS-B,DRIAMS-C,0.10809592,0.16925806
4388,15164.11,False,0.13865131,False,DRIAMS-A|DRIAMS-B,DRIAMS-C,-0.23225172,0.04505091
3976,13928.11,False,0.13851956,False,DRIAMS-A|DRIAMS-B,DRIAMS-C,0.20688464,-0.07015447
5975,19925.11,True,0.13850328,False,DRIAMS-A|DRIAMS-B,DRIAMS-C,0.11469913,0.16230744
1133,5399.11,False,0.13850224,False,DRIAMS-A|DRIAMS-B,DRIAMS-C,-0.23023435,0.046770114
5433,18299.11,False,0.1384882,False,DRIAMS-A|DRIAMS-B,DRIAMS-C,0.1608537,-0.11612271
1504,6512.11,False,0.13842921,False,DRIAMS-A|DRIAMS-B,DRIAMS-C,0.15058333,-0.12627509
3259,11777.11,True,0.13829646,False,DRIAMS-A|DRIAMS-B,DRIAMS-C,0.15173344,0.12485946
4993,16979.11,False,0.1382522,False,DRIAMS-A|DRIAMS-B,DRIAMS-C,0.1558245,-0.120679885
5129,17387.11,False,0.13823259,False,DRIAMS-A|DRIAMS-B,DRIAMS-C,0.091254726,-0.18521047
98,2294.1099999999997,True,0.13821751,False,DRIAMS-A|DRIAMS-B,DRIAMS-C,-0.031816274,-0.24461873
3653,12959.11,False,0.13818225,False,DRIAMS-A|DRIAMS-B,DRIAMS-C,0.15819637,-0.11816814
4464,15392.11,False,0.1381295,False,DRIAMS-A|DRIAMS-B,DRIAMS-C,0.17782578,-0.098433234
3680,13040.11,False,0.13795096,False,DRIAMS-A|DRIAMS-B,DRIAMS-C,0.13844062,-0.1374613
2428,9284.11,True,0.13795073,False,DRIAMS-A|DRIAMS-B,DRIAMS-C,-0.057486456,-0.21841502
4756,16268.11,True,0.13776508,False,DRIAMS-A|DRIAMS-B,DRIAMS-C,0.10540563,0.17012453
4436,15308.11,False,0.13773921,False,DRIAMS-A|DRIAMS-B,DRIAMS-C,0.13377854,-0.1416999
1801,7403.11,False,0.13770063,False,DRIAMS-A|DRIAMS-B,DRIAMS-C,-0.157037,0.11836427
5179,17537.11,False,0.13769183,False,DRIAMS-A|DRIAMS-B,DRIAMS-C,0.15682028,-0.11856337
3674,13022.11,True,0.13767128,False,DRIAMS-A|DRIAMS-B,DRIAMS-C,0.26490057,0.010441988
221,2663.1099999999997,True,0.1376285,False,DRIAMS-A|DRIAMS-B,DRIAMS-C,0.052625027,0.22263198
5360,18080.11,False,0.13762799,False,DRIAMS-A|DRIAMS-B,DRIAMS-C,0.17128573,-0.10397023
4171,14513.11,False,0.13762332,False,DRIAMS-A|DRIAMS-B,DRIAMS-C,-0.055240367,0.22000627
2882,10646.11,False,0.13756827,False,DRIAMS-A|DRIAMS-B,DRIAMS-C,0.10911478,-0.16602175
4214,14642.11,True,0.13750324,False,DRIAMS-A|DRIAMS-B,DRIAMS-C,0.089324705,0.18568176
564,3692.1099999999997,False,0.1374965,False,DRIAMS-A|DRIAMS-B,DRIAMS-C,0.08248593,-0.19250709
4336,15008.11,False,0.13744864,False,DRIAMS-A|DRIAMS-B,DRIAMS-C,0.14246786,-0.13242942
2999,10997.11,True,0.13744596,False,DRIAMS-A|DRIAMS-B,DRIAMS-C,0.07012493,0.20476697
4143,14429.11,True,0.13735116,False,DRIAMS-A|DRIAMS-B,DRIAMS-C,0.08286725,0.19183508
4709,16127.11,True,0.13734826,False,DRIAMS-A|DRIAMS-B,DRIAMS-C,0.1559296,0.11876695
4894,16682.11,False,0.13733435,False,DRIAMS-A|DRIAMS-B,DRIAMS-C,0.16190301,-0.11276569
4253,14759.11,True,0.13722557,False,DRIAMS-A|DRIAMS-B,DRIAMS-C,0.13578072,0.13867043
4052,14156.11,False,0.13719153,False,DRIAMS-A|DRIAMS-B,DRIAMS-C,0.18225648,-0.0921266
501,3503.1099999999997,True,0.13718206,False,DRIAMS-A|DRIAMS-B,DRIAMS-C,-0.03620633,-0.23815778
358,3074.1099999999997,False,0.13717006,False,DRIAMS-A|DRIAMS-B,DRIAMS-C,0.019431958,-0.25490817
2322,8966.11,False,0.13714501,False,DRIAMS-A|DRIAMS-B,DRIAMS-C,0.10106702,-0.17322299
2691,10073.11,True,0.1371085,False,DRIAMS-A|DRIAMS-B,DRIAMS-C,-0.21973985,-0.05447714
207,2621.1099999999997,True,0.13705385,False,DRIAMS-A|DRIAMS-B,DRIAMS-C,-0.106362715,-0.167745
5162,17486.11,True,0.13704988,False,DRIAMS-A|DRIAMS-B,DRIAMS-C,0.2628498,0.011249965
754,4262.11,True,0.13703816,False,DRIAMS-A|DRIAMS-B,DRIAMS-C,0.12416387,0.14991245
2088,8264.11,True,0.13697244,False,DRIAMS-A|DRIAMS-B,DRIAMS-C,0.009965404,0.2639795
1452,6356.11,False,0.13694198,False,DRIAMS-A|DRIAMS-B,DRIAMS-C,0.054378517,-0.21950546
4035,14105.11,True,0.13690923,False,DRIAMS-A|DRIAMS-B,DRIAMS-C,0.121963836,0.15185462
4321,14963.11,True,0.13687687,False,DRIAMS-A|DRIAMS-B,DRIAMS-C,0.16180263,0.1119511
2585,9755.11,True,0.13687211,False,DRIAMS-A|DRIAMS-B,DRIAMS-C,-0.0847319,-0.18901232
5385,18155.11,True,0.13684124,False,DRIAMS-A|DRIAMS-B,DRIAMS-C,0.18157104,0.09211143
5030,17090.11,False,0.13680463,False,DRIAMS-A|DRIAMS-B,DRIAMS-C,0.0783317,-0.19527754
3204,11612.11,True,0.1367901,False,DRIAMS-A|DRIAMS-B,DRIAMS-C,0.071704894,0.2018753
5941,19823.11,True,0.13678224,False,DRIAMS-A|DRIAMS-B,DRIAMS-C,0.08302507,0.19053942
43,2129.1099999999997,True,0.13677368,False,DRIAMS-A|DRIAMS-B,DRIAMS-C,0.026913507,0.24663386
4851,16553.11,False,0.13677166,False,DRIAMS-A|DRIAMS-B,DRIAMS-C,0.21165346,-0.06188987
2522,9566.11,True,0.13676172,False,DRIAMS-A|DRIAMS-B,DRIAMS-C,0.030916467,0.24260698
829,4487.11,True,0.1367177,False,DRIAMS-A|DRIAMS-B,DRIAMS-C,0.18363994,0.08979547
2704,10112.11,False,0.13670275,False,DRIAMS-A|DRIAMS-B,DRIAMS-C,-0.26601774,0.007387759
3643,12929.11,False,0.1366695,False,DRIAMS-A|DRIAMS-B,DRIAMS-C,0.120732434,-0.15260658
47,2141.1099999999997,False,0.13658254,False,DRIAMS-A|DRIAMS-B,DRIAMS-C,-0.059878793,0.21328628
2392,9176.11,False,0.13655807,False,DRIAMS-A|DRIAMS-B,DRIAMS-C,-0.033450168,0.23966599
494,3482.1099999999997,False,0.13654879,False,DRIAMS-A|DRIAMS-B,DRIAMS-C,-0.1859453,0.08715226
4415,15245.11,True,0.1365351,False,DRIAMS-A|DRIAMS-B,DRIAMS-C,-0.022517812,-0.2505524
5824,19472.11,True,0.1365039,False,DRIAMS-A|DRIAMS-B,DRIAMS-C,0.24861717,0.024390632
2937,10811.11,False,0.13642243,False,DRIAMS-A|DRIAMS-B,DRIAMS-C,0.17146325,-0.1013816
4412,15236.11,True,0.13641192,False,DRIAMS-A|DRIAMS-B,DRIAMS-C,-0.036694717,-0.23612912
3677,13031.11,False,0.13638708,False,DRIAMS-A|DRIAMS-B,DRIAMS-C,0.11136334,-0.16141081
5769,19307.11,False,0.1363764,False,DRIAMS-A|DRIAMS-B,DRIAMS-C,0.11769537,-0.15505742
4907,16721.11,True,0.13634992,False,DRIAMS-A|DRIAMS-B,DRIAMS-C,0.1110575,0.16164234
2409,9227.11,True,0.13628964,False,DRIAMS-A|DRIAMS-B,DRIAMS-C,-0.06944699,-0.2031323
5881,19643.11,False,0.13626829,False,DRIAMS-A|DRIAMS-B,DRIAMS-C,0.14723904,-0.12529752
733,4199.11,False,0.13623098,False,DRIAMS-A|DRIAMS-B,DRIAMS-C,-0.018398907,0.25406304
3219,11657.11,False,0.13622856,False,DRIAMS-A|DRIAMS-B,DRIAMS-C,0.15819679,-0.114260316
4954,16862.11,True,0.13621493,False,DRIAMS-A|DRIAMS-B,DRIAMS-C,0.18493871,0.08749113
3826,13478.11,False,0.1362041,False,DRIAMS-A|DRIAMS-B,DRIAMS-C,0.042342998,-0.2300652
2146,8438.11,False,0.13618226,False,DRIAMS-A|DRIAMS-B,DRIAMS-C,0.13874239,-0.13362214
5698,19094.11,True,0.13614827,False,DRIAMS-A|DRIAMS-B,DRIAMS-C,0.14717439,0.12512217
3239,11717.11,False,0.13608128,False,DRIAMS-A|DRIAMS-B,DRIAMS-C,0.13241312,-0.13974945
881,4643.11,True,0.13605061,False,DRIAMS-A|DRIAMS-B,DRIAMS-C,0.24412918,0.027972046
561,3683.1099999999997,True,0.13598472,False,DRIAMS-A|DRIAMS-B,DRIAMS-C,0.0693185,0.20265092
2941,10823.11,True,0.13597916,False,DRIAMS-A|DRIAMS-B,DRIAMS-C,0.26430142,0.007656894
1756,7268.11,True,0.13597482,False,DRIAMS-A|DRIAMS-B,DRIAMS-C,-0.06887123,-0.20307843
167,2501.1099999999997,False,0.13597262,False,DRIAMS-A|DRIAMS-B,DRIAMS-C,0.2025611,-0.06938414
3583,12749.11,False,0.13594139,False,DRIAMS-A|DRIAMS-B,DRIAMS-C,0.13150221,-0.14038058
2463,9389.11,False,0.13588719,False,DRIAMS-A|DRIAMS-B,DRIAMS-C,0.05427766,-0.21749672
2578,9734.11,False,0.1357288,False,DRIAMS-A|DRIAMS-B,DRIAMS-C,-0.104756385,0.16670121
5909,19727.11,False,0.13571681,False,DRIAMS-A|DRIAMS-B,DRIAMS-C,0.17153189,-0.09990173
4191,14573.11,True,0.13571182,False,DRIAMS-A|DRIAMS-B,DRIAMS-C,0.18922989,0.082193755
2593,9779.11,True,0.13565022,False,DRIAMS-A|DRIAMS-B,DRIAMS-C,0.21196364,0.059336804
2311,8933.11,True,0.13564879,False,DRIAMS-A|DRIAMS-B,DRIAMS-C,0.05174028,0.2195573
316,2948.1099999999997,False,0.13561629,False,DRIAMS-A|DRIAMS-B,DRIAMS-C,-0.08729336,0.18393922
5178,17534.11,False,0.1355948,False,DRIAMS-A|DRIAMS-B,DRIAMS-C,0.12441706,-0.14677253
2784,10352.11,True,0.13558452,False,DRIAMS-A|DRIAMS-B,DRIAMS-C,-0.050723422,-0.22044562
5074,17222.11,True,0.13552594,False,DRIAMS-A|DRIAMS-B,DRIAMS-C,0.16345237,0.10759951
5649,18947.11,True,0.13550709,False,DRIAMS-A|DRIAMS-B,DRIAMS-C,0.15796208,0.11305209
3237,11711.11,True,0.13550058,False,DRIAMS-A|DRIAMS-B,DRIAMS-C,0.161229,0.109772176
3858,13574.11,False,0.13547558,False,DRIAMS-A|DRIAMS-B,DRIAMS-C,-0.06349603,0.20745511
1481,6443.11,True,0.13546592,False,DRIAMS-A|DRIAMS-B,DRIAMS-C,-0.12249094,-0.14844088
2390,9170.11,False,0.13543211,False,DRIAMS-A|DRIAMS-B,DRIAMS-C,-0.0046054027,0.2662588
5868,19604.11,True,0.13536629,False,DRIAMS-A|DRIAMS-B,DRIAMS-C,0.20698893,0.063743666
547,3641.1099999999997,False,0.13535325,False,DRIAMS-A|DRIAMS-B,DRIAMS-C,0.19704923,-0.073657274
1316,5948.11,False,0.13532989,False,DRIAMS-A|DRIAMS-B,DRIAMS-C,-0.04104469,0.22961508
862,4586.11,False,0.13525343,False,DRIAMS-A|DRIAMS-B,DRIAMS-C,-0.06663686,0.20387001
5059,17177.11,True,0.1352439,False,DRIAMS-A|DRIAMS-B,DRIAMS-C,0.21415256,0.05633524
4831,16493.11,False,0.13523391,False,DRIAMS-A|DRIAMS-B,DRIAMS-C,0.060791977,-0.20967585
1874,7622.11,True,0.13520965,False,DRIAMS-A|DRIAMS-B,DRIAMS-C,0.13057041,0.1398489
4869,16607.11,False,0.13519835,False,DRIAMS-A|DRIAMS-B,DRIAMS-C,0.13192803,-0.1384687
4942,16826.11,True,0.1350846,False,DRIAMS-A|DRIAMS-B,DRIAMS-C,0.22926922,0.04089997
2589,9767.11,True,0.1350784,False,DRIAMS-A|DRIAMS-B,DRIAMS-C,0.07882449,0.19133231
276,2828.1099999999997,True,0.13501684,False,DRIAMS-A|DRIAMS-B,DRIAMS-C,0.05763597,0.21239772
4546,15638.11,False,0.13496648,False,DRIAMS-A|DRIAMS-B,DRIAMS-C,0.21615507,-0.05377788
1386,6158.11,False,0.13496476,False,DRIAMS-A|DRIAMS-B,DRIAMS-C,0.15078808,-0.11914144
5861,19583.11,True,0.13496393,False,DRIAMS-A|DRIAMS-B,DRIAMS-C,0.18630707,0.08362079
3309,11927.11,False,0.13495113,False,DRIAMS-A|DRIAMS-B,DRIAMS-C,0.16444685,-0.105455406
3470,12410.11,True,0.13489111,False,DRIAMS-A|DRIAMS-B,DRIAMS-C,0.1671046,0.10267761
1154,5462.11,True,0.13487895,False,DRIAMS-A|DRIAMS-B,DRIAMS-C,-0.019702278,-0.2500556
3664,12992.11,False,0.13479051,False,DRIAMS-A|DRIAMS-B,DRIAMS-C,0.22045955,-0.049121454
5973,19919.11,True,0.13475531,False,DRIAMS-A|DRIAMS-B,DRIAMS-C,0.15334542,0.116165206
4128,14384.11,False,0.13469076,False,DRIAMS-A|DRIAMS-B,DRIAMS-C,0.089302525,-0.180079
4995,16985.11,False,0.13468786,False,DRIAMS-A|DRIAMS-B,DRIAMS-C,0.16814525,-0.101230465
2307,8921.11,True,0.1346015,False,DRIAMS-A|DRIAMS-B,DRIAMS-C,-0.13797373,-0.13122927
5253,17759.11,False,0.13458906,False,DRIAMS-A|DRIAMS-B,DRIAMS-C,0.1327275,-0.13645062
3287,11861.11,False,0.13458174,False,DRIAMS-A|DRIAMS-B,DRIAMS-C,0.10561216,-0.16355135
746,4238.11,False,0.13457078,False,DRIAMS-A|DRIAMS-B,DRIAMS-C,0.10978028,-0.15936129
1342,6026.11,False,0.13452607,False,DRIAMS-A|DRIAMS-B,DRIAMS-C,0.011867185,-0.25718495
3412,12236.11,True,0.13450009,False,DRIAMS-A|DRIAMS-B,DRIAMS-C,0.1953642,0.07363598
5085,17255.11,False,0.13449335,False,DRIAMS-A|DRIAMS-B,DRIAMS-C,0.21317348,-0.05581322
499,3497.1099999999997,False,0.13449267,False,DRIAMS-A|DRIAMS-B,DRIAMS-C,-0.24684745,0.02213789
4261,14783.11,True,0.13447163,False,DRIAMS-A|DRIAMS-B,DRIAMS-C,0.11136226,0.15758097
5409,18227.11,False,0.13446675,False,DRIAMS-A|DRIAMS-B,DRIAMS-C,0.17034818,-0.09858532
212,2636.1099999999997,True,0.13445395,False,DRIAMS-A|DRIAMS-B,DRIAMS-C,-0.14851286,-0.12039505
2830,10490.11,True,0.13442677,False,DRIAMS-A|DRIAMS-B,DRIAMS-C,-0.2687867,-6.684286e-05
1741,7223.11,True,0.1344082,False,DRIAMS-A|DRIAMS-B,DRIAMS-C,0.03374436,0.23507205
4089,14267.11,False,0.13440722,False,DRIAMS-A|DRIAMS-B,DRIAMS-C,0.12429981,-0.14451465
1222,5666.11,False,0.13440105,False,DRIAMS-A|DRIAMS-B,DRIAMS-C,0.19849503,-0.07030709
2477,9431.11,False,0.13435552,False,DRIAMS-A|DRIAMS-B,DRIAMS-C,0.17324406,-0.09546696
3310,11930.11,False,0.13435517,False,DRIAMS-A|DRIAMS-B,DRIAMS-C,0.14713247,-0.12157788
2888,10664.11,False,0.13434923,False,DRIAMS-A|DRIAMS-B,DRIAMS-C,0.06362376,-0.20507468
851,4553.11,True,0.13431118,False,DRIAMS-A|DRIAMS-B,DRIAMS-C,0.0027560415,0.26586634
4988,16964.11,False,0.13423236,False,DRIAMS-A|DRIAMS-B,DRIAMS-C,0.09397599,-0.17448872
3458,12374.11,False,0.13421384,False,DRIAMS-A|DRIAMS-B,DRIAMS-C,0.12985505,-0.13857262
3789,13367.11,True,0.13413358,False,DRIAMS-A|DRIAMS-B,DRIAMS-C,0.15317872,0.11508844
2907,10721.11,False,0.13412671,False,DRIAMS-A|DRIAMS-B,DRIAMS-C,0.18196453,-0.08628889
4478,15434.11,True,0.13412473,False,DRIAMS-A|DRIAMS-B,DRIAMS-C,0.21620582,0.05204364
3065,11195.11,True,0.13410321,False,DRIAMS-A|DRIAMS-B,DRIAMS-C,0.18101302,0.0871934
4138,14414.11,True,0.13409257,False,DRIAMS-A|DRIAMS-B,DRIAMS-C,0.1859817,0.08220345
2036,8108.11,True,0.13400656,False,DRIAMS-A|DRIAMS-B,DRIAMS-C,-0.098941885,-0.16907124
3124,11372.11,True,0.13397673,False,DRIAMS-A|DRIAMS-B,DRIAMS-C,0.054245636,0.2137078
5837,19511.11,False,0.13397099,False,DRIAMS-A|DRIAMS-B,DRIAMS-C,0.1412108,-0.12673119
2368,9104.11,False,0.1339241,False,DRIAMS-A|DRIAMS-B,DRIAMS-C,0.09775768,-0.17009051
3703,13109.11,True,0.1338818,False,DRIAMS-A|DRIAMS-B,DRIAMS-C,-0.22850561,-0.039258014
4571,15713.11,False,0.13385883,False,DRIAMS-A|DRIAMS-B,DRIAMS-C,0.16984652,-0.09787115
955,4865.11,True,0.1338307,False,DRIAMS-A|DRIAMS-B,DRIAMS-C,-0.08036618,-0.1872952
2186,8558.11,True,0.13377647,False,DRIAMS-A|DRIAMS-B,DRIAMS-C,-0.009099496,-0.25845346
2479,9437.11,False,0.13371804,False,DRIAMS-A|DRIAMS-B,DRIAMS-C,0.11967641,-0.14775968
3986,13958.11,False,0.13369095,False,DRIAMS-A|DRIAMS-B,DRIAMS-C,0.11653232,-0.15084958
375,3125.1099999999997,True,0.13367072,False,DRIAMS-A|DRIAMS-B,DRIAMS-C,0.013356093,0.25398535
5387,18161.11,True,0.13364442,False,DRIAMS-A|DRIAMS-B,DRIAMS-C,0.14324254,0.124046296
2346,9038.11,True,0.13362679,False,DRIAMS-A|DRIAMS-B,DRIAMS-C,0.18284443,0.08440913
2262,8786.11,True,0.13358787,False,DRIAMS-A|DRIAMS-B,DRIAMS-C,0.14188893,0.12528679
3161,11483.11,True,0.13358179,False,DRIAMS-A|DRIAMS-B,DRIAMS-C,0.16126493,0.105898656
3323,11969.11,True,0.13355613,False,DRIAMS-A|DRIAMS-B,DRIAMS-C,0.2502509,0.016861351
2890,10670.11,False,0.13352846,False,DRIAMS-A|DRIAMS-B,DRIAMS-C,0.06634278,-0.20071413
5697,19091.11,True,0.13350993,False,DRIAMS-A|DRIAMS-B,DRIAMS-C,0.13438226,0.13263759
3002,11006.11,True,0.13350466,False,DRIAMS-A|DRIAMS-B,DRIAMS-C,0.12204648,0.14496283
2662,9986.11,False,0.13347965,False,DRIAMS-A|DRIAMS-B,DRIAMS-C,0.07243522,-0.19452408
1489,6467.11,True,0.13340536,False,DRIAMS-A|DRIAMS-B,DRIAMS-C,0.0007343488,0.26607636
4612,15836.11,False,0.13337499,False,DRIAMS-A|DRIAMS-B,DRIAMS-C,0.07992051,-0.18682948
4539,15617.11,True,0.13332418,False,DRIAMS-A|DRIAMS-B,DRIAMS-C,0.021484504,0.24516384
2975,10925.11,False,0.13332012,False,DRIAMS-A|DRIAMS-B,DRIAMS-C,0.24086267,-0.025777573
3162,11486.11,False,0.1332803,False,DRIAMS-A|DRIAMS-B,DRIAMS-C,0.13951181,-0.12704879
236,2708.1099999999997,True,0.13325584,False,DRIAMS-A|DRIAMS-B,DRIAMS-C,-0.16349047,-0.103021204
1853,7559.11,True,0.13321881,False,DRIAMS-A|DRIAMS-B,DRIAMS-C,0.027549673,0.23888794
3788,13364.11,True,0.1332154,False,DRIAMS-A|DRIAMS-B,DRIAMS-C,0.16382907,0.10260173
126,2378.1099999999997,False,0.13321197,False,DRIAMS-A|DRIAMS-B,DRIAMS-C,-0.17208503,0.094338894
483,3449.1099999999997,False,0.13317136,False,DRIAMS-A|DRIAMS-B,DRIAMS-C,0.020890772,-0.24545196
2641,9923.11,False,0.13316667,False,DRIAMS-A|DRIAMS-B,DRIAMS-C,0.002020613,-0.2643127
3220,11660.11,False,0.13316181,False,DRIAMS-A|DRIAMS-B,DRIAMS-C,0.15047143,-0.11585218
4591,15773.11,False,0.13312781,False,DRIAMS-A|DRIAMS-B,DRIAMS-C,0.25396022,-0.012295398
870,4610.11,False,0.13308305,False,DRIAMS-A|DRIAMS-B,DRIAMS-C,-0.258084,0.008082104
4473,15419.11,False,0.13308123,False,DRIAMS-A|DRIAMS-B,DRIAMS-C,0.12641844,-0.139744
201,2603.1099999999997,True,0.13306865,False,DRIAMS-A|DRIAMS-B,DRIAMS-C,-0.1392434,-0.12689392
4469,15407.11,True,0.13297999,False,DRIAMS-A|DRIAMS-B,DRIAMS-C,0.17236322,0.09359675
1587,6761.11,False,0.1329511,False,DRIAMS-A|DRIAMS-B,DRIAMS-C,0.020574383,-0.24532782
3827,13481.11,False,0.13294154,False,DRIAMS-A|DRIAMS-B,DRIAMS-C,0.098591745,-0.16729136
2928,10784.11,True,0.13293745,False,DRIAMS-A|DRIAMS-B,DRIAMS-C,-0.17692445,-0.08895043
5181,17543.11,False,0.13293207,False,DRIAMS-A|DRIAMS-B,DRIAMS-C,0.1501747,-0.11568941
4693,16079.11,True,0.1329248,False,DRIAMS-A|DRIAMS-B,DRIAMS-C,-0.044715624,-0.22113398
5148,17444.11,False,0.13289277,False,DRIAMS-A|DRIAMS-B,DRIAMS-C,0.09571277,-0.17007278
3014,11042.11,False,0.13285184,False,DRIAMS-A|DRIAMS-B,DRIAMS-C,0.070012346,-0.19569133
3625,12875.11,False,0.13284823,False,DRIAMS-A|DRIAMS-B,DRIAMS-C,0.163143,-0.10255347
634,3902.1099999999997,False,0.1326869,False,DRIAMS-A|DRIAMS-B,DRIAMS-C,-0.06925178,0.196122
3321,11963.11,False,0.13266398,False,DRIAMS-A|DRIAMS-B,DRIAMS-C,0.1885525,-0.07677547
4241,14723.11,True,0.1325635,False,DRIAMS-A|DRIAMS-B,DRIAMS-C,0.17044911,0.09467789
1603,6809.11,False,0.13255152,False,DRIAMS-A|DRIAMS-B,DRIAMS-C,-0.18934098,0.07576208
1659,6977.11,True,0.13245457,False,DRIAMS-A|DRIAMS-B,DRIAMS-C,-0.1050409,-0.15986826
4114,14342.11,True,0.13242556,False,DRIAMS-A|DRIAMS-B,DRIAMS-C,0.17764318,0.08720795
571,3713.1099999999997,True,0.13236123,False,DRIAMS-A|DRIAMS-B,DRIAMS-C,-0.10577291,-0.15894957
2127,8381.11,True,0.13233764,False,DRIAMS-A|DRIAMS-B,DRIAMS-C,-0.049691018,-0.21498428
205,2615.1099999999997,True,0.13233158,False,DRIAMS-A|DRIAMS-B,DRIAMS-C,-0.029876722,-0.23478644
1687,7061.11,False,0.1322899,False,DRIAMS-A|DRIAMS-B,DRIAMS-C,0.13213308,-0.13244672
1981,7943.11,True,0.13227135,False,DRIAMS-A|DRIAMS-B,DRIAMS-C,-0.023208298,-0.24133441
5788,19364.11,True,0.13224998,False,DRIAMS-A|DRIAMS-B,DRIAMS-C,0.16289747,0.1016025
5123,17369.11,False,0.1321419,False,DRIAMS-A|DRIAMS-B,DRIAMS-C,0.17484489,-0.08943891
2609,9827.11,True,0.13214086,False,DRIAMS-A|DRIAMS-B,DRIAMS-C,0.05022231,0.21405941
5380,18140.11,False,0.13208811,False,DRIAMS-A|DRIAMS-B,DRIAMS-C,0.15306252,-0.1111137
3064,11192.11,False,0.13206775,False,DRIAMS-A|DRIAMS-B,DRIAMS-C,0.20330387,-0.060831632
5196,17588.11,False,0.13203579,False,DRIAMS-A|DRIAMS-B,DRIAMS-C,0.096348196,-0.16772339
1472,6416.11,False,0.1320137,False,DRIAMS-A|DRIAMS-B,DRIAMS-C,-0.026548367,0.23747902
4462,15386.11,False,0.13186704,False,DRIAMS-A|DRIAMS-B,DRIAMS-C,0.19240738,-0.07132668
4327,14981.11,True,0.13186385,False,DRIAMS-A|DRIAMS-B,DRIAMS-C,0.23834062,0.025387092
2270,8810.11,True,0.1318479,False,DRIAMS-A|DRIAMS-B,DRIAMS-C,0.18725485,0.07644095
1097,5291.11,True,0.13183662,False,DRIAMS-A|DRIAMS-B,DRIAMS-C,0.19294304,0.07073021
3082,11246.11,True,0.13176131,False,DRIAMS-A|DRIAMS-B,DRIAMS-C,0.18423311,0.079289526
2465,9395.11,True,0.13175432,False,DRIAMS-A|DRIAMS-B,DRIAMS-C,0.050289564,0.21321909
2162,8486.11,True,0.1317031,False,DRIAMS-A|DRIAMS-B,DRIAMS-C,-0.00906388,-0.25434232
401,3203.1099999999997,True,0.13168187,False,DRIAMS-A|DRIAMS-B,DRIAMS-C,0.032020804,0.23134296
4544,15632.11,False,0.13167292,False,DRIAMS-A|DRIAMS-B,DRIAMS-C,0.25851,-0.0048358515
3185,11555.11,True,0.13162397,False,DRIAMS-A|DRIAMS-B,DRIAMS-C,-0.19927777,-0.06397016
3056,11168.11,True,0.13158718,False,DRIAMS-A|DRIAMS-B,DRIAMS-C,0.13109715,0.13207722
1273,5819.11,False,0.1315076,False,DRIAMS-A|DRIAMS-B,DRIAMS-C,0.025617696,-0.23739752
264,2792.1099999999997,True,0.1314921,False,DRIAMS-A|DRIAMS-B,DRIAMS-C,-0.05113961,-0.21184456
757,4271.11,False,0.13148233,False,DRIAMS-A|DRIAMS-B,DRIAMS-C,-0.015011085,0.2479536
1101,5303.11,False,0.1313926,False,DRIAMS-A|DRIAMS-B,DRIAMS-C,0.14633477,-0.11645043
3491,12473.11,False,0.13137567,False,DRIAMS-A|DRIAMS-B,DRIAMS-C,0.17878744,-0.08396391
4457,15371.11,False,0.13137503,False,DRIAMS-A|DRIAMS-B,DRIAMS-C,0.14476512,-0.117984936
3685,13055.11,False,0.13136145,False,DRIAMS-A|DRIAMS-B,DRIAMS-C,0.14684469,-0.115878224
3304,11912.11,False,0.1313201,False,DRIAMS-A|DRIAMS-B,DRIAMS-C,0.18145615,-0.08118405
1727,7181.11,True,0.13127513,False,DRIAMS-A|DRIAMS-B,DRIAMS-C,0.11128951,0.15126075
2060,8180.11,True,0.13123742,False,DRIAMS-A|DRIAMS-B,DRIAMS-C,-0.0061458442,-0.256329
428,3284.1099999999997,True,0.13123617,False,DRIAMS-A|DRIAMS-B,DRIAMS-C,-0.1117882,-0.15068412
608,3824.1099999999997,False,0.1312285,False,DRIAMS-A|DRIAMS-B,DRIAMS-C,0.18720128,-0.07525574
5814,19442.11,True,0.13111043,False,DRIAMS-A|DRIAMS-B,DRIAMS-C,0.114918396,0.14730245
3512,12536.11,False,0.13109845,False,DRIAMS-A|DRIAMS-B,DRIAMS-C,0.17839636,-0.08380053
4420,15260.11,True,0.13108736,False,DRIAMS-A|DRIAMS-B,DRIAMS-C,0.025760928,0.23641379
3296,11888.11,False,0.13102452,False,DRIAMS-A|DRIAMS-B,DRIAMS-C,0.17203015,-0.09001889
5632,18896.11,False,0.13092713,False,DRIAMS-A|DRIAMS-B,DRIAMS-C,0.20996322,-0.05189105
1689,7067.11,True,0.13092475,False,DRIAMS-A|DRIAMS-B,DRIAMS-C,-0.02109105,-0.24075843
5721,19163.11,False,0.13091618,False,DRIAMS-A|DRIAMS-B,DRIAMS-C,0.09500317,-0.1668292
2403,9209.11,True,0.1309134,False,DRIAMS-A|DRIAMS-B,DRIAMS-C,-0.15092264,-0.11090417
3167,11501.11,False,0.13090093,False,DRIAMS-A|DRIAMS-B,DRIAMS-C,0.037453912,-0.22434796
553,3659.1099999999997,True,0.13089217,False,DRIAMS-A|DRIAMS-B,DRIAMS-C,0.17232807,0.08945628
4765,16295.11,True,0.1308662,False,DRIAMS-A|DRIAMS-B,DRIAMS-C,0.08088992,0.18084249
4603,15809.11,True,0.13084424,False,DRIAMS-A|DRIAMS-B,DRIAMS-C,0.16407523,0.097613245
4091,14273.11,True,0.1307993,False,DRIAMS-A|DRIAMS-B,DRIAMS-C,0.10734135,0.15425722
1050,5150.11,True,0.13077718,False,DRIAMS-A|DRIAMS-B,DRIAMS-C,-0.0839644,-0.17758997
1542,6626.11,False,0.13073948,False,DRIAMS-A|DRIAMS-B,DRIAMS-C,0.0029125279,-0.25856644
3099,11297.11,False,0.13069259,False,DRIAMS-A|DRIAMS-B,DRIAMS-C,0.05795086,-0.2034343
5185,17555.11,True,0.13069257,False,DRIAMS-A|DRIAMS-B,DRIAMS-C,0.17548838,0.08589677
305,2915.1099999999997,True,0.1306645,False,DRIAMS-A|DRIAMS-B,DRIAMS-C,0.20958191,0.0517471
5942,19826.11,False,0.13061552,False,DRIAMS-A|DRIAMS-B,DRIAMS-C,0.12534925,-0.13588178
5048,17144.11,False,0.13061492,False,DRIAMS-A|DRIAMS-B,DRIAMS-C,0.20841539,-0.052814458
4742,16226.11,True,0.13060021,False,DRIAMS-A|DRIAMS-B,DRIAMS-C,0.19911909,0.062081344
1902,7706.11,True,0.13058592,False,DRIAMS-A|DRIAMS-B,DRIAMS-C,0.09577725,0.1653946
2544,9632.11,False,0.13055262,False,DRIAMS-A|DRIAMS-B,DRIAMS-C,-0.024318462,0.23678678
4927,16781.11,True,0.13054673,False,DRIAMS-A|DRIAMS-B,DRIAMS-C,0.07832059,0.18277287
5983,19949.11,False,0.13054281,False,DRIAMS-A|DRIAMS-B,DRIAMS-C,0.09446137,-0.16662425
1394,6182.11,True,0.13051938,False,DRIAMS-A|DRIAMS-B,DRIAMS-C,0.03177197,0.22926678
4251,14753.11,False,0.1305048,False,DRIAMS-A|DRIAMS-B,DRIAMS-C,0.12565953,-0.13535008
3556,12668.11,True,0.13050239,False,DRIAMS-A|DRIAMS-B,DRIAMS-C,0.18858895,0.07241583
5502,18506.11,False,0.13049044,False,DRIAMS-A|DRIAMS-B,DRIAMS-C,0.1494458,-0.111535065
3021,11063.11,False,0.13041879,False,DRIAMS-A|DRIAMS-B,DRIAMS-C,0.116964094,-0.14387348
5807,19421.11,False,0.13041386,False,DRIAMS-A|DRIAMS-B,DRIAMS-C,0.09751648,-0.16331126
5626,18878.11,True,0.13039835,False,DRIAMS-A|DRIAMS-B,DRIAMS-C,0.20828667,0.052510016
4314,14942.11,True,0.13038336,False,DRIAMS-A|DRIAMS-B,DRIAMS-C,0.18374798,0.07701874
3131,11393.11,False,0.13038224,False,DRIAMS-A|DRIAMS-B,DRIAMS-C,0.16406827,-0.09669623
2847,10541.11,False,0.13037255,False,DRIAMS-A|DRIAMS-B,DRIAMS-C,0.15819667,-0.102548435
2159,8477.11,False,0.13036396,False,DRIAMS-A|DRIAMS-B,DRIAMS-C,0.086198546,-0.17452936
3048,11144.11,False,0.13033015,False,DRIAMS-A|DRIAMS-B,DRIAMS-C,-0.029999932,0.23066036
5864,19592.11,False,0.13028467,False,DRIAMS-A|DRIAMS-B,DRIAMS-C,0.13475582,-0.12581351
1351,6053.11,True,0.13028133,False,DRIAMS-A|DRIAMS-B,DRIAMS-C,-0.06317314,-0.19738953
1184,5552.11,True,0.13027167,False,DRIAMS-A|DRIAMS-B,DRIAMS-C,-0.17969666,-0.08084668
5480,18440.11,True,0.13025482,False,DRIAMS-A|DRIAMS-B,DRIAMS-C,0.19137168,0.06913796
5762,19286.11,True,0.13024849,False,DRIAMS-A|DRIAMS-B,DRIAMS-C,0.1084214,0.15207557
542,3626.1099999999997,True,0.13022035,False,DRIAMS-A|DRIAMS-B,DRIAMS-C,-0.14680973,-0.113630995
5437,18311.11,False,0.13021249,False,DRIAMS-A|DRIAMS-B,DRIAMS-C,0.14672655,-0.11369844
132,2396.1099999999997,True,0.13021088,False,DRIAMS-A|DRIAMS-B,DRIAMS-C,-0.19635065,-0.064071104
610,3830.1099999999997,False,0.13020585,False,DRIAMS-A|DRIAMS-B,DRIAMS-C,0.15544212,-0.10496959
3669,13007.11,True,0.13020521,False,DRIAMS-A|DRIAMS-B,DRIAMS-C,0.2074258,0.052984636
5783,19349.11,False,0.13017848,False,DRIAMS-A|DRIAMS-B,DRIAMS-C,0.09288071,-0.16747627
4702,16106.11,False,0.13015066,False,DRIAMS-A|DRIAMS-B,DRIAMS-C,0.06779887,-0.19250245
1657,6971.11,True,0.13012402,False,DRIAMS-A|DRIAMS-B,DRIAMS-C,0.19909896,0.061149083
4751,16253.11,True,0.13010415,False,DRIAMS-A|DRIAMS-B,DRIAMS-C,0.13185814,0.12835017
318,2954.1099999999997,True,0.13004382,False,DRIAMS-A|DRIAMS-B,DRIAMS-C,0.05596533,0.20412232
3539,12617.11,True,0.13003,False,DRIAMS-A|DRIAMS-B,DRIAMS-C,-0.17708361,-0.082976386
387,3161.1099999999997,False,0.13000846,False,DRIAMS-A|DRIAMS-B,DRIAMS-C,-0.0374597,0.22255722
2303,8909.11,True,0.12999666,False,DRIAMS-A|DRIAMS-B,DRIAMS-C,-0.17376247,-0.08623086
4619,15857.11,True,0.12999652,False,DRIAMS-A|DRIAMS-B,DRIAMS-C,-0.03499059,-0.22500245
296,2888.1099999999997,True,0.12999219,False,DRIAMS-A|DRIAMS-B,DRIAMS-C,0.1984308,0.061553556
2745,10235.11,False,0.12998745,False,DRIAMS-A|DRIAMS-B,DRIAMS-C,0.105524704,-0.15445021
1206,5618.11,False,0.12997732,False,DRIAMS-A|DRIAMS-B,DRIAMS-C,-0.11130696,0.14864768
929,4787.11,True,0.12988262,False,DRIAMS-A|DRIAMS-B,DRIAMS-C,0.20794566,0.05181958
912,4736.11,True,0.12978518,False,DRIAMS-A|DRIAMS-B,DRIAMS-C,0.10585779,0.15371259
5322,17966.11,False,0.12973589,False,DRIAMS-A|DRIAMS-B,DRIAMS-C,0.17633486,-0.08313691
1816,7448.11,False,0.1297027,False,DRIAMS-A|DRIAMS-B,DRIAMS-C,0.0056140586,-0.25379133
5155,17465.11,False,0.12968008,False,DRIAMS-A|DRIAMS-B,DRIAMS-C,0.18859859,-0.070761584
1441,6323.11,True,0.12961935,False,DRIAMS-A|DRIAMS-B,DRIAMS-C,-0.0036159328,-0.25562274
256,2768.1099999999997,False,0.12961675,False,DRIAMS-A|DRIAMS-B,DRIAMS-C,-0.08740402,0.17182949
3469,12407.11,False,0.12961201,False,DRIAMS-A|DRIAMS-B,DRIAMS-C,0.15239389,-0.10683013
2169,8507.11,False,0.1296056,False,DRIAMS-A|DRIAMS-B,DRIAMS-C,0.09996973,-0.15924148
3423,12269.11,False,0.12955117,False,DRIAMS-A|DRIAMS-B,DRIAMS-C,0.101886764,-0.15721558
1701,7103.11,False,0.12953353,False,DRIAMS-A|DRIAMS-B,DRIAMS-C,-0.0372903,0.22177677
5221,17663.11,False,0.12950657,False,DRIAMS-A|DRIAMS-B,DRIAMS-C,0.053280655,-0.2057325
2230,8690.11,False,0.12941234,False,DRIAMS-A|DRIAMS-B,DRIAMS-C,0.18171406,-0.07711062
1105,5315.11,False,0.12940827,False,DRIAMS-A|DRIAMS-B,DRIAMS-C,-0.019500531,0.23931602
1927,7781.11,True,0.12940453,False,DRIAMS-A|DRIAMS-B,DRIAMS-C,0.00495429,0.25385478
3797,13391.11,True,0.12939613,False,DRIAMS-A|DRIAMS-B,DRIAMS-C,0.115329474,0.14346278
5937,19811.11,True,0.12938136,False,DRIAMS-A|DRIAMS-B,DRIAMS-C,0.13416617,0.12459654
4258,14774.11,True,0.12933168,False,DRIAMS-A|DRIAMS-B,DRIAMS-C,0.10969695,0.14896642
1682,7046.11,True,0.12930056,False,DRIAMS-A|DRIAMS-B,DRIAMS-C,-0.025621157,-0.23297998
2616,9848.11,False,0.12925202,False,DRIAMS-A|DRIAMS-B,DRIAMS-C,0.07617075,-0.18233328
1835,7505.11,False,0.12914306,False,DRIAMS-A|DRIAMS-B,DRIAMS-C,0.12307571,-0.13521042
4634,15902.11,True,0.12911034,False,DRIAMS-A|DRIAMS-B,DRIAMS-C,0.11837073,0.13984995
5170,17510.11,True,0.12910691,False,DRIAMS-A|DRIAMS-B,DRIAMS-C,0.15108408,0.107129745
467,3401.1099999999997,True,0.12908241,False,DRIAMS-A|DRIAMS-B,DRIAMS-C,-0.17804265,-0.08012218
4471,15413.11,True,0.12907283,False,DRIAMS-A|DRIAMS-B,DRIAMS-C,0.16980891,0.08833675
434,3302.1099999999997,False,0.12901819,False,DRIAMS-A|DRIAMS-B,DRIAMS-C,-0.05806464,0.19997174
3059,11177.11,True,0.12897487,False,DRIAMS-A|DRIAMS-B,DRIAMS-C,0.1964872,0.06146254
5867,19601.11,True,0.1289329,False,DRIAMS-A|DRIAMS-B,DRIAMS-C,0.19525434,0.06261146
5245,17735.11,False,0.12877412,False,DRIAMS-A|DRIAMS-B,DRIAMS-C,0.1518547,-0.10569355
4904,16712.11,False,0.12876783,False,DRIAMS-A|DRIAMS-B,DRIAMS-C,0.17823134,-0.07930433
4754,16262.11,True,0.128761,False,DRIAMS-A|DRIAMS-B,DRIAMS-C,0.08325127,0.1742707
5359,18077.11,False,0.12874322,False,DRIAMS-A|DRIAMS-B,DRIAMS-C,0.10898241,-0.14850403
2977,10931.11,False,0.12870283,False,DRIAMS-A|DRIAMS-B,DRIAMS-C,0.14280915,-0.11459651
1836,7508.11,False,0.12867934,False,DRIAMS-A|DRIAMS-B,DRIAMS-C,0.06421006,-0.19314863
5550,18650.11,False,0.1286756,False,DRIAMS-A|DRIAMS-B,DRIAMS-C,0.13363233,-0.123718865
5577,18731.11,True,0.12866342,False,DRIAMS-A|DRIAMS-B,DRIAMS-C,0.15372637,0.103600465
4458,15374.11,False,0.1286591,False,DRIAMS-A|DRIAMS-B,DRIAMS-C,0.1805193,-0.0767989
4302,14906.11,True,0.12864576,False,DRIAMS-A|DRIAMS-B,DRIAMS-C,0.06753976,0.18975176
5447,18341.11,False,0.12860997,False,DRIAMS-A|DRIAMS-B,DRIAMS-C,0.14275181,-0.114468135
1151,5453.11,True,0.12852153,False,DRIAMS-A|DRIAMS-B,DRIAMS-C,0.1843632,0.07267988
1865,7595.11,False,0.12848261,False,DRIAMS-A|DRIAMS-B,DRIAMS-C,-0.10041554,0.15654966
1089,5267.11,True,0.12843204,False,DRIAMS-A|DRIAMS-B,DRIAMS-C,-0.12350001,-0.13336405
4749,16247.11,True,0.12841815,False,DRIAMS-A|DRIAMS-B,DRIAMS-C,0.09530223,0.16153407
2132,8396.11,True,0.12840064,False,DRIAMS-A|DRIAMS-B,DRIAMS-C,0.14727215,0.10952913
3656,12968.11,True,0.12837599,False,DRIAMS-A|DRIAMS-B,DRIAMS-C,0.23850423,0.01824775
5358,18074.11,False,0.12833998,False,DRIAMS-A|DRIAMS-B,DRIAMS-C,0.16937424,-0.087305695
3966,13898.11,False,0.12829152,False,DRIAMS-A|DRIAMS-B,DRIAMS-C,0.19903287,-0.057550162
1922,7766.11,True,0.12823945,False,DRIAMS-A|DRIAMS-B,DRIAMS-C,-0.043698773,-0.21278015
1714,7142.11,False,0.12814894,False,DRIAMS-A|DRIAMS-B,DRIAMS-C,-0.10859582,0.14770207
601,3803.1099999999997,True,0.12814322,False,DRIAMS-A|DRIAMS-B,DRIAMS-C,-0.04752815,-0.20875828
3242,11726.11,True,0.12810065,False,DRIAMS-A|DRIAMS-B,DRIAMS-C,0.17210144,0.08409987
2229,8687.11,False,0.12805791,False,DRIAMS-A|DRIAMS-B,DRIAMS-C,0.1397374,-0.11637842
1616,6848.11,True,0.12805212,False,DRIAMS-A|DRIAMS-B,DRIAMS-C,-0.22355047,-0.032553773
5548,18644.11,False,0.1279885,False,DRIAMS-A|DRIAMS-B,DRIAMS-C,0.13820975,-0.11776725
753,4259.11,True,0.12797266,False,DRIAMS-A|DRIAMS-B,DRIAMS-C,0.19477588,0.06116944
4969,16907.11,True,0.1279315,False,DRIAMS-A|DRIAMS-B,DRIAMS-C,0.17910287,0.07676015
5041,17123.11,False,0.12792568,False,DRIAMS-A|DRIAMS-B,DRIAMS-C,0.1647682,-0.091083154
4679,16037.11,False,0.12792397,False,DRIAMS-A|DRIAMS-B,DRIAMS-C,0.080722034,-0.17512588
596,3788.1099999999997,True,0.12791972,False,DRIAMS-A|DRIAMS-B,DRIAMS-C,-0.24085192,-0.01498751
5906,19718.11,False,0.12787834,False,DRIAMS-A|DRIAMS-B,DRIAMS-C,0.15042719,-0.105329484
5573,18719.11,False,0.12786734,False,DRIAMS-A|DRIAMS-B,DRIAMS-C,0.16348381,-0.09225086
5851,19553.11,False,0.12783042,False,DRIAMS-A|DRIAMS-B,DRIAMS-C,0.16746993,-0.08819089
5434,18302.11,False,0.12778734,False,DRIAMS-A|DRIAMS-B,DRIAMS-C,0.15252389,-0.103050776
593,3779.1099999999997,True,0.12775639,False,DRIAMS-A|DRIAMS-B,DRIAMS-C,0.073797315,0.18171547
3449,12347.11,True,0.12771629,False,DRIAMS-A|DRIAMS-B,DRIAMS-C,0.16030498,0.0951276
2265,8795.11,False,0.12770618,False,DRIAMS-A|DRIAMS-B,DRIAMS-C,0.19970314,-0.055709235
3650,12950.11,True,0.12770045,False,DRIAMS-A|DRIAMS-B,DRIAMS-C,0.15227447,0.103126414
3513,12539.11,True,0.1276091,False,DRIAMS-A|DRIAMS-B,DRIAMS-C,0.17854123,0.076676995
5321,17963.11,False,0.1275354,False,DRIAMS-A|DRIAMS-B,DRIAMS-C,0.12892449,-0.12614632
1030,5090.11,True,0.1275069,False,DRIAMS-A|DRIAMS-B,DRIAMS-C,-0.029210847,-0.22580296
3240,11720.11,False,0.12748377,False,DRIAMS-A|DRIAMS-B,DRIAMS-C,0.12267097,-0.13229656
116,2348.1099999999997,False,0.12744866,False,DRIAMS-A|DRIAMS-B,DRIAMS-C,-0.09783636,0.15706097
2045,8135.11,False,0.12744826,False,DRIAMS-A|DRIAMS-B,DRIAMS-C,-0.09536116,0.15953536
4606,15818.11,False,0.1274379,False,DRIAMS-A|DRIAMS-B,DRIAMS-C,0.10176513,-0.15311068
5879,19637.11,False,0.12741664,False,DRIAMS-A|DRIAMS-B,DRIAMS-C,0.15143086,-0.10340243
5863,19589.11,True,0.12740839,False,DRIAMS-A|DRIAMS-B,DRIAMS-C,0.15893343,0.09588333
4711,16133.11,True,0.12729375,False,DRIAMS-A|DRIAMS-B,DRIAMS-C,0.1423677,0.112219796
1451,6353.11,False,0.12710899,False,DRIAMS-A|DRIAMS-B,DRIAMS-C,0.107467204,-0.14675078
3275,11825.11,True,0.1271037,False,DRIAMS-A|DRIAMS-B,DRIAMS-C,0.08388496,0.17032243
113,2339.1099999999997,True,0.12704505,False,DRIAMS-A|DRIAMS-B,DRIAMS-C,-0.19051635,-0.06357374
435,3305.1099999999997,True,0.12701459,False,DRIAMS-A|DRIAMS-B,DRIAMS-C,-0.16027285,-0.09375634
3750,13250.11,False,0.12699445,False,DRIAMS-A|DRIAMS-B,DRIAMS-C,0.17766356,-0.07632532
2443,9329.11,True,0.126964,False,DRIAMS-A|DRIAMS-B,DRIAMS-C,0.028519638,0.22540836
238,2714.1099999999997,True,0.1269634,False,DRIAMS-A|DRIAMS-B,DRIAMS-C,-0.06394387,-0.18998294
2663,9989.11,False,0.12692298,False,DRIAMS-A|DRIAMS-B,DRIAMS-C,0.059337378,-0.19450858
5716,19148.11,False,0.12688608,False,DRIAMS-A|DRIAMS-B,DRIAMS-C,0.16620968,-0.087562494
2293,8879.11,False,0.126885,False,DRIAMS-A|DRIAMS-B,DRIAMS-C,-0.00068607385,0.2530839
1065,5195.11,False,0.12673974,False,DRIAMS-A|DRIAMS-B,DRIAMS-C,-0.13341306,0.120066404
4357,15071.11,True,0.1266679,False,DRIAMS-A|DRIAMS-B,DRIAMS-C,-0.16922161,-0.084114194
3920,13760.11,False,0.12661465,False,DRIAMS-A|DRIAMS-B,DRIAMS-C,0.13182977,-0.12139952
3904,13712.11,False,0.126531,False,DRIAMS-A|DRIAMS-B,DRIAMS-C,0.17645329,-0.07660873
1256,5768.11,False,0.12652007,False,DRIAMS-A|DRIAMS-B,DRIAMS-C,-0.2114068,0.041633338
2110,8330.11,False,0.12647602,False,DRIAMS-A|DRIAMS-B,DRIAMS-C,0.18451808,-0.06843397
5098,17294.11,False,0.12643409,False,DRIAMS-A|DRIAMS-B,DRIAMS-C,0.07734413,-0.17552406
3654,12962.11,True,0.12634894,False,DRIAMS-A|DRIAMS-B,DRIAMS-C,0.18089253,0.07180536
3037,11111.11,True,0.12632936,False,DRIAMS-A|DRIAMS-B,DRIAMS-C,0.10932935,0.14332937
5036,17108.11,False,0.12630793,False,DRIAMS-A|DRIAMS-B,DRIAMS-C,0.16604938,-0.08656649
4325,14975.11,False,0.12627627,False,DRIAMS-A|DRIAMS-B,DRIAMS-C,0.20829263,-0.044259913
4313,14939.11,False,0.12627602,False,DRIAMS-A|DRIAMS-B,DRIAMS-C,0.1219807,-0.13057135
973,4919.11,True,0.12627085,False,DRIAMS-A|DRIAMS-B,DRIAMS-C,0.060350485,0.19219121
5079,17237.11,False,0.12626773,False,DRIAMS-A|DRIAMS-B,DRIAMS-C,0.2056006,-0.046934854
1953,7859.11,False,0.1262676,False,DRIAMS-A|DRIAMS-B,DRIAMS-C,0.108382106,-0.14415309
4192,14576.11,False,0.12616475,False,DRIAMS-A|DRIAMS-B,DRIAMS-C,0.14053641,-0.111793086
4110,14330.11,True,0.12614715,False,DRIAMS-A|DRIAMS-B,DRIAMS-C,0.15531242,0.09698189
1556,6668.11,True,0.12614591,False,DRIAMS-A|DRIAMS-B,DRIAMS-C,0.09530364,0.15698819
4911,16733.11,True,0.12607782,False,DRIAMS-A|DRIAMS-B,DRIAMS-C,0.11354063,0.13861501
1973,7919.11,True,0.12601936,False,DRIAMS-A|DRIAMS-B,DRIAMS-C,0.10900523,0.14303349
4283,14849.11,True,0.12601183,False,DRIAMS-A|DRIAMS-B,DRIAMS-C,0.13548802,0.11653564
1942,7826.11,True,0.12600893,False,DRIAMS-A|DRIAMS-B,DRIAMS-C,0.07728924,0.17472862
4124,14372.11,False,0.12594946,False,DRIAMS-A|DRIAMS-B,DRIAMS-C,0.15535665,-0.09654227
2172,8516.11,True,0.12593298,False,DRIAMS-A|DRIAMS-B,DRIAMS-C,0.1157387,0.13612725
4766,16298.11,True,0.12593266,False,DRIAMS-A|DRIAMS-B,DRIAMS-C,0.0793298,0.17253552
3561,12683.11,True,0.12588064,False,DRIAMS-A|DRIAMS-B,DRIAMS-C,0.06620446,0.18555683
5037,17111.11,False,0.12583688,False,DRIAMS-A|DRIAMS-B,DRIAMS-C,0.15452981,-0.09714396
2490,9470.11,False,0.12580653,False,DRIAMS-A|DRIAMS-B,DRIAMS-C,0.0571283,-0.19448476
4684,16052.11,False,0.12576875,False,DRIAMS-A|DRIAMS-B,DRIAMS-C,0.08633033,-0.16520716
498,3494.1099999999997,True,0.12576307,False,DRIAMS-A|DRIAMS-B,DRIAMS-C,-0.24277082,-0.008755313
2471,9413.11,False,0.1257097,False,DRIAMS-A|DRIAMS-B,DRIAMS-C,0.14938176,-0.10203764
5944,19832.11,False,0.12568857,False,DRIAMS-A|DRIAMS-B,DRIAMS-C,0.14801039,-0.103366755
1192,5576.11,True,0.12564777,False,DRIAMS-A|DRIAMS-B,DRIAMS-C,0.22155239,0.029743142
4864,16592.11,False,0.1256354,False,DRIAMS-A|DRIAMS-B,DRIAMS-C,0.12642549,-0.1248453
904,4712.11,True,0.12562808,False,DRIAMS-A|DRIAMS-B,DRIAMS-C,0.16336483,0.087891325
1700,7100.11,False,0.12546867,False,DRIAMS-A|DRIAMS-B,DRIAMS-C,-0.072609365,0.178328
5835,19505.11,True,0.1254288,False,DRIAMS-A|DRIAMS-B,DRIAMS-C,0.16777235,0.083085254
987,4961.11,True,0.12542042,False,DRIAMS-A|DRIAMS-B,DRIAMS-C,-0.07339384,-0.177447
5654,18962.11,False,0.12536961,False,DRIAMS-A|DRIAMS-B,DRIAMS-C,0.17664756,-0.07409164
664,3992.1099999999997,True,0.12535971,False,DRIAMS-A|DRIAMS-B,DRIAMS-C,0.16704191,0.08367752
5456,18368.11,False,0.12531662,False,DRIAMS-A|DRIAMS-B,DRIAMS-C,0.15973283,-0.09090042
4873,16619.11,False,0.12526745,False,DRIAMS-A|DRIAMS-B,DRIAMS-C,0.06739862,-0.18313627
399,3197.1099999999997,True,0.12523481,False,DRIAMS-A|DRIAMS-B,DRIAMS-C,0.11669102,0.13377862
2015,8045.11,True,0.12516642,False,DRIAMS-A|DRIAMS-B,DRIAMS-C,-0.117010735,-0.1333221
3617,12851.11,False,0.1251637,False,DRIAMS-A|DRIAMS-B,DRIAMS-C,-0.09920987,0.15111753
4224,14672.11,False,0.12514344,False,DRIAMS-A|DRIAMS-B,DRIAMS-C,0.105348684,-0.14493819
2517,9551.11,True,0.12510383,False,DRIAMS-A|DRIAMS-B,DRIAMS-C,0.120456964,0.12975071
659,3977.1099999999997,False,0.12505515,False,DRIAMS-A|DRIAMS-B,DRIAMS-C,0.16608447,-0.08402582
5664,18992.11,True,0.12502337,False,DRIAMS-A|DRIAMS-B,DRIAMS-C,0.06214465,0.1879021
1283,5849.11,False,0.12498868,False,DRIAMS-A|DRIAMS-B,DRIAMS-C,0.13372988,-0.11624749
5216,17648.11,True,0.124977216,False,DRIAMS-A|DRIAMS-B,DRIAMS-C,0.08336021,0.16659422
5184,17552.11,True,0.12494333,False,DRIAMS-A|DRIAMS-B,DRIAMS-C,0.09351445,0.15637222
5679,19037.11,False,0.12492551,False,DRIAMS-A|DRIAMS-B,DRIAMS-C,0.12181512,-0.1280359
3133,11399.11,False,0.12489912,False,DRIAMS-A|DRIAMS-B,DRIAMS-C,0.16381523,-0.08598301
1956,7868.11,True,0.12485947,False,DRIAMS-A|DRIAMS-B,DRIAMS-C,-0.17745194,-0.072266996
548,3644.1099999999997,True,0.124851376,False,DRIAMS-A|DRIAMS-B,DRIAMS-C,-0.072334886,-0.17736787
825,4475.11,True,0.12478493,False,DRIAMS-A|DRIAMS-B,DRIAMS-C,0.057211157,0.1923587
3238,11714.11,False,0.12478387,False,DRIAMS-A|DRIAMS-B,DRIAMS-C,0.13131133,-0.11825642
3786,13358.11,True,0.124665245,False,DRIAMS-A|DRIAMS-B,DRIAMS-C,0.17256603,0.07676446
3125,11375.11,True,0.124656335,False,DRIAMS-A|DRIAMS-B,DRIAMS-C,0.025961887,0.22335078
3712,13136.11,True,0.1246201,False,DRIAMS-A|DRIAMS-B,DRIAMS-C,-0.038231228,-0.21100898
1615,6845.11,False,0.12458065,False,DRIAMS-A|DRIAMS-B,DRIAMS-C,-0.12809646,0.12106485
3876,13628.11,False,0.124568984,False,DRIAMS-A|DRIAMS-B,DRIAMS-C,0.024098871,-0.2250391
5892,19676.11,False,0.12455849,False,DRIAMS-A|DRIAMS-B,DRIAMS-C,0.10504568,-0.1440713
1343,6029.11,False,0.124520764,False,DRIAMS-A|DRIAMS-B,DRIAMS-C,0.13506025,-0.11398128
1372,6116.11,True,0.12448184,False,DRIAMS-A|DRIAMS-B,DRIAMS-C,0.06378301,0.18518068
4918,16754.11,False,0.12446226,False,DRIAMS-A|DRIAMS-B,DRIAMS-C,0.10313706,-0.14578746
3738,13214.11,True,0.124410346,False,DRIAMS-A|DRIAMS-B,DRIAMS-C,0.07534283,0.17347786
214,2642.1099999999997,True,0.124300554,False,DRIAMS-A|DRIAMS-B,DRIAMS-C,0.097122036,0.15147908
2735,10205.11,False,0.12428869,False,DRIAMS-A|DRIAMS-B,DRIAMS-C,-0.11080351,0.13777389
3283,11849.11,False,0.12420717,False,DRIAMS-A|DRIAMS-B,DRIAMS-C,0.14392003,-0.1044943
5411,18233.11,True,0.12415497,False,DRIAMS-A|DRIAMS-B,DRIAMS-C,0.17334525,0.074964695
213,2639.1099999999997,False,0.12411812,False,DRIAMS-A|DRIAMS-B,DRIAMS-C,-0.050744552,0.19749169
1045,5135.11,False,0.12408673,False,DRIAMS-A|DRIAMS-B,DRIAMS-C,0.032244924,-0.21592854
5167,17501.11,True,0.12395285,False,DRIAMS-A|DRIAMS-B,DRIAMS-C,0.108329594,0.1395761
3927,13781.11,False,0.12392078,False,DRIAMS-A|DRIAMS-B,DRIAMS-C,0.15566596,-0.0921756
5493,18479.11,False,0.12392044,False,DRIAMS-A|DRIAMS-B,DRIAMS-C,0.17741367,-0.07042721
2846,10538.11,False,0.123829,False,DRIAMS-A|DRIAMS-B,DRIAMS-C,0.101061285,-0.14659671
2765,10295.11,True,0.1238154,False,DRIAMS-A|DRIAMS-B,DRIAMS-C,-0.11365173,-0.13397908
2743,10229.11,False,0.12380062,False,DRIAMS-A|DRIAMS-B,DRIAMS-C,0.109418444,-0.13818279
3366,12098.11,False,0.123716936,False,DRIAMS-A|DRIAMS-B,DRIAMS-C,0.19166489,-0.055768974
4681,16043.11,False,0.12365961,False,DRIAMS-A|DRIAMS-B,DRIAMS-C,0.14836596,-0.098953255
5903,19709.11,False,0.12350489,False,DRIAMS-A|DRIAMS-B,DRIAMS-C,0.13495028,-0.11205951
4934,16802.11,True,0.12347099,False,DRIAMS-A|DRIAMS-B,DRIAMS-C,0.17420478,0.0727372
2709,10127.11,True,0.123461425,False,DRIAMS-A|DRIAMS-B,DRIAMS-C,-0.17357937,-0.07334349
5031,17093.11,False,0.12339105,False,DRIAMS-A|DRIAMS-B,DRIAMS-C,0.08226123,-0.16452086
1307,5921.11,True,0.12338722,False,DRIAMS-A|DRIAMS-B,DRIAMS-C,0.06566923,0.18110521
5986,19958.11,False,0.12336784,False,DRIAMS-A|DRIAMS-B,DRIAMS-C,0.13057558,-0.116160095
2626,9878.11,True,0.123354755,False,DRIAMS-A|DRIAMS-B,DRIAMS-C,-0.061462063,-0.18524745
2698,10094.11,False,0.12329087,False,DRIAMS-A|DRIAMS-B,DRIAMS-C,-0.14082406,0.10575766
3517,12551.11,True,0.12322834,False,DRIAMS-A|DRIAMS-B,DRIAMS-C,0.100677244,0.14577943
4889,16667.11,False,0.12319203,False,DRIAMS-A|DRIAMS-B,DRIAMS-C,0.16117261,-0.08521144
243,2729.1099999999997,True,0.12316927,False,DRIAMS-A|DRIAMS-B,DRIAMS-C,-0.111939885,-0.13439865
3808,13424.11,False,0.123153076,False,DRIAMS-A|DRIAMS-B,DRIAMS-C,0.20039192,-0.045914225
3440,12320.11,True,0.12313202,False,DRIAMS-A|DRIAMS-B,DRIAMS-C,0.06748565,0.1787784
2156,8468.11,True,0.123128414,False,DRIAMS-A|DRIAMS-B,DRIAMS-C,0.107838385,0.13841844
2491,9473.11,False,0.12312567,False,DRIAMS-A|DRIAMS-B,DRIAMS-C,0.06602726,-0.18022409
804,4412.11,True,0.12310192,False,DRIAMS-A|DRIAMS-B,DRIAMS-C,0.12023231,0.12597153
3223,11669.11,False,0.12309192,False,DRIAMS-A|DRIAMS-B,DRIAMS-C,0.15437894,-0.0918049
2237,8711.11,True,0.12303681,False,DRIAMS-A|DRIAMS-B,DRIAMS-C,0.14120708,0.104866534
3443,12329.11,True,0.1229986,False,DRIAMS-A|DRIAMS-B,DRIAMS-C,0.0677875,0.1782097
2296,8888.11,False,0.12296861,False,DRIAMS-A|DRIAMS-B,DRIAMS-C,-0.031115768,0.21482144
2512,9536.11,False,0.12295371,False,DRIAMS-A|DRIAMS-B,DRIAMS-C,0.074442685,-0.17146474
3963,13889.11,True,0.12280113,False,DRIAMS-A|DRIAMS-B,DRIAMS-C,0.19197501,0.05362725
1108,5324.11,False,0.12278852,False,DRIAMS-A|DRIAMS-B,DRIAMS-C,-0.2119619,0.03361514
3596,12788.11,False,0.122753054,False,DRIAMS-A|DRIAMS-B,DRIAMS-C,0.117497504,-0.1280086
1358,6074.11,False,0.12272689,False,DRIAMS-A|DRIAMS-B,DRIAMS-C,0.209649,-0.03580477
3425,12275.11,True,0.122679636,False,DRIAMS-A|DRIAMS-B,DRIAMS-C,0.15800169,0.08735758
3302,11906.11,True,0.12261082,False,DRIAMS-A|DRIAMS-B,DRIAMS-C,0.17874047,0.06648118
2504,9512.11,True,0.12256083,False,DRIAMS-A|DRIAMS-B,DRIAMS-C,0.11556695,0.1295547
3135,11405.11,True,0.12249999,False,DRIAMS-A|DRIAMS-B,DRIAMS-C,0.090273894,0.15472609
376,3128.1099999999997,False,0.12246823,False,DRIAMS-A|DRIAMS-B,DRIAMS-C,0.1641989,-0.08073756
947,4841.11,False,0.122285664,False,DRIAMS-A|DRIAMS-B,DRIAMS-C,0.08386255,-0.16070879
4231,14693.11,False,0.122283265,False,DRIAMS-A|DRIAMS-B,DRIAMS-C,0.16562489,-0.07894165
444,3332.1099999999997,True,0.12228012,False,DRIAMS-A|DRIAMS-B,DRIAMS-C,-0.01103601,-0.23352423
4665,15995.11,True,0.12225113,False,DRIAMS-A|DRIAMS-B,DRIAMS-C,0.21669617,0.02780609
2219,8657.11,False,0.122227795,False,DRIAMS-A|DRIAMS-B,DRIAMS-C,-0.13896365,0.105491936
5344,18032.11,False,0.12222192,False,DRIAMS-A|DRIAMS-B,DRIAMS-C,0.20479713,-0.039646693
1276,5828.11,True,0.12219526,False,DRIAMS-A|DRIAMS-B,DRIAMS-C,0.056004535,0.18838598
1249,5747.11,False,0.12218301,False,DRIAMS-A|DRIAMS-B,DRIAMS-C,0.020565603,-0.22380042
3957,13871.11,False,0.12215201,False,DRIAMS-A|DRIAMS-B,DRIAMS-C,0.11750978,-0.12679423
597,3791.1099999999997,True,0.122084185,False,DRIAMS-A|DRIAMS-B,DRIAMS-C,-0.2009212,-0.043247174
4903,16709.11,False,0.122041315,False,DRIAMS-A|DRIAMS-B,DRIAMS-C,0.15373343,-0.0903492
4363,15089.11,True,0.12203867,False,DRIAMS-A|DRIAMS-B,DRIAMS-C,-0.13298883,-0.111088514
5939,19817.11,True,0.12200147,False,DRIAMS-A|DRIAMS-B,DRIAMS-C,0.05240171,0.19160123
5317,17951.11,True,0.12199469,False,DRIAMS-A|DRIAMS-B,DRIAMS-C,0.19902119,0.04496819
3724,13172.11,True,0.12199209,False,DRIAMS-A|DRIAMS-B,DRIAMS-C,0.17809254,0.06589164
1993,7979.11,False,0.12198031,False,DRIAMS-A|DRIAMS-B,DRIAMS-C,0.13315448,-0.110806145
5907,19721.11,False,0.12197765,False,DRIAMS-A|DRIAMS-B,DRIAMS-C,0.18465284,-0.059302464
3837,13511.11,False,0.12197301,False,DRIAMS-A|DRIAMS-B,DRIAMS-C,0.10758179,-0.13636422
1560,6680.11,False,0.12195895,False,DRIAMS-A|DRIAMS-B,DRIAMS-C,0.017131044,-0.22678685
5662,18986.11,False,0.121952325,False,DRIAMS-A|DRIAMS-B,DRIAMS-C,0.1302133,-0.113691345
921,4763.11,False,0.12192544,False,DRIAMS-A|DRIAMS-B,DRIAMS-C,0.036900796,-0.2069501
4027,14081.11,True,0.1219235,False,DRIAMS-A|DRIAMS-B,DRIAMS-C,0.15687463,0.08697237
4885,16655.11,True,0.12186663,False,DRIAMS-A|DRIAMS-B,DRIAMS-C,0.15278853,0.09094472
2267,8801.11,True,0.12185908,False,DRIAMS-A|DRIAMS-B,DRIAMS-C,0.2155953,0.028122853
3746,13238.11,True,0.12185456,False,DRIAMS-A|DRIAMS-B,DRIAMS-C,0.19553854,0.048170578
5164,17492.11,False,0.121845454,False,DRIAMS-A|DRIAMS-B,DRIAMS-C,0.15088804,-0.092802875
4659,15977.11,False,0.12183102,False,DRIAMS-A|DRIAMS-B,DRIAMS-C,0.18408622,-0.059575826
3178,11534.11,False,0.12181522,False,DRIAMS-A|DRIAMS-B,DRIAMS-C,-0.109762974,0.13386747
5761,19283.11,True,0.12178918,False,DRIAMS-A|DRIAMS-B,DRIAMS-C,0.09119122,0.15238714
4491,15473.11,True,0.12171476,False,DRIAMS-A|DRIAMS-B,DRIAMS-C,-0.036415722,-0.2070138
1540,6620.11,True,0.12169645,False,DRIAMS-A|DRIAMS-B,DRIAMS-C,-0.18036973,-0.063023165
4010,14030.11,False,0.121661216,False,DRIAMS-A|DRIAMS-B,DRIAMS-C,0.10385515,-0.13946728
2942,10826.11,True,0.12160702,False,DRIAMS-A|DRIAMS-B,DRIAMS-C,0.14140275,0.10181128
4776,16328.11,False,0.12160519,False,DRIAMS-A|DRIAMS-B,DRIAMS-C,0.091060355,-0.15215002
1344,6032.11,False,0.1215978,False,DRIAMS-A|DRIAMS-B,DRIAMS-C,0.15121803,-0.09197756
2661,9983.11,False,0.12157335,False,DRIAMS-A|DRIAMS-B,DRIAMS-C,0.03942174,-0.20372497
4137,14411.11,False,0.121570334,False,DRIAMS-A|DRIAMS-B,DRIAMS-C,0.15756729,-0.08557338
5711,19133.11,True,0.121552154,False,DRIAMS-A|DRIAMS-B,DRIAMS-C,0.12698163,0.116122685
2619,9857.11,True,0.12149971,False,DRIAMS-A|DRIAMS-B,DRIAMS-C,0.079165295,0.16383412
2518,9554.11,True,0.121496454,False,DRIAMS-A|DRIAMS-B,DRIAMS-C,0.07332638,0.16966653
4219,14657.11,False,0.121495746,False,DRIAMS-A|DRIAMS-B,DRIAMS-C,0.1869362,-0.056055292
3548,12644.11,True,0.1214957,False,DRIAMS-A|DRIAMS-B,DRIAMS-C,0.071063906,0.1719275
5789,19367.11,True,0.121415555,False,DRIAMS-A|DRIAMS-B,DRIAMS-C,0.15281475,0.09001636
1107,5321.11,False,0.12140649,False,DRIAMS-A|DRIAMS-B,DRIAMS-C,-0.09568691,0.14712606
3931,13793.11,False,0.121353745,False,DRIAMS-A|DRIAMS-B,DRIAMS-C,0.12081804,-0.12188946
4449,15347.11,True,0.12129529,False,DRIAMS-A|DRIAMS-B,DRIAMS-C,0.15649341,0.08609717
5153,17459.11,True,0.121266216,False,DRIAMS-A|DRIAMS-B,DRIAMS-C,0.14393337,0.098599054
894,4682.11,False,0.12123889,False,DRIAMS-A|DRIAMS-B,DRIAMS-C,-0.019762976,0.2227148
3624,12872.11,False,0.121177204,False,DRIAMS-A|DRIAMS-B,DRIAMS-C,0.1488167,-0.0935377
4299,14897.11,True,0.12116137,False,DRIAMS-A|DRIAMS-B,DRIAMS-C,0.12034118,0.12198156
3249,11747.11,False,0.12115067,False,DRIAMS-A|DRIAMS-B,DRIAMS-C,0.10116394,-0.1411374
5984,19952.11,False,0.121145874,False,DRIAMS-A|DRIAMS-B,DRIAMS-C,0.14794943,-0.09434233
4188,14564.11,False,0.12111314,False,DRIAMS-A|DRIAMS-B,DRIAMS-C,0.21844445,-0.02378182
2791,10373.11,True,0.12110859,False,DRIAMS-A|DRIAMS-B,DRIAMS-C,0.12339034,0.118826844
5963,19889.11,True,0.12101732,False,DRIAMS-A|DRIAMS-B,DRIAMS-C,0.08246151,0.15957314
1546,6638.11,True,0.12098941,False,DRIAMS-A|DRIAMS-B,DRIAMS-C,-0.12625925,-0.11571958
3402,12206.11,False,0.12098492,False,DRIAMS-A|DRIAMS-B,DRIAMS-C,0.15210992,-0.08985992
4059,14177.11,False,0.12091258,False,DRIAMS-A|DRIAMS-B,DRIAMS-C,0.17282213,-0.06900304
3447,12341.11,False,0.12089913,False,DRIAMS-A|DRIAMS-B,DRIAMS-C,0.07110722,-0.17069104
5418,18254.11,False,0.12087454,False,DRIAMS-A|DRIAMS-B,DRIAMS-C,0.120671146,-0.12107793
2744,10232.11,False,0.12082398,False,DRIAMS-A|DRIAMS-B,DRIAMS-C,0.10958928,-0.13205868
4216,14648.11,False,0.12078163,False,DRIAMS-A|DRIAMS-B,DRIAMS-C,0.14281915,-0.09874412
752,4256.11,False,0.12076223,False,DRIAMS-A|DRIAMS-B,DRIAMS-C,0.20915703,-0.03236742
3743,13229.11,False,0.120735124,False,DRIAMS-A|DRIAMS-B,DRIAMS-C,0.13310994,-0.10836031
2658,9974.11,False,0.120726176,False,DRIAMS-A|DRIAMS-B,DRIAMS-C,0.14489825,-0.0965541
2081,8243.11,True,0.12071265,False,DRIAMS-A|DRIAMS-B,DRIAMS-C,0.084819764,0.15660554
2422,9266.11,True,0.120684475,False,DRIAMS-A|DRIAMS-B,DRIAMS-C,0.019921305,0.22144765
5261,17783.11,True,0.12064451,False,DRIAMS-A|DRIAMS-B,DRIAMS-C,0.14590971,0.095379315
4575,15725.11,True,0.12058897,False,DRIAMS-A|DRIAMS-B,DRIAMS-C,0.086277716,0.15490024
4883,16649.11,True,0.12055548,False,DRIAMS-A|DRIAMS-B,DRIAMS-C,0.17460513,0.066505834
3500,12500.11,True,0.12054692,False,DRIAMS-A|DRIAMS-B,DRIAMS-C,0.06906005,0.1720338
5733,19199.11,False,0.12054399,False,DRIAMS-A|DRIAMS-B,DRIAMS-C,0.10699878,-0.13408919
1321,5963.11,True,0.12049968,False,DRIAMS-A|DRIAMS-B,DRIAMS-C,-0.030001571,-0.21099779
4086,14258.11,False,0.12034298,False,DRIAMS-A|DRIAMS-B,DRIAMS-C,0.13774396,-0.10294199
2380,9140.11,True,0.12033938,False,DRIAMS-A|DRIAMS-B,DRIAMS-C,-0.16192499,-0.07875378
4567,15701.11,True,0.120331496,False,DRIAMS-A|DRIAMS-B,DRIAMS-C,0.113670774,0.12699221
2917,10751.11,True,0.12024331,False,DRIAMS-A|DRIAMS-B,DRIAMS-C,0.029525092,0.21096154
4305,14915.11,True,0.120211914,False,DRIAMS-A|DRIAMS-B,DRIAMS-C,0.11504256,0.12538128
5138,17414.11,True,0.12018496,False,DRIAMS-A|DRIAMS-B,DRIAMS-C,0.0954475,0.14492242
5849,19547.11,True,0.12016299,False,DRIAMS-A|DRIAMS-B,DRIAMS-C,0.115055375,0.12527062
4560,15680.11,True,0.120126806,False,DRIAMS-A|DRIAMS-B,DRIAMS-C,0.18423764,0.056015972
4272,14816.11,False,0.120068505,False,DRIAMS-A|DRIAMS-B,DRIAMS-C,0.20800999,-0.032127026
2221,8663.11,False,0.120001435,False,DRIAMS-A|DRIAMS-B,DRIAMS-C,-0.11348966,0.12651321
5792,19376.11,False,0.11999029,False,DRIAMS-A|DRIAMS-B,DRIAMS-C,0.17338939,-0.066591196
3537,12611.11,True,0.119981974,False,DRIAMS-A|DRIAMS-B,DRIAMS-C,-0.18580024,-0.0541637
1287,5861.11,True,0.11997933,False,DRIAMS-A|DRIAMS-B,DRIAMS-C,-0.08034825,-0.1596104
3365,12095.11,True,0.11988948,False,DRIAMS-A|DRIAMS-B,DRIAMS-C,0.13327913,0.10649984
3706,13118.11,True,0.119854905,False,DRIAMS-A|DRIAMS-B,DRIAMS-C,-0.07169026,-0.16801955
3888,13664.11,True,0.11982482,False,DRIAMS-A|DRIAMS-B,DRIAMS-C,0.088324085,0.15132555
5672,19016.11,False,0.11981896,False,DRIAMS-A|DRIAMS-B,DRIAMS-C,0.11948779,-0.120150134
4505,15515.11,False,0.11979994,False,DRIAMS-A|DRIAMS-B,DRIAMS-C,0.21038261,-0.029217266
3404,12212.11,False,0.11973797,False,DRIAMS-A|DRIAMS-B,DRIAMS-C,0.13682385,-0.10265208
5220,17660.11,False,0.119717486,False,DRIAMS-A|DRIAMS-B,DRIAMS-C,0.10327828,-0.1361567
4760,16280.11,True,0.11970848,False,DRIAMS-A|DRIAMS-B,DRIAMS-C,-0.02034661,-0.21907035
5142,17426.11,False,0.11959888,False,DRIAMS-A|DRIAMS-B,DRIAMS-C,0.20843104,-0.030766718
623,3869.1099999999997,True,0.11953187,False,DRIAMS-A|DRIAMS-B,DRIAMS-C,0.0669638,0.17209993
5642,18926.11,False,0.11949292,False,DRIAMS-A|DRIAMS-B,DRIAMS-C,0.16349404,-0.07549179
5631,18893.11,False,0.11947913,False,DRIAMS-A|DRIAMS-B,DRIAMS-C,0.15450177,-0.08445649
2226,8678.11,True,0.11944772,False,DRIAMS-A|DRIAMS-B,DRIAMS-C,0.14964719,0.089248255
3967,13901.11,False,0.119420476,False,DRIAMS-A|DRIAMS-B,DRIAMS-C,0.15464349,-0.08419746
2199,8597.11,False,0.11932374,False,DRIAMS-A|DRIAMS-B,DRIAMS-C,0.13223077,-0.1064167
2459,9377.11,False,0.11931953,False,DRIAMS-A|DRIAMS-B,DRIAMS-C,0.11632823,-0.122310825
4916,16748.11,True,0.119318575,False,DRIAMS-A|DRIAMS-B,DRIAMS-C,0.09133557,0.14730157
433,3299.1099999999997,True,0.11931446,False,DRIAMS-A|DRIAMS-B,DRIAMS-C,0.047299765,0.19132917
4777,16331.11,False,0.11928039,False,DRIAMS-A|DRIAMS-B,DRIAMS-C,0.0651312,-0.17342958
4448,15344.11,False,0.119216636,False,DRIAMS-A|DRIAMS-B,DRIAMS-C,0.14825688,-0.09017638
3031,11093.11,False,0.11913645,False,DRIAMS-A|DRIAMS-B,DRIAMS-C,0.23568612,-0.0025867876
4013,14039.11,False,0.11910213,False,DRIAMS-A|DRIAMS-B,DRIAMS-C,0.17408054,-0.06412372
3268,11804.11,True,0.11909507,False,DRIAMS-A|DRIAMS-B,DRIAMS-C,0.12431989,0.113870256
2798,10394.11,False,0.11903777,False,DRIAMS-A|DRIAMS-B,DRIAMS-C,0.10879207,-0.12928347
1032,5096.11,True,0.119013324,False,DRIAMS-A|DRIAMS-B,DRIAMS-C,-0.043838765,-0.19418788
304,2912.1099999999997,True,0.11898865,False,DRIAMS-A|DRIAMS-B,DRIAMS-C,0.044060417,0.19391687
5425,18275.11,False,0.11896367,False,DRIAMS-A|DRIAMS-B,DRIAMS-C,0.12977685,-0.10815049
5738,19214.11,True,0.11895661,False,DRIAMS-A|DRIAMS-B,DRIAMS-C,0.07572716,0.16218607
4067,14201.11,False,0.11895426,False,DRIAMS-A|DRIAMS-B,DRIAMS-C,0.21730855,-0.020599974
5051,17153.11,False,0.11895299,False,DRIAMS-A|DRIAMS-B,DRIAMS-C,0.17388147,-0.064024515
5062,17186.11,False,0.11894882,False,DRIAMS-A|DRIAMS-B,DRIAMS-C,0.16966897,-0.06822866
4678,16034.11,False,0.11893999,False,DRIAMS-A|DRIAMS-B,DRIAMS-C,0.07051097,-0.16736901
1503,6509.11,False,0.11893515,False,DRIAMS-A|DRIAMS-B,DRIAMS-C,0.11152503,-0.12634528
4248,14744.11,False,0.11891226,False,DRIAMS-A|DRIAMS-B,DRIAMS-C,0.17410834,-0.06371617
5514,18542.11,False,0.11888134,False,DRIAMS-A|DRIAMS-B,DRIAMS-C,0.19457911,-0.043183565
2842,10526.11,False,0.11887218,False,DRIAMS-A|DRIAMS-B,DRIAMS-C,-0.030992946,0.20675142
13,2039.11,True,0.11881369,False,DRIAMS-A|DRIAMS-B,DRIAMS-C,-0.123393394,-0.114233986
2956,10868.11,False,0.11879213,False,DRIAMS-A|DRIAMS-B,DRIAMS-C,0.14410444,-0.093479834
5962,19886.11,True,0.118781015,False,DRIAMS-A|DRIAMS-B,DRIAMS-C,0.100522034,0.13704
5891,19673.11,True,0.11877158,False,DRIAMS-A|DRIAMS-B,DRIAMS-C,0.09153901,0.14600416
363,3089.1099999999997,True,0.118766055,False,DRIAMS-A|DRIAMS-B,DRIAMS-C,0.2208878,0.016644314
4629,15887.11,False,0.11875995,False,DRIAMS-A|DRIAMS-B,DRIAMS-C,0.02767722,-0.20984268
1582,6746.11,True,0.11875433,False,DRIAMS-A|DRIAMS-B,DRIAMS-C,-0.029508531,-0.20800012
5355,18065.11,True,0.118670955,False,DRIAMS-A|DRIAMS-B,DRIAMS-C,0.1058103,0.13153161
886,4658.11,False,0.11866906,False,DRIAMS-A|DRIAMS-B,DRIAMS-C,0.047530446,-0.18980768
481,3443.1099999999997,False,0.11865364,False,DRIAMS-A|DRIAMS-B,DRIAMS-C,0.082926355,-0.15438092
3359,12077.11,False,0.118651554,False,DRIAMS-A|DRIAMS-B,DRIAMS-C,0.13477975,-0.102523364
3326,11978.11,True,0.118640006,False,DRIAMS-A|DRIAMS-B,DRIAMS-C,0.15433088,0.08294914
1414,6242.11,True,0.11862421,False,DRIAMS-A|DRIAMS-B,DRIAMS-C,0.15378056,0.083467856
1555,6665.11,False,0.11862011,False,DRIAMS-A|DRIAMS-B,DRIAMS-C,0.0651528,-0.17208743
4233,14699.11,False,0.1185875,False,DRIAMS-A|DRIAMS-B,DRIAMS-C,0.05834398,-0.17883103
2008,8024.11,True,0.11855833,False,DRIAMS-A|DRIAMS-B,DRIAMS-C,0.11592286,0.12119381
5728,19184.11,False,0.118554756,False,DRIAMS-A|DRIAMS-B,DRIAMS-C,0.11614879,-0.12096071
3303,11909.11,False,0.11851731,False,DRIAMS-A|DRIAMS-B,DRIAMS-C,0.15864244,-0.07839218
3739,13217.11,True,0.11840831,False,DRIAMS-A|DRIAMS-B,DRIAMS-C,0.12909096,0.10772564
3828,13484.11,False,0.11836617,False,DRIAMS-A|DRIAMS-B,DRIAMS-C,0.07173727,-0.16499506
3996,13988.11,True,0.11836398,False,DRIAMS-A|DRIAMS-B,DRIAMS-C,0.11014678,0.12658116
3820,13460.11,False,0.11832086,False,DRIAMS-A|DRIAMS-B,DRIAMS-C,0.0789742,-0.15766752
957,4871.11,False,0.118131444,False,DRIAMS-A|DRIAMS-B,DRIAMS-C,-0.03281143,0.20345145
4726,16178.11,True,0.118104205,False,DRIAMS-A|DRIAMS-B,DRIAMS-C,0.13571623,0.10049217
1996,7988.11,True,0.118092805,False,DRIAMS-A|DRIAMS-B,DRIAMS-C,0.04238424,0.19380137
3363,12089.11,False,0.11807807,False,DRIAMS-A|DRIAMS-B,DRIAMS-C,0.096069224,-0.14008692
319,2957.1099999999997,False,0.118057236,False,DRIAMS-A|DRIAMS-B,DRIAMS-C,-0.021975718,0.21413875
5070,17210.11,False,0.118055984,False,DRIAMS-A|DRIAMS-B,DRIAMS-C,0.17996934,-0.05614262
3895,13685.11,False,0.11805534,False,DRIAMS-A|DRIAMS-B,DRIAMS-C,0.15585916,-0.08025152
403,3209.1099999999997,False,0.11802599,False,DRIAMS-A|DRIAMS-B,DRIAMS-C,-0.22412804,0.011923938
2170,8510.11,True,0.11801626,False,DRIAMS-A|DRIAMS-B,DRIAMS-C,0.09025896,0.14577356
2182,8546.11,False,0.11800171,False,DRIAMS-A|DRIAMS-B,DRIAMS-C,0.020878779,-0.21512464
3736,13208.11,True,0.117969304,False,DRIAMS-A|DRIAMS-B,DRIAMS-C,0.052198905,0.1837397
1670,7010.11,True,0.11796448,False,DRIAMS-A|DRIAMS-B,DRIAMS-C,-0.06411796,-0.171811
5152,17456.11,True,0.11789499,False,DRIAMS-A|DRIAMS-B,DRIAMS-C,0.14013034,0.095659636
4957,16871.11,False,0.11788969,False,DRIAMS-A|DRIAMS-B,DRIAMS-C,0.12807442,-0.107704945
1770,7310.11,False,0.117879644,False,DRIAMS-A|DRIAMS-B,DRIAMS-C,-0.050218843,0.18554044
1532,6596.11,False,0.117862396,False,DRIAMS-A|DRIAMS-B,DRIAMS-C,0.23167947,-0.004045318
3325,11975.11,True,0.11783467,False,DRIAMS-A|DRIAMS-B,DRIAMS-C,0.19785772,0.03781162
5161,17483.11,False,0.11783063,False,DRIAMS-A|DRIAMS-B,DRIAMS-C,0.18892975,-0.046731506
589,3767.1099999999997,True,0.11781046,False,DRIAMS-A|DRIAMS-B,DRIAMS-C,-0.08478825,-0.15083267
4805,16415.11,True,0.11779379,False,DRIAMS-A|DRIAMS-B,DRIAMS-C,0.18663773,0.048949853
2379,9137.11,True,0.11776154,False,DRIAMS-A|DRIAMS-B,DRIAMS-C,-0.13278668,-0.1027364
3382,12146.11,False,0.11773483,False,DRIAMS-A|DRIAMS-B,DRIAMS-C,0.1601133,-0.07535635
5791,19373.11,True,0.1176016,False,DRIAMS-A|DRIAMS-B,DRIAMS-C,0.1275568,0.10764641
5661,18983.11,True,0.11756243,False,DRIAMS-A|DRIAMS-B,DRIAMS-C,0.101413704,0.13371114
5809,19427.11,False,0.117326744,False,DRIAMS-A|DRIAMS-B,DRIAMS-C,0.12092961,-0.113723874
3769,13307.11,False,0.11732087,False,DRIAMS-A|DRIAMS-B,DRIAMS-C,0.12856911,-0.106072634
591,3773.1099999999997,False,0.11731527,False,DRIAMS-A|DRIAMS-B,DRIAMS-C,-0.06889111,0.16573943
3748,13244.11,False,0.117300145,False,DRIAMS-A|DRIAMS-B,DRIAMS-C,0.17342897,-0.061171323
3348,12044.11,False,0.11727522,False,DRIAMS-A|DRIAMS-B,DRIAMS-C,0.12404286,-0.110507585
5517,18551.11,True,0.11727047,False,DRIAMS-A|DRIAMS-B,DRIAMS-C,0.19450259,0.04003834
3280,11840.11,True,0.117252834,False,DRIAMS-A|DRIAMS-B,DRIAMS-C,0.11073231,0.12377336
5905,19715.11,True,0.1172355,False,DRIAMS-A|DRIAMS-B,DRIAMS-C,0.15910666,0.07536433
1198,5594.11,False,0.11722949,False,DRIAMS-A|DRIAMS-B,DRIAMS-C,-0.07243117,0.1620278
3035,11105.11,True,0.11721644,False,DRIAMS-A|DRIAMS-B,DRIAMS-C,0.1867988,0.04763408
5324,17972.11,False,0.11716866,False,DRIAMS-A|DRIAMS-B,DRIAMS-C,0.10903764,-0.12529968
889,4667.11,False,0.117159985,False,DRIAMS-A|DRIAMS-B,DRIAMS-C,0.02490495,-0.20941502
1506,6518.11,False,0.11714029,False,DRIAMS-A|DRIAMS-B,DRIAMS-C,0.12732546,-0.10695513
5482,18446.11,False,0.117099434,False,DRIAMS-A|DRIAMS-B,DRIAMS-C,0.19567244,-0.038526427
538,3614.1099999999997,True,0.11707034,False,DRIAMS-A|DRIAMS-B,DRIAMS-C,-0.00073351915,-0.23340715
2923,10769.11,False,0.11703852,False,DRIAMS-A|DRIAMS-B,DRIAMS-C,0.081657104,-0.15241994
4853,16559.11,False,0.11702043,False,DRIAMS-A|DRIAMS-B,DRIAMS-C,0.14692257,-0.08711828
3542,12626.11,True,0.11699271,False,DRIAMS-A|DRIAMS-B,DRIAMS-C,-0.103120245,-0.13086517
3657,12971.11,False,0.116975844,False,DRIAMS-A|DRIAMS-B,DRIAMS-C,0.21314141,-0.02081028
2807,10421.11,True,0.11696861,False,DRIAMS-A|DRIAMS-B,DRIAMS-C,0.08568995,0.14824727
4732,16196.11,False,0.116937,False,DRIAMS-A|DRIAMS-B,DRIAMS-C,0.16233358,-0.071540415
2269,8807.11,False,0.11692999,False,DRIAMS-A|DRIAMS-B,DRIAMS-C,0.18518111,-0.04867888
4335,15005.11,False,0.1167701,False,DRIAMS-A|DRIAMS-B,DRIAMS-C,0.12960143,-0.10393877
5188,17564.11,True,0.116734624,False,DRIAMS-A|DRIAMS-B,DRIAMS-C,0.19258828,0.040880956
3152,11456.11,False,0.116731316,False,DRIAMS-A|DRIAMS-B,DRIAMS-C,-0.13351287,0.09994976
1442,6326.11,True,0.116645426,False,DRIAMS-A|DRIAMS-B,DRIAMS-C,-0.020926971,-0.21236388
718,4154.11,True,0.116638824,False,DRIAMS-A|DRIAMS-B,DRIAMS-C,-0.05422657,-0.17905107
4945,16835.11,False,0.11659145,False,DRIAMS-A|DRIAMS-B,DRIAMS-C,0.19153519,-0.041647714
5877,19631.11,True,0.11658315,False,DRIAMS-A|DRIAMS-B,DRIAMS-C,0.08157442,0.15159188
1811,7433.11,False,0.1165563,False,DRIAMS-A|DRIAMS-B,DRIAMS-C,0.06215269,-0.17095992
4333,14999.11,True,0.116483495,False,DRIAMS-A|DRIAMS-B,DRIAMS-C,0.13770533,0.09526167
3058,11174.11,True,0.11648014,False,DRIAMS-A|DRIAMS-B,DRIAMS-C,0.1839874,0.048972894
4515,15545.11,True,0.11647099,False,DRIAMS-A|DRIAMS-B,DRIAMS-C,0.10243542,0.13050658
3755,13265.11,False,0.11646476,False,DRIAMS-A|DRIAMS-B,DRIAMS-C,0.07628718,-0.15664233
1013,5039.11,False,0.11645374,False,DRIAMS-A|DRIAMS-B,DRIAMS-C,0.085526,-0.14738147
187,2561.1099999999997,True,0.11644824,False,DRIAMS-A|DRIAMS-B,DRIAMS-C,0.19297208,0.0399244
5177,17531.11,True,0.11639649,False,DRIAMS-A|DRIAMS-B,DRIAMS-C,0.18363713,0.049155846
4298,14894.11,True,0.11636369,False,DRIAMS-A|DRIAMS-B,DRIAMS-C,0.15278086,0.07994652
3168,11504.11,False,0.11635223,False,DRIAMS-A|DRIAMS-B,DRIAMS-C,0.016479291,-0.21622516
2353,9059.11,True,0.1162953,False,DRIAMS-A|DRIAMS-B,DRIAMS-C,0.14628042,0.08631018
3880,13640.11,False,0.11626333,False,DRIAMS-A|DRIAMS-B,DRIAMS-C,0.11647319,-0.11605348
2502,9506.11,True,0.11625984,False,DRIAMS-A|DRIAMS-B,DRIAMS-C,0.0803025,0.15221718
3066,11198.11,True,0.11623901,False,DRIAMS-A|DRIAMS-B,DRIAMS-C,0.12647103,0.106007
1571,6713.11,False,0.11621018,False,DRIAMS-A|DRIAMS-B,DRIAMS-C,-0.08338717,0.14903319
3036,11108.11,True,0.1161644,False,DRIAMS-A|DRIAMS-B,DRIAMS-C,0.11488237,0.11744643
4060,14180.11,True,0.116111934,False,DRIAMS-A|DRIAMS-B,DRIAMS-C,0.0997286,0.13249527
5982,19946.11,False,0.11611104,False,DRIAMS-A|DRIAMS-B,DRIAMS-C,0.1319792,-0.100242876
942,4826.11,True,0.11606921,False,DRIAMS-A|DRIAMS-B,DRIAMS-C,-0.042601816,-0.1895366
602,3806.1099999999997,False,0.116067916,False,DRIAMS-A|DRIAMS-B,DRIAMS-C,-0.111159146,0.12097668
5423,18269.11,True,0.11604729,False,DRIAMS-A|DRIAMS-B,DRIAMS-C,0.11396264,0.11813195
579,3737.1099999999997,False,0.11598666,False,DRIAMS-A|DRIAMS-B,DRIAMS-C,0.059659127,-0.1723142
364,3092.1099999999997,True,0.11595692,False,DRIAMS-A|DRIAMS-B,DRIAMS-C,0.09975403,0.1321598
1871,7613.11,True,0.11573492,False,DRIAMS-A|DRIAMS-B,DRIAMS-C,-0.02478988,-0.20667996
3063,11189.11,True,0.115694344,False,DRIAMS-A|DRIAMS-B,DRIAMS-C,0.21222629,0.019162398
648,3944.1099999999997,False,0.11561904,False,DRIAMS-A|DRIAMS-B,DRIAMS-C,0.03791694,-0.19332114
884,4652.11,True,0.11561472,False,DRIAMS-A|DRIAMS-B,DRIAMS-C,-0.011692791,-0.21953665
3568,12704.11,False,0.11560997,False,DRIAMS-A|DRIAMS-B,DRIAMS-C,0.11129831,-0.11992164
5832,19496.11,True,0.115591586,False,DRIAMS-A|DRIAMS-B,DRIAMS-C,0.11917837,0.11200481
4770,16310.11,True,0.115588054,False,DRIAMS-A|DRIAMS-B,DRIAMS-C,0.16824678,0.06292934
4783,16349.11,True,0.11558319,False,DRIAMS-A|DRIAMS-B,DRIAMS-C,0.09700818,0.1341582
4368,15104.11,False,0.11554509,False,DRIAMS-A|DRIAMS-B,DRIAMS-C,-0.07628615,0.15480402
533,3599.1099999999997,False,0.115452506,False,DRIAMS-A|DRIAMS-B,DRIAMS-C,-0.029105777,0.20179923
1046,5138.11,False,0.11538169,False,DRIAMS-A|DRIAMS-B,DRIAMS-C,0.008417914,-0.22234546
5165,17495.11,False,0.115377046,False,DRIAMS-A|DRIAMS-B,DRIAMS-C,0.16234033,-0.068413764
860,4580.11,False,0.11536689,False,DRIAMS-A|DRIAMS-B,DRIAMS-C,-0.11999936,0.11073443
4807,16421.11,False,0.11532922,False,DRIAMS-A|DRIAMS-B,DRIAMS-C,0.119856626,-0.110801816
5798,19394.11,False,0.11508916,False,DRIAMS-A|DRIAMS-B,DRIAMS-C,0.11914772,-0.11103061
2264,8792.11,False,0.11508773,False,DRIAMS-A|DRIAMS-B,DRIAMS-C,0.18378444,-0.04639102
2946,10838.11,False,0.11505735,False,DRIAMS-A|DRIAMS-B,DRIAMS-C,0.0055947844,-0.22451991
170,2510.1099999999997,False,0.11504913,False,DRIAMS-A|DRIAMS-B,DRIAMS-C,0.12388661,-0.106211655
1857,7571.11,False,0.11499883,False,DRIAMS-A|DRIAMS-B,DRIAMS-C,-0.17470975,0.05528792
938,4814.11,True,0.11498396,False,DRIAMS-A|DRIAMS-B,DRIAMS-C,0.042533446,0.18743448
2233,8699.11,False,0.1149625,False,DRIAMS-A|DRIAMS-B,DRIAMS-C,0.101774804,-0.1281502
1794,7382.11,False,0.114914276,False,DRIAMS-A|DRIAMS-B,DRIAMS-C,0.1940857,-0.03574285
4390,15170.11,False,0.11487135,False,DRIAMS-A|DRIAMS-B,DRIAMS-C,-0.1915666,0.03817611
4850,16550.11,False,0.11485325,False,DRIAMS-A|DRIAMS-B,DRIAMS-C,0.15391245,-0.07579404
5141,17423.11,True,0.11481851,False,DRIAMS-A|DRIAMS-B,DRIAMS-C,0.16626671,0.063370325
5347,18041.11,True,0.11480918,False,DRIAMS-A|DRIAMS-B,DRIAMS-C,0.21225291,0.017365435
1515,6545.11,False,0.114751525,False,DRIAMS-A|DRIAMS-B,DRIAMS-C,-0.020404143,0.2090989
2984,10952.11,False,0.11468755,False,DRIAMS-A|DRIAMS-B,DRIAMS-C,0.09596854,-0.13340656
2058,8174.11,False,0.11452023,False,DRIAMS-A|DRIAMS-B,DRIAMS-C,-0.20679614,0.022244325
5613,18839.11,False,0.11448657,False,DRIAMS-A|DRIAMS-B,DRIAMS-C,0.1683241,-0.060649034
3947,13841.11,False,0.11446035,False,DRIAMS-A|DRIAMS-B,DRIAMS-C,0.098519206,-0.13040149
4008,14024.11,False,0.11441183,False,DRIAMS-A|DRIAMS-B,DRIAMS-C,0.15327063,-0.07555303
1455,6365.11,False,0.11436255,False,DRIAMS-A|DRIAMS-B,DRIAMS-C,0.023159223,-0.20556588
4664,15992.11,False,0.114357784,False,DRIAMS-A|DRIAMS-B,DRIAMS-C,0.17514376,-0.0535718
3386,12158.11,True,0.114331156,False,DRIAMS-A|DRIAMS-B,DRIAMS-C,0.14248224,0.086180076
406,3218.1099999999997,False,0.11431142,False,DRIAMS-A|DRIAMS-B,DRIAMS-C,-0.20872056,0.01990228
1308,5924.11,True,0.11430849,False,DRIAMS-A|DRIAMS-B,DRIAMS-C,0.040678415,0.18793857
2245,8735.11,True,0.1142046,False,DRIAMS-A|DRIAMS-B,DRIAMS-C,0.17652866,0.051880542
5227,17681.11,False,0.114203975,False,DRIAMS-A|DRIAMS-B,DRIAMS-C,0.002467274,-0.22594067
3645,12935.11,True,0.11415609,False,DRIAMS-A|DRIAMS-B,DRIAMS-C,0.09695247,0.13135971
3949,13847.11,False,0.1141254,False,DRIAMS-A|DRIAMS-B,DRIAMS-C,0.08349363,-0.14475717
4278,14834.11,False,0.11411642,False,DRIAMS-A|DRIAMS-B,DRIAMS-C,0.16729832,-0.060934525
5050,17150.11,False,0.11411509,False,DRIAMS-A|DRIAMS-B,DRIAMS-C,0.18332452,-0.04490566
5507,18521.11,True,0.11409785,False,DRIAMS-A|DRIAMS-B,DRIAMS-C,0.11913867,0.109057024
2515,9545.11,True,0.11409605,False,DRIAMS-A|DRIAMS-B,DRIAMS-C,0.11420249,0.113989614
252,2756.1099999999997,False,0.11400599,False,DRIAMS-A|DRIAMS-B,DRIAMS-C,0.18583043,-0.042181548
237,2711.1099999999997,True,0.1139964,False,DRIAMS-A|DRIAMS-B,DRIAMS-C,-0.09140582,-0.136587
4411,15233.11,True,0.11398896,False,DRIAMS-A|DRIAMS-B,DRIAMS-C,0.034795538,0.19318238
329,2987.1099999999997,False,0.11398161,False,DRIAMS-A|DRIAMS-B,DRIAMS-C,0.019926189,-0.20803703
4413,15239.11,False,0.11394821,False,DRIAMS-A|DRIAMS-B,DRIAMS-C,0.021937378,-0.20595905
575,3725.1099999999997,False,0.11391826,False,DRIAMS-A|DRIAMS-B,DRIAMS-C,-0.07148246,0.15635407
1791,7373.11,True,0.11391272,False,DRIAMS-A|DRIAMS-B,DRIAMS-C,0.17923783,0.048587605
1352,6056.11,True,0.11391175,False,DRIAMS-A|DRIAMS-B,DRIAMS-C,-0.023300435,-0.20452306
5187,17561.11,True,0.1138312,False,DRIAMS-A|DRIAMS-B,DRIAMS-C,0.22124672,0.0064156856
3132,11396.11,False,0.11382818,False,DRIAMS-A|DRIAMS-B,DRIAMS-C,0.16709915,-0.060557216
5705,19115.11,True,0.11381578,False,DRIAMS-A|DRIAMS-B,DRIAMS-C,0.19321644,0.034415115
5637,18911.11,False,0.113771506,False,DRIAMS-A|DRIAMS-B,DRIAMS-C,0.16601336,-0.06152965
5526,18578.11,False,0.113706,False,DRIAMS-A|DRIAMS-B,DRIAMS-C,0.096824706,-0.1305873
3549,12647.11,True,0.11368041,False,DRIAMS-A|DRIAMS-B,DRIAMS-C,0.09642573,0.13093509
2250,8750.11,False,0.1136674,False,DRIAMS-A|DRIAMS-B,DRIAMS-C,0.07535801,-0.15197678
3060,11180.11,True,0.11365183,False,DRIAMS-A|DRIAMS-B,DRIAMS-C,0.20532306,0.021980606
4080,14240.11,False,0.11362425,False,DRIAMS-A|DRIAMS-B,DRIAMS-C,0.12672302,-0.10052548
3029,11087.11,True,0.11360143,False,DRIAMS-A|DRIAMS-B,DRIAMS-C,0.13522844,0.091974415
3358,12074.11,False,0.11358355,False,DRIAMS-A|DRIAMS-B,DRIAMS-C,0.1461356,-0.081031494
2099,8297.11,True,0.113537475,False,DRIAMS-A|DRIAMS-B,DRIAMS-C,-0.040725164,-0.1863498
5092,17276.11,True,0.113459684,False,DRIAMS-A|DRIAMS-B,DRIAMS-C,0.113064446,0.11385492
5847,19541.11,False,0.113445655,False,DRIAMS-A|DRIAMS-B,DRIAMS-C,0.13257611,-0.09431519
1427,6281.11,False,0.11344286,False,DRIAMS-A|DRIAMS-B,DRIAMS-C,0.06005392,-0.1668318
4983,16949.11,True,0.11343302,False,DRIAMS-A|DRIAMS-B,DRIAMS-C,0.04290639,0.18395965
4677,16031.11,False,0.11340678,False,DRIAMS-A|DRIAMS-B,DRIAMS-C,0.05185409,-0.17495947
4901,16703.11,False,0.11340351,False,DRIAMS-A|DRIAMS-B,DRIAMS-C,0.12228223,-0.104524784
2903,10709.11,False,0.11339486,False,DRIAMS-A|DRIAMS-B,DRIAMS-C,0.14264718,-0.08414254
1437,6311.11,False,0.11338204,False,DRIAMS-A|DRIAMS-B,DRIAMS-C,-0.16433561,0.06242848
4015,14045.11,False,0.11338177,False,DRIAMS-A|DRIAMS-B,DRIAMS-C,0.1751449,-0.05161865
5260,17780.11,True,0.11336799,False,DRIAMS-A|DRIAMS-B,DRIAMS-C,0.10686056,0.11987542
1775,7325.11,False,0.11335993,False,DRIAMS-A|DRIAMS-B,DRIAMS-C,0.1190947,-0.10762515
762,4286.11,True,0.11333256,False,DRIAMS-A|DRIAMS-B,DRIAMS-C,-0.0019563404,-0.22470878
1815,7445.11,False,0.11330229,False,DRIAMS-A|DRIAMS-B,DRIAMS-C,0.034703564,-0.19190101
4226,14678.11,True,0.11329452,False,DRIAMS-A|DRIAMS-B,DRIAMS-C,0.1483939,0.07819514
326,2978.1099999999997,False,0.11325327,False,DRIAMS-A|DRIAMS-B,DRIAMS-C,0.10191615,-0.1245904
4360,15080.11,True,0.11324215,False,DRIAMS-A|DRIAMS-B,DRIAMS-C,-0.14792879,-0.0785555
3295,11885.11,True,0.11317362,False,DRIAMS-A|DRIAMS-B,DRIAMS-C,0.16179739,0.06454984
3473,12419.11,False,0.11315927,False,DRIAMS-A|DRIAMS-B,DRIAMS-C,0.12897266,-0.09734588
1365,6095.11,True,0.113140956,False,DRIAMS-A|DRIAMS-B,DRIAMS-C,0.2033829,0.022899015
4417,15251.11,True,0.11311263,False,DRIAMS-A|DRIAMS-B,DRIAMS-C,0.008441708,0.21778356
4890,16670.11,False,0.113084316,False,DRIAMS-A|DRIAMS-B,DRIAMS-C,0.15730824,-0.06886039
3198,11594.11,False,0.113068074,False,DRIAMS-A|DRIAMS-B,DRIAMS-C,0.10529973,-0.120836414
3270,11810.11,True,0.11305353,False,DRIAMS-A|DRIAMS-B,DRIAMS-C,0.13144027,0.094666794
3720,13160.11,True,0.11302636,False,DRIAMS-A|DRIAMS-B,DRIAMS-C,0.11276917,0.113283545
5794,19382.11,False,0.11300889,False,DRIAMS-A|DRIAMS-B,DRIAMS-C,0.15331075,-0.072707035
150,2450.1099999999997,False,0.112972006,False,DRIAMS-A|DRIAMS-B,DRIAMS-C,0.1527374,-0.073206626
5701,19103.11,True,0.112932816,False,DRIAMS-A|DRIAMS-B,DRIAMS-C,0.18999591,0.035869718
3965,13895.11,False,0.11283097,False,DRIAMS-A|DRIAMS-B,DRIAMS-C,0.11222572,-0.11343622
5919,19757.11,False,0.112827554,False,DRIAMS-A|DRIAMS-B,DRIAMS-C,0.19186683,-0.033788275
5695,19085.11,True,0.112811886,False,DRIAMS-A|DRIAMS-B,DRIAMS-C,0.12536842,0.100255355
3468,12404.11,False,0.11278285,False,DRIAMS-A|DRIAMS-B,DRIAMS-C,0.11451144,-0.11105427
4409,15227.11,True,0.11275766,False,DRIAMS-A|DRIAMS-B,DRIAMS-C,0.05618088,0.16933444
4512,15536.11,False,0.11273081,False,DRIAMS-A|DRIAMS-B,DRIAMS-C,0.19780429,-0.027657324
2660,9980.11,False,0.112707496,False,DRIAMS-A|DRIAMS-B,DRIAMS-C,0.07466553,-0.15074946
4467,15401.11,True,0.112706944,False,DRIAMS-A|DRIAMS-B,DRIAMS-C,0.11973214,0.10568175
269,2807.1099999999997,False,0.11269929,False,DRIAMS-A|DRIAMS-B,DRIAMS-C,0.0040079094,-0.22139068
413,3239.1099999999997,True,0.112673484,False,DRIAMS-A|DRIAMS-B,DRIAMS-C,-0.1841726,-0.041174363
3301,11903.11,False,0.11266334,False,DRIAMS-A|DRIAMS-B,DRIAMS-C,0.16267481,-0.06265188
3550,12650.11,True,0.11262892,False,DRIAMS-A|DRIAMS-B,DRIAMS-C,0.08819733,0.13706052
484,3452.1099999999997,False,0.11261221,False,DRIAMS-A|DRIAMS-B,DRIAMS-C,0.14804767,-0.07717675
4641,15923.11,False,0.112579495,False,DRIAMS-A|DRIAMS-B,DRIAMS-C,0.13998842,-0.08517056
2759,10277.11,True,0.112574324,False,DRIAMS-A|DRIAMS-B,DRIAMS-C,0.054705806,0.17044285
5790,19370.11,True,0.11253002,False,DRIAMS-A|DRIAMS-B,DRIAMS-C,0.12161715,0.10344289
146,2438.1099999999997,False,0.1125292,False,DRIAMS-A|DRIAMS-B,DRIAMS-C,-0.07462211,0.1504363
5013,17039.11,False,0.112487,False,DRIAMS-A|DRIAMS-B,DRIAMS-C,0.15862143,-0.06635258
4935,16805.11,False,0.11244537,False,DRIAMS-A|DRIAMS-B,DRIAMS-C,0.16832599,-0.056564752
3567,12701.11,True,0.11243105,False,DRIAMS-A|DRIAMS-B,DRIAMS-C,0.058376435,0.16648567
3899,13697.11,True,0.112430625,False,DRIAMS-A|DRIAMS-B,DRIAMS-C,0.09926933,0.12559192
2496,9488.11,True,0.112416275,False,DRIAMS-A|DRIAMS-B,DRIAMS-C,0.10924462,0.11558793
4011,14033.11,True,0.1123991,False,DRIAMS-A|DRIAMS-B,DRIAMS-C,0.18228075,0.04251746
5267,17801.11,False,0.112379126,False,DRIAMS-A|DRIAMS-B,DRIAMS-C,0.1341301,-0.09062815
352,3056.1099999999997,True,0.11237559,False,DRIAMS-A|DRIAMS-B,DRIAMS-C,-0.15876089,-0.06599028
2863,10589.11,False,0.11234249,False,DRIAMS-A|DRIAMS-B,DRIAMS-C,-0.010752255,0.21393272
2317,8951.11,False,0.11233258,False,DRIAMS-A|DRIAMS-B,DRIAMS-C,0.050850045,-0.17381512
3244,11732.11,True,0.112306885,False,DRIAMS-A|DRIAMS-B,DRIAMS-C,0.17275032,0.051863447
5236,17708.11,False,0.11230347,False,DRIAMS-A|DRIAMS-B,DRIAMS-C,0.1481801,-0.07642685
3396,12188.11,False,0.11227057,False,DRIAMS-A|DRIAMS-B,DRIAMS-C,0.19690652,-0.027634626
5702,19106.11,True,0.11225432,False,DRIAMS-A|DRIAMS-B,DRIAMS-C,0.1940159,0.030492738
2833,10499.11,False,0.11224764,False,DRIAMS-A|DRIAMS-B,DRIAMS-C,-0.21250145,0.011993825
415,3245.1099999999997,False,0.11224283,False,DRIAMS-A|DRIAMS-B,DRIAMS-C,0.092687264,-0.1317984
1314,5942.11,True,0.11217201,False,DRIAMS-A|DRIAMS-B,DRIAMS-C,-0.12713309,-0.097210936
3903,13709.11,True,0.112152174,False,DRIAMS-A|DRIAMS-B,DRIAMS-C,0.12319104,0.10111332
4328,14984.11,True,0.11214489,False,DRIAMS-A|DRIAMS-B,DRIAMS-C,0.20754229,0.016747488
4366,15098.11,False,0.112125285,False,DRIAMS-A|DRIAMS-B,DRIAMS-C,-0.087531984,0.13671859
1765,7295.11,True,0.112111226,False,DRIAMS-A|DRIAMS-B,DRIAMS-C,-0.08986152,-0.13436092
3324,11972.11,True,0.11210785,False,DRIAMS-A|DRIAMS-B,DRIAMS-C,0.19975832,0.02445738
3197,11591.11,False,0.11197156,False,DRIAMS-A|DRIAMS-B,DRIAMS-C,0.08984967,-0.13409345
4007,14021.11,False,0.1119649,False,DRIAMS-A|DRIAMS-B,DRIAMS-C,0.124039024,-0.09989077
5157,17471.11,False,0.111925334,False,DRIAMS-A|DRIAMS-B,DRIAMS-C,0.18327501,-0.040575657
347,3041.1099999999997,False,0.11190304,False,DRIAMS-A|DRIAMS-B,DRIAMS-C,0.09724497,-0.12656112
4041,14123.11,False,0.111787006,False,DRIAMS-A|DRIAMS-B,DRIAMS-C,0.06271082,-0.16086319
3134,11402.11,False,0.11170831,False,DRIAMS-A|DRIAMS-B,DRIAMS-C,0.13884282,-0.084573805
4481,15443.11,True,0.111680046,False,DRIAMS-A|DRIAMS-B,DRIAMS-C,0.14541383,0.07794626
87,2261.1099999999997,False,0.111660235,False,DRIAMS-A|DRIAMS-B,DRIAMS-C,-0.1658253,0.057495166
2728,10184.11,True,0.11166,False,DRIAMS-A|DRIAMS-B,DRIAMS-C,-0.1457051,-0.0776149
2320,8960.11,False,0.111650206,False,DRIAMS-A|DRIAMS-B,DRIAMS-C,0.07865602,-0.1446444
5353,18059.11,True,0.11160538,False,DRIAMS-A|DRIAMS-B,DRIAMS-C,0.03963625,0.18357451
1155,5465.11,True,0.11158525,False,DRIAMS-A|DRIAMS-B,DRIAMS-C,-0.09856829,-0.12460221
1762,7286.11,True,0.1115811,False,DRIAMS-A|DRIAMS-B,DRIAMS-C,-0.11892005,-0.10424216
3908,13724.11,False,0.11146379,False,DRIAMS-A|DRIAMS-B,DRIAMS-C,0.20464791,-0.018279677
2877,10631.11,True,0.11135098,False,DRIAMS-A|DRIAMS-B,DRIAMS-C,0.015994243,0.20670773
2425,9275.11,False,0.11134518,False,DRIAMS-A|DRIAMS-B,DRIAMS-C,0.0053648655,-0.2173255
5870,19610.11,False,0.11130875,False,DRIAMS-A|DRIAMS-B,DRIAMS-C,0.15110596,-0.07151156
3846,13538.11,False,0.11124333,False,DRIAMS-A|DRIAMS-B,DRIAMS-C,-0.050218735,0.17226793
4482,15446.11,False,0.111228175,False,DRIAMS-A|DRIAMS-B,DRIAMS-C,0.12033139,-0.10212496
3787,13361.11,False,0.11114656,False,DRIAMS-A|DRIAMS-B,DRIAMS-C,0.15521438,-0.06707874
4584,15752.11,False,0.11113065,False,DRIAMS-A|DRIAMS-B,DRIAMS-C,0.08597635,-0.13628495
1333,5999.11,False,0.1110391,False,DRIAMS-A|DRIAMS-B,DRIAMS-C,0.13638766,-0.085690536
3218,11654.11,False,0.110978365,False,DRIAMS-A|DRIAMS-B,DRIAMS-C,0.09053631,-0.13142042
3235,11705.11,False,0.11096488,False,DRIAMS-A|DRIAMS-B,DRIAMS-C,0.15552317,-0.06640659
5520,18560.11,True,0.11090222,False,DRIAMS-A|DRIAMS-B,DRIAMS-C,0.15548556,0.06631888
647,3941.1099999999997,True,0.11083937,False,DRIAMS-A|DRIAMS-B,DRIAMS-C,-0.099732146,-0.121946596
3938,13814.11,True,0.110838175,False,DRIAMS-A|DRIAMS-B,DRIAMS-C,0.00097315194,0.2207032
3222,11666.11,True,0.110820234,False,DRIAMS-A|DRIAMS-B,DRIAMS-C,0.11786279,0.103777684
1295,5885.11,True,0.110707566,False,DRIAMS-A|DRIAMS-B,DRIAMS-C,-0.05179841,-0.16961671
4961,16883.11,True,0.11069982,False,DRIAMS-A|DRIAMS-B,DRIAMS-C,0.14411336,0.07728627
5246,17738.11,False,0.11063695,False,DRIAMS-A|DRIAMS-B,DRIAMS-C,0.15906276,-0.062211145
3646,12938.11,True,0.110596806,False,DRIAMS-A|DRIAMS-B,DRIAMS-C,0.06832316,0.15287046
963,4889.11,False,0.11056563,False,DRIAMS-A|DRIAMS-B,DRIAMS-C,0.04063024,-0.18050103
272,2816.1099999999997,True,0.11056082,False,DRIAMS-A|DRIAMS-B,DRIAMS-C,-0.109344594,-0.11177705
5830,19490.11,False,0.110541046,False,DRIAMS-A|DRIAMS-B,DRIAMS-C,0.13165522,-0.089426875
4997,16991.11,False,0.11049244,False,DRIAMS-A|DRIAMS-B,DRIAMS-C,0.2105839,-0.010400981
2645,9935.11,False,0.11046457,False,DRIAMS-A|DRIAMS-B,DRIAMS-C,0.09917663,-0.12175252
1139,5417.11,True,0.110446535,False,DRIAMS-A|DRIAMS-B,DRIAMS-C,-0.15829036,-0.06260271
194,2582.1099999999997,True,0.11044643,False,DRIAMS-A|DRIAMS-B,DRIAMS-C,-0.046698973,-0.17419389
5980,19940.11,False,0.110426284,False,DRIAMS-A|DRIAMS-B,DRIAMS-C,0.1671363,-0.053716272
2947,10841.11,False,0.110299826,False,DRIAMS-A|DRIAMS-B,DRIAMS-C,0.029760372,-0.19083928
1635,6905.11,False,0.11028387,False,DRIAMS-A|DRIAMS-B,DRIAMS-C,0.035087608,-0.18548013
4692,16076.11,True,0.1102595,False,DRIAMS-A|DRIAMS-B,DRIAMS-C,-0.06682328,-0.15369573
5691,19073.11,False,0.110206835,False,DRIAMS-A|DRIAMS-B,DRIAMS-C,0.100483865,-0.119929805
294,2882.1099999999997,False,0.11017892,False,DRIAMS-A|DRIAMS-B,DRIAMS-C,-0.08193123,0.1384266
173,2519.1099999999997,True,0.11009737,False,DRIAMS-A|DRIAMS-B,DRIAMS-C,-0.02667691,-0.19351783
4169,14507.11,True,0.110062405,False,DRIAMS-A|DRIAMS-B,DRIAMS-C,-0.14706284,-0.07306197
4416,15248.11,True,0.11004895,False,DRIAMS-A|DRIAMS-B,DRIAMS-C,0.030351732,0.18974617
4536,15608.11,True,0.11002326,False,DRIAMS-A|DRIAMS-B,DRIAMS-C,0.03899146,0.18105507
1754,7262.11,False,0.11001752,False,DRIAMS-A|DRIAMS-B,DRIAMS-C,-0.08615424,0.13388081
4472,15416.11,False,0.10998858,False,DRIAMS-A|DRIAMS-B,DRIAMS-C,0.109143935,-0.11083322
4309,14927.11,True,0.109983936,False,DRIAMS-A|DRIAMS-B,DRIAMS-C,0.19771118,0.022256682
4393,15179.11,True,0.10995667,False,DRIAMS-A|DRIAMS-B,DRIAMS-C,-0.1516642,-0.06824914
5750,19250.11,False,0.10994703,False,DRIAMS-A|DRIAMS-B,DRIAMS-C,0.19712277,-0.022771295
424,3272.1099999999997,True,0.10992895,False,DRIAMS-A|DRIAMS-B,DRIAMS-C,-0.083861105,-0.1359968
1987,7961.11,True,0.109923944,False,DRIAMS-A|DRIAMS-B,DRIAMS-C,-0.040522434,-0.17932545
5839,19517.11,False,0.1098258,False,DRIAMS-A|DRIAMS-B,DRIAMS-C,0.1388626,-0.080789
4197,14591.11,False,0.10981774,False,DRIAMS-A|DRIAMS-B,DRIAMS-C,0.11507845,-0.10455703
3886,13658.11,False,0.10981623,False,DRIAMS-A|DRIAMS-B,DRIAMS-C,0.14211538,-0.07751708
5052,17156.11,True,0.10980139,False,DRIAMS-A|DRIAMS-B,DRIAMS-C,0.16205561,0.057547167
5297,17891.11,False,0.109794304,False,DRIAMS-A|DRIAMS-B,DRIAMS-C,0.14990307,-0.06968554
4630,15890.11,False,0.10979077,False,DRIAMS-A|DRIAMS-B,DRIAMS-C,0.042223983,-0.17735755
4493,15479.11,False,0.109765306,False,DRIAMS-A|DRIAMS-B,DRIAMS-C,0.02366004,-0.19587058
699,4097.11,False,0.10973442,False,DRIAMS-A|DRIAMS-B,DRIAMS-C,0.021978786,-0.19749007
2945,10835.11,False,0.10972397,False,DRIAMS-A|DRIAMS-B,DRIAMS-C,0.0050519607,-0.21439599
4146,14438.11,True,0.10970993,False,DRIAMS-A|DRIAMS-B,DRIAMS-C,0.11030898,0.10911088
543,3629.1099999999997,False,0.109658495,False,DRIAMS-A|DRIAMS-B,DRIAMS-C,0.021077823,-0.19823916
2242,8726.11,False,0.10964807,False,DRIAMS-A|DRIAMS-B,DRIAMS-C,0.19240387,-0.02689228
3040,11120.11,True,0.10964513,False,DRIAMS-A|DRIAMS-B,DRIAMS-C,0.11709458,0.10219568
3050,11150.11,False,0.10959531,False,DRIAMS-A|DRIAMS-B,DRIAMS-C,-0.12768419,0.09150643
3437,12311.11,False,0.10958031,False,DRIAMS-A|DRIAMS-B,DRIAMS-C,0.15655038,-0.06261024
482,3446.1099999999997,True,0.10955147,False,DRIAMS-A|DRIAMS-B,DRIAMS-C,-0.0018989176,-0.21720402
3230,11690.11,False,0.10947921,False,DRIAMS-A|DRIAMS-B,DRIAMS-C,0.15557687,-0.06338155
5022,17066.11,False,0.10945809,False,DRIAMS-A|DRIAMS-B,DRIAMS-C,0.19198424,-0.026931943
1376,6128.11,True,0.10939719,False,DRIAMS-A|DRIAMS-B,DRIAMS-C,0.019008096,0.19978628
4843,16529.11,True,0.10939054,False,DRIAMS-A|DRIAMS-B,DRIAMS-C,0.17650455,0.042276535
4700,16100.11,False,0.1093714,False,DRIAMS-A|DRIAMS-B,DRIAMS-C,0.01881479,-0.19992802
4061,14183.11,True,0.109304965,False,DRIAMS-A|DRIAMS-B,DRIAMS-C,0.17900205,0.039607882
3297,11891.11,True,0.10928531,False,DRIAMS-A|DRIAMS-B,DRIAMS-C,0.16789655,0.050674062
5280,17840.11,False,0.10927716,False,DRIAMS-A|DRIAMS-B,DRIAMS-C,0.18272328,-0.03583103
3939,13817.11,True,0.10919705,False,DRIAMS-A|DRIAMS-B,DRIAMS-C,0.0578124,0.16058171
5192,17576.11,True,0.109168425,False,DRIAMS-A|DRIAMS-B,DRIAMS-C,0.2123262,0.0060106474
2748,10244.11,True,0.10915461,False,DRIAMS-A|DRIAMS-B,DRIAMS-C,0.21322991,0.005079316
5285,17855.11,True,0.10914674,False,DRIAMS-A|DRIAMS-B,DRIAMS-C,0.08056131,0.13773216
143,2429.1099999999997,False,0.10913172,False,DRIAMS-A|DRIAMS-B,DRIAMS-C,0.06536661,-0.15289684
3206,11618.11,True,0.109090924,False,DRIAMS-A|DRIAMS-B,DRIAMS-C,0.14507507,0.07310677
1769,7307.11,True,0.10904818,False,DRIAMS-A|DRIAMS-B,DRIAMS-C,-0.00038177997,-0.21771458
2404,9212.11,False,0.10897989,False,DRIAMS-A|DRIAMS-B,DRIAMS-C,-0.0244265,0.19353327
3316,11948.11,True,0.10897821,False,DRIAMS-A|DRIAMS-B,DRIAMS-C,0.0969299,0.12102652
2171,8513.11,False,0.10896774,False,DRIAMS-A|DRIAMS-B,DRIAMS-C,0.079649575,-0.13828589
919,4757.11,False,0.10894553,False,DRIAMS-A|DRIAMS-B,DRIAMS-C,0.058813043,-0.15907802
2886,10658.11,False,0.10884261,False,DRIAMS-A|DRIAMS-B,DRIAMS-C,0.06715151,-0.15053372
1275,5825.11,True,0.10880169,False,DRIAMS-A|DRIAMS-B,DRIAMS-C,0.012988307,0.20461509
5171,17513.11,False,0.108766034,False,DRIAMS-A|DRIAMS-B,DRIAMS-C,0.11255727,-0.10497481
1235,5705.11,True,0.108759694,False,DRIAMS-A|DRIAMS-B,DRIAMS-C,0.0055137286,0.21200566
2514,9542.11,False,0.1087497,False,DRIAMS-A|DRIAMS-B,DRIAMS-C,0.1096294,-0.10787
3535,12605.11,False,0.108735316,False,DRIAMS-A|DRIAMS-B,DRIAMS-C,-0.1255589,0.09191173
4012,14036.11,False,0.10871382,False,DRIAMS-A|DRIAMS-B,DRIAMS-C,0.1861771,-0.03125053
5198,17594.11,False,0.10869965,False,DRIAMS-A|DRIAMS-B,DRIAMS-C,0.030412924,-0.18698637
4317,14951.11,True,0.10866588,False,DRIAMS-A|DRIAMS-B,DRIAMS-C,0.06755015,0.14978161
1226,5678.11,False,0.10866076,False,DRIAMS-A|DRIAMS-B,DRIAMS-C,-0.03350729,0.18381423
5878,19634.11,False,0.10865644,False,DRIAMS-A|DRIAMS-B,DRIAMS-C,0.110180356,-0.10713253
3153,11459.11,False,0.108652845,False,DRIAMS-A|DRIAMS-B,DRIAMS-C,-0.11263869,0.10466701
5704,19112.11,True,0.108644664,False,DRIAMS-A|DRIAMS-B,DRIAMS-C,0.16278449,0.05450484
343,3029.1099999999997,False,0.108592,False,DRIAMS-A|DRIAMS-B,DRIAMS-C,0.038895234,-0.17828877
4312,14936.11,False,0.108587414,False,DRIAMS-A|DRIAMS-B,DRIAMS-C,0.13711557,-0.08005927
2122,8366.11,False,0.10852845,False,DRIAMS-A|DRIAMS-B,DRIAMS-C,0.076942384,-0.14011452
2548,9644.11,True,0.10844143,False,DRIAMS-A|DRIAMS-B,DRIAMS-C,-0.097760595,-0.11912225
4876,16628.11,False,0.108409524,False,DRIAMS-A|DRIAMS-B,DRIAMS-C,0.118644506,-0.09817454
1858,7574.11,False,0.10838629,False,DRIAMS-A|DRIAMS-B,DRIAMS-C,-0.19285844,0.023914142
344,3032.1099999999997,False,0.108385675,False,DRIAMS-A|DRIAMS-B,DRIAMS-C,0.02665721,-0.19011414
3062,11186.11,False,0.1083796,False,DRIAMS-A|DRIAMS-B,DRIAMS-C,0.18889986,-0.027859343
5465,18395.11,False,0.10837518,False,DRIAMS-A|DRIAMS-B,DRIAMS-C,0.14057261,-0.07617775
5936,19808.11,False,0.10825836,False,DRIAMS-A|DRIAMS-B,DRIAMS-C,0.11523026,-0.101286456
709,4127.11,True,0.10822992,False,DRIAMS-A|DRIAMS-B,DRIAMS-C,0.030260986,0.18619886
735,4205.11,True,0.10817255,False,DRIAMS-A|DRIAMS-B,DRIAMS-C,0.04610253,0.17024258
3756,13268.11,False,0.10814759,False,DRIAMS-A|DRIAMS-B,DRIAMS-C,0.059801262,-0.15649392
5508,18524.11,True,0.10814642,False,DRIAMS-A|DRIAMS-B,DRIAMS-C,0.08508107,0.13121177
4943,16829.11,True,0.108126394,False,DRIAMS-A|DRIAMS-B,DRIAMS-C,0.21373728,0.002515511
2810,10430.11,False,0.10805157,False,DRIAMS-A|DRIAMS-B,DRIAMS-C,0.12443589,-0.09166725
4930,16790.11,True,0.10805076,False,DRIAMS-A|DRIAMS-B,DRIAMS-C,0.15687548,0.059226055
5931,19793.11,False,0.10802469,False,DRIAMS-A|DRIAMS-B,DRIAMS-C,0.13973983,-0.07630955
5202,17606.11,False,0.107983634,False,DRIAMS-A|DRIAMS-B,DRIAMS-C,0.11929433,-0.09667293
4791,16373.11,True,0.10792886,False,DRIAMS-A|DRIAMS-B,DRIAMS-C,0.15613958,0.05971814
3741,13223.11,False,0.107910335,False,DRIAMS-A|DRIAMS-B,DRIAMS-C,0.15061717,-0.065203495
645,3935.1099999999997,False,0.10790954,False,DRIAMS-A|DRIAMS-B,DRIAMS-C,0.10171237,-0.11410671
962,4886.11,False,0.10785703,False,DRIAMS-A|DRIAMS-B,DRIAMS-C,0.003648182,-0.21206589
4387,15161.11,False,0.10784189,False,DRIAMS-A|DRIAMS-B,DRIAMS-C,-0.15627964,0.05940413
427,3281.1099999999997,False,0.107761934,False,DRIAMS-A|DRIAMS-B,DRIAMS-C,-0.17299971,0.04252416
3684,13052.11,False,0.10762638,False,DRIAMS-A|DRIAMS-B,DRIAMS-C,0.17213066,-0.043122098
4574,15722.11,False,0.10761887,False,DRIAMS-A|DRIAMS-B,DRIAMS-C,0.07770514,-0.1375326
2079,8237.11,False,0.10753304,False,DRIAMS-A|DRIAMS-B,DRIAMS-C,-0.12366691,0.09139917
2920,10760.11,True,0.107522845,False,DRIAMS-A|DRIAMS-B,DRIAMS-C,0.1929892,0.022056486
882,4646.11,False,0.107491806,False,DRIAMS-A|DRIAMS-B,DRIAMS-C,0.179224,-0.035759613
4963,16889.11,True,0.10743995,False,DRIAMS-A|DRIAMS-B,DRIAMS-C,0.12052913,0.09435076
4979,16937.11,False,0.107410766,False,DRIAMS-A|DRIAMS-B,DRIAMS-C,0.19223092,-0.022590602
2523,9569.11,True,0.10737529,False,DRIAMS-A|DRIAMS-B,DRIAMS-C,0.073181346,0.14156923
162,2486.1099999999997,True,0.10735525,False,DRIAMS-A|DRIAMS-B,DRIAMS-C,0.0929549,0.12175561
2832,10496.11,False,0.107324645,False,DRIAMS-A|DRIAMS-B,DRIAMS-C,-0.20301373,0.011635562
233,2699.1099999999997,False,0.107253075,False,DRIAMS-A|DRIAMS-B,DRIAMS-C,-0.17650273,0.038003422
5200,17600.11,False,0.10723438,False,DRIAMS-A|DRIAMS-B,DRIAMS-C,0.12904966,-0.0854191
598,3794.1099999999997,False,0.107212916,False,DRIAMS-A|DRIAMS-B,DRIAMS-C,-0.20223255,0.012193282
4576,15728.11,True,0.10720542,False,DRIAMS-A|DRIAMS-B,DRIAMS-C,0.07414039,0.14027044
5810,19430.11,False,0.10713469,False,DRIAMS-A|DRIAMS-B,DRIAMS-C,0.117504396,-0.09676499
158,2474.1099999999997,False,0.107121825,False,DRIAMS-A|DRIAMS-B,DRIAMS-C,-0.05969471,0.15454894
2266,8798.11,False,0.10708713,False,DRIAMS-A|DRIAMS-B,DRIAMS-C,0.18966676,-0.024507493
3461,12383.11,False,0.10706305,False,DRIAMS-A|DRIAMS-B,DRIAMS-C,0.11292559,-0.101200506
49,2147.1099999999997,False,0.10705977,False,DRIAMS-A|DRIAMS-B,DRIAMS-C,-0.10620891,0.107910626
5660,18980.11,False,0.107019365,False,DRIAMS-A|DRIAMS-B,DRIAMS-C,0.13055636,-0.08348237
2165,8495.11,False,0.10701853,False,DRIAMS-A|DRIAMS-B,DRIAMS-C,0.104775384,-0.10926168
142,2426.1099999999997,True,0.107003614,False,DRIAMS-A|DRIAMS-B,DRIAMS-C,0.09107082,0.1229364
808,4424.11,False,0.10698859,False,DRIAMS-A|DRIAMS-B,DRIAMS-C,-0.054332364,0.15964481
186,2558.1099999999997,False,0.1069728,False,DRIAMS-A|DRIAMS-B,DRIAMS-C,0.18137655,-0.03256905
5276,17828.11,False,0.10696802,False,DRIAMS-A|DRIAMS-B,DRIAMS-C,0.12568033,-0.08825572
2243,8729.11,False,0.10693797,False,DRIAMS-A|DRIAMS-B,DRIAMS-C,0.21079776,-0.0030781818
2654,9962.11,True,0.10692764,False,DRIAMS-A|DRIAMS-B,DRIAMS-C,0.19308037,0.020774916
4190,14570.11,False,0.106925555,False,DRIAMS-A|DRIAMS-B,DRIAMS-C,0.21273085,-0.0011202529
1971,7913.11,True,0.10691285,False,DRIAMS-A|DRIAMS-B,DRIAMS-C,0.15538594,0.05843976
1290,5870.11,True,0.10687074,False,DRIAMS-A|DRIAMS-B,DRIAMS-C,-0.005248789,-0.2084927
489,3467.1099999999997,True,0.10684233,False,DRIAMS-A|DRIAMS-B,DRIAMS-C,-0.08600339,-0.12768127
4079,14237.11,False,0.10682606,False,DRIAMS-A|DRIAMS-B,DRIAMS-C,0.16426884,-0.04938328
5071,17213.11,False,0.10679478,False,DRIAMS-A|DRIAMS-B,DRIAMS-C,0.16825326,-0.04533631
5176,17528.11,True,0.1067923,False,DRIAMS-A|DRIAMS-B,DRIAMS-C,0.09815801,0.11542659
125,2375.1099999999997,True,0.106742084,False,DRIAMS-A|DRIAMS-B,DRIAMS-C,-0.035662938,-0.17782123
37,2111.1099999999997,False,0.10674022,False,DRIAMS-A|DRIAMS-B,DRIAMS-C,0.10243811,-0.11104233
2001,8003.11,False,0.106654,False,DRIAMS-A|DRIAMS-B,DRIAMS-C,0.06616474,-0.14714326
2959,10877.11,False,0.10665291,False,DRIAMS-A|DRIAMS-B,DRIAMS-C,0.15103309,-0.062272727
5027,17081.11,False,0.106630966,False,DRIAMS-A|DRIAMS-B,DRIAMS-C,0.14216477,-0.07109717
3752,13256.11,True,0.106579706,False,DRIAMS-A|DRIAMS-B,DRIAMS-C,0.11878909,0.09437033
1042,5126.11,True,0.10643485,False,DRIAMS-A|DRIAMS-B,DRIAMS-C,-0.08416603,-0.12870368
5149,17447.11,False,0.1063901,False,DRIAMS-A|DRIAMS-B,DRIAMS-C,0.12280779,-0.089972414
5856,19568.11,True,0.10637385,False,DRIAMS-A|DRIAMS-B,DRIAMS-C,0.19082113,0.02192656
5172,17516.11,False,0.10636203,False,DRIAMS-A|DRIAMS-B,DRIAMS-C,0.14012069,-0.07260337
4936,16808.11,False,0.106311835,False,DRIAMS-A|DRIAMS-B,DRIAMS-C,0.16638567,-0.046238
2246,8738.11,True,0.1061531,False,DRIAMS-A|DRIAMS-B,DRIAMS-C,0.1366593,0.075646915
5570,18710.11,False,0.10604888,False,DRIAMS-A|DRIAMS-B,DRIAMS-C,0.18400773,-0.028090028
5279,17837.11,True,0.10604875,False,DRIAMS-A|DRIAMS-B,DRIAMS-C,0.17800193,0.034095574
2845,10535.11,False,0.10599697,False,DRIAMS-A|DRIAMS-B,DRIAMS-C,0.06665529,-0.14533864
5623,18869.11,True,0.10599561,False,DRIAMS-A|DRIAMS-B,DRIAMS-C,0.13846831,0.0735229
941,4823.11,False,0.10598869,False,DRIAMS-A|DRIAMS-B,DRIAMS-C,0.04441223,-0.16756515
2360,9080.11,False,0.10587586,False,DRIAMS-A|DRIAMS-B,DRIAMS-C,0.16147992,-0.050271794
1196,5588.11,False,0.105849,False,DRIAMS-A|DRIAMS-B,DRIAMS-C,-0.030212482,0.18148552
1008,5024.11,False,0.10583529,False,DRIAMS-A|DRIAMS-B,DRIAMS-C,0.060508188,-0.15116239
654,3962.1099999999997,False,0.10583492,False,DRIAMS-A|DRIAMS-B,DRIAMS-C,-0.04884978,0.16282007
2330,8990.11,False,0.10581933,False,DRIAMS-A|DRIAMS-B,DRIAMS-C,-0.024878904,0.18675976
2098,8294.11,False,0.10571352,False,DRIAMS-A|DRIAMS-B,DRIAMS-C,-0.049362976,0.16206406
5494,18482.11,False,0.10568744,False,DRIAMS-A|DRIAMS-B,DRIAMS-C,0.20695119,-0.0044236854
1319,5957.11,False,0.10567409,False,DRIAMS-A|DRIAMS-B,DRIAMS-C,0.017456874,-0.1938913
956,4868.11,True,0.10565755,False,DRIAMS-A|DRIAMS-B,DRIAMS-C,-0.07264535,-0.13866974
1688,7064.11,False,0.10561875,False,DRIAMS-A|DRIAMS-B,DRIAMS-C,0.047417223,-0.16382028
4085,14255.11,False,0.1056179,False,DRIAMS-A|DRIAMS-B,DRIAMS-C,0.13281144,-0.078424364
3286,11858.11,False,0.10556382,False,DRIAMS-A|DRIAMS-B,DRIAMS-C,0.076218136,-0.1349095
5190,17570.11,False,0.105538666,False,DRIAMS-A|DRIAMS-B,DRIAMS-C,0.19843051,-0.012646818
4152,14456.11,True,0.10550475,False,DRIAMS-A|DRIAMS-B,DRIAMS-C,0.04709612,0.16391338
2546,9638.11,True,0.10543534,False,DRIAMS-A|DRIAMS-B,DRIAMS-C,-0.10203508,-0.10883559
5367,18101.11,False,0.1054229,False,DRIAMS-A|DRIAMS-B,DRIAMS-C,0.14523631,-0.065609485
4445,15335.11,False,0.10536662,False,DRIAMS-A|DRIAMS-B,DRIAMS-C,0.10827409,-0.10245915
4508,15524.11,False,0.10535383,False,DRIAMS-A|DRIAMS-B,DRIAMS-C,0.17495465,-0.035753015
5026,17078.11,False,0.10533414,False,DRIAMS-A|DRIAMS-B,DRIAMS-C,0.15441523,-0.05625305
2902,10706.11,False,0.10533064,False,DRIAMS-A|DRIAMS-B,DRIAMS-C,0.18480946,-0.025851816
5121,17363.11,True,0.105317935,False,DRIAMS-A|DRIAMS-B,DRIAMS-C,0.14578494,0.064850934
1634,6902.11,False,0.10530381,False,DRIAMS-A|DRIAMS-B,DRIAMS-C,0.025133817,-0.1854738
2838,10514.11,False,0.105282515,False,DRIAMS-A|DRIAMS-B,DRIAMS-C,-0.12667413,0.08389091
4919,16757.11,False,0.105255306,False,DRIAMS-A|DRIAMS-B,DRIAMS-C,0.10727965,-0.10323095
5139,17417.11,True,0.10519769,False,DRIAMS-A|DRIAMS-B,DRIAMS-C,0.09736044,0.11303494
2107,8321.11,False,0.105052516,False,DRIAMS-A|DRIAMS-B,DRIAMS-C,0.09620347,-0.11390157
4076,14228.11,False,0.10498502,False,DRIAMS-A|DRIAMS-B,DRIAMS-C,0.19107208,-0.01889797
3502,12506.11,True,0.10497133,False,DRIAMS-A|DRIAMS-B,DRIAMS-C,0.07366845,0.1362742
3478,12434.11,True,0.10494332,False,DRIAMS-A|DRIAMS-B,DRIAMS-C,0.09266803,0.11721862
1525,6575.11,True,0.10481336,False,DRIAMS-A|DRIAMS-B,DRIAMS-C,-0.01922465,-0.19040208
2052,8156.11,True,0.1047849,False,DRIAMS-A|DRIAMS-B,DRIAMS-C,-0.19624716,-0.013322641
4362,15086.11,True,0.10477602,False,DRIAMS-A|DRIAMS-B,DRIAMS-C,-0.14848357,-0.061068464
2193,8579.11,False,0.10471862,False,DRIAMS-A|DRIAMS-B,DRIAMS-C,0.077756256,-0.13168098
5320,17960.11,False,0.10462961,False,DRIAMS-A|DRIAMS-B,DRIAMS-C,0.18695351,-0.022305708
5971,19913.11,False,0.10461225,False,DRIAMS-A|DRIAMS-B,DRIAMS-C,0.081922665,-0.12730184
4408,15224.11,False,0.10459399,False,DRIAMS-A|DRIAMS-B,DRIAMS-C,0.036624722,-0.17256327
1640,6920.11,False,0.104526475,False,DRIAMS-A|DRIAMS-B,DRIAMS-C,0.18743049,-0.021622458
2350,9050.11,True,0.104509495,False,DRIAMS-A|DRIAMS-B,DRIAMS-C,0.17556906,0.033449937
3061,11183.11,True,0.10441345,False,DRIAMS-A|DRIAMS-B,DRIAMS-C,0.18993661,0.01889029
644,3932.1099999999997,False,0.10436742,False,DRIAMS-A|DRIAMS-B,DRIAMS-C,0.16417207,-0.044562764
2313,8939.11,False,0.104347,False,DRIAMS-A|DRIAMS-B,DRIAMS-C,0.0119236875,-0.19677031
5985,19955.11,True,0.10433608,False,DRIAMS-A|DRIAMS-B,DRIAMS-C,0.116529256,0.09214291
4752,16256.11,True,0.10429354,False,DRIAMS-A|DRIAMS-B,DRIAMS-C,0.12183761,0.08674948
5151,17453.11,True,0.104268655,False,DRIAMS-A|DRIAMS-B,DRIAMS-C,0.13293947,0.075597845
5368,18104.11,True,0.1042349,False,DRIAMS-A|DRIAMS-B,DRIAMS-C,0.18596339,0.022506397
2234,8702.11,False,0.10422238,False,DRIAMS-A|DRIAMS-B,DRIAMS-C,0.06300375,-0.14544101
4891,16673.11,False,0.10420864,False,DRIAMS-A|DRIAMS-B,DRIAMS-C,0.1675153,-0.040901992
1329,5987.11,False,0.10420546,False,DRIAMS-A|DRIAMS-B,DRIAMS-C,0.08866447,-0.119746454
292,2876.1099999999997,True,0.10409977,False,DRIAMS-A|DRIAMS-B,DRIAMS-C,-0.012432772,-0.19576678
5091,17273.11,True,0.10388387,False,DRIAMS-A|DRIAMS-B,DRIAMS-C,0.111754805,0.096012935
1855,7565.11,True,0.10387596,False,DRIAMS-A|DRIAMS-B,DRIAMS-C,0.024628052,0.18312386
4832,16496.11,False,0.10385807,False,DRIAMS-A|DRIAMS-B,DRIAMS-C,0.13275537,-0.074960776
728,4184.11,True,0.10375574,False,DRIAMS-A|DRIAMS-B,DRIAMS-C,0.15627967,0.051231816
1883,7649.11,True,0.10374224,False,DRIAMS-A|DRIAMS-B,DRIAMS-C,0.08687765,0.12060683
2327,8981.11,False,0.10371934,False,DRIAMS-A|DRIAMS-B,DRIAMS-C,0.02259518,-0.1848435
525,3575.1099999999997,True,0.10370098,False,DRIAMS-A|DRIAMS-B,DRIAMS-C,0.10411575,0.10328622
3075,11225.11,True,0.10369829,False,DRIAMS-A|DRIAMS-B,DRIAMS-C,0.039641604,0.16775498
1926,7778.11,True,0.10366106,False,DRIAMS-A|DRIAMS-B,DRIAMS-C,-0.095601924,-0.1117202
1103,5309.11,True,0.10364477,False,DRIAMS-A|DRIAMS-B,DRIAMS-C,-0.057774696,-0.14951485
3661,12983.11,False,0.103572205,False,DRIAMS-A|DRIAMS-B,DRIAMS-C,0.09529437,-0.111850046
2192,8576.11,False,0.10357078,False,DRIAMS-A|DRIAMS-B,DRIAMS-C,0.009560008,-0.19758156
5488,18464.11,False,0.103539094,False,DRIAMS-A|DRIAMS-B,DRIAMS-C,0.14209755,-0.06498065
5023,17069.11,True,0.10348591,False,DRIAMS-A|DRIAMS-B,DRIAMS-C,0.20114109,0.005830737
2998,10994.11,True,0.10346675,False,DRIAMS-A|DRIAMS-B,DRIAMS-C,0.07073024,0.13620326
5006,17018.11,False,0.10346191,False,DRIAMS-A|DRIAMS-B,DRIAMS-C,0.12921692,-0.07770688
5362,18086.11,True,0.10345839,False,DRIAMS-A|DRIAMS-B,DRIAMS-C,0.16218807,0.044728715
1824,7472.11,False,0.103445634,False,DRIAMS-A|DRIAMS-B,DRIAMS-C,0.12889269,-0.07799857
5796,19388.11,False,0.10343303,False,DRIAMS-A|DRIAMS-B,DRIAMS-C,0.14831582,-0.058550242
1246,5738.11,False,0.10336005,False,DRIAMS-A|DRIAMS-B,DRIAMS-C,-0.09148305,0.11523705
1611,6833.11,True,0.10334815,False,DRIAMS-A|DRIAMS-B,DRIAMS-C,0.07260334,0.13409297
1367,6101.11,True,0.10324286,False,DRIAMS-A|DRIAMS-B,DRIAMS-C,0.12664486,0.07984085
1118,5354.11,True,0.10322368,False,DRIAMS-A|DRIAMS-B,DRIAMS-C,0.17517333,0.031274036
4680,16040.11,False,0.10321972,False,DRIAMS-A|DRIAMS-B,DRIAMS-C,0.13548218,-0.070957266
4706,16118.11,False,0.103190504,False,DRIAMS-A|DRIAMS-B,DRIAMS-C,0.07818207,-0.12819894
5602,18806.11,False,0.103131786,False,DRIAMS-A|DRIAMS-B,DRIAMS-C,0.12885372,-0.077409856
4269,14807.11,False,0.10312558,False,DRIAMS-A|DRIAMS-B,DRIAMS-C,0.15162863,-0.05462253
5440,18320.11,False,0.10309599,False,DRIAMS-A|DRIAMS-B,DRIAMS-C,0.15442926,-0.051762726
4506,15518.11,False,0.103071064,False,DRIAMS-A|DRIAMS-B,DRIAMS-C,0.14591435,-0.060227785
4809,16427.11,True,0.10297871,False,DRIAMS-A|DRIAMS-B,DRIAMS-C,0.115570866,0.09038654
4240,14720.11,True,0.10296837,False,DRIAMS-A|DRIAMS-B,DRIAMS-C,0.13350806,0.07242869
1864,7592.11,False,0.10292983,False,DRIAMS-A|DRIAMS-B,DRIAMS-C,-0.19527249,0.010587172
1243,5729.11,True,0.10289938,False,DRIAMS-A|DRIAMS-B,DRIAMS-C,-0.14597936,-0.0598194
5916,19748.11,False,0.102857225,False,DRIAMS-A|DRIAMS-B,DRIAMS-C,0.16588515,-0.039829295
5853,19559.11,True,0.10281396,False,DRIAMS-A|DRIAMS-B,DRIAMS-C,0.19113733,0.014490586
2123,8369.11,True,0.10280217,False,DRIAMS-A|DRIAMS-B,DRIAMS-C,0.05331094,0.1522934
5083,17249.11,False,0.10269661,False,DRIAMS-A|DRIAMS-B,DRIAMS-C,0.18584839,-0.019544844
1125,5375.11,False,0.10267689,False,DRIAMS-A|DRIAMS-B,DRIAMS-C,-0.0045424635,0.20081131
5182,17546.11,False,0.102601014,False,DRIAMS-A|DRIAMS-B,DRIAMS-C,0.17824143,-0.026960596
4043,14129.11,True,0.102568276,False,DRIAMS-A|DRIAMS-B,DRIAMS-C,0.14793758,0.05719897
5910,19730.11,False,0.10249862,False,DRIAMS-A|DRIAMS-B,DRIAMS-C,0.12561043,-0.07938681
4542,15626.11,False,0.10239371,False,DRIAMS-A|DRIAMS-B,DRIAMS-C,0.1761975,-0.028589914
2003,8009.11,False,0.10238284,False,DRIAMS-A|DRIAMS-B,DRIAMS-C,0.051010128,-0.15375555
4306,14918.11,False,0.102342464,False,DRIAMS-A|DRIAMS-B,DRIAMS-C,0.18019332,-0.02449161
4125,14375.11,False,0.102244556,False,DRIAMS-A|DRIAMS-B,DRIAMS-C,0.12627836,-0.078210756
3160,11480.11,True,0.10218902,False,DRIAMS-A|DRIAMS-B,DRIAMS-C,0.17130512,0.03307292
2485,9455.11,False,0.102121845,False,DRIAMS-A|DRIAMS-B,DRIAMS-C,0.073187105,-0.13105658
4717,16151.11,False,0.10210674,False,DRIAMS-A|DRIAMS-B,DRIAMS-C,0.16808592,-0.036127567
4605,15815.11,False,0.10203734,False,DRIAMS-A|DRIAMS-B,DRIAMS-C,0.094977625,-0.109097056
153,2459.1099999999997,False,0.10199895,False,DRIAMS-A|DRIAMS-B,DRIAMS-C,0.09902711,-0.10497078
4573,15719.11,True,0.101998866,False,DRIAMS-A|DRIAMS-B,DRIAMS-C,0.14674757,0.057250164
5605,18815.11,False,0.10199739,False,DRIAMS-A|DRIAMS-B,DRIAMS-C,0.091329634,-0.11266515
2637,9911.11,True,0.10199489,False,DRIAMS-A|DRIAMS-B,DRIAMS-C,0.009679133,0.19431064
257,2771.1099999999997,True,0.10198203,False,DRIAMS-A|DRIAMS-B,DRIAMS-C,-0.17229322,-0.031670846
2668,10004.11,False,0.10194031,False,DRIAMS-A|DRIAMS-B,DRIAMS-C,0.03684233,-0.16703829
520,3560.1099999999997,True,0.101884805,False,DRIAMS-A|DRIAMS-B,DRIAMS-C,-0.016273055,-0.18749656
3711,13133.11,True,0.10187318,False,DRIAMS-A|DRIAMS-B,DRIAMS-C,-0.030691009,-0.17305535
3377,12131.11,True,0.10170146,False,DRIAMS-A|DRIAMS-B,DRIAMS-C,0.17501917,0.028383743
4982,16946.11,True,0.10169076,False,DRIAMS-A|DRIAMS-B,DRIAMS-C,0.13586749,0.06751403
984,4952.11,False,0.101645805,False,DRIAMS-A|DRIAMS-B,DRIAMS-C,-0.16567001,0.037621602
5560,18680.11,False,0.10163312,False,DRIAMS-A|DRIAMS-B,DRIAMS-C,0.14480613,-0.05846011
961,4883.11,True,0.10160923,False,DRIAMS-A|DRIAMS-B,DRIAMS-C,-0.05235999,-0.15085846
3403,12209.11,False,0.10157008,False,DRIAMS-A|DRIAMS-B,DRIAMS-C,0.16943522,-0.03370494
1303,5909.11,True,0.101540655,False,DRIAMS-A|DRIAMS-B,DRIAMS-C,0.13589326,0.06718805
2429,9287.11,True,0.1015387,False,DRIAMS-A|DRIAMS-B,DRIAMS-C,-0.063717045,-0.13936035
1782,7346.11,False,0.10152644,False,DRIAMS-A|DRIAMS-B,DRIAMS-C,-0.027003156,0.17604972
2516,9548.11,True,0.10149396,False,DRIAMS-A|DRIAMS-B,DRIAMS-C,0.14939803,0.05358989
197,2591.1099999999997,False,0.101489335,False,DRIAMS-A|DRIAMS-B,DRIAMS-C,-0.11505217,0.08792649
5262,17786.11,False,0.101483054,False,DRIAMS-A|DRIAMS-B,DRIAMS-C,0.11091316,-0.09205295
662,3986.1099999999997,False,0.10147505,False,DRIAMS-A|DRIAMS-B,DRIAMS-C,0.1845366,-0.0184135
4867,16601.11,True,0.10143949,False,DRIAMS-A|DRIAMS-B,DRIAMS-C,0.11794847,0.08493052
670,4010.1099999999997,True,0.1014178,False,DRIAMS-A|DRIAMS-B,DRIAMS-C,0.16605908,0.03677653
1704,7112.11,True,0.101412736,False,DRIAMS-A|DRIAMS-B,DRIAMS-C,0.026902884,0.17592259
1496,6488.11,True,0.10137509,False,DRIAMS-A|DRIAMS-B,DRIAMS-C,-0.11649707,-0.086253114
607,3821.1099999999997,True,0.10130293,False,DRIAMS-A|DRIAMS-B,DRIAMS-C,0.18388604,0.018719817
2912,10736.11,False,0.101270586,False,DRIAMS-A|DRIAMS-B,DRIAMS-C,0.099425316,-0.103115864
1980,7940.11,True,0.10116944,False,DRIAMS-A|DRIAMS-B,DRIAMS-C,-0.06703814,-0.13530074
4364,15092.11,True,0.10104841,False,DRIAMS-A|DRIAMS-B,DRIAMS-C,-0.112054355,-0.090042464
4453,15359.11,True,0.10093471,False,DRIAMS-A|DRIAMS-B,DRIAMS-C,0.090600245,0.11126917
1193,5579.11,False,0.10089787,False,DRIAMS-A|DRIAMS-B,DRIAMS-C,0.17615736,-0.025638392
188,2564.1099999999997,True,0.10083802,False,DRIAMS-A|DRIAMS-B,DRIAMS-C,0.15354064,0.048135407
2840,10520.11,False,0.10078592,False,DRIAMS-A|DRIAMS-B,DRIAMS-C,-0.054586265,0.14698558
160,2480.1099999999997,False,0.100776464,False,DRIAMS-A|DRIAMS-B,DRIAMS-C,0.08515798,-0.11639494
4359,15077.11,True,0.100755975,False,DRIAMS-A|DRIAMS-B,DRIAMS-C,-0.14543886,-0.056073084
4221,14663.11,False,0.100689165,False,DRIAMS-A|DRIAMS-B,DRIAMS-C,0.16447157,-0.036906768
4228,14684.11,True,0.10067316,False,DRIAMS-A|DRIAMS-B,DRIAMS-C,0.13272414,0.06862219
1945,7835.11,True,0.1005897,False,DRIAMS-A|DRIAMS-B,DRIAMS-C,0.12057117,0.080608234
4698,16094.11,True,0.10058923,False,DRIAMS-A|DRIAMS-B,DRIAMS-C,-0.0010533402,-0.20012513
293,2879.1099999999997,True,0.10056049,False,DRIAMS-A|DRIAMS-B,DRIAMS-C,-0.03195262,-0.16916835
5972,19916.11,False,0.1004824,False,DRIAMS-A|DRIAMS-B,DRIAMS-C,0.16729029,-0.033674512
1271,5813.11,False,0.100477576,False,DRIAMS-A|DRIAMS-B,DRIAMS-C,0.020914925,-0.18004023
3448,12344.11,False,0.10045245,False,DRIAMS-A|DRIAMS-B,DRIAMS-C,0.111584164,-0.089320734
3683,13049.11,True,0.10038702,False,DRIAMS-A|DRIAMS-B,DRIAMS-C,0.15456843,0.046205614
5657,18971.11,False,0.10033146,False,DRIAMS-A|DRIAMS-B,DRIAMS-C,0.16168468,-0.038978245
2389,9167.11,False,0.100328624,False,DRIAMS-A|DRIAMS-B,DRIAMS-C,-0.017148547,0.1835087
4563,15689.11,False,0.10032078,False,DRIAMS-A|DRIAMS-B,DRIAMS-C,0.116389565,-0.08425199
2261,8783.11,True,0.10030775,False,DRIAMS-A|DRIAMS-B,DRIAMS-C,0.09699495,0.10362054
1359,6077.11,False,0.10030469,False,DRIAMS-A|DRIAMS-B,DRIAMS-C,0.07473574,-0.12587366
4785,16355.11,False,0.100301884,False,DRIAMS-A|DRIAMS-B,DRIAMS-C,0.14557067,-0.0550331
5604,18812.11,True,0.100283355,False,DRIAMS-A|DRIAMS-B,DRIAMS-C,0.09606248,0.10450422
4189,14567.11,False,0.10020841,False,DRIAMS-A|DRIAMS-B,DRIAMS-C,0.1751794,-0.025237406
3293,11879.11,False,0.10020736,False,DRIAMS-A|DRIAMS-B,DRIAMS-C,0.14839125,-0.052023478
290,2870.1099999999997,False,0.10014385,False,DRIAMS-A|DRIAMS-B,DRIAMS-C,-0.10730829,0.0929794
2793,10379.11,False,0.10008149,False,DRIAMS-A|DRIAMS-B,DRIAMS-C,0.040421285,-0.15974168
5618,18854.11,True,0.10007464,False,DRIAMS-A|DRIAMS-B,DRIAMS-C,0.123597525,0.07655176
5607,18821.11,True,0.100053445,False,DRIAMS-A|DRIAMS-B,DRIAMS-C,0.09453111,0.105575785
2286,8858.11,True,0.100042686,False,DRIAMS-A|DRIAMS-B,DRIAMS-C,-0.035185985,-0.1648994
3332,11996.11,False,0.09998932,False,DRIAMS-A|DRIAMS-B,DRIAMS-C,0.1631182,-0.03686044
4861,16583.11,False,0.09992379,False,DRIAMS-A|DRIAMS-B,DRIAMS-C,0.14011641,-0.059731178
3668,13004.11,True,0.099867515,False,DRIAMS-A|DRIAMS-B,DRIAMS-C,0.18799874,0.011736283
624,3872.1099999999997,True,0.09986072,False,DRIAMS-A|DRIAMS-B,DRIAMS-C,-0.03891788,-0.16080356
4418,15254.11,True,0.099788874,False,DRIAMS-A|DRIAMS-B,DRIAMS-C,0.03627859,0.16329916
4981,16943.11,True,0.09978728,False,DRIAMS-A|DRIAMS-B,DRIAMS-C,0.115306966,0.08426759
5134,17402.11,True,0.099684134,False,DRIAMS-A|DRIAMS-B,DRIAMS-C,0.16784339,0.031524885
3415,12245.11,True,0.09964126,False,DRIAMS-A|DRIAMS-B,DRIAMS-C,0.15154171,0.047740813
378,3134.1099999999997,True,0.09961966,False,DRIAMS-A|DRIAMS-B,DRIAMS-C,0.044826858,0.15441246
1795,7385.11,False,0.099607065,False,DRIAMS-A|DRIAMS-B,DRIAMS-C,0.16589978,-0.033314355
3020,11060.11,False,0.099519715,False,DRIAMS-A|DRIAMS-B,DRIAMS-C,0.11174436,-0.08729507
2808,10424.11,True,0.099518955,False,DRIAMS-A|DRIAMS-B,DRIAMS-C,0.10580218,0.09323574
5001,17003.11,False,0.09949884,False,DRIAMS-A|DRIAMS-B,DRIAMS-C,0.11652501,-0.08247266
5107,17321.11,False,0.099495746,False,DRIAMS-A|DRIAMS-B,DRIAMS-C,0.15951645,-0.03947504
2253,8759.11,True,0.09946974,False,DRIAMS-A|DRIAMS-B,DRIAMS-C,0.085344985,0.1135945
2596,9788.11,False,0.0994685,False,DRIAMS-A|DRIAMS-B,DRIAMS-C,0.06990682,-0.12903018
3933,13799.11,True,0.099412195,False,DRIAMS-A|DRIAMS-B,DRIAMS-C,0.17459197,0.024232421
5920,19760.11,False,0.09941153,False,DRIAMS-A|DRIAMS-B,DRIAMS-C,0.17209247,-0.0267306
3985,13955.11,True,0.09939204,False,DRIAMS-A|DRIAMS-B,DRIAMS-C,0.1119504,0.086833686
2958,10874.11,False,0.09937865,False,DRIAMS-A|DRIAMS-B,DRIAMS-C,0.15481395,-0.04394336
127,2381.1099999999997,False,0.09936127,False,DRIAMS-A|DRIAMS-B,DRIAMS-C,-0.18829308,0.010429457
4739,16217.11,True,0.09935581,False,DRIAMS-A|DRIAMS-B,DRIAMS-C,0.1604492,0.03826241
5718,19154.11,False,0.099350974,False,DRIAMS-A|DRIAMS-B,DRIAMS-C,0.14427082,-0.054431133
731,4193.11,True,0.09929936,False,DRIAMS-A|DRIAMS-B,DRIAMS-C,0.047118578,0.15148014
3800,13400.11,False,0.099247284,False,DRIAMS-A|DRIAMS-B,DRIAMS-C,0.11051936,-0.08797521
707,4121.11,False,0.09906879,False,DRIAMS-A|DRIAMS-B,DRIAMS-C,-0.13362195,0.06451563
5303,17909.11,False,0.099049106,False,DRIAMS-A|DRIAMS-B,DRIAMS-C,0.06934915,-0.12874907
2436,9308.11,True,0.09900699,False,DRIAMS-A|DRIAMS-B,DRIAMS-C,0.082931876,0.1150821
2318,8954.11,False,0.09898627,False,DRIAMS-A|DRIAMS-B,DRIAMS-C,0.053348687,-0.14462385
4859,16577.11,True,0.098969944,False,DRIAMS-A|DRIAMS-B,DRIAMS-C,0.1798903,0.018049587
1778,7334.11,True,0.09895275,False,DRIAMS-A|DRIAMS-B,DRIAMS-C,0.050514713,0.14739078
4808,16424.11,True,0.09894912,False,DRIAMS-A|DRIAMS-B,DRIAMS-C,0.120666474,0.07723177
5545,18635.11,True,0.098908275,False,DRIAMS-A|DRIAMS-B,DRIAMS-C,0.16886327,0.028953277
1569,6707.11,False,0.09887785,False,DRIAMS-A|DRIAMS-B,DRIAMS-C,-0.076146826,0.12160887
1326,5978.11,False,0.09884794,False,DRIAMS-A|DRIAMS-B,DRIAMS-C,0.035644673,-0.16205122
4460,15380.11,False,0.09882055,False,DRIAMS-A|DRIAMS-B,DRIAMS-C,0.14050029,-0.05714082
5499,18497.11,False,0.09879648,False,DRIAMS-A|DRIAMS-B,DRIAMS-C,0.16780104,-0.029791916
4134,14402.11,True,0.098778985,False,DRIAMS-A|DRIAMS-B,DRIAMS-C,0.1111456,0.08641237
4034,14102.11,True,0.098746285,False,DRIAMS-A|DRIAMS-B,DRIAMS-C,0.13372892,0.06376364
1051,5153.11,False,0.09874032,False,DRIAMS-A|DRIAMS-B,DRIAMS-C,-0.15477091,0.04270972
2385,9155.11,False,0.09872722,False,DRIAMS-A|DRIAMS-B,DRIAMS-C,-0.15843453,0.03901991
4282,14846.11,True,0.09870688,False,DRIAMS-A|DRIAMS-B,DRIAMS-C,0.10303855,0.09437521
391,3173.1099999999997,False,0.09866791,False,DRIAMS-A|DRIAMS-B,DRIAMS-C,0.004567289,-0.19276853
5694,19082.11,True,0.09864685,False,DRIAMS-A|DRIAMS-B,DRIAMS-C,0.117377296,0.07991641
3819,13457.11,False,0.09862562,False,DRIAMS-A|DRIAMS-B,DRIAMS-C,0.093734905,-0.10351634
5943,19829.11,False,0.09861605,False,DRIAMS-A|DRIAMS-B,DRIAMS-C,0.12752719,-0.069704905
1851,7553.11,False,0.09860528,False,DRIAMS-A|DRIAMS-B,DRIAMS-C,-0.08289124,0.114319324
5309,17927.11,False,0.09858245,False,DRIAMS-A|DRIAMS-B,DRIAMS-C,0.19553886,-0.0016260358
418,3254.1099999999997,True,0.09853533,False,DRIAMS-A|DRIAMS-B,DRIAMS-C,-0.11014047,-0.08693018
3191,11573.11,True,0.09839329,False,DRIAMS-A|DRIAMS-B,DRIAMS-C,-0.07895601,-0.117830575
3492,12476.11,False,0.09826423,False,DRIAMS-A|DRIAMS-B,DRIAMS-C,0.1567,-0.03982846
338,3014.1099999999997,False,0.09826095,False,DRIAMS-A|DRIAMS-B,DRIAMS-C,0.111780964,-0.08474093
486,3458.1099999999997,True,0.098242566,False,DRIAMS-A|DRIAMS-B,DRIAMS-C,0.14542718,0.051057942
5346,18038.11,False,0.09819785,False,DRIAMS-A|DRIAMS-B,DRIAMS-C,0.15167694,-0.044718765
5269,17807.11,False,0.098168224,False,DRIAMS-A|DRIAMS-B,DRIAMS-C,0.17658423,-0.019752217
5250,17750.11,False,0.09814593,False,DRIAMS-A|DRIAMS-B,DRIAMS-C,0.11421421,-0.08207765
5563,18689.11,False,0.098124266,False,DRIAMS-A|DRIAMS-B,DRIAMS-C,0.10573902,-0.09050951
4115,14345.11,False,0.09808317,False,DRIAMS-A|DRIAMS-B,DRIAMS-C,0.1411746,-0.054991744
2249,8747.11,False,0.098076575,False,DRIAMS-A|DRIAMS-B,DRIAMS-C,0.14396544,-0.05218771
4014,14042.11,True,0.09804499,False,DRIAMS-A|DRIAMS-B,DRIAMS-C,0.1879061,0.008183879
2252,8756.11,True,0.09804105,False,DRIAMS-A|DRIAMS-B,DRIAMS-C,0.09511386,0.10096824
4565,15695.11,True,0.09803364,False,DRIAMS-A|DRIAMS-B,DRIAMS-C,0.14945719,0.046610083
2664,9992.11,False,0.09798369,False,DRIAMS-A|DRIAMS-B,DRIAMS-C,0.09416311,-0.10180426
5940,19820.11,True,0.097947344,False,DRIAMS-A|DRIAMS-B,DRIAMS-C,0.06001227,0.13588242
4031,14093.11,True,0.09791817,False,DRIAMS-A|DRIAMS-B,DRIAMS-C,0.13158056,0.064255774
4863,16589.11,False,0.097868405,False,DRIAMS-A|DRIAMS-B,DRIAMS-C,0.11175231,-0.0839845
1574,6722.11,False,0.09784733,False,DRIAMS-A|DRIAMS-B,DRIAMS-C,0.06847138,-0.12722328
320,2960.1099999999997,False,0.09784395,False,DRIAMS-A|DRIAMS-B,DRIAMS-C,-0.14772455,0.047963355
5416,18248.11,False,0.09772265,False,DRIAMS-A|DRIAMS-B,DRIAMS-C,0.15703624,-0.038409058
1913,7739.11,True,0.09769661,False,DRIAMS-A|DRIAMS-B,DRIAMS-C,-0.028107943,-0.16728528
2467,9401.11,False,0.09767798,False,DRIAMS-A|DRIAMS-B,DRIAMS-C,0.035962697,-0.15939327
1758,7274.11,True,0.09762208,False,DRIAMS-A|DRIAMS-B,DRIAMS-C,-0.066646904,-0.12859726
3453,12359.11,True,0.09762105,False,DRIAMS-A|DRIAMS-B,DRIAMS-C,0.16141757,0.033824526
4775,16325.11,False,0.09761016,False,DRIAMS-A|DRIAMS-B,DRIAMS-C,0.17217247,-0.023047855
88,2264.1099999999997,True,0.0976094,False,DRIAMS-A|DRIAMS-B,DRIAMS-C,-0.005356528,-0.18986228
313,2939.1099999999997,True,0.09752323,False,DRIAMS-A|DRIAMS-B,DRIAMS-C,-0.18661556,-0.008430899
914,4742.11,False,0.09752127,False,DRIAMS-A|DRIAMS-B,DRIAMS-C,-0.18990044,0.0051420983
2334,9002.11,True,0.09746149,False,DRIAMS-A|DRIAMS-B,DRIAMS-C,-0.01719888,-0.17772411
1510,6530.11,True,0.09743652,False,DRIAMS-A|DRIAMS-B,DRIAMS-C,-0.027534552,-0.16733848
3466,12398.11,True,0.09735689,False,DRIAMS-A|DRIAMS-B,DRIAMS-C,-0.023776207,-0.17093758
2752,10256.11,True,0.09721075,False,DRIAMS-A|DRIAMS-B,DRIAMS-C,0.13901316,0.05540834
1134,5402.11,True,0.097157076,False,DRIAMS-A|DRIAMS-B,DRIAMS-C,-0.120542355,-0.0737718
5676,19028.11,False,0.09714621,False,DRIAMS-A|DRIAMS-B,DRIAMS-C,0.1424186,-0.051873825
1072,5216.11,False,0.09714611,False,DRIAMS-A|DRIAMS-B,DRIAMS-C,0.18177855,-0.012513666
2456,9368.11,False,0.09711585,False,DRIAMS-A|DRIAMS-B,DRIAMS-C,0.03001924,-0.16421247
4098,14294.11,False,0.09710329,False,DRIAMS-A|DRIAMS-B,DRIAMS-C,0.18693864,-0.0072679436
1035,5105.11,False,0.097085625,False,DRIAMS-A|DRIAMS-B,DRIAMS-C,0.13015868,-0.06401257
1923,7769.11,True,0.097066775,False,DRIAMS-A|DRIAMS-B,DRIAMS-C,-0.049725156,-0.14440839
4825,16475.11,True,0.097019866,False,DRIAMS-A|DRIAMS-B,DRIAMS-C,0.07552572,0.118514
3208,11624.11,True,0.09701093,False,DRIAMS-A|DRIAMS-B,DRIAMS-C,0.07080197,0.12321989
1957,7871.11,False,0.09693155,False,DRIAMS-A|DRIAMS-B,DRIAMS-C,-0.16101657,0.03284653
2173,8519.11,True,0.096902326,False,DRIAMS-A|DRIAMS-B,DRIAMS-C,0.110822834,0.08298182
580,3740.1099999999997,True,0.09687015,False,DRIAMS-A|DRIAMS-B,DRIAMS-C,-0.00691483,-0.18682547
5620,18860.11,False,0.09683353,False,DRIAMS-A|DRIAMS-B,DRIAMS-C,0.08368827,-0.109978795
240,2720.1099999999997,False,0.09681634,False,DRIAMS-A|DRIAMS-B,DRIAMS-C,0.03603673,-0.15759595
1311,5933.11,False,0.096771784,False,DRIAMS-A|DRIAMS-B,DRIAMS-C,-0.1024312,0.09111237
663,3989.1099999999997,True,0.09669903,False,DRIAMS-A|DRIAMS-B,DRIAMS-C,0.105654515,0.08774355
1850,7550.11,True,0.09669851,False,DRIAMS-A|DRIAMS-B,DRIAMS-C,-0.11333481,-0.08006221
4019,14057.11,False,0.09669247,False,DRIAMS-A|DRIAMS-B,DRIAMS-C,0.11599942,-0.07738553
3545,12635.11,False,0.09669194,False,DRIAMS-A|DRIAMS-B,DRIAMS-C,0.023360569,-0.17002332
4234,14702.11,False,0.096680894,False,DRIAMS-A|DRIAMS-B,DRIAMS-C,0.11001479,-0.083347
5302,17906.11,True,0.096679,False,DRIAMS-A|DRIAMS-B,DRIAMS-C,0.093049176,0.10030882
5237,17711.11,False,0.096618176,False,DRIAMS-A|DRIAMS-B,DRIAMS-C,0.10836668,-0.084869675
4624,15872.11,True,0.09661695,False,DRIAMS-A|DRIAMS-B,DRIAMS-C,-0.009924143,-0.18330976
223,2669.1099999999997,True,0.09661288,False,DRIAMS-A|DRIAMS-B,DRIAMS-C,-0.08403833,-0.109187424
5333,17999.11,False,0.096516885,False,DRIAMS-A|DRIAMS-B,DRIAMS-C,0.16358873,-0.029445043
1946,7838.11,False,0.09647195,False,DRIAMS-A|DRIAMS-B,DRIAMS-C,0.16735339,-0.025590507
3428,12284.11,False,0.0964011,False,DRIAMS-A|DRIAMS-B,DRIAMS-C,0.16677527,-0.026026936
5354,18062.11,True,0.09638381,False,DRIAMS-A|DRIAMS-B,DRIAMS-C,0.038823977,0.15394364
2421,9263.11,True,0.09633074,False,DRIAMS-A|DRIAMS-B,DRIAMS-C,0.045502245,0.14715923
2152,8456.11,False,0.09631922,False,DRIAMS-A|DRIAMS-B,DRIAMS-C,0.04757337,-0.14506507
1917,7751.11,True,0.09631868,False,DRIAMS-A|DRIAMS-B,DRIAMS-C,0.05256712,0.14007023
2247,8741.11,False,0.09631615,False,DRIAMS-A|DRIAMS-B,DRIAMS-C,0.16422811,-0.02840419
4691,16073.11,True,0.096304,False,DRIAMS-A|DRIAMS-B,DRIAMS-C,-0.061542414,-0.13106559
3424,12272.11,True,0.09629576,False,DRIAMS-A|DRIAMS-B,DRIAMS-C,0.115285784,0.07730573
1698,7094.11,False,0.0961902,False,DRIAMS-A|DRIAMS-B,DRIAMS-C,0.01659479,-0.17578562
4006,14018.11,False,0.09611806,False,DRIAMS-A|DRIAMS-B,DRIAMS-C,0.13650408,-0.055732045
5175,17525.11,True,0.09610069,False,DRIAMS-A|DRIAMS-B,DRIAMS-C,0.1493571,0.042844284
3595,12785.11,True,0.09607917,False,DRIAMS-A|DRIAMS-B,DRIAMS-C,0.11515002,0.077008314
4310,14930.11,False,0.09604596,False,DRIAMS-A|DRIAMS-B,DRIAMS-C,0.1381266,-0.053965334
613,3839.1099999999997,True,0.09602656,False,DRIAMS-A|DRIAMS-B,DRIAMS-C,0.14258622,0.049466904
5834,19502.11,True,0.09596442,False,DRIAMS-A|DRIAMS-B,DRIAMS-C,0.13649094,0.0554379
4780,16340.11,True,0.095957726,False,DRIAMS-A|DRIAMS-B,DRIAMS-C,0.08498443,0.106931016
4320,14960.11,True,0.09593908,False,DRIAMS-A|DRIAMS-B,DRIAMS-C,0.09039256,0.101485595
2238,8714.11,True,0.09592891,False,DRIAMS-A|DRIAMS-B,DRIAMS-C,0.1303713,0.061486516
4122,14366.11,False,0.09590846,False,DRIAMS-A|DRIAMS-B,DRIAMS-C,0.13684765,-0.05496928
4604,15812.11,True,0.095859304,False,DRIAMS-A|DRIAMS-B,DRIAMS-C,0.12239584,0.06932277
245,2735.1099999999997,True,0.0958457,False,DRIAMS-A|DRIAMS-B,DRIAMS-C,0.04139974,0.15029167
4255,14765.11,False,0.09583456,False,DRIAMS-A|DRIAMS-B,DRIAMS-C,0.1347085,-0.056960624
5852,19556.11,False,0.095830426,False,DRIAMS-A|DRIAMS-B,DRIAMS-C,0.1552754,-0.03638545
2158,8474.11,True,0.095808886,False,DRIAMS-A|DRIAMS-B,DRIAMS-C,0.084577575,0.1070402
1802,7406.11,True,0.09555316,False,DRIAMS-A|DRIAMS-B,DRIAMS-C,-0.14613426,-0.04497207
5841,19523.11,False,0.095542505,False,DRIAMS-A|DRIAMS-B,DRIAMS-C,0.05996144,-0.13112357
3279,11837.11,False,0.09551169,False,DRIAMS-A|DRIAMS-B,DRIAMS-C,0.11660568,-0.0744177
3834,13502.11,False,0.095490284,False,DRIAMS-A|DRIAMS-B,DRIAMS-C,0.1512214,-0.039759174
5735,19205.11,True,0.0954667,False,DRIAMS-A|DRIAMS-B,DRIAMS-C,0.13752559,0.05340781
3842,13526.11,True,0.09545705,False,DRIAMS-A|DRIAMS-B,DRIAMS-C,0.015434378,0.17547971
2332,8996.11,False,0.09535033,False,DRIAMS-A|DRIAMS-B,DRIAMS-C,0.0034137897,-0.18728687
3893,13679.11,False,0.095343135,False,DRIAMS-A|DRIAMS-B,DRIAMS-C,0.1655214,-0.025164869
4441,15323.11,False,0.09533024,False,DRIAMS-A|DRIAMS-B,DRIAMS-C,0.10077905,-0.089881435
2194,8582.11,False,0.09527073,False,DRIAMS-A|DRIAMS-B,DRIAMS-C,0.086429305,-0.104112156
4741,16223.11,True,0.09523578,False,DRIAMS-A|DRIAMS-B,DRIAMS-C,0.18314224,0.007329313
2362,9086.11,False,0.095207185,False,DRIAMS-A|DRIAMS-B,DRIAMS-C,0.07347001,-0.11694436
5248,17744.11,False,0.095174074,False,DRIAMS-A|DRIAMS-B,DRIAMS-C,0.14030758,-0.050040565
3945,13835.11,False,0.09514737,False,DRIAMS-A|DRIAMS-B,DRIAMS-C,0.12960282,-0.060691927
4806,16418.11,False,0.09513002,False,DRIAMS-A|DRIAMS-B,DRIAMS-C,0.17119591,-0.019064123
5218,17654.11,True,0.095063835,False,DRIAMS-A|DRIAMS-B,DRIAMS-C,0.080206685,0.10992098
1172,5516.11,False,0.09505929,False,DRIAMS-A|DRIAMS-B,DRIAMS-C,0.14897488,-0.041143693
5529,18587.11,False,0.09493671,False,DRIAMS-A|DRIAMS-B,DRIAMS-C,0.10369919,-0.086174235
2364,9092.11,False,0.09492352,False,DRIAMS-A|DRIAMS-B,DRIAMS-C,0.040970683,-0.14887635
2488,9464.11,False,0.0949234,False,DRIAMS-A|DRIAMS-B,DRIAMS-C,0.11267714,-0.07716966
1023,5069.11,False,0.094913274,False,DRIAMS-A|DRIAMS-B,DRIAMS-C,0.11184954,-0.077977
2284,8852.11,True,0.09486987,False,DRIAMS-A|DRIAMS-B,DRIAMS-C,-0.082100786,-0.107638955
4480,15440.11,False,0.09485647,False,DRIAMS-A|DRIAMS-B,DRIAMS-C,0.17770842,-0.0120045245
5457,18371.11,True,0.09484575,False,DRIAMS-A|DRIAMS-B,DRIAMS-C,0.15958808,0.030103419
2799,10397.11,True,0.094807066,False,DRIAMS-A|DRIAMS-B,DRIAMS-C,0.12841766,0.06119648
5730,19190.11,False,0.094752714,False,DRIAMS-A|DRIAMS-B,DRIAMS-C,0.05994189,-0.12956354
4358,15074.11,True,0.09471462,False,DRIAMS-A|DRIAMS-B,DRIAMS-C,-0.15073933,-0.038689908
5412,18236.11,True,0.094683185,False,DRIAMS-A|DRIAMS-B,DRIAMS-C,0.08041637,0.108950004
3715,13145.11,False,0.094672024,False,DRIAMS-A|DRIAMS-B,DRIAMS-C,0.004820115,-0.18452394
359,3077.1099999999997,False,0.09467149,False,DRIAMS-A|DRIAMS-B,DRIAMS-C,0.04801206,-0.14133091
5558,18674.11,False,0.0946691,False,DRIAMS-A|DRIAMS-B,DRIAMS-C,0.17706576,-0.012272445
2372,9116.11,False,0.09466474,False,DRIAMS-A|DRIAMS-B,DRIAMS-C,0.1846143,-0.004715167
5693,19079.11,False,0.09464909,False,DRIAMS-A|DRIAMS-B,DRIAMS-C,0.12305354,-0.06624465
1943,7829.11,True,0.094582036,False,DRIAMS-A|DRIAMS-B,DRIAMS-C,0.08466281,0.10450127
1479,6437.11,True,0.09454803,False,DRIAMS-A|DRIAMS-B,DRIAMS-C,-0.05389118,-0.13520488
4910,16730.11,True,0.09453325,False,DRIAMS-A|DRIAMS-B,DRIAMS-C,0.11850975,0.07055675
621,3863.1099999999997,True,0.09453158,False,DRIAMS-A|DRIAMS-B,DRIAMS-C,0.072453104,0.11661005
2723,10169.11,True,0.09447673,False,DRIAMS-A|DRIAMS-B,DRIAMS-C,0.122781254,0.0661722
926,4778.11,False,0.094448105,False,DRIAMS-A|DRIAMS-B,DRIAMS-C,-0.050703656,0.13819255
1812,7436.11,False,0.094384626,False,DRIAMS-A|DRIAMS-B,DRIAMS-C,0.043302048,-0.1454672
4167,14501.11,True,0.09435786,False,DRIAMS-A|DRIAMS-B,DRIAMS-C,-0.1754872,-0.013228517
1088,5264.11,True,0.094353124,False,DRIAMS-A|DRIAMS-B,DRIAMS-C,-0.12566477,-0.06304147
5713,19139.11,True,0.09429243,False,DRIAMS-A|DRIAMS-B,DRIAMS-C,0.13149376,0.057091106
620,3860.1099999999997,True,0.09429025,False,DRIAMS-A|DRIAMS-B,DRIAMS-C,-0.095088646,-0.09349185
5117,17351.11,False,0.09427184,False,DRIAMS-A|DRIAMS-B,DRIAMS-C,0.14294176,-0.045601916
5379,18137.11,False,0.09421743,False,DRIAMS-A|DRIAMS-B,DRIAMS-C,0.14989941,-0.038535446
1312,5936.11,False,0.09419771,False,DRIAMS-A|DRIAMS-B,DRIAMS-C,-0.18470693,0.0036885065
1130,5390.11,True,0.09415156,False,DRIAMS-A|DRIAMS-B,DRIAMS-C,-0.056916498,-0.13138661
4020,14060.11,False,0.09414262,False,DRIAMS-A|DRIAMS-B,DRIAMS-C,0.15033358,-0.037951663
3504,12512.11,False,0.09411249,False,DRIAMS-A|DRIAMS-B,DRIAMS-C,0.16576779,-0.022457194
4281,14843.11,True,0.094105765,False,DRIAMS-A|DRIAMS-B,DRIAMS-C,0.1673384,0.020873124
5663,18989.11,True,0.094062924,False,DRIAMS-A|DRIAMS-B,DRIAMS-C,0.11274416,0.07538168
1707,7121.11,True,0.09401085,False,DRIAMS-A|DRIAMS-B,DRIAMS-C,-0.11692407,-0.071097635
577,3731.1099999999997,False,0.09400366,False,DRIAMS-A|DRIAMS-B,DRIAMS-C,0.07623799,-0.11176934
2586,9758.11,True,0.09399627,False,DRIAMS-A|DRIAMS-B,DRIAMS-C,-0.04644057,-0.14155197
446,3338.1099999999997,True,0.093869045,False,DRIAMS-A|DRIAMS-B,DRIAMS-C,-0.085189566,-0.10254853
1408,6224.11,True,0.093862265,False,DRIAMS-A|DRIAMS-B,DRIAMS-C,-0.14970762,-0.03801691
4848,16544.11,False,0.093861476,False,DRIAMS-A|DRIAMS-B,DRIAMS-C,0.11979851,-0.06792445
1091,5273.11,True,0.09382069,False,DRIAMS-A|DRIAMS-B,DRIAMS-C,0.10392842,0.083712965
416,3248.1099999999997,True,0.093774766,False,DRIAMS-A|DRIAMS-B,DRIAMS-C,-0.04727035,-0.14027919
4139,14417.11,False,0.09374789,False,DRIAMS-A|DRIAMS-B,DRIAMS-C,0.13176997,-0.05572581
5866,19598.11,True,0.093733184,False,DRIAMS-A|DRIAMS-B,DRIAMS-C,0.17614724,0.011319129
5708,19124.11,True,0.09369078,False,DRIAMS-A|DRIAMS-B,DRIAMS-C,0.16539423,0.021987334
4841,16523.11,True,0.093638174,False,DRIAMS-A|DRIAMS-B,DRIAMS-C,0.16581115,0.021465193
3633,12899.11,True,0.09363806,False,DRIAMS-A|DRIAMS-B,DRIAMS-C,0.1595738,0.027702335
5277,17831.11,False,0.093624726,False,DRIAMS-A|DRIAMS-B,DRIAMS-C,0.14600351,-0.04124594
3346,12038.11,False,0.09362376,False,DRIAMS-A|DRIAMS-B,DRIAMS-C,0.13998102,-0.047266506
1852,7556.11,False,0.093565136,False,DRIAMS-A|DRIAMS-B,DRIAMS-C,-0.044816427,0.14231384
1502,6506.11,False,0.09351274,False,DRIAMS-A|DRIAMS-B,DRIAMS-C,0.043788023,-0.14323747
327,2981.1099999999997,True,0.09346445,False,DRIAMS-A|DRIAMS-B,DRIAMS-C,0.022163913,0.16476499
3907,13721.11,False,0.09342986,False,DRIAMS-A|DRIAMS-B,DRIAMS-C,0.13287757,-0.05398216
4884,16652.11,True,0.09339891,False,DRIAMS-A|DRIAMS-B,DRIAMS-C,0.14856037,0.03823744
3934,13802.11,False,0.0933173,False,DRIAMS-A|DRIAMS-B,DRIAMS-C,0.16792807,-0.018706538
3030,11090.11,False,0.09323246,False,DRIAMS-A|DRIAMS-B,DRIAMS-C,0.17035484,-0.016110078
1122,5366.11,False,0.09322236,False,DRIAMS-A|DRIAMS-B,DRIAMS-C,-0.02813746,0.15830725
2957,10871.11,True,0.093171954,False,DRIAMS-A|DRIAMS-B,DRIAMS-C,0.12289292,0.06345099
2604,9812.11,False,0.09315269,False,DRIAMS-A|DRIAMS-B,DRIAMS-C,-0.009280569,0.17702481
4561,15683.11,True,0.093133286,False,DRIAMS-A|DRIAMS-B,DRIAMS-C,0.120889366,0.0653772
2256,8768.11,False,0.09312156,False,DRIAMS-A|DRIAMS-B,DRIAMS-C,0.0665842,-0.119658925
5015,17045.11,False,0.09310533,False,DRIAMS-A|DRIAMS-B,DRIAMS-C,0.14835781,-0.03785286
2988,10964.11,False,0.093025364,False,DRIAMS-A|DRIAMS-B,DRIAMS-C,0.068313584,-0.117737144
2634,9902.11,False,0.092980936,False,DRIAMS-A|DRIAMS-B,DRIAMS-C,-0.08632049,0.099641375
2279,8837.11,True,0.09297869,False,DRIAMS-A|DRIAMS-B,DRIAMS-C,-0.14115056,-0.04480682
903,4709.11,True,0.0929769,False,DRIAMS-A|DRIAMS-B,DRIAMS-C,0.026563551,0.15939024
2889,10667.11,False,0.09292723,False,DRIAMS-A|DRIAMS-B,DRIAMS-C,0.054351903,-0.13150257
4750,16250.11,False,0.092915684,False,DRIAMS-A|DRIAMS-B,DRIAMS-C,0.14266565,-0.043165706
5338,18014.11,True,0.0929006,False,DRIAMS-A|DRIAMS-B,DRIAMS-C,0.15411597,0.031685214
3199,11597.11,False,0.09284962,False,DRIAMS-A|DRIAMS-B,DRIAMS-C,0.0846477,-0.10105154
266,2798.1099999999997,True,0.09282935,False,DRIAMS-A|DRIAMS-B,DRIAMS-C,-0.10003114,-0.08562755
800,4400.11,True,0.09280841,False,DRIAMS-A|DRIAMS-B,DRIAMS-C,0.066983685,0.118633136
5239,17717.11,False,0.09280105,False,DRIAMS-A|DRIAMS-B,DRIAMS-C,0.061211973,-0.12439012
1137,5411.11,False,0.09273848,False,DRIAMS-A|DRIAMS-B,DRIAMS-C,0.041755237,-0.14372173
5438,18314.11,False,0.09266396,False,DRIAMS-A|DRIAMS-B,DRIAMS-C,0.16920605,-0.016121872
1903,7709.11,True,0.09257287,False,DRIAMS-A|DRIAMS-B,DRIAMS-C,0.1058292,0.079316534
3241,11723.11,True,0.09253222,False,DRIAMS-A|DRIAMS-B,DRIAMS-C,0.142332,0.042732425
307,2921.1099999999997,True,0.09251595,False,DRIAMS-A|DRIAMS-B,DRIAMS-C,0.13451727,0.050514635
1580,6740.11,True,0.09248546,False,DRIAMS-A|DRIAMS-B,DRIAMS-C,0.002691283,0.18227963
4132,14396.11,True,0.09247915,False,DRIAMS-A|DRIAMS-B,DRIAMS-C,0.14960428,0.035354022
4928,16784.11,False,0.09245856,False,DRIAMS-A|DRIAMS-B,DRIAMS-C,0.097271755,-0.08764536
3961,13883.11,True,0.09244568,False,DRIAMS-A|DRIAMS-B,DRIAMS-C,0.16932236,0.015568995
2943,10829.11,False,0.092399605,False,DRIAMS-A|DRIAMS-B,DRIAMS-C,0.05048454,-0.13431467
3760,13280.11,False,0.09233777,False,DRIAMS-A|DRIAMS-B,DRIAMS-C,0.05947018,-0.12520537
2095,8285.11,True,0.092327505,False,DRIAMS-A|DRIAMS-B,DRIAMS-C,0.06482883,0.11982619
3493,12479.11,False,0.09230851,False,DRIAMS-A|DRIAMS-B,DRIAMS-C,0.12656419,-0.05805283
5158,17474.11,True,0.09230437,False,DRIAMS-A|DRIAMS-B,DRIAMS-C,0.1541748,0.030433932
4239,14717.11,True,0.09228582,False,DRIAMS-A|DRIAMS-B,DRIAMS-C,0.1536959,0.03087574
3894,13682.11,False,0.09227283,False,DRIAMS-A|DRIAMS-B,DRIAMS-C,0.16553831,-0.01900735
1914,7742.11,True,0.09226407,False,DRIAMS-A|DRIAMS-B,DRIAMS-C,-0.06308378,-0.12144437
3013,11039.11,False,0.09222646,False,DRIAMS-A|DRIAMS-B,DRIAMS-C,0.045336597,-0.13911632
5591,18773.11,False,0.09222599,False,DRIAMS-A|DRIAMS-B,DRIAMS-C,0.10282321,-0.08162877
5731,19193.11,False,0.09221298,False,DRIAMS-A|DRIAMS-B,DRIAMS-C,0.05657543,-0.12785053
2655,9965.11,True,0.09220881,False,DRIAMS-A|DRIAMS-B,DRIAMS-C,0.15775564,0.026661975
4435,15305.11,False,0.09219341,False,DRIAMS-A|DRIAMS-B,DRIAMS-C,0.16884965,-0.015537178
3401,12203.11,False,0.09218693,False,DRIAMS-A|DRIAMS-B,DRIAMS-C,0.10787663,-0.07649722
1695,7085.11,False,0.09218275,False,DRIAMS-A|DRIAMS-B,DRIAMS-C,-0.0010729681,0.18329252
4923,16769.11,True,0.09218101,False,DRIAMS-A|DRIAMS-B,DRIAMS-C,0.13638218,0.04797984
2464,9392.11,False,0.09216958,False,DRIAMS-A|DRIAMS-B,DRIAMS-C,0.06466729,-0.119671874
3202,11606.11,True,0.09206247,False,DRIAMS-A|DRIAMS-B,DRIAMS-C,0.030124802,0.15400015
192,2576.1099999999997,True,0.09205076,False,DRIAMS-A|DRIAMS-B,DRIAMS-C,-0.13518162,-0.04891991
4902,16706.11,True,0.09203953,False,DRIAMS-A|DRIAMS-B,DRIAMS-C,0.16397864,0.020100428
743,4229.11,False,0.09201245,False,DRIAMS-A|DRIAMS-B,DRIAMS-C,0.014503658,-0.16952124
4762,16286.11,False,0.09196846,False,DRIAMS-A|DRIAMS-B,DRIAMS-C,0.024650466,-0.15928645
5128,17384.11,False,0.09194494,False,DRIAMS-A|DRIAMS-B,DRIAMS-C,0.13216463,-0.051725253
2478,9434.11,True,0.09193949,False,DRIAMS-A|DRIAMS-B,DRIAMS-C,0.15865445,0.025224524
2554,9662.11,False,0.09192694,False,DRIAMS-A|DRIAMS-B,DRIAMS-C,-0.12146672,0.06238716
5609,18827.11,False,0.09192546,False,DRIAMS-A|DRIAMS-B,DRIAMS-C,0.076726146,-0.107124776
5361,18083.11,False,0.09189117,False,DRIAMS-A|DRIAMS-B,DRIAMS-C,0.121796384,-0.061985947
3538,12614.11,True,0.09187316,False,DRIAMS-A|DRIAMS-B,DRIAMS-C,-0.18319885,-0.0005474618
2433,9299.11,True,0.09186078,False,DRIAMS-A|DRIAMS-B,DRIAMS-C,0.04494838,0.13877317
1006,5018.11,False,0.09184867,False,DRIAMS-A|DRIAMS-B,DRIAMS-C,-0.0914975,0.09219983
873,4619.11,True,0.09182047,False,DRIAMS-A|DRIAMS-B,DRIAMS-C,-0.01240122,-0.17123972
552,3656.1099999999997,True,0.09181249,False,DRIAMS-A|DRIAMS-B,DRIAMS-C,0.11471489,0.0689101
636,3908.1099999999997,False,0.0917745,False,DRIAMS-A|DRIAMS-B,DRIAMS-C,0.055385605,-0.1281634
4215,14645.11,True,0.0917603,False,DRIAMS-A|DRIAMS-B,DRIAMS-C,0.16123971,0.022280892
970,4910.11,False,0.09174819,False,DRIAMS-A|DRIAMS-B,DRIAMS-C,0.040352117,-0.14314426
3352,12056.11,False,0.09173748,False,DRIAMS-A|DRIAMS-B,DRIAMS-C,0.07568012,-0.10779484
1774,7322.11,True,0.09173171,False,DRIAMS-A|DRIAMS-B,DRIAMS-C,0.13362527,0.049838163
2426,9278.11,True,0.091723576,False,DRIAMS-A|DRIAMS-B,DRIAMS-C,-0.03628295,-0.1471642
2227,8681.11,True,0.09166577,False,DRIAMS-A|DRIAMS-B,DRIAMS-C,0.1606787,0.022652833
3687,13061.11,False,0.09164215,False,DRIAMS-A|DRIAMS-B,DRIAMS-C,0.11076852,-0.07251578
371,3113.1099999999997,True,0.09147118,False,DRIAMS-A|DRIAMS-B,DRIAMS-C,-0.053771857,-0.1291705
3761,13283.11,False,0.09146669,False,DRIAMS-A|DRIAMS-B,DRIAMS-C,0.029895095,-0.15303828
4172,14516.11,False,0.09137955,False,DRIAMS-A|DRIAMS-B,DRIAMS-C,-0.030087546,0.15267156
3536,12608.11,True,0.09137063,False,DRIAMS-A|DRIAMS-B,DRIAMS-C,-0.15337183,-0.029369429
3604,12812.11,True,0.09136895,False,DRIAMS-A|DRIAMS-B,DRIAMS-C,0.119744875,0.06299303
2587,9761.11,False,0.091307476,False,DRIAMS-A|DRIAMS-B,DRIAMS-C,-0.009442014,0.17317294
3203,11609.11,True,0.09129052,False,DRIAMS-A|DRIAMS-B,DRIAMS-C,0.06948395,0.11309708
5100,17300.11,True,0.091207385,False,DRIAMS-A|DRIAMS-B,DRIAMS-C,0.08222575,0.100189015
4217,14651.11,True,0.09114529,False,DRIAMS-A|DRIAMS-B,DRIAMS-C,0.15733774,0.024952838
3602,12806.11,True,0.09109041,False,DRIAMS-A|DRIAMS-B,DRIAMS-C,0.101517156,0.08066366
4846,16538.11,True,0.0910831,False,DRIAMS-A|DRIAMS-B,DRIAMS-C,0.07704757,0.10511863
3375,12125.11,False,0.09106711,False,DRIAMS-A|DRIAMS-B,DRIAMS-C,0.17326227,-0.008871961
1631,6893.11,False,0.09105666,False,DRIAMS-A|DRIAMS-B,DRIAMS-C,0.09649141,-0.085621916
3271,11813.11,True,0.09092488,False,DRIAMS-A|DRIAMS-B,DRIAMS-C,0.15562534,0.026224423
1339,6017.11,False,0.090886,False,DRIAMS-A|DRIAMS-B,DRIAMS-C,0.1426263,-0.039145686
590,3770.1099999999997,False,0.09078747,False,DRIAMS-A|DRIAMS-B,DRIAMS-C,-0.08467488,0.09690007
1632,6896.11,False,0.090740636,False,DRIAMS-A|DRIAMS-B,DRIAMS-C,0.030342301,-0.15113898
3790,13370.11,False,0.09072395,False,DRIAMS-A|DRIAMS-B,DRIAMS-C,0.120293245,-0.061154645
1509,6527.11,False,0.090701945,False,DRIAMS-A|DRIAMS-B,DRIAMS-C,0.047003966,-0.13439992
609,3827.1099999999997,False,0.090615,False,DRIAMS-A|DRIAMS-B,DRIAMS-C,0.14861606,-0.032613933
2200,8600.11,True,0.090575084,False,DRIAMS-A|DRIAMS-B,DRIAMS-C,0.11075224,0.07039793
309,2927.1099999999997,False,0.09056988,False,DRIAMS-A|DRIAMS-B,DRIAMS-C,-0.09951162,0.08162815
2175,8525.11,True,0.09056504,False,DRIAMS-A|DRIAMS-B,DRIAMS-C,0.104488,0.07664209
5833,19499.11,True,0.0905322,False,DRIAMS-A|DRIAMS-B,DRIAMS-C,0.14539094,0.035673458
4004,14012.11,True,0.09050733,False,DRIAMS-A|DRIAMS-B,DRIAMS-C,0.10782866,0.07318599
4459,15377.11,False,0.090378344,False,DRIAMS-A|DRIAMS-B,DRIAMS-C,0.13868862,-0.04206806
5094,17282.11,False,0.09032422,False,DRIAMS-A|DRIAMS-B,DRIAMS-C,0.116793096,-0.06385535
4929,16787.11,True,0.0902979,False,DRIAMS-A|DRIAMS-B,DRIAMS-C,0.15769584,0.022899956
278,2834.1099999999997,True,0.09029386,False,DRIAMS-A|DRIAMS-B,DRIAMS-C,0.09859646,0.08199126
4297,14891.11,True,0.090218306,False,DRIAMS-A|DRIAMS-B,DRIAMS-C,0.10082445,0.07961216
2629,9887.11,True,0.09015906,False,DRIAMS-A|DRIAMS-B,DRIAMS-C,-0.13212198,-0.048196133
978,4934.11,True,0.09013805,False,DRIAMS-A|DRIAMS-B,DRIAMS-C,0.016868707,0.16340739
4643,15929.11,False,0.09007144,False,DRIAMS-A|DRIAMS-B,DRIAMS-C,0.11959578,-0.060547106
2197,8591.11,True,0.090065114,False,DRIAMS-A|DRIAMS-B,DRIAMS-C,0.13617063,0.0439596
5028,17084.11,True,0.090054795,False,DRIAMS-A|DRIAMS-B,DRIAMS-C,0.14645153,0.033658057
3282,11846.11,True,0.09003139,False,DRIAMS-A|DRIAMS-B,DRIAMS-C,0.16404872,0.016014071
3962,13886.11,True,0.090023,False,DRIAMS-A|DRIAMS-B,DRIAMS-C,0.15201345,0.028032552
3460,12380.11,True,0.08995513,False,DRIAMS-A|DRIAMS-B,DRIAMS-C,0.14478159,0.035128668
2755,10265.11,False,0.08991206,False,DRIAMS-A|DRIAMS-B,DRIAMS-C,0.14765085,-0.032173257
1999,7997.11,True,0.089889586,False,DRIAMS-A|DRIAMS-B,DRIAMS-C,0.17526564,0.0045135305
1424,6272.11,False,0.08981637,False,DRIAMS-A|DRIAMS-B,DRIAMS-C,0.11355578,-0.06607696
3740,13220.11,False,0.0897838,False,DRIAMS-A|DRIAMS-B,DRIAMS-C,0.16823922,-0.011328386
3813,13439.11,True,0.089738056,False,DRIAMS-A|DRIAMS-B,DRIAMS-C,0.15979853,0.019677585
5512,18536.11,True,0.089687794,False,DRIAMS-A|DRIAMS-B,DRIAMS-C,0.17733614,0.0020394481
2667,10001.11,False,0.089573264,False,DRIAMS-A|DRIAMS-B,DRIAMS-C,0.04769283,-0.1314537
3157,11471.11,False,0.089432284,False,DRIAMS-A|DRIAMS-B,DRIAMS-C,0.028806873,-0.15005769
3345,12035.11,True,0.089411154,False,DRIAMS-A|DRIAMS-B,DRIAMS-C,0.11046141,0.068360895
751,4253.11,False,0.08940403,False,DRIAMS-A|DRIAMS-B,DRIAMS-C,0.0819391,-0.096868955
2492,9476.11,False,0.0893626,False,DRIAMS-A|DRIAMS-B,DRIAMS-C,0.062323686,-0.11640151
345,3035.1099999999997,True,0.08924198,False,DRIAMS-A|DRIAMS-B,DRIAMS-C,-0.026172966,-0.152311
1005,5015.11,True,0.089148834,False,DRIAMS-A|DRIAMS-B,DRIAMS-C,-0.034561075,-0.1437366
3151,11453.11,False,0.089108095,False,DRIAMS-A|DRIAMS-B,DRIAMS-C,-0.14200155,0.036214627
4423,15269.11,True,0.08910172,False,DRIAMS-A|DRIAMS-B,DRIAMS-C,0.04782968,0.13037376
512,3536.1099999999997,False,0.08907595,False,DRIAMS-A|DRIAMS-B,DRIAMS-C,0.08334657,-0.09480534
4133,14399.11,True,0.089070395,False,DRIAMS-A|DRIAMS-B,DRIAMS-C,0.083961286,0.0941795
877,4631.11,False,0.08906779,False,DRIAMS-A|DRIAMS-B,DRIAMS-C,0.05837352,-0.11976205
2944,10832.11,False,0.08902823,False,DRIAMS-A|DRIAMS-B,DRIAMS-C,0.0031326083,-0.17492385
3263,11789.11,False,0.08900327,False,DRIAMS-A|DRIAMS-B,DRIAMS-C,0.13929933,-0.03870721
2500,9500.11,True,0.08897215,False,DRIAMS-A|DRIAMS-B,DRIAMS-C,0.06262982,0.115314476
2069,8207.11,True,0.08889039,False,DRIAMS-A|DRIAMS-B,DRIAMS-C,0.09685777,0.08092301
1375,6125.11,True,0.08888976,False,DRIAMS-A|DRIAMS-B,DRIAMS-C,0.060288202,0.11749132
2650,9950.11,True,0.08886762,False,DRIAMS-A|DRIAMS-B,DRIAMS-C,0.11192431,0.06581092
2430,9290.11,False,0.08883612,False,DRIAMS-A|DRIAMS-B,DRIAMS-C,0.025759973,-0.15191226
794,4382.11,True,0.0888125,False,DRIAMS-A|DRIAMS-B,DRIAMS-C,-0.08941548,-0.08820951
2656,9968.11,True,0.08877788,False,DRIAMS-A|DRIAMS-B,DRIAMS-C,0.14021388,0.037341878
974,4922.11,True,0.088742055,False,DRIAMS-A|DRIAMS-B,DRIAMS-C,0.020736368,0.15674774
1031,5093.11,True,0.08873941,False,DRIAMS-A|DRIAMS-B,DRIAMS-C,-0.021288509,-0.1561903
3935,13805.11,False,0.08872035,False,DRIAMS-A|DRIAMS-B,DRIAMS-C,0.1547324,-0.022708299
4402,15206.11,False,0.08868169,False,DRIAMS-A|DRIAMS-B,DRIAMS-C,0.13485801,-0.042505365
4099,14297.11,True,0.08863127,False,DRIAMS-A|DRIAMS-B,DRIAMS-C,0.1750601,0.0022024536
4365,15095.11,True,0.08861845,False,DRIAMS-A|DRIAMS-B,DRIAMS-C,-0.082182325,-0.095054574
4316,14948.11,False,0.08856666,False,DRIAMS-A|DRIAMS-B,DRIAMS-C,0.10217868,-0.07495464
2519,9557.11,True,0.0883469,False,DRIAMS-A|DRIAMS-B,DRIAMS-C,0.06386665,0.11282715
5485,18455.11,False,0.088302806,False,DRIAMS-A|DRIAMS-B,DRIAMS-C,0.16461709,-0.011988522
5038,17114.11,False,0.0881984,False,DRIAMS-A|DRIAMS-B,DRIAMS-C,0.16177739,-0.01461941
4422,15266.11,False,0.088139564,False,DRIAMS-A|DRIAMS-B,DRIAMS-C,-0.0035163157,0.17276281
3637,12911.11,False,0.08810225,False,DRIAMS-A|DRIAMS-B,DRIAMS-C,0.16709928,-0.009105228
109,2327.1099999999997,False,0.08803713,False,DRIAMS-A|DRIAMS-B,DRIAMS-C,-0.052888885,0.123185374
1508,6524.11,False,0.08802757,False,DRIAMS-A|DRIAMS-B,DRIAMS-C,0.07591305,-0.10014209
1511,6533.11,True,0.087970965,False,DRIAMS-A|DRIAMS-B,DRIAMS-C,-0.071703345,-0.104238585
5884,19652.11,True,0.08796371,False,DRIAMS-A|DRIAMS-B,DRIAMS-C,0.1417505,0.03417692
224,2672.1099999999997,False,0.087808475,False,DRIAMS-A|DRIAMS-B,DRIAMS-C,-0.12117191,0.05444504
3038,11114.11,True,0.08779548,False,DRIAMS-A|DRIAMS-B,DRIAMS-C,0.114307955,0.061283015
975,4925.11,True,0.08777252,False,DRIAMS-A|DRIAMS-B,DRIAMS-C,0.08122071,0.09432433
4886,16658.11,False,0.087762594,False,DRIAMS-A|DRIAMS-B,DRIAMS-C,0.13944204,-0.036083154
5692,19076.11,False,0.087762035,False,DRIAMS-A|DRIAMS-B,DRIAMS-C,0.117650576,-0.057873495
4631,15893.11,True,0.08769524,False,DRIAMS-A|DRIAMS-B,DRIAMS-C,0.0125111425,0.16287933
3399,12197.11,False,0.08764805,False,DRIAMS-A|DRIAMS-B,DRIAMS-C,0.15409806,-0.021198029
3019,11057.11,False,0.0876433,False,DRIAMS-A|DRIAMS-B,DRIAMS-C,0.074494794,-0.10079181
5446,18338.11,False,0.08761697,False,DRIAMS-A|DRIAMS-B,DRIAMS-C,0.16700175,-0.008232188
3159,11477.11,False,0.08755837,False,DRIAMS-A|DRIAMS-B,DRIAMS-C,0.15448712,-0.020629616
5709,19127.11,True,0.08755098,False,DRIAMS-A|DRIAMS-B,DRIAMS-C,0.15737638,0.01772558
2280,8840.11,True,0.08753494,False,DRIAMS-A|DRIAMS-B,DRIAMS-C,-0.14257464,-0.03249525
1304,5912.11,False,0.087529324,False,DRIAMS-A|DRIAMS-B,DRIAMS-C,0.15659985,-0.018458802
5795,19385.11,True,0.087443806,False,DRIAMS-A|DRIAMS-B,DRIAMS-C,0.16908477,0.005802835
4030,14090.11,True,0.0874342,False,DRIAMS-A|DRIAMS-B,DRIAMS-C,0.17050281,0.004365588
3547,12641.11,False,0.08742416,False,DRIAMS-A|DRIAMS-B,DRIAMS-C,0.03303251,-0.14181581
1915,7745.11,True,0.0873875,False,DRIAMS-A|DRIAMS-B,DRIAMS-C,-0.049726106,-0.1250489
841,4523.11,False,0.08737887,False,DRIAMS-A|DRIAMS-B,DRIAMS-C,-0.0756805,0.09907723
1047,5141.11,True,0.08734626,False,DRIAMS-A|DRIAMS-B,DRIAMS-C,-0.00018952141,-0.174503
3267,11801.11,False,0.08725533,False,DRIAMS-A|DRIAMS-B,DRIAMS-C,0.14135873,-0.033151932
1225,5675.11,True,0.08715206,False,DRIAMS-A|DRIAMS-B,DRIAMS-C,0.054124843,0.120179266
117,2351.1099999999997,False,0.08710008,False,DRIAMS-A|DRIAMS-B,DRIAMS-C,0.06679599,-0.10740417
971,4913.11,True,0.087047115,False,DRIAMS-A|DRIAMS-B,DRIAMS-C,0.10882296,0.065271266
1884,7652.11,True,0.08704401,False,DRIAMS-A|DRIAMS-B,DRIAMS-C,0.022102509,0.15198551
369,3107.1099999999997,True,0.08703581,False,DRIAMS-A|DRIAMS-B,DRIAMS-C,-0.02088302,-0.1531886
1814,7442.11,False,0.08701892,False,DRIAMS-A|DRIAMS-B,DRIAMS-C,0.062662266,-0.11137558
5978,19934.11,True,0.08695144,False,DRIAMS-A|DRIAMS-B,DRIAMS-C,0.087401636,0.08650125
2416,9248.11,False,0.08694978,False,DRIAMS-A|DRIAMS-B,DRIAMS-C,0.13516492,-0.03873464
2657,9971.11,False,0.08694423,False,DRIAMS-A|DRIAMS-B,DRIAMS-C,0.16279651,-0.0110919485
4642,15926.11,True,0.08686639,False,DRIAMS-A|DRIAMS-B,DRIAMS-C,0.11973399,0.053998806
69,2207.1099999999997,False,0.086818695,False,DRIAMS-A|DRIAMS-B,DRIAMS-C,-0.08091628,0.09272111
4496,15488.11,False,0.08675059,False,DRIAMS-A|DRIAMS-B,DRIAMS-C,0.13390587,-0.039595306
2881,10643.11,True,0.086713105,False,DRIAMS-A|DRIAMS-B,DRIAMS-C,0.16519766,0.00822856
5086,17258.11,False,0.08670071,False,DRIAMS-A|DRIAMS-B,DRIAMS-C,0.16904092,-0.00436049
5334,18002.11,False,0.08664649,False,DRIAMS-A|DRIAMS-B,DRIAMS-C,0.14332443,-0.02996855
878,4634.11,False,0.0866259,False,DRIAMS-A|DRIAMS-B,DRIAMS-C,0.1595661,-0.013685691
4254,14762.11,False,0.086540654,False,DRIAMS-A|DRIAMS-B,DRIAMS-C,0.11936004,-0.053721264
432,3296.1099999999997,True,0.08652883,False,DRIAMS-A|DRIAMS-B,DRIAMS-C,0.14128925,0.03176841
5203,17609.11,True,0.08649318,False,DRIAMS-A|DRIAMS-B,DRIAMS-C,0.081588455,0.0913979
4984,16952.11,True,0.08645068,False,DRIAMS-A|DRIAMS-B,DRIAMS-C,0.058272906,0.114628464
1766,7298.11,True,0.08640957,False,DRIAMS-A|DRIAMS-B,DRIAMS-C,-0.029313115,-0.14350602
5087,17261.11,False,0.08636248,False,DRIAMS-A|DRIAMS-B,DRIAMS-C,0.16682377,-0.0059011886
5922,19766.11,False,0.08636119,False,DRIAMS-A|DRIAMS-B,DRIAMS-C,0.12075759,-0.051964797
5768,19304.11,False,0.0863118,False,DRIAMS-A|DRIAMS-B,DRIAMS-C,0.12733632,-0.045287278
2576,9728.11,False,0.08630115,False,DRIAMS-A|DRIAMS-B,DRIAMS-C,-0.09501038,0.07759191
1186,5558.11,True,0.08624525,False,DRIAMS-A|DRIAMS-B,DRIAMS-C,0.10675974,0.06573077
1469,6407.11,True,0.08624162,False,DRIAMS-A|DRIAMS-B,DRIAMS-C,-0.08951924,-0.082964
4845,16535.11,True,0.0861066,False,DRIAMS-A|DRIAMS-B,DRIAMS-C,0.15511101,0.017102184
5193,17579.11,False,0.08610094,False,DRIAMS-A|DRIAMS-B,DRIAMS-C,0.15076318,-0.021438697
487,3461.1099999999997,False,0.086091176,False,DRIAMS-A|DRIAMS-B,DRIAMS-C,0.15207729,-0.020105058
1480,6440.11,True,0.08605109,False,DRIAMS-A|DRIAMS-B,DRIAMS-C,-0.05063806,-0.121464126
3620,12860.11,True,0.086000256,False,DRIAMS-A|DRIAMS-B,DRIAMS-C,0.06950486,0.102495655
1274,5822.11,True,0.08597455,False,DRIAMS-A|DRIAMS-B,DRIAMS-C,0.026045268,0.14590384
2387,9161.11,False,0.08595086,False,DRIAMS-A|DRIAMS-B,DRIAMS-C,-0.116454564,0.055447154
2602,9806.11,False,0.08592793,False,DRIAMS-A|DRIAMS-B,DRIAMS-C,-0.05685715,0.11499872
4956,16868.11,True,0.08584971,False,DRIAMS-A|DRIAMS-B,DRIAMS-C,0.1317952,0.03990422
2978,10934.11,True,0.08584565,False,DRIAMS-A|DRIAMS-B,DRIAMS-C,0.16742784,0.0042634597
130,2390.1099999999997,True,0.08580622,False,DRIAMS-A|DRIAMS-B,DRIAMS-C,-0.03176526,-0.13984717
2002,8006.11,True,0.08574385,False,DRIAMS-A|DRIAMS-B,DRIAMS-C,0.11463937,0.05684833
5519,18557.11,False,0.085739195,False,DRIAMS-A|DRIAMS-B,DRIAMS-C,0.17000417,-0.001474214
4399,15197.11,False,0.08571919,False,DRIAMS-A|DRIAMS-B,DRIAMS-C,0.027840836,-0.14359754
2640,9920.11,True,0.085685864,False,DRIAMS-A|DRIAMS-B,DRIAMS-C,-0.004136319,-0.1672354
5045,17135.11,True,0.085619204,False,DRIAMS-A|DRIAMS-B,DRIAMS-C,0.16349152,0.0077468916
2297,8891.11,False,0.08552455,False,DRIAMS-A|DRIAMS-B,DRIAMS-C,-0.121285,0.049764108
5601,18803.11,False,0.085436635,False,DRIAMS-A|DRIAMS-B,DRIAMS-C,0.16092458,-0.009948686
1607,6821.11,True,0.085427985,False,DRIAMS-A|DRIAMS-B,DRIAMS-C,-0.11001129,-0.060844686
4724,16172.11,False,0.0854226,False,DRIAMS-A|DRIAMS-B,DRIAMS-C,0.1622582,-0.008587002
5274,17822.11,True,0.08540678,False,DRIAMS-A|DRIAMS-B,DRIAMS-C,0.11142094,0.059392624
3662,12986.11,True,0.085396186,False,DRIAMS-A|DRIAMS-B,DRIAMS-C,0.16367099,0.007121384
4361,15083.11,True,0.08536397,False,DRIAMS-A|DRIAMS-B,DRIAMS-C,-0.14874682,-0.02198112
1918,7754.11,False,0.08535112,False,DRIAMS-A|DRIAMS-B,DRIAMS-C,0.03450723,-0.136195
5880,19640.11,True,0.0852881,False,DRIAMS-A|DRIAMS-B,DRIAMS-C,0.13410702,0.03646918
1702,7106.11,True,0.08528601,False,DRIAMS-A|DRIAMS-B,DRIAMS-C,0.0072943354,0.16327767
4790,16370.11,False,0.085223086,False,DRIAMS-A|DRIAMS-B,DRIAMS-C,0.10073784,-0.06970833
3714,13142.11,True,0.08517799,False,DRIAMS-A|DRIAMS-B,DRIAMS-C,-0.023642324,-0.14671364
2120,8360.11,True,0.08517209,False,DRIAMS-A|DRIAMS-B,DRIAMS-C,0.06836447,0.1019797
4986,16958.11,True,0.08516596,False,DRIAMS-A|DRIAMS-B,DRIAMS-C,0.0841163,0.08621563
5666,18998.11,False,0.08512229,False,DRIAMS-A|DRIAMS-B,DRIAMS-C,0.086484216,-0.08376036
944,4832.11,True,0.08505332,False,DRIAMS-A|DRIAMS-B,DRIAMS-C,-0.15667644,-0.013430195
3130,11390.11,True,0.085002266,False,DRIAMS-A|DRIAMS-B,DRIAMS-C,0.15136538,0.018639153
657,3971.1099999999997,True,0.08494139,False,DRIAMS-A|DRIAMS-B,DRIAMS-C,-0.017105864,-0.15277691
3795,13385.11,False,0.0848953,False,DRIAMS-A|DRIAMS-B,DRIAMS-C,0.10807898,-0.061711613
885,4655.11,False,0.08488935,False,DRIAMS-A|DRIAMS-B,DRIAMS-C,0.0028415837,-0.16693713
1936,7808.11,False,0.084864594,False,DRIAMS-A|DRIAMS-B,DRIAMS-C,-0.090904266,0.07882492
1115,5345.11,False,0.0848385,False,DRIAMS-A|DRIAMS-B,DRIAMS-C,0.1271701,-0.042506903
4465,15395.11,False,0.084810056,False,DRIAMS-A|DRIAMS-B,DRIAMS-C,0.14402737,-0.02559274
563,3689.1099999999997,False,0.08476828,False,DRIAMS-A|DRIAMS-B,DRIAMS-C,0.09734921,-0.07218734
2037,8111.11,False,0.08459849,False,DRIAMS-A|DRIAMS-B,DRIAMS-C,-0.14758557,0.021611411
4500,15500.11,False,0.08459087,False,DRIAMS-A|DRIAMS-B,DRIAMS-C,0.09146671,-0.07771502
4822,16466.11,True,0.08456692,False,DRIAMS-A|DRIAMS-B,DRIAMS-C,0.025066767,0.14406708
5410,18230.11,False,0.084544905,False,DRIAMS-A|DRIAMS-B,DRIAMS-C,0.1396347,-0.02945511
2460,9380.11,False,0.08453368,False,DRIAMS-A|DRIAMS-B,DRIAMS-C,0.12220808,-0.04685927
4127,14381.11,True,0.08443329,False,DRIAMS-A|DRIAMS-B,DRIAMS-C,0.108924545,0.059942026
5873,19619.11,False,0.084403716,False,DRIAMS-A|DRIAMS-B,DRIAMS-C,0.13317828,-0.035629157
939,4817.11,True,0.08439486,False,DRIAMS-A|DRIAMS-B,DRIAMS-C,-0.04057674,-0.12821297
1309,5927.11,True,0.08430765,False,DRIAMS-A|DRIAMS-B,DRIAMS-C,0.004907744,0.16370755
2333,8999.11,True,0.084279776,False,DRIAMS-A|DRIAMS-B,DRIAMS-C,-0.045519233,-0.12304032
5154,17462.11,False,0.08424717,False,DRIAMS-A|DRIAMS-B,DRIAMS-C,0.13455684,-0.033937506
5758,19274.11,True,0.0842427,False,DRIAMS-A|DRIAMS-B,DRIAMS-C,0.09953828,0.068947114
2908,10724.11,False,0.0842166,False,DRIAMS-A|DRIAMS-B,DRIAMS-C,0.13114898,-0.03728422
3623,12869.11,False,0.084088385,False,DRIAMS-A|DRIAMS-B,DRIAMS-C,0.1544975,-0.013679259
2090,8270.11,False,0.08407012,False,DRIAMS-A|DRIAMS-B,DRIAMS-C,0.09364636,-0.07449386
805,4415.11,True,0.08403598,False,DRIAMS-A|DRIAMS-B,DRIAMS-C,0.10955973,0.05851222
3946,13838.11,False,0.08401971,False,DRIAMS-A|DRIAMS-B,DRIAMS-C,0.14668845,-0.021350974
1958,7874.11,False,0.08400925,False,DRIAMS-A|DRIAMS-B,DRIAMS-C,-0.08918095,0.07883756
4249,14747.11,False,0.0839581,False,DRIAMS-A|DRIAMS-B,DRIAMS-C,0.16238603,-0.0055301692
5201,17603.11,True,0.08395659,False,DRIAMS-A|DRIAMS-B,DRIAMS-C,0.08433708,0.083576106
5836,19508.11,True,0.083951004,False,DRIAMS-A|DRIAMS-B,DRIAMS-C,0.15394846,0.013953554
5665,18995.11,False,0.08391871,False,DRIAMS-A|DRIAMS-B,DRIAMS-C,0.077164486,-0.09067294
4601,15803.11,True,0.08385254,False,DRIAMS-A|DRIAMS-B,DRIAMS-C,0.15133281,0.016372265
2452,9356.11,False,0.08381612,False,DRIAMS-A|DRIAMS-B,DRIAMS-C,-0.017079795,0.15055244
5904,19712.11,False,0.08375887,False,DRIAMS-A|DRIAMS-B,DRIAMS-C,0.12644204,-0.04107569
5002,17006.11,True,0.083758466,False,DRIAMS-A|DRIAMS-B,DRIAMS-C,0.16260755,0.004909375
2788,10364.11,False,0.0836685,False,DRIAMS-A|DRIAMS-B,DRIAMS-C,0.09646579,-0.07087121
782,4346.11,True,0.08362585,False,DRIAMS-A|DRIAMS-B,DRIAMS-C,0.063613415,0.10363829
716,4148.11,False,0.08362059,False,DRIAMS-A|DRIAMS-B,DRIAMS-C,0.0049423976,-0.16229878
244,2732.1099999999997,True,0.083615236,False,DRIAMS-A|DRIAMS-B,DRIAMS-C,-0.048673052,-0.11855742
3782,13346.11,False,0.08358563,False,DRIAMS-A|DRIAMS-B,DRIAMS-C,0.15701969,-0.010151563
3457,12371.11,True,0.0834804,False,DRIAMS-A|DRIAMS-B,DRIAMS-C,0.1585764,0.008384399
3357,12071.11,True,0.08347623,False,DRIAMS-A|DRIAMS-B,DRIAMS-C,0.12977372,0.037178744
2710,10130.11,True,0.08347558,False,DRIAMS-A|DRIAMS-B,DRIAMS-C,-0.14839113,-0.018560035
414,3242.1099999999997,False,0.08343119,False,DRIAMS-A|DRIAMS-B,DRIAMS-C,-0.14098805,0.025874328
4786,16358.11,False,0.083420105,False,DRIAMS-A|DRIAMS-B,DRIAMS-C,0.15270929,-0.01413092
4875,16625.11,False,0.08337957,False,DRIAMS-A|DRIAMS-B,DRIAMS-C,0.07128174,-0.095477395
5981,19943.11,True,0.08337303,False,DRIAMS-A|DRIAMS-B,DRIAMS-C,0.13391462,0.03283145
5747,19241.11,False,0.083338715,False,DRIAMS-A|DRIAMS-B,DRIAMS-C,0.16585244,-0.0008249812
5780,19340.11,True,0.08331127,False,DRIAMS-A|DRIAMS-B,DRIAMS-C,0.16001791,0.0066046203
702,4106.11,False,0.08327589,False,DRIAMS-A|DRIAMS-B,DRIAMS-C,0.124540046,-0.042011738
5212,17636.11,True,0.083251595,False,DRIAMS-A|DRIAMS-B,DRIAMS-C,0.13618323,0.030319951
5682,19046.11,True,0.083192505,False,DRIAMS-A|DRIAMS-B,DRIAMS-C,0.15452881,0.011856204
4414,15242.11,False,0.08308938,False,DRIAMS-A|DRIAMS-B,DRIAMS-C,0.025514305,-0.14066446
1969,7907.11,True,0.083062604,False,DRIAMS-A|DRIAMS-B,DRIAMS-C,0.15581276,0.010312446
3394,12182.11,False,0.08303197,False,DRIAMS-A|DRIAMS-B,DRIAMS-C,0.15714222,-0.0089217145
848,4544.11,False,0.083028495,False,DRIAMS-A|DRIAMS-B,DRIAMS-C,-0.0036521473,0.16240485
5090,17270.11,True,0.082958795,False,DRIAMS-A|DRIAMS-B,DRIAMS-C,0.1098717,0.056045894
2606,9818.11,False,0.08293695,False,DRIAMS-A|DRIAMS-B,DRIAMS-C,0.029519547,-0.13635436
2142,8426.11,True,0.08292848,False,DRIAMS-A|DRIAMS-B,DRIAMS-C,0.11240519,0.053451765
574,3722.1099999999997,True,0.08290489,False,DRIAMS-A|DRIAMS-B,DRIAMS-C,-0.10609058,-0.05971919
3067,11201.11,True,0.08280881,False,DRIAMS-A|DRIAMS-B,DRIAMS-C,0.10203858,0.06357903
308,2924.1099999999997,False,0.08277525,False,DRIAMS-A|DRIAMS-B,DRIAMS-C,-0.041702755,0.123847745
4016,14048.11,False,0.082773775,False,DRIAMS-A|DRIAMS-B,DRIAMS-C,0.15285768,-0.012689877
2887,10661.11,False,0.08275582,False,DRIAMS-A|DRIAMS-B,DRIAMS-C,0.065993324,-0.09951831
2068,8204.11,False,0.08257761,False,DRIAMS-A|DRIAMS-B,DRIAMS-C,0.08469038,-0.08046484
3751,13253.11,False,0.08249658,False,DRIAMS-A|DRIAMS-B,DRIAMS-C,0.15636992,-0.008623247
141,2423.1099999999997,True,0.082484916,False,DRIAMS-A|DRIAMS-B,DRIAMS-C,0.020184925,0.14478491
3227,11681.11,False,0.082463965,False,DRIAMS-A|DRIAMS-B,DRIAMS-C,0.09376784,-0.0711601
4627,15881.11,False,0.08240176,False,DRIAMS-A|DRIAMS-B,DRIAMS-C,0.0013824222,-0.1634211
2757,10271.11,True,0.08235238,False,DRIAMS-A|DRIAMS-B,DRIAMS-C,0.12882979,0.035874967
1661,6983.11,False,0.08232905,False,DRIAMS-A|DRIAMS-B,DRIAMS-C,-0.10888492,0.05577318
3318,11954.11,False,0.08232874,False,DRIAMS-A|DRIAMS-B,DRIAMS-C,0.08310096,-0.08155651
2149,8447.11,False,0.08227709,False,DRIAMS-A|DRIAMS-B,DRIAMS-C,0.047024917,-0.117529266
806,4418.11,False,0.082255274,False,DRIAMS-A|DRIAMS-B,DRIAMS-C,0.04508148,-0.11942906
915,4745.11,False,0.082221426,False,DRIAMS-A|DRIAMS-B,DRIAMS-C,-0.10463602,0.059806835
824,4472.11,False,0.082081065,False,DRIAMS-A|DRIAMS-B,DRIAMS-C,-0.07061447,0.093547665
289,2867.1099999999997,False,0.08190564,False,DRIAMS-A|DRIAMS-B,DRIAMS-C,-0.12405954,0.039751735
1813,7439.11,False,0.081887156,False,DRIAMS-A|DRIAMS-B,DRIAMS-C,0.06750294,-0.096271366
1247,5741.11,True,0.08187614,False,DRIAMS-A|DRIAMS-B,DRIAMS-C,0.0042868587,0.15946542
1305,5915.11,False,0.08186151,False,DRIAMS-A|DRIAMS-B,DRIAMS-C,0.08007454,-0.08364848
5687,19061.11,False,0.081829086,False,DRIAMS-A|DRIAMS-B,DRIAMS-C,0.06542355,-0.09823462
4057,14171.11,True,0.08181783,False,DRIAMS-A|DRIAMS-B,DRIAMS-C,0.15465945,0.008976207
5099,17297.11,False,0.081813276,False,DRIAMS-A|DRIAMS-B,DRIAMS-C,0.11566556,-0.047960993
1636,6908.11,False,0.08179762,False,DRIAMS-A|DRIAMS-B,DRIAMS-C,0.0091914525,-0.15440379
4614,15842.11,False,0.08169226,False,DRIAMS-A|DRIAMS-B,DRIAMS-C,0.11414481,-0.049239725
2288,8864.11,True,0.08167878,False,DRIAMS-A|DRIAMS-B,DRIAMS-C,0.024076708,0.13928086
2291,8873.11,False,0.08165836,False,DRIAMS-A|DRIAMS-B,DRIAMS-C,-0.0289888,0.13432793
1252,5756.11,True,0.081618905,False,DRIAMS-A|DRIAMS-B,DRIAMS-C,-0.05337352,-0.10986429
2910,10730.11,False,0.08158398,False,DRIAMS-A|DRIAMS-B,DRIAMS-C,0.07457435,-0.08859361
4118,14354.11,True,0.08152676,False,DRIAMS-A|DRIAMS-B,DRIAMS-C,0.09063509,0.07241842
3154,11462.11,False,0.08145679,False,DRIAMS-A|DRIAMS-B,DRIAMS-C,-0.067971416,0.09494216
2844,10532.11,True,0.081446014,False,DRIAMS-A|DRIAMS-B,DRIAMS-C,-0.004465026,-0.158427
4225,14675.11,True,0.081418574,False,DRIAMS-A|DRIAMS-B,DRIAMS-C,0.08066511,0.08217204
2729,10187.11,True,0.08136294,False,DRIAMS-A|DRIAMS-B,DRIAMS-C,-0.066140346,-0.096585535
594,3782.1099999999997,True,0.0812882,False,DRIAMS-A|DRIAMS-B,DRIAMS-C,-0.04314277,-0.119433634
3496,12488.11,False,0.08127564,False,DRIAMS-A|DRIAMS-B,DRIAMS-C,0.14209627,-0.02045501
2638,9914.11,True,0.08127448,False,DRIAMS-A|DRIAMS-B,DRIAMS-C,0.0162058,0.14634316
235,2705.1099999999997,False,0.08124602,False,DRIAMS-A|DRIAMS-B,DRIAMS-C,-0.15602726,0.0064647836
1566,6698.11,True,0.08116871,False,DRIAMS-A|DRIAMS-B,DRIAMS-C,-0.037680723,-0.12465671
4117,14351.11,True,0.08116839,False,DRIAMS-A|DRIAMS-B,DRIAMS-C,0.0811799,0.08115688
3649,12947.11,True,0.08114916,False,DRIAMS-A|DRIAMS-B,DRIAMS-C,0.15933022,0.0029681085
1664,6992.11,True,0.08112895,False,DRIAMS-A|DRIAMS-B,DRIAMS-C,-0.039427932,-0.122829966
281,2843.1099999999997,False,0.081119314,False,DRIAMS-A|DRIAMS-B,DRIAMS-C,0.09358842,-0.068650216
2287,8861.11,True,0.08109097,False,DRIAMS-A|DRIAMS-B,DRIAMS-C,-0.041115846,-0.1210661
943,4829.11,True,0.081063956,False,DRIAMS-A|DRIAMS-B,DRIAMS-C,-0.14160831,-0.020519607
750,4250.11,True,0.08104107,False,DRIAMS-A|DRIAMS-B,DRIAMS-C,-0.115660034,-0.046422105
465,3395.1099999999997,True,0.08093809,False,DRIAMS-A|DRIAMS-B,DRIAMS-C,0.0720801,0.08979609
5043,17129.11,False,0.080931686,False,DRIAMS-A|DRIAMS-B,DRIAMS-C,0.14252001,-0.019343356
1067,5201.11,True,0.08091526,False,DRIAMS-A|DRIAMS-B,DRIAMS-C,-0.07772242,-0.08410809
847,4541.11,True,0.08086665,False,DRIAMS-A|DRIAMS-B,DRIAMS-C,0.03319597,0.12853733
3215,11645.11,False,0.0808228,False,DRIAMS-A|DRIAMS-B,DRIAMS-C,0.0071950937,-0.1544505
1885,7655.11,True,0.08081205,False,DRIAMS-A|DRIAMS-B,DRIAMS-C,0.10783308,0.05379102
1877,7631.11,True,0.080788255,False,DRIAMS-A|DRIAMS-B,DRIAMS-C,0.102825105,0.058751404
5183,17549.11,False,0.08078392,False,DRIAMS-A|DRIAMS-B,DRIAMS-C,0.11443975,-0.04712808
2437,9311.11,True,0.080704026,False,DRIAMS-A|DRIAMS-B,DRIAMS-C,0.12692332,0.034484733
4788,16364.11,False,0.080679715,False,DRIAMS-A|DRIAMS-B,DRIAMS-C,0.14828798,-0.013071452
2665,9995.11,True,0.08067163,False,DRIAMS-A|DRIAMS-B,DRIAMS-C,0.10091272,0.060430545
3546,12638.11,False,0.08066575,False,DRIAMS-A|DRIAMS-B,DRIAMS-C,0.031650215,-0.12968129
4801,16403.11,True,0.08066379,False,DRIAMS-A|DRIAMS-B,DRIAMS-C,0.13925697,0.022070622
107,2321.1099999999997,True,0.080629244,False,DRIAMS-A|DRIAMS-B,DRIAMS-C,-0.095563225,-0.06569527
5561,18683.11,True,0.08062527,False,DRIAMS-A|DRIAMS-B,DRIAMS-C,0.13133086,0.029919686
5249,17747.11,True,0.08054512,False,DRIAMS-A|DRIAMS-B,DRIAMS-C,0.10309806,0.057992183
818,4454.11,False,0.080523446,False,DRIAMS-A|DRIAMS-B,DRIAMS-C,-0.09681155,0.06423534
2328,8984.11,False,0.080484875,False,DRIAMS-A|DRIAMS-B,DRIAMS-C,0.017518047,-0.1434517
4323,14969.11,False,0.080454804,False,DRIAMS-A|DRIAMS-B,DRIAMS-C,0.15859745,-0.0023121594
565,3695.1099999999997,False,0.08044899,False,DRIAMS-A|DRIAMS-B,DRIAMS-C,0.06066737,-0.10023061
2636,9908.11,False,0.08039646,False,DRIAMS-A|DRIAMS-B,DRIAMS-C,-0.02215528,0.13863763
554,3662.1099999999997,False,0.080377676,False,DRIAMS-A|DRIAMS-B,DRIAMS-C,0.13569723,-0.025058115
2860,10580.11,False,0.080369644,False,DRIAMS-A|DRIAMS-B,DRIAMS-C,0.038163885,-0.1225754
3229,11687.11,False,0.08035532,False,DRIAMS-A|DRIAMS-B,DRIAMS-C,0.11365579,-0.047054842
5592,18776.11,True,0.080322035,False,DRIAMS-A|DRIAMS-B,DRIAMS-C,0.12628289,0.03436118
2919,10757.11,True,0.08031015,False,DRIAMS-A|DRIAMS-B,DRIAMS-C,0.1477211,0.012899199
5442,18326.11,False,0.080246024,False,DRIAMS-A|DRIAMS-B,DRIAMS-C,0.1534882,-0.007003847
1220,5660.11,True,0.0801739,False,DRIAMS-A|DRIAMS-B,DRIAMS-C,-0.1337365,-0.026611293
1195,5585.11,True,0.080147214,False,DRIAMS-A|DRIAMS-B,DRIAMS-C,0.053525724,0.106768705
2809,10427.11,True,0.08011371,False,DRIAMS-A|DRIAMS-B,DRIAMS-C,0.15495993,0.0052674804
4926,16778.11,True,0.08009264,False,DRIAMS-A|DRIAMS-B,DRIAMS-C,0.09705378,0.0631315
712,4136.11,False,0.08005832,False,DRIAMS-A|DRIAMS-B,DRIAMS-C,-0.009497449,0.1506192
1251,5753.11,True,0.08003799,False,DRIAMS-A|DRIAMS-B,DRIAMS-C,-0.010225405,-0.14985058
2292,8876.11,False,0.08001943,False,DRIAMS-A|DRIAMS-B,DRIAMS-C,-0.04783594,0.11220293
5759,19277.11,True,0.08000146,False,DRIAMS-A|DRIAMS-B,DRIAMS-C,0.09873838,0.061264534
4119,14357.11,True,0.079960175,False,DRIAMS-A|DRIAMS-B,DRIAMS-C,0.09921064,0.060709707
4259,14777.11,True,0.07994209,False,DRIAMS-A|DRIAMS-B,DRIAMS-C,0.079153195,0.080731
438,3314.1099999999997,False,0.07993452,False,DRIAMS-A|DRIAMS-B,DRIAMS-C,0.078453176,-0.08141587
215,2645.1099999999997,True,0.079930596,False,DRIAMS-A|DRIAMS-B,DRIAMS-C,0.13391809,0.025943099
2911,10733.11,False,0.07986769,False,DRIAMS-A|DRIAMS-B,DRIAMS-C,0.0697812,-0.08995419
2019,8057.11,True,0.07985888,False,DRIAMS-A|DRIAMS-B,DRIAMS-C,-0.07444009,-0.08527766
2588,9764.11,True,0.07984007,False,DRIAMS-A|DRIAMS-B,DRIAMS-C,0.011390427,0.14828971
1374,6122.11,True,0.07982963,False,DRIAMS-A|DRIAMS-B,DRIAMS-C,0.005761422,0.15389784
3572,12716.11,False,0.079787105,False,DRIAMS-A|DRIAMS-B,DRIAMS-C,0.13269676,-0.026877446
3053,11159.11,True,0.079776816,False,DRIAMS-A|DRIAMS-B,DRIAMS-C,-0.031672757,-0.12788087
778,4334.11,True,0.07970267,False,DRIAMS-A|DRIAMS-B,DRIAMS-C,0.081139386,0.07826595
4202,14606.11,True,0.07970031,False,DRIAMS-A|DRIAMS-B,DRIAMS-C,0.1515284,0.007872225
1961,7883.11,True,0.079690546,False,DRIAMS-A|DRIAMS-B,DRIAMS-C,0.06916672,0.09021438
5399,18197.11,False,0.07966108,False,DRIAMS-A|DRIAMS-B,DRIAMS-C,0.13417758,-0.025144571
5947,19841.11,True,0.079636894,False,DRIAMS-A|DRIAMS-B,DRIAMS-C,0.15507855,0.0041952445
3400,12200.11,False,0.07956105,False,DRIAMS-A|DRIAMS-B,DRIAMS-C,0.09671276,-0.06240933
3757,13271.11,False,0.07951707,False,DRIAMS-A|DRIAMS-B,DRIAMS-C,0.024954049,-0.13408008
1205,5615.11,False,0.07951645,False,DRIAMS-A|DRIAMS-B,DRIAMS-C,-0.046306673,0.11272623
4830,16490.11,False,0.07948225,False,DRIAMS-A|DRIAMS-B,DRIAMS-C,0.11104593,-0.04791857
1449,6347.11,True,0.07945657,False,DRIAMS-A|DRIAMS-B,DRIAMS-C,0.055252213,0.103660926
5717,19151.11,True,0.07944246,False,DRIAMS-A|DRIAMS-B,DRIAMS-C,0.109432936,0.049451984
1919,7757.11,False,0.07936897,False,DRIAMS-A|DRIAMS-B,DRIAMS-C,0.016943613,-0.14179432
1639,6917.11,False,0.079365455,False,DRIAMS-A|DRIAMS-B,DRIAMS-C,0.0059702145,-0.1527607
3174,11522.11,True,0.07934056,False,DRIAMS-A|DRIAMS-B,DRIAMS-C,-0.03692226,-0.12175887
2235,8705.11,True,0.079298496,False,DRIAMS-A|DRIAMS-B,DRIAMS-C,0.08376138,0.074835606
2521,9563.11,True,0.079204805,False,DRIAMS-A|DRIAMS-B,DRIAMS-C,0.003351226,0.15505838
2985,10955.11,False,0.07919183,False,DRIAMS-A|DRIAMS-B,DRIAMS-C,0.052828025,-0.10555563
3901,13703.11,False,0.07917145,False,DRIAMS-A|DRIAMS-B,DRIAMS-C,0.06665901,-0.091683894
4906,16718.11,True,0.0791522,False,DRIAMS-A|DRIAMS-B,DRIAMS-C,0.109485835,0.04881856
1448,6344.11,True,0.079086356,False,DRIAMS-A|DRIAMS-B,DRIAMS-C,0.021207852,0.13696486
4905,16715.11,True,0.079078294,False,DRIAMS-A|DRIAMS-B,DRIAMS-C,0.13499749,0.023159107
5414,18242.11,False,0.07907446,False,DRIAMS-A|DRIAMS-B,DRIAMS-C,0.12685078,-0.03129814
2195,8585.11,False,0.07899459,False,DRIAMS-A|DRIAMS-B,DRIAMS-C,0.13488823,-0.023100948
3836,13508.11,False,0.078990266,False,DRIAMS-A|DRIAMS-B,DRIAMS-C,0.1159096,-0.04207094
2734,10202.11,True,0.078934364,False,DRIAMS-A|DRIAMS-B,DRIAMS-C,-0.066905715,-0.09096301
521,3563.1099999999997,False,0.07891973,False,DRIAMS-A|DRIAMS-B,DRIAMS-C,-0.0067157983,0.15112366
710,4130.11,True,0.07891093,False,DRIAMS-A|DRIAMS-B,DRIAMS-C,-0.004992058,-0.15282981
1266,5798.11,False,0.078909315,False,DRIAMS-A|DRIAMS-B,DRIAMS-C,-0.09952028,0.058298346
2750,10250.11,True,0.07887015,False,DRIAMS-A|DRIAMS-B,DRIAMS-C,0.14032467,0.017415632
4541,15623.11,False,0.07883835,False,DRIAMS-A|DRIAMS-B,DRIAMS-C,0.11615192,-0.04152477
1248,5744.11,False,0.07880047,False,DRIAMS-A|DRIAMS-B,DRIAMS-C,0.06630184,-0.0912991
4207,14621.11,True,0.07877491,False,DRIAMS-A|DRIAMS-B,DRIAMS-C,0.14084853,0.016701285
4078,14234.11,True,0.0787722,False,DRIAMS-A|DRIAMS-B,DRIAMS-C,0.10234553,0.055198878
336,3008.1099999999997,False,0.07871078,False,DRIAMS-A|DRIAMS-B,DRIAMS-C,0.04892697,-0.10849459
4443,15329.11,True,0.07869749,False,DRIAMS-A|DRIAMS-B,DRIAMS-C,0.124609254,0.032785725
4178,14534.11,False,0.07869745,False,DRIAMS-A|DRIAMS-B,DRIAMS-C,0.009575843,-0.14781906
5621,18863.11,False,0.07863815,False,DRIAMS-A|DRIAMS-B,DRIAMS-C,0.107453935,-0.04982237
812,4436.11,False,0.07858637,False,DRIAMS-A|DRIAMS-B,DRIAMS-C,-0.06833567,0.08883708
4759,16277.11,False,0.07856627,False,DRIAMS-A|DRIAMS-B,DRIAMS-C,-0.0072186464,0.14991389
3980,13940.11,False,0.078528486,False,DRIAMS-A|DRIAMS-B,DRIAMS-C,0.13949929,-0.017557675
2815,10445.11,True,0.0785174,False,DRIAMS-A|DRIAMS-B,DRIAMS-C,-0.1165963,-0.040438507
3621,12863.11,True,0.078503944,False,DRIAMS-A|DRIAMS-B,DRIAMS-C,0.075951554,0.081056334
5400,18200.11,True,0.078500964,False,DRIAMS-A|DRIAMS-B,DRIAMS-C,0.14892815,0.008073776
2633,9899.11,True,0.078365535,False,DRIAMS-A|DRIAMS-B,DRIAMS-C,-0.087837815,-0.068893254
1584,6752.11,False,0.07818847,False,DRIAMS-A|DRIAMS-B,DRIAMS-C,0.10415311,-0.052223828
5357,18071.11,True,0.07817938,False,DRIAMS-A|DRIAMS-B,DRIAMS-C,0.14908531,0.0072734556
3495,12485.11,True,0.078142904,False,DRIAMS-A|DRIAMS-B,DRIAMS-C,0.14261839,0.013667414
5264,17792.11,True,0.0780931,False,DRIAMS-A|DRIAMS-B,DRIAMS-C,0.14691615,0.009270039
917,4751.11,False,0.07807777,False,DRIAMS-A|DRIAMS-B,DRIAMS-C,0.122075334,-0.034080204
4494,15482.11,False,0.07806554,False,DRIAMS-A|DRIAMS-B,DRIAMS-C,0.10776904,-0.048362028
1567,6701.11,True,0.07803628,False,DRIAMS-A|DRIAMS-B,DRIAMS-C,-0.05726589,-0.098806664
3869,13607.11,False,0.07797043,False,DRIAMS-A|DRIAMS-B,DRIAMS-C,-0.054607954,0.1013329
4617,15851.11,True,0.07790832,False,DRIAMS-A|DRIAMS-B,DRIAMS-C,0.035290673,0.12052596
5948,19844.11,False,0.07790254,False,DRIAMS-A|DRIAMS-B,DRIAMS-C,0.14957124,-0.006233838
2005,8015.11,False,0.07789044,False,DRIAMS-A|DRIAMS-B,DRIAMS-C,-0.062666446,0.09311444
241,2723.1099999999997,True,0.07786091,False,DRIAMS-A|DRIAMS-B,DRIAMS-C,-0.05837722,-0.09734459
44,2132.1099999999997,False,0.07774083,False,DRIAMS-A|DRIAMS-B,DRIAMS-C,-0.019567914,0.13591374
4022,14066.11,True,0.07771997,False,DRIAMS-A|DRIAMS-B,DRIAMS-C,0.15212882,0.0033111216
925,4775.11,False,0.07756466,False,DRIAMS-A|DRIAMS-B,DRIAMS-C,-0.04036624,0.114763066
5211,17633.11,True,0.07754294,False,DRIAMS-A|DRIAMS-B,DRIAMS-C,0.13010491,0.024980964
4053,14159.11,False,0.077478364,False,DRIAMS-A|DRIAMS-B,DRIAMS-C,0.116768524,-0.038188204
3618,12854.11,False,0.07740445,False,DRIAMS-A|DRIAMS-B,DRIAMS-C,-0.07454641,0.08026248
1517,6551.11,True,0.07736425,False,DRIAMS-A|DRIAMS-B,DRIAMS-C,-0.10637229,-0.048356205
2766,10298.11,False,0.077358946,False,DRIAMS-A|DRIAMS-B,DRIAMS-C,-0.07793257,0.07678532
3622,12866.11,False,0.07728992,False,DRIAMS-A|DRIAMS-B,DRIAMS-C,0.1265766,-0.028003227
4495,15485.11,False,0.077231176,False,DRIAMS-A|DRIAMS-B,DRIAMS-C,0.068174124,-0.08628823
3601,12803.11,True,0.07721094,False,DRIAMS-A|DRIAMS-B,DRIAMS-C,0.08135675,0.07306513
3679,13037.11,False,0.07719253,False,DRIAMS-A|DRIAMS-B,DRIAMS-C,0.14528133,-0.009103734
1194,5582.11,False,0.07711679,False,DRIAMS-A|DRIAMS-B,DRIAMS-C,0.1486877,-0.005545863
1033,5099.11,True,0.07707567,False,DRIAMS-A|DRIAMS-B,DRIAMS-C,-0.0352786,-0.11887273
5424,18272.11,True,0.07702476,False,DRIAMS-A|DRIAMS-B,DRIAMS-C,0.07508733,0.078962184
195,2585.1099999999997,True,0.076867,False,DRIAMS-A|DRIAMS-B,DRIAMS-C,0.02671222,0.12702177
1668,7004.11,True,0.07685618,False,DRIAMS-A|DRIAMS-B,DRIAMS-C,0.018422991,0.13528937
3214,11642.11,False,0.07683672,False,DRIAMS-A|DRIAMS-B,DRIAMS-C,0.027531974,-0.12614146
2725,10175.11,True,0.07680215,False,DRIAMS-A|DRIAMS-B,DRIAMS-C,-0.09640862,-0.057195675
1684,7052.11,True,0.076792166,False,DRIAMS-A|DRIAMS-B,DRIAMS-C,0.12946369,0.024120644
3350,12050.11,True,0.07675173,False,DRIAMS-A|DRIAMS-B,DRIAMS-C,0.041050903,0.11245256
4466,15398.11,True,0.07669766,False,DRIAMS-A|DRIAMS-B,DRIAMS-C,0.14455712,0.008838208
1111,5333.11,True,0.07668324,False,DRIAMS-A|DRIAMS-B,DRIAMS-C,0.003670723,0.14969575
2789,10367.11,True,0.07667447,False,DRIAMS-A|DRIAMS-B,DRIAMS-C,0.10188305,0.051465888
110,2330.1099999999997,True,0.07663843,False,DRIAMS-A|DRIAMS-B,DRIAMS-C,-0.013790213,-0.13948664
1296,5888.11,True,0.07659295,False,DRIAMS-A|DRIAMS-B,DRIAMS-C,-0.07251704,-0.08066887
271,2813.1099999999997,False,0.076570004,False,DRIAMS-A|DRIAMS-B,DRIAMS-C,-0.1011479,0.051992107
5765,19295.11,True,0.07654516,False,DRIAMS-A|DRIAMS-B,DRIAMS-C,0.13424745,0.018842861
5593,18779.11,False,0.076508485,False,DRIAMS-A|DRIAMS-B,DRIAMS-C,0.11715032,-0.035866644
5674,19022.11,False,0.07640259,False,DRIAMS-A|DRIAMS-B,DRIAMS-C,0.06346343,-0.089341745
986,4958.11,True,0.07639122,False,DRIAMS-A|DRIAMS-B,DRIAMS-C,-0.12670557,-0.026076863
4909,16727.11,True,0.076381944,False,DRIAMS-A|DRIAMS-B,DRIAMS-C,0.11211799,0.040645894
2141,8423.11,True,0.07630256,False,DRIAMS-A|DRIAMS-B,DRIAMS-C,0.07617114,0.07643399
4568,15704.11,True,0.07619724,False,DRIAMS-A|DRIAMS-B,DRIAMS-C,0.10682425,0.045570232
2217,8651.11,True,0.07618489,False,DRIAMS-A|DRIAMS-B,DRIAMS-C,0.0034198673,0.14894992
5174,17522.11,False,0.076174274,False,DRIAMS-A|DRIAMS-B,DRIAMS-C,0.11607875,-0.036269806
2670,10010.11,False,0.07616697,False,DRIAMS-A|DRIAMS-B,DRIAMS-C,0.14589234,-0.0064416034
1178,5534.11,True,0.07616256,False,DRIAMS-A|DRIAMS-B,DRIAMS-C,0.042476054,0.109849066
3294,11882.11,True,0.07615057,False,DRIAMS-A|DRIAMS-B,DRIAMS-C,0.15031862,0.0019825168
3317,11951.11,True,0.0760521,False,DRIAMS-A|DRIAMS-B,DRIAMS-C,0.080238946,0.07186525
3337,12011.11,True,0.0760113,False,DRIAMS-A|DRIAMS-B,DRIAMS-C,0.027766293,0.12425631
2254,8762.11,False,0.07598078,False,DRIAMS-A|DRIAMS-B,DRIAMS-C,0.05204207,-0.0999195
1366,6098.11,True,0.07594387,False,DRIAMS-A|DRIAMS-B,DRIAMS-C,0.14663745,0.0052502835
5700,19100.11,False,0.075936146,False,DRIAMS-A|DRIAMS-B,DRIAMS-C,0.10372998,-0.048142318
1759,7277.11,True,0.07592508,False,DRIAMS-A|DRIAMS-B,DRIAMS-C,-0.047271557,-0.10457861
4174,14522.11,True,0.07585219,False,DRIAMS-A|DRIAMS-B,DRIAMS-C,0.030220691,0.12148369
90,2270.1099999999997,False,0.075848535,False,DRIAMS-A|DRIAMS-B,DRIAMS-C,-0.0052711964,0.14642587
562,3686.1099999999997,True,0.075799316,False,DRIAMS-A|DRIAMS-B,DRIAMS-C,0.06582215,0.08577648
439,3317.1099999999997,True,0.07578467,False,DRIAMS-A|DRIAMS-B,DRIAMS-C,-0.033634804,-0.11793454
1638,6914.11,True,0.07574943,False,DRIAMS-A|DRIAMS-B,DRIAMS-C,-0.089065,-0.062433854
3591,12773.11,False,0.075740054,False,DRIAMS-A|DRIAMS-B,DRIAMS-C,0.1125477,-0.038932413
1507,6521.11,False,0.07568371,False,DRIAMS-A|DRIAMS-B,DRIAMS-C,0.10754242,-0.043825008
1703,7109.11,True,0.07564841,False,DRIAMS-A|DRIAMS-B,DRIAMS-C,0.025879487,0.12541734
2435,9305.11,True,0.075603865,False,DRIAMS-A|DRIAMS-B,DRIAMS-C,0.10205157,0.04915616
5859,19577.11,False,0.075572185,False,DRIAMS-A|DRIAMS-B,DRIAMS-C,0.13979647,-0.011347901
814,4442.11,False,0.075437605,False,DRIAMS-A|DRIAMS-B,DRIAMS-C,-0.077475004,0.0734002
2582,9746.11,True,0.07542898,False,DRIAMS-A|DRIAMS-B,DRIAMS-C,-0.06296354,-0.08789442
916,4748.11,True,0.07542373,False,DRIAMS-A|DRIAMS-B,DRIAMS-C,0.05461674,0.096230716
1387,6161.11,False,0.0753741,False,DRIAMS-A|DRIAMS-B,DRIAMS-C,0.06804245,-0.082705736
793,4379.11,False,0.075268045,False,DRIAMS-A|DRIAMS-B,DRIAMS-C,-0.14708099,0.003455099
112,2336.1099999999997,False,0.07525393,False,DRIAMS-A|DRIAMS-B,DRIAMS-C,-0.11628295,0.034224924
2415,9245.11,True,0.075158216,False,DRIAMS-A|DRIAMS-B,DRIAMS-C,0.13141134,0.018905092
3196,11588.11,False,0.075123996,False,DRIAMS-A|DRIAMS-B,DRIAMS-C,0.0746302,-0.07561778
1718,7154.11,True,0.07509635,False,DRIAMS-A|DRIAMS-B,DRIAMS-C,-0.057142187,-0.09305051
3534,12602.11,False,0.07504785,False,DRIAMS-A|DRIAMS-B,DRIAMS-C,-0.08793773,0.062157977
4758,16274.11,False,0.0750185,False,DRIAMS-A|DRIAMS-B,DRIAMS-C,0.035663147,-0.11437386
374,3122.1099999999997,False,0.07500292,False,DRIAMS-A|DRIAMS-B,DRIAMS-C,-0.08959626,0.060409594
3479,12437.11,False,0.07492219,False,DRIAMS-A|DRIAMS-B,DRIAMS-C,0.08491174,-0.06493263
3713,13139.11,True,0.0749137,False,DRIAMS-A|DRIAMS-B,DRIAMS-C,-0.010954116,-0.1388733
5808,19424.11,True,0.07491289,False,DRIAMS-A|DRIAMS-B,DRIAMS-C,0.116681054,0.033144727
4685,16055.11,False,0.07486756,False,DRIAMS-A|DRIAMS-B,DRIAMS-C,0.06325622,-0.08647891
5766,19298.11,False,0.07482397,False,DRIAMS-A|DRIAMS-B,DRIAMS-C,0.1403707,-0.009277244
4972,16916.11,True,0.07480332,False,DRIAMS-A|DRIAMS-B,DRIAMS-C,0.08170606,0.067900576
3351,12053.11,True,0.074789666,False,DRIAMS-A|DRIAMS-B,DRIAMS-C,0.04077727,0.108802065
1717,7151.11,False,0.07470896,False,DRIAMS-A|DRIAMS-B,DRIAMS-C,0.019451587,-0.12996633
711,4133.11,True,0.07469274,False,DRIAMS-A|DRIAMS-B,DRIAMS-C,-0.05128002,-0.09810545
4611,15833.11,False,0.074682444,False,DRIAMS-A|DRIAMS-B,DRIAMS-C,0.11707569,-0.032289192
5648,18944.11,False,0.07464515,False,DRIAMS-A|DRIAMS-B,DRIAMS-C,0.13045605,-0.018834246
3644,12932.11,False,0.07460733,False,DRIAMS-A|DRIAMS-B,DRIAMS-C,0.08750912,-0.06170553
2899,10697.11,False,0.07451802,False,DRIAMS-A|DRIAMS-B,DRIAMS-C,0.10687573,-0.0421603
2806,10418.11,True,0.07446357,False,DRIAMS-A|DRIAMS-B,DRIAMS-C,0.04853263,0.10039451
4712,16136.11,False,0.07441278,False,DRIAMS-A|DRIAMS-B,DRIAMS-C,0.13829619,-0.010529373
346,3038.1099999999997,True,0.07440988,False,DRIAMS-A|DRIAMS-B,DRIAMS-C,-0.028674787,-0.12014498
4498,15494.11,False,0.074321955,False,DRIAMS-A|DRIAMS-B,DRIAMS-C,0.06395489,-0.08468903
1633,6899.11,False,0.07428611,False,DRIAMS-A|DRIAMS-B,DRIAMS-C,0.0030353388,-0.14553688
5684,19052.11,True,0.07425119,False,DRIAMS-A|DRIAMS-B,DRIAMS-C,0.11010748,0.038394902
8,2024.11,True,0.07419911,False,DRIAMS-A|DRIAMS-B,DRIAMS-C,-0.033217296,-0.115180925
1982,7946.11,True,0.07416046,False,DRIAMS-A|DRIAMS-B,DRIAMS-C,-0.048670776,-0.09965014
39,2117.1099999999997,False,0.07411008,False,DRIAMS-A|DRIAMS-B,DRIAMS-C,0.060637172,-0.08758299
3753,13259.11,False,0.074058056,False,DRIAMS-A|DRIAMS-B,DRIAMS-C,0.096454605,-0.05166151
5720,19160.11,False,0.074015304,False,DRIAMS-A|DRIAMS-B,DRIAMS-C,0.119116046,-0.02891456
5651,18953.11,True,0.07395975,False,DRIAMS-A|DRIAMS-B,DRIAMS-C,0.12366868,0.02425082
764,4292.11,True,0.07393028,False,DRIAMS-A|DRIAMS-B,DRIAMS-C,-0.012470193,-0.13539036
5323,17969.11,True,0.07390988,False,DRIAMS-A|DRIAMS-B,DRIAMS-C,0.13734269,0.010477065
1787,7361.11,False,0.07389261,False,DRIAMS-A|DRIAMS-B,DRIAMS-C,-0.034292165,0.113493055
2014,8042.11,True,0.073857434,False,DRIAMS-A|DRIAMS-B,DRIAMS-C,-0.058598466,-0.0891164
2649,9947.11,True,0.07373167,False,DRIAMS-A|DRIAMS-B,DRIAMS-C,0.1158441,0.031619232
382,3146.1099999999997,False,0.073614575,False,DRIAMS-A|DRIAMS-B,DRIAMS-C,0.093241885,-0.053987265
5840,19520.11,False,0.073594004,False,DRIAMS-A|DRIAMS-B,DRIAMS-C,0.10124989,-0.04593811
5219,17657.11,True,0.07348736,False,DRIAMS-A|DRIAMS-B,DRIAMS-C,0.042531062,0.10444365
480,3440.1099999999997,True,0.07346572,False,DRIAMS-A|DRIAMS-B,DRIAMS-C,0.07561787,0.071313575
714,4142.11,False,0.073462926,False,DRIAMS-A|DRIAMS-B,DRIAMS-C,-0.013562705,0.13336314
3451,12353.11,False,0.073442854,False,DRIAMS-A|DRIAMS-B,DRIAMS-C,0.093259126,-0.053626582
2597,9791.11,True,0.07339963,False,DRIAMS-A|DRIAMS-B,DRIAMS-C,0.04157283,0.10522644
2783,10349.11,False,0.07324818,False,DRIAMS-A|DRIAMS-B,DRIAMS-C,0.044136457,-0.10235989
908,4724.11,False,0.07323817,False,DRIAMS-A|DRIAMS-B,DRIAMS-C,0.034966186,-0.11151016
3452,12356.11,False,0.073155105,False,DRIAMS-A|DRIAMS-B,DRIAMS-C,0.116372295,-0.029937908
5576,18728.11,True,0.073106684,False,DRIAMS-A|DRIAMS-B,DRIAMS-C,0.14062741,0.0055859517
666,3998.1099999999997,True,0.07301738,False,DRIAMS-A|DRIAMS-B,DRIAMS-C,0.067998946,0.07803582
5095,17285.11,True,0.07300056,False,DRIAMS-A|DRIAMS-B,DRIAMS-C,0.07782616,0.06817496
3258,11774.11,False,0.07291465,False,DRIAMS-A|DRIAMS-B,DRIAMS-C,0.13104242,-0.014786882
5536,18608.11,False,0.07283144,False,DRIAMS-A|DRIAMS-B,DRIAMS-C,0.1065945,-0.039068364
1547,6641.11,False,0.07276771,False,DRIAMS-A|DRIAMS-B,DRIAMS-C,-0.080826566,0.06470886
145,2435.1099999999997,False,0.07273105,False,DRIAMS-A|DRIAMS-B,DRIAMS-C,-0.019325621,0.12613647
15,2045.11,True,0.07261968,False,DRIAMS-A|DRIAMS-B,DRIAMS-C,-0.07430603,-0.07093333
2994,10982.11,False,0.07246287,False,DRIAMS-A|DRIAMS-B,DRIAMS-C,0.07459368,-0.070332065
923,4769.11,False,0.072364554,False,DRIAMS-A|DRIAMS-B,DRIAMS-C,0.06850562,-0.07622349
5535,18605.11,True,0.07227984,False,DRIAMS-A|DRIAMS-B,DRIAMS-C,0.057135515,0.08742417
872,4616.11,False,0.072267435,False,DRIAMS-A|DRIAMS-B,DRIAMS-C,-0.14286382,0.001671047
3158,11474.11,False,0.072267435,False,DRIAMS-A|DRIAMS-B,DRIAMS-C,0.06716945,-0.07736542
4540,15620.11,True,0.07224216,False,DRIAMS-A|DRIAMS-B,DRIAMS-C,0.05836366,0.086120665
1244,5732.11,False,0.07218612,False,DRIAMS-A|DRIAMS-B,DRIAMS-C,-0.10518913,0.039183106
1810,7430.11,True,0.07210505,False,DRIAMS-A|DRIAMS-B,DRIAMS-C,-0.066596985,-0.077613115
1135,5405.11,False,0.07203429,False,DRIAMS-A|DRIAMS-B,DRIAMS-C,-0.037844107,0.10622448
255,2765.1099999999997,False,0.07199203,False,DRIAMS-A|DRIAMS-B,DRIAMS-C,-0.00012761644,0.14385645
4488,15464.11,True,0.071962416,False,DRIAMS-A|DRIAMS-B,DRIAMS-C,-0.040050823,-0.10387401
222,2666.1099999999997,False,0.07195987,False,DRIAMS-A|DRIAMS-B,DRIAMS-C,0.07870725,-0.06521248
3678,13034.11,False,0.07183623,False,DRIAMS-A|DRIAMS-B,DRIAMS-C,0.11053837,-0.033134095
5608,18824.11,False,0.07178709,False,DRIAMS-A|DRIAMS-B,DRIAMS-C,0.13009514,-0.01347904
2601,9803.11,True,0.07170892,False,DRIAMS-A|DRIAMS-B,DRIAMS-C,-0.01803502,-0.12538281
3603,12809.11,True,0.07156587,False,DRIAMS-A|DRIAMS-B,DRIAMS-C,0.09240359,0.050728146
3315,11945.11,False,0.07150631,False,DRIAMS-A|DRIAMS-B,DRIAMS-C,0.12984067,-0.013171935
1796,7388.11,False,0.07150283,False,DRIAMS-A|DRIAMS-B,DRIAMS-C,0.14132369,-0.0016819655
5889,19667.11,True,0.071468405,False,DRIAMS-A|DRIAMS-B,DRIAMS-C,0.11724412,0.025692694
3774,13322.11,False,0.07145074,False,DRIAMS-A|DRIAMS-B,DRIAMS-C,0.03952958,-0.103371896
2273,8819.11,True,0.07144256,False,DRIAMS-A|DRIAMS-B,DRIAMS-C,0.08570765,0.057177473
5316,17948.11,True,0.071364656,False,DRIAMS-A|DRIAMS-B,DRIAMS-C,0.1260646,0.016664721
3590,12770.11,False,0.07135803,False,DRIAMS-A|DRIAMS-B,DRIAMS-C,0.13252787,-0.0101881875
2493,9479.11,False,0.07124215,False,DRIAMS-A|DRIAMS-B,DRIAMS-C,0.03647405,-0.10601025
111,2333.1099999999997,True,0.071191885,False,DRIAMS-A|DRIAMS-B,DRIAMS-C,-0.04379732,-0.09858645
4854,16562.11,False,0.07115397,False,DRIAMS-A|DRIAMS-B,DRIAMS-C,0.06685111,-0.07545683
2016,8048.11,False,0.071069025,False,DRIAMS-A|DRIAMS-B,DRIAMS-C,-0.13024522,0.011892825
3405,12215.11,False,0.071060345,False,DRIAMS-A|DRIAMS-B,DRIAMS-C,0.08796319,-0.054157503
2070,8210.11,False,0.071044505,False,DRIAMS-A|DRIAMS-B,DRIAMS-C,0.05090855,-0.09118046
1783,7349.11,False,0.070998125,False,DRIAMS-A|DRIAMS-B,DRIAMS-C,-0.050036516,0.09195974
1253,5759.11,False,0.07099423,False,DRIAMS-A|DRIAMS-B,DRIAMS-C,-0.08375019,0.05823826
2202,8606.11,False,0.07098228,False,DRIAMS-A|DRIAMS-B,DRIAMS-C,0.07606881,-0.06589575
4051,14153.11,False,0.070937574,False,DRIAMS-A|DRIAMS-B,DRIAMS-C,0.11197544,-0.029899716
703,4109.11,False,0.07089946,False,DRIAMS-A|DRIAMS-B,DRIAMS-C,0.09953264,-0.042266272
4001,14003.11,True,0.070808575,False,DRIAMS-A|DRIAMS-B,DRIAMS-C,0.08890091,0.052716233
5295,17885.11,False,0.07076688,False,DRIAMS-A|DRIAMS-B,DRIAMS-C,0.101601586,-0.03993218
3221,11663.11,False,0.070716836,False,DRIAMS-A|DRIAMS-B,DRIAMS-C,0.13787797,-0.0035556974
5729,19187.11,False,0.07069059,False,DRIAMS-A|DRIAMS-B,DRIAMS-C,0.09020836,-0.051172808
2494,9482.11,False,0.0706841,False,DRIAMS-A|DRIAMS-B,DRIAMS-C,0.03969583,-0.101672366
5441,18323.11,False,0.07067882,False,DRIAMS-A|DRIAMS-B,DRIAMS-C,0.09852175,-0.042835895
3438,12314.11,True,0.070656374,False,DRIAMS-A|DRIAMS-B,DRIAMS-C,0.126803,0.01450976
5458,18374.11,True,0.070636824,False,DRIAMS-A|DRIAMS-B,DRIAMS-C,0.11919759,0.022076061
302,2906.1099999999997,False,0.07062709,False,DRIAMS-A|DRIAMS-B,DRIAMS-C,0.030222181,-0.111032
5319,17957.11,True,0.07053785,False,DRIAMS-A|DRIAMS-B,DRIAMS-C,0.1207209,0.020354798
5742,19226.11,True,0.070531234,False,DRIAMS-A|DRIAMS-B,DRIAMS-C,0.13272575,0.008336719
1683,7049.11,False,0.07051044,False,DRIAMS-A|DRIAMS-B,DRIAMS-C,0.060804855,-0.08021602
522,3566.1099999999997,False,0.07043186,False,DRIAMS-A|DRIAMS-B,DRIAMS-C,0.08403819,-0.056825534
2632,9896.11,True,0.07043084,False,DRIAMS-A|DRIAMS-B,DRIAMS-C,-0.076334886,-0.06452679
5707,19121.11,True,0.0702986,False,DRIAMS-A|DRIAMS-B,DRIAMS-C,0.10963802,0.03095917
4319,14957.11,True,0.07024433,False,DRIAMS-A|DRIAMS-B,DRIAMS-C,0.10862301,0.031865634
5169,17507.11,True,0.070219085,False,DRIAMS-A|DRIAMS-B,DRIAMS-C,0.11785147,0.022586698
4300,14900.11,True,0.07018801,False,DRIAMS-A|DRIAMS-B,DRIAMS-C,0.035507653,0.10486836
4613,15839.11,True,0.070187725,False,DRIAMS-A|DRIAMS-B,DRIAMS-C,0.110081635,0.030293819
2316,8948.11,False,0.07012525,False,DRIAMS-A|DRIAMS-B,DRIAMS-C,0.024861537,-0.115388975
4170,14510.11,False,0.07009572,False,DRIAMS-A|DRIAMS-B,DRIAMS-C,-0.103588186,0.036603253
5370,18110.11,True,0.07009471,False,DRIAMS-A|DRIAMS-B,DRIAMS-C,0.12797995,0.012209479
1955,7865.11,False,0.07009115,False,DRIAMS-A|DRIAMS-B,DRIAMS-C,-0.064844936,0.075337365
549,3647.1099999999997,False,0.07003595,False,DRIAMS-A|DRIAMS-B,DRIAMS-C,-0.10195339,0.03811851
5688,19064.11,True,0.070016325,False,DRIAMS-A|DRIAMS-B,DRIAMS-C,0.083828025,0.056204617
517,3551.1099999999997,True,0.06978676,False,DRIAMS-A|DRIAMS-B,DRIAMS-C,-0.13773905,-0.0018344616
3012,11036.11,False,0.06968765,False,DRIAMS-A|DRIAMS-B,DRIAMS-C,0.04391925,-0.09545605
5300,17900.11,False,0.069676876,False,DRIAMS-A|DRIAMS-B,DRIAMS-C,0.1179115,-0.021442242
2461,9383.11,True,0.06966287,False,DRIAMS-A|DRIAMS-B,DRIAMS-C,0.10552849,0.033797245
5913,19739.11,True,0.06966081,False,DRIAMS-A|DRIAMS-B,DRIAMS-C,0.1249988,0.014322822
1559,6677.11,True,0.06947585,False,DRIAMS-A|DRIAMS-B,DRIAMS-C,0.12475539,0.01419631
265,2795.1099999999997,True,0.069449306,False,DRIAMS-A|DRIAMS-B,DRIAMS-C,-0.13705175,-0.0018468574
2424,9272.11,True,0.06942418,False,DRIAMS-A|DRIAMS-B,DRIAMS-C,0.021567421,0.117280945
1925,7775.11,True,0.06942274,False,DRIAMS-A|DRIAMS-B,DRIAMS-C,-0.0727408,-0.06610467
3682,13046.11,False,0.06914763,False,DRIAMS-A|DRIAMS-B,DRIAMS-C,0.1131043,-0.025190959
1784,7352.11,False,0.0690982,False,DRIAMS-A|DRIAMS-B,DRIAMS-C,-0.05348743,0.08470897
219,2657.1099999999997,True,0.069041274,False,DRIAMS-A|DRIAMS-B,DRIAMS-C,0.058788504,0.07929404
4116,14348.11,False,0.06902562,False,DRIAMS-A|DRIAMS-B,DRIAMS-C,0.08388225,-0.054168984
2892,10676.11,False,0.06900956,False,DRIAMS-A|DRIAMS-B,DRIAMS-C,0.0716491,-0.06637002
2894,10682.11,False,0.06892183,False,DRIAMS-A|DRIAMS-B,DRIAMS-C,0.10378964,-0.034054007
3052,11156.11,False,0.06889572,False,DRIAMS-A|DRIAMS-B,DRIAMS-C,-0.09113486,0.04665658
5464,18392.11,True,0.068894416,False,DRIAMS-A|DRIAMS-B,DRIAMS-C,0.119683854,0.018104978
2191,8573.11,True,0.06889004,False,DRIAMS-A|DRIAMS-B,DRIAMS-C,-0.018206684,-0.1195734
3707,13121.11,True,0.06879393,False,DRIAMS-A|DRIAMS-B,DRIAMS-C,-0.05594011,-0.08164775
4513,15539.11,True,0.068764836,False,DRIAMS-A|DRIAMS-B,DRIAMS-C,0.11898597,0.01854369
1662,6986.11,True,0.06873475,False,DRIAMS-A|DRIAMS-B,DRIAMS-C,-0.041333668,-0.096135825
2089,8267.11,True,0.068693675,False,DRIAMS-A|DRIAMS-B,DRIAMS-C,-0.059699945,-0.077687405
920,4760.11,True,0.06865048,False,DRIAMS-A|DRIAMS-B,DRIAMS-C,-0.010184067,-0.12711689
5159,17477.11,True,0.06858882,False,DRIAMS-A|DRIAMS-B,DRIAMS-C,0.12272023,0.01445742
4628,15884.11,False,0.06840089,False,DRIAMS-A|DRIAMS-B,DRIAMS-C,0.036039766,-0.10076201
1669,7007.11,False,0.06839642,False,DRIAMS-A|DRIAMS-B,DRIAMS-C,-0.010613677,0.12617916
2510,9530.11,True,0.0683299,False,DRIAMS-A|DRIAMS-B,DRIAMS-C,0.05122058,0.08543922
3228,11684.11,True,0.06832477,False,DRIAMS-A|DRIAMS-B,DRIAMS-C,0.11080448,0.025845056
1250,5750.11,False,0.0682897,False,DRIAMS-A|DRIAMS-B,DRIAMS-C,0.028012099,-0.10856729
2377,9131.11,True,0.0681796,False,DRIAMS-A|DRIAMS-B,DRIAMS-C,0.020517655,0.115841545
4725,16175.11,False,0.06817516,False,DRIAMS-A|DRIAMS-B,DRIAMS-C,0.12730977,-0.009040543
4585,15755.11,True,0.06808955,False,DRIAMS-A|DRIAMS-B,DRIAMS-C,0.050890006,0.0852891
4703,16109.11,False,0.06807665,False,DRIAMS-A|DRIAMS-B,DRIAMS-C,0.019757487,-0.11639581
2615,9845.11,False,0.0680391,False,DRIAMS-A|DRIAMS-B,DRIAMS-C,0.07933405,-0.056744147
3775,13325.11,True,0.06791237,False,DRIAMS-A|DRIAMS-B,DRIAMS-C,0.09881161,0.03701313
1443,6329.11,True,0.06789207,False,DRIAMS-A|DRIAMS-B,DRIAMS-C,-0.04270532,-0.093078814
5244,17732.11,True,0.06782131,False,DRIAMS-A|DRIAMS-B,DRIAMS-C,0.0845671,0.051075518
1983,7949.11,False,0.0678102,False,DRIAMS-A|DRIAMS-B,DRIAMS-C,-0.04040814,0.095212266
3484,12452.11,True,0.0677941,False,DRIAMS-A|DRIAMS-B,DRIAMS-C,0.081440225,0.05414798
3909,13727.11,True,0.06771516,False,DRIAMS-A|DRIAMS-B,DRIAMS-C,0.13476376,0.00066656445
5811,19433.11,True,0.06769772,False,DRIAMS-A|DRIAMS-B,DRIAMS-C,0.056098964,0.07929647
2603,9809.11,False,0.0676721,False,DRIAMS-A|DRIAMS-B,DRIAMS-C,-0.043233927,0.092110276
4279,14837.11,True,0.06762743,False,DRIAMS-A|DRIAMS-B,DRIAMS-C,0.12568912,0.009565738
4048,14144.11,False,0.06761093,False,DRIAMS-A|DRIAMS-B,DRIAMS-C,0.07762042,-0.057601433
606,3818.1099999999997,False,0.06743432,False,DRIAMS-A|DRIAMS-B,DRIAMS-C,0.08726548,-0.047603164
1445,6335.11,False,0.0674178,False,DRIAMS-A|DRIAMS-B,DRIAMS-C,0.030018894,-0.104816705
5421,18263.11,True,0.06740898,False,DRIAMS-A|DRIAMS-B,DRIAMS-C,0.10744507,0.027372885
2996,10988.11,False,0.06740773,False,DRIAMS-A|DRIAMS-B,DRIAMS-C,0.059036184,-0.075779274
5584,18752.11,True,0.06739155,False,DRIAMS-A|DRIAMS-B,DRIAMS-C,0.11137974,0.023403358
1715,7145.11,False,0.06735337,False,DRIAMS-A|DRIAMS-B,DRIAMS-C,-0.036334477,0.09837225
2861,10583.11,False,0.06729664,False,DRIAMS-A|DRIAMS-B,DRIAMS-C,0.013255649,-0.12133763
140,2420.1099999999997,True,0.0672042,False,DRIAMS-A|DRIAMS-B,DRIAMS-C,-0.10887231,-0.025536088
1788,7364.11,True,0.06714814,False,DRIAMS-A|DRIAMS-B,DRIAMS-C,0.10551717,0.028779108
3276,11828.11,False,0.06714518,False,DRIAMS-A|DRIAMS-B,DRIAMS-C,0.110642545,-0.023647817
3766,13298.11,False,0.067142725,False,DRIAMS-A|DRIAMS-B,DRIAMS-C,0.10375467,-0.030530788
5273,17819.11,False,0.06706111,False,DRIAMS-A|DRIAMS-B,DRIAMS-C,0.097456396,-0.03666583
45,2135.1099999999997,True,0.067009926,False,DRIAMS-A|DRIAMS-B,DRIAMS-C,-0.12388547,-0.010134389
5186,17558.11,False,0.06691646,False,DRIAMS-A|DRIAMS-B,DRIAMS-C,0.13373925,-9.366749e-05
509,3527.1099999999997,False,0.06677757,False,DRIAMS-A|DRIAMS-B,DRIAMS-C,0.10763881,-0.025916338
905,4715.11,False,0.066776305,False,DRIAMS-A|DRIAMS-B,DRIAMS-C,0.09032625,-0.043226358
423,3269.1099999999997,True,0.066718474,False,DRIAMS-A|DRIAMS-B,DRIAMS-C,-0.006358887,-0.12707806
4083,14249.11,False,0.06667457,False,DRIAMS-A|DRIAMS-B,DRIAMS-C,0.12029011,-0.013059025
4789,16367.11,False,0.06664044,False,DRIAMS-A|DRIAMS-B,DRIAMS-C,0.110542946,-0.02273792
2738,10214.11,True,0.06660691,False,DRIAMS-A|DRIAMS-B,DRIAMS-C,0.012120555,0.12109326
2486,9458.11,True,0.066559285,False,DRIAMS-A|DRIAMS-B,DRIAMS-C,0.123618975,0.009499591
3872,13616.11,False,0.0665518,False,DRIAMS-A|DRIAMS-B,DRIAMS-C,0.055662345,-0.077441245
2724,10172.11,True,0.066404186,False,DRIAMS-A|DRIAMS-B,DRIAMS-C,0.030036122,0.10277225
2035,8105.11,False,0.06632706,False,DRIAMS-A|DRIAMS-B,DRIAMS-C,-0.11445816,0.018195953
5275,17825.11,False,0.06629897,False,DRIAMS-A|DRIAMS-B,DRIAMS-C,0.12854467,-0.0040532625
5214,17642.11,True,0.06628996,False,DRIAMS-A|DRIAMS-B,DRIAMS-C,0.04922691,0.08335301
4042,14126.11,False,0.066232994,False,DRIAMS-A|DRIAMS-B,DRIAMS-C,0.0802353,-0.05223069
3838,13514.11,False,0.06621253,False,DRIAMS-A|DRIAMS-B,DRIAMS-C,0.047526043,-0.084899016
967,4901.11,False,0.06612651,False,DRIAMS-A|DRIAMS-B,DRIAMS-C,0.0109906765,-0.12126234
5420,18260.11,False,0.0661166,False,DRIAMS-A|DRIAMS-B,DRIAMS-C,0.11189539,-0.020337818
4427,15281.11,False,0.06600789,False,DRIAMS-A|DRIAMS-B,DRIAMS-C,0.023949264,-0.108066514
5294,17882.11,False,0.06599287,False,DRIAMS-A|DRIAMS-B,DRIAMS-C,0.12817125,-0.0038144905
263,2789.1099999999997,False,0.06593672,False,DRIAMS-A|DRIAMS-B,DRIAMS-C,0.0674928,-0.064380646
2072,8216.11,False,0.0658441,False,DRIAMS-A|DRIAMS-B,DRIAMS-C,0.04231612,-0.08937208
5677,19031.11,False,0.06573713,False,DRIAMS-A|DRIAMS-B,DRIAMS-C,0.1008878,-0.030586464
1064,5192.11,True,0.06569172,False,DRIAMS-A|DRIAMS-B,DRIAMS-C,-0.061826143,-0.069557294
2203,8609.11,False,0.06557457,False,DRIAMS-A|DRIAMS-B,DRIAMS-C,0.1032067,-0.027942441
460,3380.1099999999997,False,0.06557304,False,DRIAMS-A|DRIAMS-B,DRIAMS-C,-0.107637875,0.023508202
367,3101.1099999999997,True,0.06551215,False,DRIAMS-A|DRIAMS-B,DRIAMS-C,0.003349,0.1276753
5619,18857.11,False,0.065509886,False,DRIAMS-A|DRIAMS-B,DRIAMS-C,0.10484776,-0.026172012
3069,11207.11,False,0.06548866,False,DRIAMS-A|DRIAMS-B,DRIAMS-C,0.088648774,-0.042328548
3156,11468.11,True,0.06546392,False,DRIAMS-A|DRIAMS-B,DRIAMS-C,-0.0071641826,-0.123763666
5622,18866.11,True,0.06544174,False,DRIAMS-A|DRIAMS-B,DRIAMS-C,0.08218242,0.04870106
891,4673.11,True,0.06543228,False,DRIAMS-A|DRIAMS-B,DRIAMS-C,0.10012961,0.030734941
4392,15176.11,False,0.06537254,False,DRIAMS-A|DRIAMS-B,DRIAMS-C,-0.12383509,0.0069099944
3758,13274.11,False,0.06524541,False,DRIAMS-A|DRIAMS-B,DRIAMS-C,0.046900988,-0.08358984
572,3716.1099999999997,False,0.065211274,False,DRIAMS-A|DRIAMS-B,DRIAMS-C,0.081680745,-0.0487418
5417,18251.11,False,0.06508922,False,DRIAMS-A|DRIAMS-B,DRIAMS-C,0.11630071,-0.0138777215
5606,18818.11,True,0.06505346,False,DRIAMS-A|DRIAMS-B,DRIAMS-C,0.057597753,0.07250917
2130,8390.11,True,0.06503442,False,DRIAMS-A|DRIAMS-B,DRIAMS-C,0.082479045,0.047589786
3951,13853.11,False,0.064986095,False,DRIAMS-A|DRIAMS-B,DRIAMS-C,0.11180972,-0.018162463
1090,5270.11,True,0.064830154,False,DRIAMS-A|DRIAMS-B,DRIAMS-C,-0.056872506,-0.0727878
357,3071.1099999999997,True,0.0647908,False,DRIAMS-A|DRIAMS-B,DRIAMS-C,-0.088360034,-0.04122156
3177,11531.11,False,0.06473659,False,DRIAMS-A|DRIAMS-B,DRIAMS-C,-0.05677603,0.07269714
131,2393.1099999999997,True,0.06469342,False,DRIAMS-A|DRIAMS-B,DRIAMS-C,0.013391485,0.115995355
2989,10967.11,False,0.06468397,False,DRIAMS-A|DRIAMS-B,DRIAMS-C,0.055722386,-0.07364555
928,4784.11,True,0.06468298,False,DRIAMS-A|DRIAMS-B,DRIAMS-C,0.004893291,0.12447268
948,4844.11,False,0.06465587,False,DRIAMS-A|DRIAMS-B,DRIAMS-C,0.054580286,-0.074731454
1696,7088.11,True,0.06460293,False,DRIAMS-A|DRIAMS-B,DRIAMS-C,-0.004632574,-0.12457328
2495,9485.11,False,0.06454672,False,DRIAMS-A|DRIAMS-B,DRIAMS-C,0.062466145,-0.066627294
1457,6371.11,True,0.064433,False,DRIAMS-A|DRIAMS-B,DRIAMS-C,0.098983474,0.02988253
3835,13505.11,False,0.064417705,False,DRIAMS-A|DRIAMS-B,DRIAMS-C,0.121764086,-0.007071324
5734,19202.11,False,0.06430963,False,DRIAMS-A|DRIAMS-B,DRIAMS-C,0.12427362,-0.0043456345
4003,14009.11,True,0.064234264,False,DRIAMS-A|DRIAMS-B,DRIAMS-C,0.10832362,0.020144911
901,4703.11,False,0.06420936,False,DRIAMS-A|DRIAMS-B,DRIAMS-C,-0.118653245,0.009765466
1620,6860.11,False,0.06419607,False,DRIAMS-A|DRIAMS-B,DRIAMS-C,0.037275508,-0.09111664
507,3521.1099999999997,True,0.06419538,False,DRIAMS-A|DRIAMS-B,DRIAMS-C,-0.092133775,-0.036256976
91,2273.1099999999997,True,0.06415626,False,DRIAMS-A|DRIAMS-B,DRIAMS-C,-0.09852066,-0.029791858
5924,19772.11,True,0.064146616,False,DRIAMS-A|DRIAMS-B,DRIAMS-C,0.12669152,0.0016017111
2489,9467.11,True,0.06408787,False,DRIAMS-A|DRIAMS-B,DRIAMS-C,0.112454,0.015721738
5461,18383.11,True,0.064013086,False,DRIAMS-A|DRIAMS-B,DRIAMS-C,0.11335802,0.014668155
4615,15845.11,True,0.06395103,False,DRIAMS-A|DRIAMS-B,DRIAMS-C,0.11312744,0.014774615
3476,12428.11,False,0.06387613,False,DRIAMS-A|DRIAMS-B,DRIAMS-C,0.09472741,-0.033024844
979,4937.11,True,0.06386705,False,DRIAMS-A|DRIAMS-B,DRIAMS-C,-0.068381436,-0.05935265
384,3152.1099999999997,False,0.06383608,False,DRIAMS-A|DRIAMS-B,DRIAMS-C,-0.09813329,0.029538875
3344,12032.11,True,0.06382048,False,DRIAMS-A|DRIAMS-B,DRIAMS-C,0.090270236,0.03737072
4670,16010.11,False,0.063749634,False,DRIAMS-A|DRIAMS-B,DRIAMS-C,0.12643404,-0.0010652187
1699,7097.11,True,0.06374813,False,DRIAMS-A|DRIAMS-B,DRIAMS-C,-0.04075952,-0.08673674
4865,16595.11,True,0.06365023,False,DRIAMS-A|DRIAMS-B,DRIAMS-C,0.12576057,0.0015398815
1058,5174.11,True,0.063634865,False,DRIAMS-A|DRIAMS-B,DRIAMS-C,0.023576548,0.10369318
2545,9635.11,True,0.06363247,False,DRIAMS-A|DRIAMS-B,DRIAMS-C,-0.09565397,-0.031610977
1456,6368.11,False,0.0636271,False,DRIAMS-A|DRIAMS-B,DRIAMS-C,0.10159475,-0.025659448
5272,17816.11,True,0.0636185,False,DRIAMS-A|DRIAMS-B,DRIAMS-C,0.0991776,0.028059414
2909,10727.11,True,0.06360302,False,DRIAMS-A|DRIAMS-B,DRIAMS-C,0.081532374,0.045673665
485,3455.1099999999997,False,0.06350341,False,DRIAMS-A|DRIAMS-B,DRIAMS-C,0.09878875,-0.028218059
3970,13910.11,True,0.06348024,False,DRIAMS-A|DRIAMS-B,DRIAMS-C,0.10495361,0.02200688
2283,8849.11,True,0.0634543,False,DRIAMS-A|DRIAMS-B,DRIAMS-C,-0.09586596,-0.031042648
3767,13301.11,True,0.06336048,False,DRIAMS-A|DRIAMS-B,DRIAMS-C,0.12137211,0.0053488608
1471,6413.11,False,0.063248344,False,DRIAMS-A|DRIAMS-B,DRIAMS-C,-0.026377564,0.10011912
3573,12719.11,False,0.06322603,False,DRIAMS-A|DRIAMS-B,DRIAMS-C,0.097742625,-0.028709441
1872,7616.11,True,0.06315631,False,DRIAMS-A|DRIAMS-B,DRIAMS-C,-0.04624771,-0.08006491
3216,11648.11,False,0.0630981,False,DRIAMS-A|DRIAMS-B,DRIAMS-C,0.014182948,-0.11201326
4669,16007.11,False,0.06309041,False,DRIAMS-A|DRIAMS-B,DRIAMS-C,0.0965643,-0.029616514
2608,9824.11,True,0.0630881,False,DRIAMS-A|DRIAMS-B,DRIAMS-C,0.039378986,0.08679721
2580,9740.11,False,0.06308721,False,DRIAMS-A|DRIAMS-B,DRIAMS-C,-0.0019494207,0.124225006
3068,11204.11,False,0.06306089,False,DRIAMS-A|DRIAMS-B,DRIAMS-C,0.07525019,-0.050871585
516,3548.1099999999997,False,0.063017964,False,DRIAMS-A|DRIAMS-B,DRIAMS-C,0.078886904,-0.04714903
3796,13388.11,False,0.06294712,False,DRIAMS-A|DRIAMS-B,DRIAMS-C,0.11389881,-0.011995419
1269,5807.11,True,0.06294404,False,DRIAMS-A|DRIAMS-B,DRIAMS-C,0.0018591976,0.124028884
4308,14924.11,True,0.06294314,False,DRIAMS-A|DRIAMS-B,DRIAMS-C,0.11713673,0.008749539
5559,18677.11,False,0.06288859,False,DRIAMS-A|DRIAMS-B,DRIAMS-C,0.11515717,-0.010620017
3499,12497.11,False,0.06269703,False,DRIAMS-A|DRIAMS-B,DRIAMS-C,0.121406786,-0.003987275
3801,13403.11,False,0.062677376,False,DRIAMS-A|DRIAMS-B,DRIAMS-C,0.09639626,-0.02895849
4208,14624.11,False,0.062664926,False,DRIAMS-A|DRIAMS-B,DRIAMS-C,0.11929389,-0.006035964
4729,16187.11,True,0.06265311,False,DRIAMS-A|DRIAMS-B,DRIAMS-C,0.07982506,0.04548116
1121,5363.11,False,0.062391613,False,DRIAMS-A|DRIAMS-B,DRIAMS-C,-0.019342601,0.105440624
119,2357.1099999999997,True,0.062082924,False,DRIAMS-A|DRIAMS-B,DRIAMS-C,-0.110711984,-0.013453865
559,3677.1099999999997,True,0.06206598,False,DRIAMS-A|DRIAMS-B,DRIAMS-C,-0.016456656,-0.10767531
989,4967.11,False,0.062025227,False,DRIAMS-A|DRIAMS-B,DRIAMS-C,0.005438146,-0.118612304
2839,10517.11,False,0.061912946,False,DRIAMS-A|DRIAMS-B,DRIAMS-C,-0.08097886,0.042847026
1215,5645.11,False,0.061871372,False,DRIAMS-A|DRIAMS-B,DRIAMS-C,0.09819973,-0.02554301
1870,7610.11,True,0.061844703,False,DRIAMS-A|DRIAMS-B,DRIAMS-C,0.045175537,0.07851387
3114,11342.11,False,0.061774105,False,DRIAMS-A|DRIAMS-B,DRIAMS-C,0.035192747,-0.08835546
581,3743.1099999999997,False,0.061736662,False,DRIAMS-A|DRIAMS-B,DRIAMS-C,0.049254395,-0.07421893
760,4280.11,False,0.06169272,False,DRIAMS-A|DRIAMS-B,DRIAMS-C,0.10154174,-0.021843692
5166,17498.11,False,0.061592672,False,DRIAMS-A|DRIAMS-B,DRIAMS-C,0.10423636,-0.018948985
4728,16184.11,False,0.061546285,False,DRIAMS-A|DRIAMS-B,DRIAMS-C,0.08149165,-0.04160092
960,4880.11,True,0.061522502,False,DRIAMS-A|DRIAMS-B,DRIAMS-C,-0.11897369,-0.0040713144
7,2021.11,True,0.06144993,False,DRIAMS-A|DRIAMS-B,DRIAMS-C,-0.096972436,-0.025927423
1470,6410.11,True,0.06135113,False,DRIAMS-A|DRIAMS-B,DRIAMS-C,-0.07127875,-0.051423512
4038,14114.11,True,0.06132421,False,DRIAMS-A|DRIAMS-B,DRIAMS-C,0.119359456,0.003288965
3735,13205.11,True,0.061212983,False,DRIAMS-A|DRIAMS-B,DRIAMS-C,0.071955554,0.05047041
5270,17810.11,False,0.061211973,False,DRIAMS-A|DRIAMS-B,DRIAMS-C,0.09179271,-0.03063124
5979,19937.11,True,0.06115398,False,DRIAMS-A|DRIAMS-B,DRIAMS-C,0.099219024,0.02308894
1318,5954.11,False,0.061051082,False,DRIAMS-A|DRIAMS-B,DRIAMS-C,0.023978712,-0.09812345
4315,14945.11,True,0.060999557,False,DRIAMS-A|DRIAMS-B,DRIAMS-C,0.04898802,0.07301109
3754,13262.11,False,0.06087917,False,DRIAMS-A|DRIAMS-B,DRIAMS-C,0.100202955,-0.021555385
655,3965.1099999999997,False,0.06086032,False,DRIAMS-A|DRIAMS-B,DRIAMS-C,-0.016182743,0.1055379
2630,9890.11,True,0.06081123,False,DRIAMS-A|DRIAMS-B,DRIAMS-C,-0.094184995,-0.02743746
2140,8420.11,True,0.060696155,False,DRIAMS-A|DRIAMS-B,DRIAMS-C,0.07889187,0.042500436
510,3530.1099999999997,False,0.060657807,False,DRIAMS-A|DRIAMS-B,DRIAMS-C,0.048095666,-0.07321995
1467,6401.11,False,0.060608003,False,DRIAMS-A|DRIAMS-B,DRIAMS-C,-0.044677608,0.0765384
151,2453.1099999999997,True,0.060607206,False,DRIAMS-A|DRIAMS-B,DRIAMS-C,0.023316123,0.09789829
1388,6164.11,False,0.060577553,False,DRIAMS-A|DRIAMS-B,DRIAMS-C,0.021854544,-0.09930056
949,4847.11,False,0.06056973,False,DRIAMS-A|DRIAMS-B,DRIAMS-C,0.028415926,-0.09272353
772,4316.11,True,0.060474277,False,DRIAMS-A|DRIAMS-B,DRIAMS-C,-0.009314511,-0.111634046
4179,14537.11,True,0.0604093,False,DRIAMS-A|DRIAMS-B,DRIAMS-C,0.044061754,0.07675685
3039,11117.11,False,0.06036767,False,DRIAMS-A|DRIAMS-B,DRIAMS-C,0.11726179,-0.0034735491
2232,8696.11,False,0.06032526,False,DRIAMS-A|DRIAMS-B,DRIAMS-C,0.119865425,-0.00078509573
3049,11147.11,False,0.06029333,False,DRIAMS-A|DRIAMS-B,DRIAMS-C,-0.08205318,0.038533483
4009,14027.11,False,0.06028121,False,DRIAMS-A|DRIAMS-B,DRIAMS-C,0.077806346,-0.042756073
2547,9641.11,True,0.060244203,False,DRIAMS-A|DRIAMS-B,DRIAMS-C,-0.08423344,-0.036254965
1512,6536.11,False,0.06023588,False,DRIAMS-A|DRIAMS-B,DRIAMS-C,-0.096503325,0.023968436
855,4565.11,True,0.0602341,False,DRIAMS-A|DRIAMS-B,DRIAMS-C,-0.053548712,-0.06691948
3026,11078.11,True,0.060097992,False,DRIAMS-A|DRIAMS-B,DRIAMS-C,0.06365263,0.056543354
3898,13694.11,False,0.06006739,False,DRIAMS-A|DRIAMS-B,DRIAMS-C,0.09864707,-0.021487707
896,4688.11,False,0.05996774,False,DRIAMS-A|DRIAMS-B,DRIAMS-C,0.03942594,-0.08050954
3799,13397.11,True,0.059902277,False,DRIAMS-A|DRIAMS-B,DRIAMS-C,0.102283396,0.017521156
2618,9854.11,False,0.059799664,False,DRIAMS-A|DRIAMS-B,DRIAMS-C,0.096094616,-0.023504715
3071,11213.11,False,0.05975572,False,DRIAMS-A|DRIAMS-B,DRIAMS-C,0.0409203,-0.078591146
5562,18686.11,True,0.059752516,False,DRIAMS-A|DRIAMS-B,DRIAMS-C,0.08744546,0.032059576
1979,7937.11,True,0.059611376,False,DRIAMS-A|DRIAMS-B,DRIAMS-C,-0.07833834,-0.040884413
4000,14000.11,True,0.05954828,False,DRIAMS-A|DRIAMS-B,DRIAMS-C,0.10115396,0.017942598
2859,10577.11,False,0.059479527,False,DRIAMS-A|DRIAMS-B,DRIAMS-C,0.05179929,-0.067159764
5603,18809.11,True,0.05940444,False,DRIAMS-A|DRIAMS-B,DRIAMS-C,0.074400455,0.044408422
5675,19025.11,False,0.059353977,False,DRIAMS-A|DRIAMS-B,DRIAMS-C,0.06638856,-0.05231939
4690,16070.11,True,0.059351724,False,DRIAMS-A|DRIAMS-B,DRIAMS-C,-0.05980799,-0.058895458
2065,8195.11,True,0.059249796,False,DRIAMS-A|DRIAMS-B,DRIAMS-C,-0.01699077,-0.101508826
4090,14270.11,True,0.059245385,False,DRIAMS-A|DRIAMS-B,DRIAMS-C,0.06847236,0.050018407
1713,7139.11,False,0.05920547,False,DRIAMS-A|DRIAMS-B,DRIAMS-C,-0.056159314,0.062251624
5741,19223.11,True,0.05920344,False,DRIAMS-A|DRIAMS-B,DRIAMS-C,0.07431408,0.0440928
893,4679.11,False,0.059109613,False,DRIAMS-A|DRIAMS-B,DRIAMS-C,-0.019350152,0.09886908
4432,15296.11,True,0.058992647,False,DRIAMS-A|DRIAMS-B,DRIAMS-C,0.046663456,0.07132184
1345,6035.11,True,0.058917426,False,DRIAMS-A|DRIAMS-B,DRIAMS-C,0.08121641,0.036618438
3870,13610.11,False,0.058701098,False,DRIAMS-A|DRIAMS-B,DRIAMS-C,-0.025107397,0.0922948
3948,13844.11,True,0.058333915,False,DRIAMS-A|DRIAMS-B,DRIAMS-C,0.07499623,0.041671596
3485,12455.11,True,0.05831974,False,DRIAMS-A|DRIAMS-B,DRIAMS-C,0.10557041,0.01106907
124,2372.1099999999997,False,0.058317266,False,DRIAMS-A|DRIAMS-B,DRIAMS-C,0.06631093,-0.0503236
3503,12509.11,False,0.058210216,False,DRIAMS-A|DRIAMS-B,DRIAMS-C,0.09316928,-0.02325115
532,3596.1099999999997,True,0.058165245,False,DRIAMS-A|DRIAMS-B,DRIAMS-C,-0.042115882,-0.07421461
152,2456.1099999999997,False,0.05815081,False,DRIAMS-A|DRIAMS-B,DRIAMS-C,-0.036603928,0.07969769
1034,5102.11,True,0.058027722,False,DRIAMS-A|DRIAMS-B,DRIAMS-C,-0.0027917752,-0.11326367
4430,15290.11,True,0.058027096,False,DRIAMS-A|DRIAMS-B,DRIAMS-C,0.020940656,0.09511354
1878,7634.11,True,0.058004,False,DRIAMS-A|DRIAMS-B,DRIAMS-C,0.010595083,0.105412915
3338,12014.11,False,0.057828084,False,DRIAMS-A|DRIAMS-B,DRIAMS-C,0.044670746,-0.07098542
4180,14540.11,False,0.05780761,False,DRIAMS-A|DRIAMS-B,DRIAMS-C,0.08651752,-0.029097699
291,2873.1099999999997,True,0.057804827,False,DRIAMS-A|DRIAMS-B,DRIAMS-C,-0.026616188,-0.08899347
922,4766.11,False,0.05778186,False,DRIAMS-A|DRIAMS-B,DRIAMS-C,0.064114146,-0.051449575
3737,13211.11,True,0.057772987,False,DRIAMS-A|DRIAMS-B,DRIAMS-C,0.08912452,0.026421452
421,3263.1099999999997,False,0.057767656,False,DRIAMS-A|DRIAMS-B,DRIAMS-C,-0.013599329,0.10193598
2935,10805.11,True,0.057764072,False,DRIAMS-A|DRIAMS-B,DRIAMS-C,-0.08684416,-0.028683983
3015,11045.11,False,0.05769921,False,DRIAMS-A|DRIAMS-B,DRIAMS-C,0.06714921,-0.04824921
2061,8183.11,True,0.057589643,False,DRIAMS-A|DRIAMS-B,DRIAMS-C,0.06764318,0.04753611
5888,19664.11,True,0.05758638,False,DRIAMS-A|DRIAMS-B,DRIAMS-C,0.11305539,0.0021173656
558,3674.1099999999997,True,0.057512525,False,DRIAMS-A|DRIAMS-B,DRIAMS-C,0.018496616,0.09652843
1798,7394.11,True,0.057456825,False,DRIAMS-A|DRIAMS-B,DRIAMS-C,0.102436446,0.012477207
927,4781.11,False,0.057443857,False,DRIAMS-A|DRIAMS-B,DRIAMS-C,-0.074525334,0.040362377
189,2567.1099999999997,False,0.05743954,False,DRIAMS-A|DRIAMS-B,DRIAMS-C,0.022532998,-0.09234608
1302,5906.11,True,0.057433166,False,DRIAMS-A|DRIAMS-B,DRIAMS-C,0.033954475,0.08091185
3207,11621.11,False,0.057411585,False,DRIAMS-A|DRIAMS-B,DRIAMS-C,0.09500513,-0.01981804
2020,8060.11,False,0.057386905,False,DRIAMS-A|DRIAMS-B,DRIAMS-C,0.033334795,-0.08143902
1446,6338.11,False,0.057348683,False,DRIAMS-A|DRIAMS-B,DRIAMS-C,0.03342619,-0.08127117
328,2984.1099999999997,False,0.057342738,False,DRIAMS-A|DRIAMS-B,DRIAMS-C,-0.02895571,0.08572977
1712,7136.11,False,0.057296943,False,DRIAMS-A|DRIAMS-B,DRIAMS-C,-0.09262928,0.0219646
976,4928.11,True,0.057270426,False,DRIAMS-A|DRIAMS-B,DRIAMS-C,0.11178716,0.0027536904
3439,12317.11,True,0.057215907,False,DRIAMS-A|DRIAMS-B,DRIAMS-C,0.066777736,0.047654077
3073,11219.11,False,0.057151027,False,DRIAMS-A|DRIAMS-B,DRIAMS-C,-0.03533533,0.07896672
4428,15284.11,True,0.057140402,False,DRIAMS-A|DRIAMS-B,DRIAMS-C,0.060930744,0.05335006
470,3410.1099999999997,False,0.057126082,False,DRIAMS-A|DRIAMS-B,DRIAMS-C,-0.07366867,0.04058349
3902,13706.11,True,0.05711542,False,DRIAMS-A|DRIAMS-B,DRIAMS-C,0.11418039,5.044671e-05
2009,8027.11,False,0.057112813,False,DRIAMS-A|DRIAMS-B,DRIAMS-C,0.11027814,-0.0039474852
3169,11507.11,True,0.05704287,False,DRIAMS-A|DRIAMS-B,DRIAMS-C,-0.0123723075,-0.101713434
3574,12722.11,False,0.057021614,False,DRIAMS-A|DRIAMS-B,DRIAMS-C,0.088785596,-0.025257634
388,3164.1099999999997,False,0.056960315,False,DRIAMS-A|DRIAMS-B,DRIAMS-C,0.04935012,-0.06457051
216,2648.1099999999997,False,0.056918327,False,DRIAMS-A|DRIAMS-B,DRIAMS-C,0.09290464,-0.020932013
390,3170.1099999999997,True,0.05682192,False,DRIAMS-A|DRIAMS-B,DRIAMS-C,0.020943914,0.09269993
3200,11600.11,False,0.05681889,False,DRIAMS-A|DRIAMS-B,DRIAMS-C,0.06661882,-0.04701896
1185,5555.11,True,0.056798235,False,DRIAMS-A|DRIAMS-B,DRIAMS-C,-0.08609449,-0.02750198
4570,15710.11,False,0.05671577,False,DRIAMS-A|DRIAMS-B,DRIAMS-C,0.08156835,-0.031863187
3599,12797.11,False,0.056529414,False,DRIAMS-A|DRIAMS-B,DRIAMS-C,0.06954129,-0.043517537
4002,14006.11,True,0.05647291,False,DRIAMS-A|DRIAMS-B,DRIAMS-C,0.07141724,0.041528575
4084,14252.11,False,0.05644563,False,DRIAMS-A|DRIAMS-B,DRIAMS-C,0.08226703,-0.030624224
2992,10976.11,True,0.05644404,False,DRIAMS-A|DRIAMS-B,DRIAMS-C,0.06874096,0.04414713
745,4235.11,True,0.056414105,False,DRIAMS-A|DRIAMS-B,DRIAMS-C,0.094122425,0.018705789
801,4403.11,True,0.056403145,False,DRIAMS-A|DRIAMS-B,DRIAMS-C,0.09584002,0.016966268
524,3572.1099999999997,False,0.05638548,False,DRIAMS-A|DRIAMS-B,DRIAMS-C,0.11014633,-0.0026246328
5455,18365.11,True,0.056350965,False,DRIAMS-A|DRIAMS-B,DRIAMS-C,0.10008942,0.012612506
3017,11051.11,False,0.056194462,False,DRIAMS-A|DRIAMS-B,DRIAMS-C,0.05896556,-0.053423367
5288,17864.11,False,0.056139003,False,DRIAMS-A|DRIAMS-B,DRIAMS-C,0.09214006,-0.020137941
4764,16292.11,False,0.056067236,False,DRIAMS-A|DRIAMS-B,DRIAMS-C,0.062030606,-0.05010387
1377,6131.11,False,0.055881437,False,DRIAMS-A|DRIAMS-B,DRIAMS-C,0.0032632286,-0.108499646
530,3590.1099999999997,True,0.055674326,False,DRIAMS-A|DRIAMS-B,DRIAMS-C,0.041430928,0.06991772
913,4739.11,False,0.05561134,False,DRIAMS-A|DRIAMS-B,DRIAMS-C,-0.09473283,0.016489848
1014,5042.11,True,0.05560118,False,DRIAMS-A|DRIAMS-B,DRIAMS-C,-0.050191384,-0.06101097
196,2588.1099999999997,True,0.05556871,False,DRIAMS-A|DRIAMS-B,DRIAMS-C,-0.03182331,-0.079314105
1317,5951.11,False,0.055549625,False,DRIAMS-A|DRIAMS-B,DRIAMS-C,-0.00459709,0.10650216
48,2144.1099999999997,False,0.055396125,False,DRIAMS-A|DRIAMS-B,DRIAMS-C,-0.0208785,0.08991375
811,4433.11,False,0.05533593,False,DRIAMS-A|DRIAMS-B,DRIAMS-C,-0.0143028,0.096369065
4827,16481.11,False,0.055291656,False,DRIAMS-A|DRIAMS-B,DRIAMS-C,0.07001046,-0.040572852
5427,18281.11,False,0.055247843,False,DRIAMS-A|DRIAMS-B,DRIAMS-C,0.08094854,-0.029547147
1760,7280.11,False,0.055080824,False,DRIAMS-A|DRIAMS-B,DRIAMS-C,-0.028708518,0.08145313
3070,11210.11,False,0.055043828,False,DRIAMS-A|DRIAMS-B,DRIAMS-C,0.076294586,-0.03379307
2893,10679.11,True,0.054974265,False,DRIAMS-A|DRIAMS-B,DRIAMS-C,0.07167221,0.038276322
2431,9293.11,False,0.054875292,False,DRIAMS-A|DRIAMS-B,DRIAMS-C,0.008983383,-0.1007672
761,4283.11,True,0.05473807,False,DRIAMS-A|DRIAMS-B,DRIAMS-C,-0.019284723,-0.09019142
5286,17858.11,False,0.054725297,False,DRIAMS-A|DRIAMS-B,DRIAMS-C,0.06118081,-0.048269782
1716,7148.11,False,0.05470113,False,DRIAMS-A|DRIAMS-B,DRIAMS-C,-0.007898798,0.10150346
2163,8489.11,False,0.05459811,False,DRIAMS-A|DRIAMS-B,DRIAMS-C,0.006944354,-0.10225187
2335,9005.11,False,0.054574847,False,DRIAMS-A|DRIAMS-B,DRIAMS-C,0.025359217,-0.08379047
3768,13304.11,False,0.054520346,False,DRIAMS-A|DRIAMS-B,DRIAMS-C,0.093247026,-0.01579367
1425,6275.11,True,0.054481752,False,DRIAMS-A|DRIAMS-B,DRIAMS-C,0.0047317836,0.10423172
3968,13904.11,True,0.054432206,False,DRIAMS-A|DRIAMS-B,DRIAMS-C,0.090809844,0.018054565
2274,8822.11,True,0.054399226,False,DRIAMS-A|DRIAMS-B,DRIAMS-C,-0.011310421,-0.09748803
3018,11054.11,False,0.05437354,False,DRIAMS-A|DRIAMS-B,DRIAMS-C,0.044773553,-0.06397352
1229,5687.11,True,0.05436955,False,DRIAMS-A|DRIAMS-B,DRIAMS-C,-0.03188441,-0.07685469
1070,5210.11,False,0.054354902,False,DRIAMS-A|DRIAMS-B,DRIAMS-C,0.08710306,-0.021606741
4222,14666.11,True,0.05431563,False,DRIAMS-A|DRIAMS-B,DRIAMS-C,0.09844996,0.010181303
1900,7700.11,False,0.054258622,False,DRIAMS-A|DRIAMS-B,DRIAMS-C,0.023108788,-0.08540846
875,4625.11,False,0.053964175,False,DRIAMS-A|DRIAMS-B,DRIAMS-C,0.096080475,-0.01184788
2995,10985.11,False,0.05394114,False,DRIAMS-A|DRIAMS-B,DRIAMS-C,0.057288848,-0.050593436
3477,12431.11,True,0.053922098,False,DRIAMS-A|DRIAMS-B,DRIAMS-C,0.09568126,0.012162937
902,4706.11,False,0.053919863,False,DRIAMS-A|DRIAMS-B,DRIAMS-C,-0.090368666,0.017471058
2412,9236.11,True,0.05377,False,DRIAMS-A|DRIAMS-B,DRIAMS-C,0.08506002,0.022479972
246,2738.1099999999997,True,0.053610463,False,DRIAMS-A|DRIAMS-B,DRIAMS-C,0.02328482,0.0839361
2556,9668.11,False,0.053510267,False,DRIAMS-A|DRIAMS-B,DRIAMS-C,-0.0025598952,0.10446064
3709,13127.11,True,0.053163793,False,DRIAMS-A|DRIAMS-B,DRIAMS-C,-0.016965495,-0.08936209
3803,13409.11,True,0.053124826,False,DRIAMS-A|DRIAMS-B,DRIAMS-C,0.05984585,0.046403803
1637,6911.11,True,0.053106513,False,DRIAMS-A|DRIAMS-B,DRIAMS-C,-0.062051184,-0.04416184
2622,9866.11,True,0.05309191,False,DRIAMS-A|DRIAMS-B,DRIAMS-C,0.07545979,0.030724026
2990,10970.11,True,0.05298841,False,DRIAMS-A|DRIAMS-B,DRIAMS-C,0.04140816,0.06456866
1466,6398.11,True,0.052932687,False,DRIAMS-A|DRIAMS-B,DRIAMS-C,0.053784903,0.052080475
2363,9089.11,True,0.052687895,False,DRIAMS-A|DRIAMS-B,DRIAMS-C,0.08659317,0.018782614
441,3323.1099999999997,False,0.05268601,False,DRIAMS-A|DRIAMS-B,DRIAMS-C,-0.08760425,0.01776777
1399,6197.11,True,0.052636027,False,DRIAMS-A|DRIAMS-B,DRIAMS-C,0.026223611,0.07904845
1245,5735.11,False,0.0525243,False,DRIAMS-A|DRIAMS-B,DRIAMS-C,-0.09852237,0.0065262276
605,3815.1099999999997,False,0.052487303,False,DRIAMS-A|DRIAMS-B,DRIAMS-C,-0.019672545,0.08530206
874,4622.11,False,0.052421086,False,DRIAMS-A|DRIAMS-B,DRIAMS-C,0.04818323,-0.05665894
526,3578.1099999999997,False,0.05234467,False,DRIAMS-A|DRIAMS-B,DRIAMS-C,-0.000793763,0.103895575
5247,17741.11,False,0.052227553,False,DRIAMS-A|DRIAMS-B,DRIAMS-C,0.10213225,-0.0023228503
4733,16199.11,False,0.052084036,False,DRIAMS-A|DRIAMS-B,DRIAMS-C,0.097348124,-0.00681995
807,4421.11,True,0.052056972,False,DRIAMS-A|DRIAMS-B,DRIAMS-C,-0.030218245,-0.0738957
704,4112.11,False,0.05204742,False,DRIAMS-A|DRIAMS-B,DRIAMS-C,0.0056896624,-0.098405175
1468,6404.11,False,0.052007712,False,DRIAMS-A|DRIAMS-B,DRIAMS-C,-0.08121035,0.022805076
2511,9533.11,True,0.051949248,False,DRIAMS-A|DRIAMS-B,DRIAMS-C,0.05195284,0.05194566
1786,7358.11,False,0.051903058,False,DRIAMS-A|DRIAMS-B,DRIAMS-C,-0.08851327,0.015292848
3871,13613.11,True,0.051899016,False,DRIAMS-A|DRIAMS-B,DRIAMS-C,0.024650687,0.07914735
2643,9929.11,False,0.051672228,False,DRIAMS-A|DRIAMS-B,DRIAMS-C,0.050299875,-0.053044576
368,3104.1099999999997,True,0.051597748,False,DRIAMS-A|DRIAMS-B,DRIAMS-C,0.03910248,0.064093016
3016,11048.11,False,0.051511094,False,DRIAMS-A|DRIAMS-B,DRIAMS-C,0.091341875,-0.011680312
2631,9893.11,False,0.051493205,False,DRIAMS-A|DRIAMS-B,DRIAMS-C,-0.0888098,0.014176607
2323,8969.11,False,0.05144215,False,DRIAMS-A|DRIAMS-B,DRIAMS-C,0.07977531,-0.023108989
4616,15848.11,True,0.051245652,False,DRIAMS-A|DRIAMS-B,DRIAMS-C,0.09869119,0.003800119
3096,11288.11,False,0.05124159,False,DRIAMS-A|DRIAMS-B,DRIAMS-C,0.03643762,-0.06604557
198,2594.1099999999997,False,0.051227156,False,DRIAMS-A|DRIAMS-B,DRIAMS-C,-0.08300577,0.019448543
4093,14279.11,False,0.051181242,False,DRIAMS-A|DRIAMS-B,DRIAMS-C,0.061363738,-0.04099875
1516,6548.11,False,0.05110576,False,DRIAMS-A|DRIAMS-B,DRIAMS-C,-0.042953394,0.05925813
2326,8978.11,True,0.050969314,False,DRIAMS-A|DRIAMS-B,DRIAMS-C,0.0018417898,0.10009684
560,3680.1099999999997,False,0.05092661,False,DRIAMS-A|DRIAMS-B,DRIAMS-C,0.043529965,-0.058323253
2215,8645.11,True,0.05086214,False,DRIAMS-A|DRIAMS-B,DRIAMS-C,0.03591638,0.0658079
1373,6119.11,False,0.050723385,False,DRIAMS-A|DRIAMS-B,DRIAMS-C,-0.007590334,0.09385644
2324,8972.11,True,0.050712958,False,DRIAMS-A|DRIAMS-B,DRIAMS-C,0.06371128,0.037714634
2635,9905.11,False,0.050607577,False,DRIAMS-A|DRIAMS-B,DRIAMS-C,-0.054333244,0.046881914
2577,9731.11,False,0.050559733,False,DRIAMS-A|DRIAMS-B,DRIAMS-C,-0.09732873,0.0037907395
2993,10979.11,False,0.05047223,False,DRIAMS-A|DRIAMS-B,DRIAMS-C,0.08106126,-0.019883202
1588,6764.11,True,0.05044935,False,DRIAMS-A|DRIAMS-B,DRIAMS-C,-0.046347093,-0.05455161
2986,10958.11,False,0.05020111,False,DRIAMS-A|DRIAMS-B,DRIAMS-C,0.06568075,-0.034721475
147,2441.1099999999997,True,0.0501825,False,DRIAMS-A|DRIAMS-B,DRIAMS-C,-0.016250871,-0.08411413
220,2660.1099999999997,True,0.05008916,False,DRIAMS-A|DRIAMS-B,DRIAMS-C,0.0052303844,0.09494794
2792,10376.11,True,0.050021566,False,DRIAMS-A|DRIAMS-B,DRIAMS-C,0.09482252,0.005220615
1049,5147.11,False,0.04996133,False,DRIAMS-A|DRIAMS-B,DRIAMS-C,-0.013275878,0.08664678
890,4670.11,False,0.04992284,False,DRIAMS-A|DRIAMS-B,DRIAMS-C,0.0993426,-0.0005030767
1289,5867.11,False,0.04986752,False,DRIAMS-A|DRIAMS-B,DRIAMS-C,0.0016543648,-0.09808067
5511,18533.11,True,0.04983738,False,DRIAMS-A|DRIAMS-B,DRIAMS-C,0.087671235,0.012003523
2991,10973.11,True,0.049602836,False,DRIAMS-A|DRIAMS-B,DRIAMS-C,0.040330097,0.058875576
3175,11525.11,True,0.04953177,False,DRIAMS-A|DRIAMS-B,DRIAMS-C,-0.039920945,-0.059142593
722,4166.11,False,0.049499568,False,DRIAMS-A|DRIAMS-B,DRIAMS-C,0.06213745,-0.036861684
755,4265.11,False,0.049448255,False,DRIAMS-A|DRIAMS-B,DRIAMS-C,-0.008637481,0.09025903
2613,9839.11,False,0.049296,False,DRIAMS-A|DRIAMS-B,DRIAMS-C,0.00061641115,-0.09797559
422,3266.1099999999997,False,0.049271673,False,DRIAMS-A|DRIAMS-B,DRIAMS-C,-0.07627608,0.022267267
2341,9023.11,True,0.04921546,False,DRIAMS-A|DRIAMS-B,DRIAMS-C,0.03639954,0.062031373
1761,7283.11,False,0.049172875,False,DRIAMS-A|DRIAMS-B,DRIAMS-C,-0.06314341,0.03520234
4395,15185.11,True,0.049083374,False,DRIAMS-A|DRIAMS-B,DRIAMS-C,-0.008982421,-0.08918433
576,3728.1099999999997,True,0.04902278,False,DRIAMS-A|DRIAMS-B,DRIAMS-C,0.0003020742,0.09774348
402,3206.1099999999997,True,0.04891487,False,DRIAMS-A|DRIAMS-B,DRIAMS-C,0.009293871,0.08853587
1458,6374.11,True,0.048750643,False,DRIAMS-A|DRIAMS-B,DRIAMS-C,-0.032193527,-0.06530776
1608,6824.11,True,0.048739936,False,DRIAMS-A|DRIAMS-B,DRIAMS-C,-0.08362593,-0.013853944
4410,15230.11,False,0.048673257,False,DRIAMS-A|DRIAMS-B,DRIAMS-C,-0.056727957,0.040618554
2087,8261.11,True,0.04863463,False,DRIAMS-A|DRIAMS-B,DRIAMS-C,0.041029394,0.056239866
1068,5204.11,True,0.048464738,False,DRIAMS-A|DRIAMS-B,DRIAMS-C,-0.055102166,-0.04182731
3201,11603.11,False,0.04844112,False,DRIAMS-A|DRIAMS-B,DRIAMS-C,0.052156407,-0.044725828
3593,12779.11,True,0.048137076,False,DRIAMS-A|DRIAMS-B,DRIAMS-C,0.061882775,0.034391373
1200,5600.11,True,0.048134983,False,DRIAMS-A|DRIAMS-B,DRIAMS-C,0.031552777,0.06471719
2080,8240.11,True,0.048098676,False,DRIAMS-A|DRIAMS-B,DRIAMS-C,-0.027858332,-0.06833902
965,4895.11,True,0.048073415,False,DRIAMS-A|DRIAMS-B,DRIAMS-C,0.021825643,0.07432119
1572,6716.11,False,0.04807114,False,DRIAMS-A|DRIAMS-B,DRIAMS-C,-0.019611996,0.076530285
2666,9998.11,False,0.048070688,False,DRIAMS-A|DRIAMS-B,DRIAMS-C,0.086869545,-0.009271829
2155,8465.11,False,0.048064537,False,DRIAMS-A|DRIAMS-B,DRIAMS-C,0.06645967,-0.029669402
969,4907.11,True,0.04805973,False,DRIAMS-A|DRIAMS-B,DRIAMS-C,-0.0054921256,-0.090627335
2624,9872.11,False,0.047990248,False,DRIAMS-A|DRIAMS-B,DRIAMS-C,0.06563434,-0.030346159
1899,7697.11,True,0.047892638,False,DRIAMS-A|DRIAMS-B,DRIAMS-C,-0.011540603,-0.08424467
4173,14519.11,True,0.047858346,False,DRIAMS-A|DRIAMS-B,DRIAMS-C,-0.06410271,-0.031613983
5510,18530.11,True,0.047738228,False,DRIAMS-A|DRIAMS-B,DRIAMS-C,0.09172142,0.0037550337
2918,10754.11,True,0.047711592,False,DRIAMS-A|DRIAMS-B,DRIAMS-C,0.052369066,0.04305412
491,3473.1099999999997,True,0.047540978,False,DRIAMS-A|DRIAMS-B,DRIAMS-C,-0.062131837,-0.03295012
3486,12458.11,False,0.04753964,False,DRIAMS-A|DRIAMS-B,DRIAMS-C,0.08385273,-0.011226549
1104,5312.11,True,0.047526464,False,DRIAMS-A|DRIAMS-B,DRIAMS-C,-0.07554407,-0.019508857
1136,5408.11,True,0.047463946,False,DRIAMS-A|DRIAMS-B,DRIAMS-C,0.019362202,0.07556569
1450,6350.11,True,0.04745373,False,DRIAMS-A|DRIAMS-B,DRIAMS-C,0.090278275,0.0046291896
773,4319.11,False,0.04740466,False,DRIAMS-A|DRIAMS-B,DRIAMS-C,0.057717793,-0.037091535
4779,16337.11,True,0.04715392,False,DRIAMS-A|DRIAMS-B,DRIAMS-C,0.07127992,0.023027917
2184,8552.11,True,0.047111116,False,DRIAMS-A|DRIAMS-B,DRIAMS-C,0.056232296,0.03798994
1785,7355.11,True,0.04701894,False,DRIAMS-A|DRIAMS-B,DRIAMS-C,-0.07871846,-0.015319421
159,2477.1099999999997,True,0.046872877,False,DRIAMS-A|DRIAMS-B,DRIAMS-C,0.047559045,0.04618671
2669,10007.11,False,0.046747252,False,DRIAMS-A|DRIAMS-B,DRIAMS-C,0.06343269,-0.030061815
3192,11576.11,False,0.046699114,False,DRIAMS-A|DRIAMS-B,DRIAMS-C,-0.07629599,0.017102238
767,4301.11,False,0.046625126,False,DRIAMS-A|DRIAMS-B,DRIAMS-C,-0.00047866776,0.09277158
2925,10775.11,True,0.04659402,False,DRIAMS-A|DRIAMS-B,DRIAMS-C,0.046976227,0.046211813
3594,12782.11,True,0.04655347,False,DRIAMS-A|DRIAMS-B,DRIAMS-C,0.08042516,0.0126817785
1310,5930.11,True,0.04646193,False,DRIAMS-A|DRIAMS-B,DRIAMS-C,0.012847131,0.080076724
2818,10454.11,True,0.04637841,False,DRIAMS-A|DRIAMS-B,DRIAMS-C,0.0037951204,0.088961706
2251,8753.11,True,0.04634531,False,DRIAMS-A|DRIAMS-B,DRIAMS-C,0.061257884,0.031432733
854,4562.11,True,0.046325926,False,DRIAMS-A|DRIAMS-B,DRIAMS-C,0.03646804,0.05618381
1873,7619.11,True,0.0462183,False,DRIAMS-A|DRIAMS-B,DRIAMS-C,0.0007345641,0.09170203
5395,18185.11,True,0.04604875,False,DRIAMS-A|DRIAMS-B,DRIAMS-C,0.061422452,0.030675046
1827,7481.11,False,0.04604191,False,DRIAMS-A|DRIAMS-B,DRIAMS-C,0.021225208,-0.07085861
4054,14162.11,True,0.045940954,False,DRIAMS-A|DRIAMS-B,DRIAMS-C,0.07374383,0.018138083
3710,13130.11,True,0.04590243,False,DRIAMS-A|DRIAMS-B,DRIAMS-C,-0.038237613,-0.05356725
3465,12395.11,True,0.04583071,False,DRIAMS-A|DRIAMS-B,DRIAMS-C,-0.007908325,-0.0837531
1492,6476.11,False,0.04575428,False,DRIAMS-A|DRIAMS-B,DRIAMS-C,-0.022803804,0.068704754
3209,11627.11,True,0.04572207,False,DRIAMS-A|DRIAMS-B,DRIAMS-C,0.042932704,0.048511438
883,4649.11,False,0.045692913,False,DRIAMS-A|DRIAMS-B,DRIAMS-C,0.048926838,-0.04245899
351,3053.1099999999997,True,0.045556605,False,DRIAMS-A|DRIAMS-B,DRIAMS-C,0.032158658,0.058954556
2644,9932.11,True,0.04551477,False,DRIAMS-A|DRIAMS-B,DRIAMS-C,0.068939194,0.022090344
4727,16181.11,False,0.0454627,False,DRIAMS-A|DRIAMS-B,DRIAMS-C,0.071162745,-0.019762658
1819,7457.11,True,0.04540144,False,DRIAMS-A|DRIAMS-B,DRIAMS-C,-0.036224052,-0.054578826
1401,6203.11,True,0.04537848,False,DRIAMS-A|DRIAMS-B,DRIAMS-C,0.07306513,0.017691826
511,3533.1099999999997,True,0.045345373,False,DRIAMS-A|DRIAMS-B,DRIAMS-C,-0.025135538,-0.06555521
440,3320.1099999999997,True,0.045337487,False,DRIAMS-A|DRIAMS-B,DRIAMS-C,-0.0642971,-0.026377873
3074,11222.11,False,0.045299493,False,DRIAMS-A|DRIAMS-B,DRIAMS-C,-0.018696537,0.07190245
744,4232.11,False,0.045160286,False,DRIAMS-A|DRIAMS-B,DRIAMS-C,0.055914264,-0.03440631
1360,6080.11,False,0.04513233,False,DRIAMS-A|DRIAMS-B,DRIAMS-C,0.079668224,-0.010596436
2987,10961.11,False,0.04506601,False,DRIAMS-A|DRIAMS-B,DRIAMS-C,0.07655882,-0.013573201
1400,6200.11,True,0.04505654,False,DRIAMS-A|DRIAMS-B,DRIAMS-C,0.021743132,0.06836995
5305,17915.11,False,0.04501968,False,DRIAMS-A|DRIAMS-B,DRIAMS-C,0.067056336,-0.022983024
1658,6974.11,False,0.044664945,False,DRIAMS-A|DRIAMS-B,DRIAMS-C,0.06301222,-0.026317673
1837,7511.11,True,0.044614907,False,DRIAMS-A|DRIAMS-B,DRIAMS-C,-0.011732832,-0.07749698
1022,5066.11,True,0.044603445,False,DRIAMS-A|DRIAMS-B,DRIAMS-C,-0.06613567,-0.023071218
876,4628.11,True,0.04453048,False,DRIAMS-A|DRIAMS-B,DRIAMS-C,0.05996103,0.029099936
2427,9281.11,True,0.04450491,False,DRIAMS-A|DRIAMS-B,DRIAMS-C,-0.031133017,-0.057876803
118,2354.1099999999997,False,0.044180512,False,DRIAMS-A|DRIAMS-B,DRIAMS-C,0.017139848,-0.07122118
1609,6827.11,True,0.044127498,False,DRIAMS-A|DRIAMS-B,DRIAMS-C,-0.025128027,-0.06312697
3217,11651.11,True,0.04405432,False,DRIAMS-A|DRIAMS-B,DRIAMS-C,0.049794227,0.03831441
4686,16058.11,True,0.04403106,False,DRIAMS-A|DRIAMS-B,DRIAMS-C,0.052413657,0.03564847
4176,14528.11,True,0.043770388,False,DRIAMS-A|DRIAMS-B,DRIAMS-C,-0.01897778,-0.068563
2816,10448.11,True,0.043681987,False,DRIAMS-A|DRIAMS-B,DRIAMS-C,-0.07176137,-0.015602605
89,2267.1099999999997,False,0.043405868,False,DRIAMS-A|DRIAMS-B,DRIAMS-C,0.001912825,-0.08489891
667,4001.1099999999997,True,0.043245204,False,DRIAMS-A|DRIAMS-B,DRIAMS-C,-0.007598644,-0.07889176
3444,12332.11,True,0.043219462,False,DRIAMS-A|DRIAMS-B,DRIAMS-C,0.07269202,0.013746901
2432,9296.11,True,0.04321243,False,DRIAMS-A|DRIAMS-B,DRIAMS-C,0.022953946,0.063470915
3592,12776.11,False,0.043143466,False,DRIAMS-A|DRIAMS-B,DRIAMS-C,0.061911263,-0.024375666
2843,10529.11,True,0.043076634,False,DRIAMS-A|DRIAMS-B,DRIAMS-C,-0.03631129,-0.049841978
2386,9158.11,False,0.04270342,False,DRIAMS-A|DRIAMS-B,DRIAMS-C,-0.07140453,0.01400231
270,2810.1099999999997,True,0.042638667,False,DRIAMS-A|DRIAMS-B,DRIAMS-C,-0.034397636,-0.050879695
4748,16244.11,True,0.04259967,False,DRIAMS-A|DRIAMS-B,DRIAMS-C,0.07908853,0.006110811
2936,10808.11,False,0.04259397,False,DRIAMS-A|DRIAMS-B,DRIAMS-C,0.029371558,-0.055816386
732,4196.11,True,0.042430647,False,DRIAMS-A|DRIAMS-B,DRIAMS-C,-0.040757902,-0.044103388
627,3881.1099999999997,True,0.042417936,False,DRIAMS-A|DRIAMS-B,DRIAMS-C,-0.046173554,-0.038662322
3155,11465.11,False,0.042376794,False,DRIAMS-A|DRIAMS-B,DRIAMS-C,-0.039680477,0.04507311
1497,6491.11,False,0.04198314,False,DRIAMS-A|DRIAMS-B,DRIAMS-C,-0.024356345,0.059609935
4434,15302.11,True,0.04194161,False,DRIAMS-A|DRIAMS-B,DRIAMS-C,0.06846684,0.015416376
1447,6341.11,True,0.041939735,False,DRIAMS-A|DRIAMS-B,DRIAMS-C,0.016316375,0.067563094
217,2651.1099999999997,True,0.041922014,False,DRIAMS-A|DRIAMS-B,DRIAMS-C,-0.05691382,-0.026930211
1959,7877.11,False,0.041852184,False,DRIAMS-A|DRIAMS-B,DRIAMS-C,-0.04453546,0.0391689
1838,7514.11,True,0.04182698,False,DRIAMS-A|DRIAMS-B,DRIAMS-C,-0.06248251,-0.021171449
2610,9830.11,True,0.04181569,False,DRIAMS-A|DRIAMS-B,DRIAMS-C,0.04460463,0.039026756
500,3500.1099999999997,False,0.041732572,False,DRIAMS-A|DRIAMS-B,DRIAMS-C,-0.07122431,0.012240833
958,4874.11,False,0.041705895,False,DRIAMS-A|DRIAMS-B,DRIAMS-C,-0.063273616,0.020138176
4425,15275.11,True,0.04165019,False,DRIAMS-A|DRIAMS-B,DRIAMS-C,0.047986,0.035314385
1573,6719.11,True,0.04139684,False,DRIAMS-A|DRIAMS-B,DRIAMS-C,0.028067095,0.054726586
715,4145.11,True,0.041380387,False,DRIAMS-A|DRIAMS-B,DRIAMS-C,-0.0052152793,-0.077545494
1119,5357.11,False,0.041339103,False,DRIAMS-A|DRIAMS-B,DRIAMS-C,0.052798394,-0.029879812
3115,11345.11,True,0.041252222,False,DRIAMS-A|DRIAMS-B,DRIAMS-C,0.031104578,0.051399864
2805,10415.11,True,0.041097723,False,DRIAMS-A|DRIAMS-B,DRIAMS-C,0.06659669,0.01559876
4318,14954.11,False,0.04099671,False,DRIAMS-A|DRIAMS-B,DRIAMS-C,0.02390019,-0.058093235
2337,9011.11,False,0.040939853,False,DRIAMS-A|DRIAMS-B,DRIAMS-C,0.039977215,-0.041902494
1444,6332.11,True,0.040856387,False,DRIAMS-A|DRIAMS-B,DRIAMS-C,-0.009433771,-0.072279006
5396,18188.11,False,0.040849827,False,DRIAMS-A|DRIAMS-B,DRIAMS-C,0.060793657,-0.020905998
3772,13316.11,True,0.040831335,False,DRIAMS-A|DRIAMS-B,DRIAMS-C,0.06421865,0.017444026
1697,7091.11,False,0.040610302,False,DRIAMS-A|DRIAMS-B,DRIAMS-C,0.011627897,-0.06959271
3562,12686.11,True,0.04059216,False,DRIAMS-A|DRIAMS-B,DRIAMS-C,0.07537966,0.005804661
229,2687.1099999999997,True,0.04055365,False,DRIAMS-A|DRIAMS-B,DRIAMS-C,0.032446183,0.048661117
168,2504.1099999999997,False,0.040524404,False,DRIAMS-A|DRIAMS-B,DRIAMS-C,-0.07151122,0.009537592
1856,7568.11,False,0.040459022,False,DRIAMS-A|DRIAMS-B,DRIAMS-C,-0.037901673,0.043016374
1935,7805.11,False,0.04038379,False,DRIAMS-A|DRIAMS-B,DRIAMS-C,-0.07451246,0.006255122
3464,12392.11,False,0.04032966,False,DRIAMS-A|DRIAMS-B,DRIAMS-C,-0.021261716,0.059397604
3708,13124.11,True,0.0400735,False,DRIAMS-A|DRIAMS-B,DRIAMS-C,-0.035726015,-0.044420987
4763,16289.11,False,0.03994806,False,DRIAMS-A|DRIAMS-B,DRIAMS-C,0.060862284,-0.01903384
756,4268.11,True,0.039732825,False,DRIAMS-A|DRIAMS-B,DRIAMS-C,-0.067671716,-0.011793937
2312,8936.11,False,0.039706,False,DRIAMS-A|DRIAMS-B,DRIAMS-C,0.015134005,-0.06427799
646,3938.1099999999997,True,0.03960084,False,DRIAMS-A|DRIAMS-B,DRIAMS-C,-0.028486505,-0.050715175
3349,12047.11,True,0.03947806,False,DRIAMS-A|DRIAMS-B,DRIAMS-C,0.06616738,0.012788742
5287,17861.11,True,0.03933228,False,DRIAMS-A|DRIAMS-B,DRIAMS-C,0.047993343,0.03067122
5168,17504.11,False,0.039173085,False,DRIAMS-A|DRIAMS-B,DRIAMS-C,0.07089367,-0.0074524996
3600,12800.11,False,0.03911363,False,DRIAMS-A|DRIAMS-B,DRIAMS-C,0.055434693,-0.022792565
2378,9134.11,True,0.039070606,False,DRIAMS-A|DRIAMS-B,DRIAMS-C,-0.04957918,-0.02856203
1565,6695.11,False,0.038951203,False,DRIAMS-A|DRIAMS-B,DRIAMS-C,-0.05356204,0.024340367
1500,6500.11,True,0.038895648,False,DRIAMS-A|DRIAMS-B,DRIAMS-C,-0.028019594,-0.0497717
1498,6494.11,True,0.038762435,False,DRIAMS-A|DRIAMS-B,DRIAMS-C,0.040972974,0.036551896
2451,9353.11,False,0.038728092,False,DRIAMS-A|DRIAMS-B,DRIAMS-C,0.031949867,-0.045506317
2325,8975.11,True,0.038682614,False,DRIAMS-A|DRIAMS-B,DRIAMS-C,0.001710339,0.07565489
2927,10781.11,False,0.03862908,False,DRIAMS-A|DRIAMS-B,DRIAMS-C,-0.060167562,0.017090598
783,4349.11,True,0.038437173,False,DRIAMS-A|DRIAMS-B,DRIAMS-C,0.03906348,0.03781087
1179,5537.11,False,0.03842166,False,DRIAMS-A|DRIAMS-B,DRIAMS-C,-0.004172246,0.07267108
437,3311.1099999999997,True,0.038300768,False,DRIAMS-A|DRIAMS-B,DRIAMS-C,0.003960672,0.072640866
157,2471.1099999999997,True,0.038129926,False,DRIAMS-A|DRIAMS-B,DRIAMS-C,-0.027001359,-0.049258493
1306,5918.11,False,0.03806379,False,DRIAMS-A|DRIAMS-B,DRIAMS-C,0.051667422,-0.024460157
950,4850.11,False,0.03803243,False,DRIAMS-A|DRIAMS-B,DRIAMS-C,0.07549618,-0.0005686826
2507,9521.11,True,0.03786751,False,DRIAMS-A|DRIAMS-B,DRIAMS-C,0.06879344,0.006941579
4396,15188.11,False,0.037580118,False,DRIAMS-A|DRIAMS-B,DRIAMS-C,0.038465407,-0.03669483
719,4157.11,True,0.037547156,False,DRIAMS-A|DRIAMS-B,DRIAMS-C,-0.05789975,-0.017194558
310,2930.1099999999997,True,0.037288237,False,DRIAMS-A|DRIAMS-B,DRIAMS-C,-0.051065035,-0.023511441
4687,16061.11,False,0.037175305,False,DRIAMS-A|DRIAMS-B,DRIAMS-C,0.03799986,-0.03635075
2760,10280.11,True,0.03705311,False,DRIAMS-A|DRIAMS-B,DRIAMS-C,0.0068940273,0.06721219
1330,5990.11,True,0.037049383,False,DRIAMS-A|DRIAMS-B,DRIAMS-C,0.05974339,0.01435538
2739,10217.11,False,0.03672325,False,DRIAMS-A|DRIAMS-B,DRIAMS-C,0.07032403,-0.003122464
1499,6497.11,True,0.03645494,False,DRIAMS-A|DRIAMS-B,DRIAMS-C,0.020372214,0.05253766
4689,16067.11,True,0.03642644,False,DRIAMS-A|DRIAMS-B,DRIAMS-C,-0.018597048,-0.054255836
3773,13319.11,True,0.036339115,False,DRIAMS-A|DRIAMS-B,DRIAMS-C,0.072571725,0.00010650388
3193,11579.11,True,0.03630446,False,DRIAMS-A|DRIAMS-B,DRIAMS-C,-0.056925118,-0.015683804
3170,11510.11,True,0.036151,False,DRIAMS-A|DRIAMS-B,DRIAMS-C,-0.03187203,-0.040429972
2285,8855.11,False,0.036117252,False,DRIAMS-A|DRIAMS-B,DRIAMS-C,-0.0704559,0.0017785995
161,2483.1099999999997,False,0.035848703,False,DRIAMS-A|DRIAMS-B,DRIAMS-C,0.024927562,-0.046769846
1524,6572.11,True,0.035840027,False,DRIAMS-A|DRIAMS-B,DRIAMS-C,-0.045308616,-0.026371434
1825,7475.11,False,0.03578024,False,DRIAMS-A|DRIAMS-B,DRIAMS-C,0.026636897,-0.04492358
2434,9302.11,False,0.035766043,False,DRIAMS-A|DRIAMS-B,DRIAMS-C,0.05938414,-0.0121479435
4401,15203.11,False,0.035559703,False,DRIAMS-A|DRIAMS-B,DRIAMS-C,0.05298506,-0.018134344
2817,10451.11,False,0.035552144,False,DRIAMS-A|DRIAMS-B,DRIAMS-C,-0.009095229,0.06200906
2129,8387.11,False,0.035490803,False,DRIAMS-A|DRIAMS-B,DRIAMS-C,0.0067720492,-0.06420956
536,3608.1099999999997,False,0.035455093,False,DRIAMS-A|DRIAMS-B,DRIAMS-C,-0.033131167,0.03777902
810,4430.11,True,0.035435457,False,DRIAMS-A|DRIAMS-B,DRIAMS-C,0.04501397,0.025856942
2164,8492.11,False,0.03510722,False,DRIAMS-A|DRIAMS-B,DRIAMS-C,0.06895664,-0.0012577991
2216,8648.11,True,0.035039246,False,DRIAMS-A|DRIAMS-B,DRIAMS-C,0.06696509,0.0031134041
4632,15896.11,False,0.03489524,False,DRIAMS-A|DRIAMS-B,DRIAMS-C,0.044624735,-0.025165746
2581,9743.11,False,0.034602985,False,DRIAMS-A|DRIAMS-B,DRIAMS-C,-0.032109503,0.03709647
1916,7748.11,False,0.03450525,False,DRIAMS-A|DRIAMS-B,DRIAMS-C,0.050384987,-0.018625518
3213,11639.11,True,0.034374747,False,DRIAMS-A|DRIAMS-B,DRIAMS-C,0.056251824,0.012497673
97,2291.1099999999997,True,0.034184214,False,DRIAMS-A|DRIAMS-B,DRIAMS-C,0.048325706,0.020042723
3759,13277.11,True,0.03409476,False,DRIAMS-A|DRIAMS-B,DRIAMS-C,0.033499308,0.034690205
2150,8450.11,False,0.03399532,False,DRIAMS-A|DRIAMS-B,DRIAMS-C,0.018882273,-0.049108367
3113,11339.11,False,0.033384413,False,DRIAMS-A|DRIAMS-B,DRIAMS-C,0.03366112,-0.033107705
3950,13850.11,True,0.03330271,False,DRIAMS-A|DRIAMS-B,DRIAMS-C,0.048342854,0.018262567
721,4163.11,True,0.03319188,False,DRIAMS-A|DRIAMS-B,DRIAMS-C,0.051874448,0.014509307
490,3470.1099999999997,False,0.032975417,False,DRIAMS-A|DRIAMS-B,DRIAMS-C,-0.062135857,0.0038149771
2151,8453.11,True,0.032882832,False,DRIAMS-A|DRIAMS-B,DRIAMS-C,0.03558275,0.030182913
566,3698.1099999999997,True,0.032550313,False,DRIAMS-A|DRIAMS-B,DRIAMS-C,-0.055862423,-0.009238198
720,4160.11,True,0.032527193,False,DRIAMS-A|DRIAMS-B,DRIAMS-C,-0.022675058,-0.042379327
4761,16283.11,True,0.032288175,False,DRIAMS-A|DRIAMS-B,DRIAMS-C,-0.012701804,-0.05187455
3462,12386.11,True,0.03221847,False,DRIAMS-A|DRIAMS-B,DRIAMS-C,0.061571434,0.0028655077
3195,11585.11,True,0.032169618,False,DRIAMS-A|DRIAMS-B,DRIAMS-C,0.027355185,0.036984053
4701,16103.11,True,0.03214039,False,DRIAMS-A|DRIAMS-B,DRIAMS-C,-0.0074825482,-0.05679823
419,3257.1099999999997,True,0.032118075,False,DRIAMS-A|DRIAMS-B,DRIAMS-C,-0.03844867,-0.025787478
658,3974.1099999999997,True,0.032044094,False,DRIAMS-A|DRIAMS-B,DRIAMS-C,-0.0209687,-0.04311949
1415,6245.11,True,0.03204064,False,DRIAMS-A|DRIAMS-B,DRIAMS-C,-0.0019787562,-0.062102523
463,3389.1099999999997,False,0.031959075,False,DRIAMS-A|DRIAMS-B,DRIAMS-C,0.016626297,-0.047291856
1048,5144.11,True,0.03181142,False,DRIAMS-A|DRIAMS-B,DRIAMS-C,0.030790968,0.03283187
75,2225.1099999999997,False,0.031547606,False,DRIAMS-A|DRIAMS-B,DRIAMS-C,-0.043202773,0.019892437
139,2417.1099999999997,False,0.031390283,False,DRIAMS-A|DRIAMS-B,DRIAMS-C,0.046475857,-0.016304709
1426,6278.11,True,0.031252388,False,DRIAMS-A|DRIAMS-B,DRIAMS-C,-0.0054255337,-0.05707924
4578,15734.11,True,0.031084267,False,DRIAMS-A|DRIAMS-B,DRIAMS-C,0.033706907,0.028461628
4829,16487.11,True,0.031031083,False,DRIAMS-A|DRIAMS-B,DRIAMS-C,0.050942305,0.011119863
2924,10772.11,False,0.030928742,False,DRIAMS-A|DRIAMS-B,DRIAMS-C,0.01967615,-0.042181335
4177,14531.11,True,0.030842215,False,DRIAMS-A|DRIAMS-B,DRIAMS-C,0.03510405,0.02658038
337,3011.1099999999997,False,0.030812506,False,DRIAMS-A|DRIAMS-B,DRIAMS-C,-0.007948896,0.053676113
2466,9398.11,True,0.03065759,False,DRIAMS-A|DRIAMS-B,DRIAMS-C,0.0440593,0.017255882
1901,7703.11,True,0.030586347,False,DRIAMS-A|DRIAMS-B,DRIAMS-C,0.04520567,0.01596702
1501,6503.11,True,0.030230815,False,DRIAMS-A|DRIAMS-B,DRIAMS-C,-0.028304908,-0.03215672
4618,15854.11,True,0.030018725,False,DRIAMS-A|DRIAMS-B,DRIAMS-C,0.01951204,0.040525407
360,3080.1099999999997,True,0.02994952,False,DRIAMS-A|DRIAMS-B,DRIAMS-C,0.028264286,0.031634755
833,4499.11,False,0.029943328,False,DRIAMS-A|DRIAMS-B,DRIAMS-C,0.05371681,-0.0061698477
2761,10283.11,False,0.02916583,False,DRIAMS-A|DRIAMS-B,DRIAMS-C,0.018535813,-0.03979585
2126,8378.11,True,0.028964117,False,DRIAMS-A|DRIAMS-B,DRIAMS-C,0.034841273,0.023086963
1270,5810.11,True,0.028951285,False,DRIAMS-A|DRIAMS-B,DRIAMS-C,0.0042013573,0.053701214
555,3665.1099999999997,True,0.028414657,False,DRIAMS-A|DRIAMS-B,DRIAMS-C,0.029436428,0.027392887
1667,7001.11,True,0.028154287,False,DRIAMS-A|DRIAMS-B,DRIAMS-C,0.027568484,0.028740091
1719,7157.11,False,0.028127778,False,DRIAMS-A|DRIAMS-B,DRIAMS-C,-0.013947637,0.04230792
1610,6830.11,False,0.028028138,False,DRIAMS-A|DRIAMS-B,DRIAMS-C,0.0235344,-0.032521877
3802,13406.11,True,0.02798032,False,DRIAMS-A|DRIAMS-B,DRIAMS-C,0.041482802,0.014477837
573,3719.1099999999997,False,0.027972747,False,DRIAMS-A|DRIAMS-B,DRIAMS-C,0.009308895,-0.0466366
2520,9560.11,True,0.027856138,False,DRIAMS-A|DRIAMS-B,DRIAMS-C,0.004009257,0.051703017
991,4973.11,False,0.027814582,False,DRIAMS-A|DRIAMS-B,DRIAMS-C,0.036570046,-0.019059116
303,2909.1099999999997,False,0.027691085,False,DRIAMS-A|DRIAMS-B,DRIAMS-C,0.039567523,-0.015814647
1268,5804.11,False,0.02743711,False,DRIAMS-A|DRIAMS-B,DRIAMS-C,-0.0069752806,0.047898937
1203,5609.11,True,0.027127422,False,DRIAMS-A|DRIAMS-B,DRIAMS-C,-0.007800065,-0.04645478
412,3236.1099999999997,True,0.027074318,False,DRIAMS-A|DRIAMS-B,DRIAMS-C,-0.028963244,-0.025185393
1826,7478.11,False,0.026882904,False,DRIAMS-A|DRIAMS-B,DRIAMS-C,0.010632653,-0.043133155
2331,8993.11,True,0.026832862,False,DRIAMS-A|DRIAMS-B,DRIAMS-C,0.0069267796,0.046738945
5199,17597.11,True,0.026482083,False,DRIAMS-A|DRIAMS-B,DRIAMS-C,0.032538623,0.020425545
846,4538.11,False,0.026282974,False,DRIAMS-A|DRIAMS-B,DRIAMS-C,0.045656092,-0.006909854
2071,8213.11,False,0.02604191,False,DRIAMS-A|DRIAMS-B,DRIAMS-C,0.028386978,-0.02369684
4489,15467.11,False,0.025923535,False,DRIAMS-A|DRIAMS-B,DRIAMS-C,-0.0498768,0.0019702693
2997,10991.11,False,0.025914831,False,DRIAMS-A|DRIAMS-B,DRIAMS-C,0.048211124,-0.0036185374
4985,16955.11,True,0.02554558,False,DRIAMS-A|DRIAMS-B,DRIAMS-C,0.046597436,0.004493726
4699,16097.11,True,0.025484074,False,DRIAMS-A|DRIAMS-B,DRIAMS-C,-0.020920834,-0.030047312
765,4295.11,False,0.025421163,False,DRIAMS-A|DRIAMS-B,DRIAMS-C,-0.03931299,0.011529339
850,4550.11,False,0.025337992,False,DRIAMS-A|DRIAMS-B,DRIAMS-C,-0.03769116,0.0129848225
1288,5864.11,True,0.025305174,False,DRIAMS-A|DRIAMS-B,DRIAMS-C,-0.0062530763,-0.044357274
2611,9833.11,False,0.025169643,False,DRIAMS-A|DRIAMS-B,DRIAMS-C,0.010760569,-0.039578717
639,3917.1099999999997,True,0.025146162,False,DRIAMS-A|DRIAMS-B,DRIAMS-C,-0.043682948,-0.006609378
1577,6731.11,True,0.024936346,False,DRIAMS-A|DRIAMS-B,DRIAMS-C,0.041899856,0.007972837
1180,5540.11,True,0.024861371,False,DRIAMS-A|DRIAMS-B,DRIAMS-C,-0.048468772,-0.0012539693
2097,8291.11,False,0.02478506,False,DRIAMS-A|DRIAMS-B,DRIAMS-C,-0.028828695,0.020741425
2100,8300.11,False,0.024775658,False,DRIAMS-A|DRIAMS-B,DRIAMS-C,-0.0006579185,0.048893396
895,4685.11,True,0.024677066,False,DRIAMS-A|DRIAMS-B,DRIAMS-C,-0.00851167,-0.040842462
924,4772.11,True,0.024331056,False,DRIAMS-A|DRIAMS-B,DRIAMS-C,0.022811448,0.025850661
2623,9869.11,True,0.024082936,False,DRIAMS-A|DRIAMS-B,DRIAMS-C,0.043903507,0.0042623645
3173,11519.11,True,0.023978854,False,DRIAMS-A|DRIAMS-B,DRIAMS-C,-0.0145721445,-0.033385564
466,3398.1099999999997,True,0.023825452,False,DRIAMS-A|DRIAMS-B,DRIAMS-C,-0.03312595,-0.014524957
633,3899.1099999999997,False,0.023705509,False,DRIAMS-A|DRIAMS-B,DRIAMS-C,-0.018283557,0.029127462
2183,8549.11,True,0.023597505,False,DRIAMS-A|DRIAMS-B,DRIAMS-C,0.031948175,0.015246833
2926,10778.11,True,0.02341556,False,DRIAMS-A|DRIAMS-B,DRIAMS-C,0.029441858,0.017389262
1581,6743.11,True,0.023273459,False,DRIAMS-A|DRIAMS-B,DRIAMS-C,-0.030860001,-0.015686916
4426,15278.11,False,0.023001924,False,DRIAMS-A|DRIAMS-B,DRIAMS-C,0.042531908,-0.00347194
3172,11516.11,True,0.022835411,False,DRIAMS-A|DRIAMS-B,DRIAMS-C,-0.005015948,-0.040654875
2329,8987.11,True,0.022686332,False,DRIAMS-A|DRIAMS-B,DRIAMS-C,-0.02935935,-0.016013317
1548,6644.11,True,0.0225715,False,DRIAMS-A|DRIAMS-B,DRIAMS-C,0.020929828,0.024213172
4538,15614.11,True,0.02257086,False,DRIAMS-A|DRIAMS-B,DRIAMS-C,0.014883001,0.030258717
4577,15731.11,True,0.022189748,False,DRIAMS-A|DRIAMS-B,DRIAMS-C,0.04055612,0.0038233753
1202,5606.11,False,0.022184668,False,DRIAMS-A|DRIAMS-B,DRIAMS-C,-0.01149625,0.032873087
1204,5612.11,True,0.022077508,False,DRIAMS-A|DRIAMS-B,DRIAMS-C,-0.0005139955,-0.04364102
1898,7694.11,False,0.021983488,False,DRIAMS-A|DRIAMS-B,DRIAMS-C,0.02768844,-0.016278535
4429,15287.11,False,0.021960074,False,DRIAMS-A|DRIAMS-B,DRIAMS-C,-0.0045453385,0.03937481
1568,6704.11,True,0.021901019,False,DRIAMS-A|DRIAMS-B,DRIAMS-C,-0.03503308,-0.008768957
4175,14525.11,True,0.021408591,False,DRIAMS-A|DRIAMS-B,DRIAMS-C,-0.020279156,-0.022538029
2614,9842.11,True,0.021346442,False,DRIAMS-A|DRIAMS-B,DRIAMS-C,0.023528518,0.019164369
1199,5597.11,True,0.020644493,False,DRIAMS-A|DRIAMS-B,DRIAMS-C,0.0007540692,0.040534917
637,3911.1099999999997,True,0.020536723,False,DRIAMS-A|DRIAMS-B,DRIAMS-C,0.040859386,0.00021405955
2501,9503.11,False,0.020244027,False,DRIAMS-A|DRIAMS-B,DRIAMS-C,0.029413434,-0.01107462
964,4892.11,False,0.019805895,False,DRIAMS-A|DRIAMS-B,DRIAMS-C,-0.016341869,0.023269922
849,4547.11,False,0.019749574,False,DRIAMS-A|DRIAMS-B,DRIAMS-C,0.023430469,-0.016068682
4688,16064.11,False,0.019713162,False,DRIAMS-A|DRIAMS-B,DRIAMS-C,0.0018943556,-0.03753197
383,3149.1099999999997,False,0.019210186,False,DRIAMS-A|DRIAMS-B,DRIAMS-C,-0.0033838127,0.03503656
766,4298.11,False,0.019093141,False,DRIAMS-A|DRIAMS-B,DRIAMS-C,-0.007939145,0.030247137
656,3968.1099999999997,False,0.019024363,False,DRIAMS-A|DRIAMS-B,DRIAMS-C,0.020715795,-0.01733293
2557,9671.11,False,0.01885663,False,DRIAMS-A|DRIAMS-B,DRIAMS-C,0.00427201,-0.03344125
1102,5306.11,False,0.01883791,False,DRIAMS-A|DRIAMS-B,DRIAMS-C,0.007745811,-0.029930009
4823,16469.11,True,0.01881227,False,DRIAMS-A|DRIAMS-B,DRIAMS-C,0.008789464,0.028835079
2289,8867.11,True,0.01871692,False,DRIAMS-A|DRIAMS-B,DRIAMS-C,0.006523906,0.030909933
2607,9821.11,False,0.018480103,False,DRIAMS-A|DRIAMS-B,DRIAMS-C,0.034838106,-0.0021221002
1755,7265.11,True,0.018280387,False,DRIAMS-A|DRIAMS-B,DRIAMS-C,-0.034424223,-0.0021365501
968,4904.11,True,0.018245034,False,DRIAMS-A|DRIAMS-B,DRIAMS-C,-0.027627796,-0.008862274
2336,9008.11,True,0.018210795,False,DRIAMS-A|DRIAMS-B,DRIAMS-C,0.030511195,0.005910393
2294,8882.11,True,0.018131368,False,DRIAMS-A|DRIAMS-B,DRIAMS-C,0.00014437469,0.036118362
0,2000.11,True,0.017631602,False,DRIAMS-A|DRIAMS-B,DRIAMS-C,-0.03432729,-0.0009359131
1416,6248.11,True,0.016663713,False,DRIAMS-A|DRIAMS-B,DRIAMS-C,-0.00080251246,-0.032524914
1267,5801.11,True,0.01665843,False,DRIAMS-A|DRIAMS-B,DRIAMS-C,-0.016146744,-0.017170118
1201,5603.11,True,0.016478429,False,DRIAMS-A|DRIAMS-B,DRIAMS-C,0.013504335,0.019452523
3176,11528.11,False,0.016223662,False,DRIAMS-A|DRIAMS-B,DRIAMS-C,-0.03135808,0.00108924
966,4898.11,True,0.0155306775,False,DRIAMS-A|DRIAMS-B,DRIAMS-C,-0.016677171,-0.014384185
3937,13811.11,False,0.015524488,False,DRIAMS-A|DRIAMS-B,DRIAMS-C,0.02558882,-0.0054601557
2862,10586.11,False,0.0155076645,False,DRIAMS-A|DRIAMS-B,DRIAMS-C,0.008908353,-0.022106977
3619,12857.11,False,0.015039859,False,DRIAMS-A|DRIAMS-B,DRIAMS-C,-0.02724767,0.0028320504
698,4094.1099999999997,True,0.014247147,False,DRIAMS-A|DRIAMS-B,DRIAMS-C,-0.019676227,-0.008818067
1120,5360.11,True,0.014111517,False,DRIAMS-A|DRIAMS-B,DRIAMS-C,-0.01744871,-0.010774323
768,4304.11,True,0.013661368,False,DRIAMS-A|DRIAMS-B,DRIAMS-C,-0.010363768,-0.016958967
420,3260.1099999999997,False,0.013569209,False,DRIAMS-A|DRIAMS-B,DRIAMS-C,0.007159032,-0.019979386
3072,11216.11,False,0.013510212,False,DRIAMS-A|DRIAMS-B,DRIAMS-C,-0.007136843,0.019883582
1069,5207.11,True,0.013474583,False,DRIAMS-A|DRIAMS-B,DRIAMS-C,-0.0014371048,-0.02551206
2639,9917.11,False,0.013465151,False,DRIAMS-A|DRIAMS-B,DRIAMS-C,-0.017644385,0.009285917
2612,9836.11,False,0.012818908,False,DRIAMS-A|DRIAMS-B,DRIAMS-C,0.02550189,-0.00013592628
3194,11582.11,False,0.012726264,False,DRIAMS-A|DRIAMS-B,DRIAMS-C,-0.017551294,0.007901234
4424,15272.11,False,0.01271644,False,DRIAMS-A|DRIAMS-B,DRIAMS-C,-0.0038932567,0.021539623
1663,6989.11,False,0.012085297,False,DRIAMS-A|DRIAMS-B,DRIAMS-C,-0.011389471,0.012781124
2625,9875.11,False,0.011933782,False,DRIAMS-A|DRIAMS-B,DRIAMS-C,-0.016546221,0.0073213424
508,3524.1099999999997,True,0.01156485,False,DRIAMS-A|DRIAMS-B,DRIAMS-C,0.012233156,0.010896544
3463,12389.11,True,0.011364176,False,DRIAMS-A|DRIAMS-B,DRIAMS-C,-0.0011585752,-0.021569777
4626,15878.11,False,0.010895694,False,DRIAMS-A|DRIAMS-B,DRIAMS-C,0.008295221,-0.013496165
2605,9815.11,True,0.010193853,False,DRIAMS-A|DRIAMS-B,DRIAMS-C,0.007501049,0.012886657
809,4427.11,True,0.00984934,False,DRIAMS-A|DRIAMS-B,DRIAMS-C,-0.0056059263,-0.014092753
473,3419.1099999999997,False,0.008361386,False,DRIAMS-A|DRIAMS-B,DRIAMS-C,-0.0043054926,0.012417279
3171,11513.11,False,0.0074794604,False,DRIAMS-A|DRIAMS-B,DRIAMS-C,-0.011682467,0.003276454
1937,7811.11,False,0.0069149043,False,DRIAMS-A|DRIAMS-B,DRIAMS-C,-0.006344066,0.0074857427
1393,6179.11,True,0.0069050863,False,DRIAMS-A|DRIAMS-B,DRIAMS-C,0.011149623,0.0026605497
1954,7862.11,True,0.0064509935,False,DRIAMS-A|DRIAMS-B,DRIAMS-C,0.0051190304,0.0077829566
551,3653.1099999999997,False,0.005999672,False,DRIAMS-A|DRIAMS-B,DRIAMS-C,3.1497464e-05,-0.011967847
2004,8012.11,False,0.0051772892,False,DRIAMS-A|DRIAMS-B,DRIAMS-C,-0.0023725193,0.007982059
2600,9800.11,False,0.0047595836,False,DRIAMS-A|DRIAMS-B,DRIAMS-C,-0.006233093,0.0032860748
4394,15182.11,False,0.004202546,False,DRIAMS-A|DRIAMS-B,DRIAMS-C,-0.006874065,0.0015310275
