bin,mz_approx,consistent_sign,median_abs_smd,smd__DRIAMS-A,smd__DRIAMS-C,selected
285,2855.1099999999997,True,0.72895026,0.7184121,0.73948836,True
274,2822.1099999999997,True,0.66827846,0.58457136,0.7519855,True
284,2852.1099999999997,True,0.65614384,0.78666395,0.52562374,True
880,4640.11,True,0.611572,0.2531458,0.96999824,True
286,2858.1099999999997,True,0.60981834,0.4294118,0.7902249,True
881,4643.11,True,0.60183996,0.24412918,0.95955074,True
273,2819.1099999999997,True,0.5953944,0.4706787,0.72011006,True
340,3020.1099999999997,True,0.5557104,0.5605797,0.55084103,True
339,3017.1099999999997,True,0.53180707,0.4882509,0.5753632,True
1336,6008.11,True,0.5295192,0.48780587,0.57123256,True
1335,6005.11,True,0.52612185,0.4295032,0.62274057,True
879,4637.11,True,0.50078934,0.23158185,0.7699969,True
1356,6068.11,True,0.49316323,0.35917345,0.627153,True
882,4646.11,True,0.46551457,0.179224,0.7518051,True
1908,7724.11,True,0.4621166,0.5518361,0.37239715,True
1649,6947.11,True,0.45996457,0.4153365,0.50459266,True
545,3635.1099999999997,True,0.45129967,0.33930728,0.563292,True
1421,6263.11,True,0.44853163,0.39334282,0.5037204,True
1909,7727.11,True,0.44813022,0.5285779,0.36768252,True
1337,6011.11,True,0.4447974,0.47657868,0.41301614,True
341,3023.1099999999997,True,0.44312632,0.4749715,0.41128114,True
1357,6071.11,True,0.44302776,0.31249875,0.5735568,True
816,4448.11,True,0.43769777,-0.24338469,-0.6320108,True
4590,15770.11,True,0.42076617,0.28730863,0.5542237,True
1010,5030.11,True,0.41997737,0.3803875,0.45956725,True
2357,9071.11,True,0.41961622,0.46604276,0.37318972,True
629,3887.1099999999997,True,0.41877964,0.22483593,0.61272335,True
1910,7730.11,True,0.415739,0.44036993,0.39110807,True
1531,6593.11,True,0.41213492,0.28602982,0.53824,True
660,3980.1099999999997,True,0.4086374,0.30629387,0.5109809,True
1355,6065.11,True,0.40254968,0.2820219,0.5230775,True
1628,6884.11,True,0.39671004,0.34183013,0.45158994,True
817,4451.11,True,0.39511374,-0.21533047,-0.574897,True
334,3002.1099999999997,True,0.39132118,0.16042736,0.62221503,True
404,3212.1099999999997,True,0.38854063,-0.39012772,-0.3869535,True
1650,6950.11,True,0.38598615,0.38951465,0.38245764,True
1623,6869.11,True,0.38493308,0.26532704,0.50453913,True
58,2174.1099999999997,True,0.38484302,0.031904433,0.7377816,True
1629,6887.11,True,0.38366857,0.30736333,0.4599738,True
1622,6866.11,True,0.38200668,0.2673291,0.49668425,True
1019,5057.11,True,0.3803596,-0.38402528,-0.37669393,True
791,4373.11,True,0.37970284,-0.230738,-0.5286677,True
4270,14810.11,True,0.37847987,0.24622817,0.5107316,True
546,3638.1099999999997,True,0.37842,0.3669841,0.3898559,True
171,2513.1099999999997,True,0.37810493,0.33727792,0.41893196,True
683,4049.1099999999997,True,0.3769763,-0.35547757,-0.39847502,True
528,3584.1099999999997,True,0.3764051,-0.44761315,-0.30519703,True
12,2036.11,True,0.3758238,-0.4080973,-0.3435503,True
1654,6962.11,True,0.37432405,0.38919258,0.35945553,True
137,2411.1099999999997,True,0.37349752,0.25573662,0.4912584,True
2040,8120.11,True,0.37187266,-0.36222193,-0.38152337,True
686,4058.1099999999997,True,0.37133682,-0.5183421,-0.22433153,True
1685,7055.11,True,0.3712568,0.21793191,0.5245817,True
1420,6260.11,True,0.37060294,0.32113484,0.42007104,True
1655,6965.11,True,0.36933443,0.33991542,0.39875343,True
136,2408.1099999999997,True,0.3679449,0.30337846,0.43251133,True
2830,10490.11,True,0.36720744,-0.2687867,-0.46562818,True
1262,5786.11,True,0.36679888,-0.37429267,-0.35930505,True
2084,8252.11,True,0.36517185,0.20684776,0.523496,True
1422,6266.11,True,0.3646882,0.3621285,0.36724788,True
2829,10487.11,True,0.36450124,-0.2819635,-0.447039,True
1686,7058.11,True,0.36188307,0.21836351,0.5054026,True
2703,10109.11,True,0.36086968,-0.3210009,-0.40073845,True
1532,6596.11,True,0.36039227,0.23167947,0.48910508,True
1258,5774.11,True,0.35933113,-0.31741393,-0.40124837,True
529,3587.1099999999997,True,0.35893458,-0.32297322,-0.3948959,True
1648,6944.11,True,0.35845676,0.44382113,0.2730924,True
2299,8897.11,True,0.3577828,-0.22257103,-0.49299458,True
11,2033.11,True,0.35769057,-0.4392699,-0.27611127,True
2039,8117.11,True,0.35750824,-0.38194025,-0.3330762,True
333,2999.1099999999997,True,0.35621837,0.15807779,0.55435896,True
3181,11543.11,True,0.35559878,-0.27955475,-0.4316428,True
682,4046.1099999999997,True,0.35539827,-0.41380227,-0.29699427,True
1725,7175.11,True,0.35489377,-0.3085499,-0.40123764,True
149,2447.1099999999997,True,0.35272282,0.21401432,0.49143133,True
1082,5246.11,True,0.35135457,-0.32461193,-0.3780972,True
1259,5777.11,True,0.3487407,-0.32899934,-0.36848208,True
1601,6803.11,True,0.3486403,-0.24977235,-0.44750825,True
685,4055.1099999999997,True,0.34838185,-0.3190065,-0.3777572,True
317,2951.1099999999997,True,0.34767443,0.18610586,0.509243,True
1476,6428.11,True,0.34714675,-0.30043086,-0.39386263,True
1344,6032.11,True,0.34708226,0.15121803,0.54294646,True
1520,6560.11,True,0.34633666,-0.25370705,-0.43896627,True
2831,10493.11,True,0.3462116,-0.24513727,-0.44728598,True
1521,6563.11,True,0.34585232,-0.24154663,-0.450158,True
1860,7580.11,True,0.34507042,-0.2879086,-0.40223223,True
5822,19466.11,True,0.3449615,0.21618333,0.47373965,True
1334,6002.11,True,0.3446655,0.3016759,0.3876551,True
1530,6590.11,True,0.34278712,0.28876144,0.3968128,True
1263,5789.11,True,0.3421824,-0.36594006,-0.3184247,True
2395,9185.11,True,0.3414615,-0.25653753,-0.4263855,True
2356,9068.11,True,0.34113562,0.43148002,0.25079125,True
1061,5183.11,True,0.33992282,0.6268559,0.052989718,True
630,3890.1099999999997,True,0.33963096,0.27118552,0.40807638,True
1642,6926.11,True,0.33924815,0.3006455,0.3778508,True
382,3146.1099999999997,True,0.33881566,0.093241885,0.58438945,True
2032,8096.11,True,0.33789253,-0.31329218,-0.36249292,True
1750,7250.11,True,0.3378902,-0.25552246,-0.420258,True
4328,14984.11,True,0.3375491,0.20754229,0.4675559,True
868,4604.11,True,0.337529,-0.28029904,-0.394759,True
316,2948.1099999999997,False,0.5179391,-0.08729336,0.94858485,False
249,2747.1099999999997,False,0.39163762,-0.28636104,0.49691424,False
619,3857.1099999999997,False,0.38881558,-0.31855527,0.45907593,False
618,3854.1099999999997,False,0.38395303,-0.35578573,0.4121203,False
250,2750.1099999999997,False,0.38271236,-0.40722865,0.3581961,False
1168,5504.11,False,0.38248748,-0.24944726,0.51552767,False
2930,10790.11,False,0.3797754,-0.39016017,0.3693906,False
1000,5000.11,False,0.37861392,0.6787464,-0.07848142,False
1001,5003.11,False,0.37768924,0.6657315,-0.089647,False
2931,10793.11,False,0.37005723,-0.3955924,0.34452206,False
999,4997.11,False,0.36804575,0.63534826,-0.10074325,False
1167,5501.11,False,0.36363646,-0.22412671,0.50314623,False
41,2123.1099999999997,False,0.35472542,-0.4641781,0.24527279,False
1062,5186.11,False,0.34082723,0.5641255,-0.11752897,False
1162,5486.11,False,0.3406934,-0.31065443,0.37073243,False
1166,5498.11,False,0.33941096,-0.20319678,0.47562516,False
1161,5483.11,False,0.33930093,-0.27343822,0.40516365,False
2033,8099.11,True,0.33576238,-0.24407269,-0.42745206,False
275,2825.1099999999997,True,0.33561593,0.35173976,0.31949207,False
870,4610.11,True,0.33542436,-0.258084,-0.4127647,False
1144,5432.11,True,0.3349986,0.46476442,0.20523281,False
867,4601.11,True,0.33470196,-0.234104,-0.43529993,False
1257,5771.11,True,0.3341701,-0.33675256,-0.33158767,False
2300,8900.11,True,0.3340529,-0.22225489,-0.4458509,False
1381,6143.11,True,0.33303404,0.5153947,0.15067336,False
869,4607.11,True,0.33269346,-0.28562897,-0.37975794,False
1260,5780.11,True,0.33229598,-0.3537662,-0.31082577,False
1002,5006.11,False,0.3318266,0.6156157,-0.048037454,False
2396,9188.11,True,0.33161435,-0.23873797,-0.42449072,False
330,2990.1099999999997,True,0.3308877,0.23771323,0.4240622,False
864,4592.11,True,0.33042848,-0.31509653,-0.3457604,False
287,2861.1099999999997,True,0.33036676,0.059144273,0.60158926,False
315,2945.1099999999997,False,0.32998994,-0.2989931,0.36098677,False
81,2243.1099999999997,True,0.32993668,-0.46347225,-0.19640113,False
322,2966.1099999999997,True,0.32991064,-0.34759143,-0.31222984,False
2446,9338.11,True,0.32925183,0.20313202,0.45537165,False
5391,18173.11,False,0.32806987,0.18401743,-0.4721223,False
1174,5522.11,True,0.32798102,0.45329016,0.20267189,False
1083,5249.11,True,0.3277423,-0.27471235,-0.38077226,False
1627,6881.11,True,0.32743925,0.32066494,0.33421355,False
684,4052.1099999999997,True,0.32634366,-0.26695454,-0.38573277,False
1020,5060.11,True,0.32612842,-0.35060504,-0.3016518,False
1358,6074.11,True,0.32565808,0.209649,0.44166717,False
3183,11549.11,True,0.3256047,-0.23612855,-0.41508088,False
2828,10484.11,True,0.32503366,-0.24210367,-0.4079637,False
3182,11546.11,True,0.3245355,-0.2604165,-0.3886545,False
866,4598.11,True,0.32428512,-0.2408581,-0.40771213,False
2413,9239.11,True,0.32324383,0.076887436,0.5696002,False
1018,5054.11,True,0.3231162,-0.36770865,-0.27852377,False
2298,8894.11,True,0.3224106,-0.22111665,-0.4237046,False
1724,7172.11,True,0.32203412,-0.3688525,-0.27521574,False
694,4082.1099999999997,True,0.32152903,-0.22639939,-0.41665867,False
1143,5429.11,True,0.32110098,0.36011598,0.28208598,False
2402,9206.11,True,0.32072958,-0.22093375,-0.4205254,False
998,4994.11,False,0.3203891,0.4756636,-0.16511455,False
2705,10115.11,True,0.3196633,-0.2640447,-0.37528184,False
1907,7721.11,True,0.31878406,0.4327065,0.20486163,False
2704,10112.11,True,0.3186672,-0.26601774,-0.37131667,False
5390,18170.11,False,0.3186346,0.17870992,-0.45855927,False
1477,6431.11,True,0.31827617,-0.24001117,-0.39654115,False
790,4370.11,True,0.31796214,-0.26883736,-0.36708692,False
3866,13598.11,True,0.31787214,-0.17980494,-0.45593932,False
996,4988.11,False,0.31774154,0.42337167,-0.2121114,False
1222,5666.11,True,0.3175221,0.19849503,0.43654922,False
2031,8093.11,True,0.31718525,-0.30672646,-0.32764405,False
1859,7577.11,True,0.3170579,-0.24508232,-0.38903347,False
4839,16517.11,True,0.31696954,0.21640725,0.41753185,False
1081,5243.11,True,0.31676048,-0.28159776,-0.35192317,False
1651,6953.11,True,0.31574127,0.3810499,0.25043264,False
4592,15776.11,True,0.31559318,0.2375837,0.3936027,False
1728,7184.11,False,0.31506068,0.33398873,-0.29613262,False
1011,5033.11,True,0.3138197,0.3061181,0.32152128,False
1343,6029.11,True,0.31336933,0.13506025,0.49167845,False
1261,5783.11,True,0.31326693,-0.3629371,-0.2635968,False
693,4079.1099999999997,True,0.31310225,-0.23479643,-0.39140803,False
865,4595.11,True,0.31307623,-0.26898554,-0.35716692,False
4165,14495.11,True,0.31296045,-0.17960241,-0.44631845,False
3002,11006.11,True,0.31283924,0.12204648,0.503632,False
1169,5507.11,False,0.31186295,-0.2708691,0.35285676,False
857,4571.11,False,0.3118198,-0.3457125,0.27792707,False
4744,16232.11,True,0.3114627,0.19955426,0.42337117,False
499,3497.1099999999997,True,0.3113336,-0.24684745,-0.3758197,False
2966,10898.11,True,0.31092045,0.40800154,0.21383934,False
1751,7253.11,True,0.31002843,-0.25338155,-0.36667532,False
475,3425.1099999999997,True,0.3099706,-0.28028557,-0.3396556,False
2394,9182.11,True,0.30983207,-0.2615945,-0.35806963,False
2052,8156.11,True,0.30976257,-0.19624716,-0.42327797,False
4272,14816.11,True,0.30933982,0.20800999,0.41066965,False
4389,15167.11,True,0.3089858,-0.22085166,-0.39711994,False
1194,5582.11,True,0.30897358,0.1486877,0.46925947,False
82,2246.1099999999997,True,0.3088531,-0.30982724,-0.30787894,False
1475,6425.11,True,0.30837148,-0.2828174,-0.33392555,False
3461,12383.11,True,0.308164,0.11292559,0.5034024,False
323,2969.1099999999997,True,0.3081535,-0.34003943,-0.2762676,False
3924,13772.11,True,0.30773273,0.21279602,0.40266946,False
405,3215.1099999999997,True,0.3077243,-0.29225034,-0.3231983,False
2397,9191.11,True,0.30753118,-0.20804399,-0.4070184,False
1438,6314.11,True,0.30586997,-0.16519372,-0.4465462,False
2136,8408.11,True,0.30541456,0.36032578,0.25050336,False
3520,12560.11,False,0.30506453,0.1976754,-0.41245365,False
5629,18887.11,True,0.3050233,0.16541624,0.44463035,False
2083,8249.11,True,0.3046979,0.10946398,0.49993184,False
23,2069.1099999999997,True,0.303882,-0.43975472,-0.16800927,False
2381,9143.11,False,0.3035112,-0.2781616,0.32886082,False
994,4982.11,False,0.30288154,0.39552775,-0.2102353,False
2702,10106.11,True,0.3020504,-0.2601574,-0.3439434,False
1624,6872.11,True,0.30188787,0.2445765,0.35919923,False
4674,16022.11,True,0.30186424,0.16702166,0.4367068,False
2967,10901.11,True,0.30162784,0.42804724,0.17520843,False
1163,5489.11,False,0.30125335,-0.27001062,0.33249608,False
1675,7025.11,True,0.3012379,-0.36039713,-0.24207868,False
4330,14990.11,True,0.3009324,0.19659288,0.40527192,False
502,3506.1099999999997,False,0.2996583,-0.16810986,0.4312067,False
4112,14336.11,True,0.29937646,0.18467064,0.41408226,False
325,2975.1099999999997,True,0.29925677,0.15745004,0.4410635,False
871,4613.11,True,0.2991079,-0.23422094,-0.36399487,False
1861,7583.11,True,0.29893887,-0.26399663,-0.3338811,False
1170,5510.11,False,0.29887962,-0.26421896,0.3335403,False
997,4991.11,False,0.2987138,0.41964218,-0.17778546,False
16,2048.1099999999997,True,0.2984644,-0.3491899,-0.24773885,False
1370,6110.11,True,0.29839212,0.25045195,0.3463323,False
3702,13106.11,True,0.29831085,-0.21520695,-0.38141474,False
3703,13109.11,True,0.29816335,-0.22850561,-0.3678211,False
260,2780.1099999999997,True,0.29815012,0.31776202,0.2785382,False
1862,7586.11,True,0.29795524,-0.25562873,-0.34028175,False
2648,9944.11,True,0.29780748,0.11951181,0.47610316,False
3743,13229.11,True,0.29772404,0.13310994,0.46233812,False
1223,5669.11,True,0.29759717,0.26182887,0.3333655,False
1009,5027.11,True,0.29741699,0.27123886,0.3235951,False
2832,10496.11,True,0.29698345,-0.20301373,-0.39095318,False
97,2291.1099999999997,True,0.29695994,0.048325706,0.54559416,False
2034,8102.11,True,0.29617953,-0.20169544,-0.3906636,False
1147,5441.11,False,0.2958321,0.22628967,-0.36537454,False
616,3848.1099999999997,True,0.29507354,-0.3527335,-0.23741357,False
478,3434.1099999999997,False,0.29478097,-0.22861937,0.36094254,False
2308,8924.11,False,0.2945125,-0.04285921,0.5461658,False
19,2057.1099999999997,False,0.29384834,0.23479041,-0.35290623,False
373,3119.1099999999997,False,0.29364502,-0.1630877,0.42420235,False
49,2147.1099999999997,False,0.29361898,-0.10620891,0.48102903,False
2849,10547.11,True,0.29346782,0.24652524,0.34041038,False
3090,11270.11,False,0.29315424,0.30205372,-0.28425473,False
3180,11540.11,True,0.29271626,-0.2688208,-0.3166117,False
3923,13769.11,True,0.2927027,0.2115585,0.37384692,False
1656,6968.11,True,0.29264012,0.26867697,0.31660327,False
2343,9029.11,True,0.2925323,0.06300906,0.5220555,False
353,3059.1099999999997,True,0.2922657,-0.25847825,-0.32605317,False
2968,10904.11,True,0.2919107,0.45893228,0.12488913,False
347,3041.1099999999997,True,0.29136768,0.09724497,0.4854904,False
3982,13946.11,False,0.29131085,0.13531044,-0.44731128,False
2094,8282.11,True,0.2911447,0.14538217,0.43690723,False
4200,14600.11,True,0.29062316,0.106722005,0.4745243,False
4273,14819.11,True,0.28968602,0.2588269,0.32054514,False
498,3494.1099999999997,True,0.28958827,-0.24277082,-0.33640572,False
3003,11009.11,True,0.28938803,0.18355054,0.39522552,False
3995,13985.11,True,0.2890641,0.14729658,0.43083167,False
1863,7589.11,True,0.28898674,-0.26756433,-0.31040916,False
4388,15164.11,True,0.2882162,-0.23225172,-0.3441807,False
202,2606.1099999999997,True,0.28784296,-0.29037672,-0.2853092,False
1749,7247.11,True,0.28765815,-0.23437242,-0.34094387,False
661,3983.1099999999997,True,0.2874443,0.27783725,0.29705137,False
3033,11099.11,True,0.2873035,0.24247767,0.33212936,False
2401,9203.11,True,0.28723794,-0.207299,-0.3671769,False
995,4985.11,False,0.28720412,0.47035593,-0.10405233,False
2850,10550.11,True,0.28708488,0.25171655,0.3224532,False
596,3788.1099999999997,True,0.28708225,-0.24085192,-0.3333126,False
3251,11753.11,True,0.2869314,0.15269619,0.4211666,False
4390,15170.11,True,0.2867829,-0.1915666,-0.3819992,False
331,2993.1099999999997,True,0.2867311,0.28360635,0.28985584,False
724,4172.11,True,0.28638312,0.40609065,0.16667561,False
3865,13595.11,True,0.2862323,-0.16439442,-0.40807018,False
1602,6806.11,True,0.28565973,-0.23203841,-0.33928105,False
2301,8903.11,True,0.28521425,-0.17643942,-0.39398906,False
261,2783.1099999999997,True,0.28510594,0.41710886,0.15310305,False
2053,8159.11,True,0.28483838,-0.18178841,-0.38788834,False
3229,11687.11,True,0.28461498,0.11365579,0.45557415,False
1626,6878.11,True,0.28301412,0.28590864,0.2801196,False
480,3440.1099999999997,True,0.28271905,0.07561787,0.4898202,False
1382,6146.11,True,0.2826598,0.44088933,0.12443029,False
1653,6959.11,True,0.28256854,0.40470278,0.16043432,False
67,2201.1099999999997,True,0.28219408,-0.31739312,-0.24699503,False
2051,8153.11,True,0.28194153,-0.22286952,-0.34101352,False
21,2063.1099999999997,False,0.2818594,-0.47342137,0.09029746,False
1323,5969.11,True,0.28165528,0.44502035,0.11829022,False
251,2753.1099999999997,False,0.2812524,-0.3752226,0.18728225,False
22,2066.1099999999997,False,0.28052533,-0.5432496,0.017801072,False
56,2168.1099999999997,True,0.2800699,-0.34804684,-0.21209294,False
476,3428.1099999999997,True,0.28001943,-0.23868701,-0.32135186,False
1617,6851.11,True,0.2799346,-0.27069166,-0.28917757,False
1173,5519.11,True,0.27915058,0.40801534,0.15028583,False
1595,6785.11,True,0.2791243,-0.15384649,-0.40440208,False
60,2180.1099999999997,True,0.27905503,-0.4257631,-0.13234696,False
822,4466.11,True,0.27890873,-0.16747436,-0.39034307,False
4738,16214.11,True,0.27883312,0.17597379,0.38169244,False
2342,9026.11,True,0.2788139,0.07354244,0.48408538,False
621,3863.1099999999997,True,0.278619,0.072453104,0.4847849,False
1911,7733.11,True,0.27813303,0.3204895,0.2357766,False
2528,9584.11,False,0.27796412,0.43647623,-0.119452015,False
187,2561.1099999999997,True,0.27794594,0.19297208,0.36291978,False
3089,11267.11,False,0.2776198,0.34083593,-0.21440367,False
687,4061.1099999999997,True,0.27702817,-0.50309044,-0.050965894,False
232,2696.1099999999997,True,0.2769755,-0.25156882,-0.30238217,False
4311,14933.11,True,0.27668414,0.22124107,0.3321272,False
55,2165.1099999999997,True,0.2762586,-0.47678775,-0.075729415,False
363,3089.1099999999997,True,0.2760133,0.2208878,0.33113882,False
1684,7052.11,True,0.2759453,0.12946369,0.42242694,False
2447,9341.11,True,0.27581486,0.18610476,0.36552498,False
3001,11003.11,True,0.27554613,0.10880773,0.44228452,False
1369,6107.11,True,0.2754164,0.24051212,0.31032068,False
1895,7685.11,True,0.27530786,0.3149185,0.23569725,False
1641,6923.11,True,0.27470452,0.25099733,0.2984117,False
3888,13664.11,True,0.27448502,0.088324085,0.46064594,False
4331,14993.11,True,0.2744112,0.2376648,0.3111576,False
166,2498.1099999999997,False,0.2743035,0.3987413,-0.14986569,False
2929,10787.11,False,0.27420872,-0.31004554,0.2383719,False
2940,10820.11,True,0.27420792,0.37717968,0.17123617,False
620,3860.1099999999997,False,0.27389282,-0.095088646,0.45269698,False
335,3005.1099999999997,True,0.27379107,0.107065275,0.44051686,False
80,2240.1099999999997,True,0.27349755,-0.4375578,-0.10943731,False
1060,5180.11,True,0.27332923,0.46208134,0.08457711,False
4043,14129.11,True,0.27303475,0.14793758,0.39813194,False
4507,15521.11,False,0.27275336,0.16205616,-0.38345057,False
227,2681.1099999999997,False,0.27271795,-0.08732014,0.4581158,False
4275,14825.11,True,0.2724176,0.14845948,0.39637575,False
3462,12386.11,True,0.27232978,0.061571434,0.48308814,False
2414,9242.11,True,0.27211726,0.09780621,0.4464283,False
305,2915.1099999999997,True,0.2720955,0.20958191,0.33460912,False
1600,6800.11,True,0.27194118,-0.22118363,-0.3226987,False
4950,16850.11,True,0.2715764,0.19308195,0.35007083,False
1540,6620.11,True,0.27114153,-0.18036973,-0.3619133,False
2398,9194.11,True,0.27108034,-0.1658188,-0.3763419,False
1647,6941.11,True,0.27088314,0.42505744,0.11670883,False
1264,5792.11,True,0.2707715,-0.31046915,-0.23107384,False
5279,17837.11,True,0.27062172,0.17800193,0.3632415,False
1159,5477.11,False,0.2706133,-0.13432424,0.40690237,False
2380,9140.11,False,0.27026486,-0.16192499,0.37860477,False
3184,11552.11,True,0.27019858,-0.21071838,-0.3296788,False
695,4085.1099999999997,True,0.27018723,-0.29732347,-0.243051,False
342,3026.1099999999997,True,0.27018222,0.20892687,0.3314376,False
3084,11252.11,False,0.27001262,0.23173466,-0.30829057,False
3188,11564.11,True,0.27000082,-0.17878179,-0.36121985,False
5821,19463.11,True,0.26988828,0.19135061,0.34842592,False
2932,10796.11,False,0.26971328,-0.3706716,0.16875497,False
2347,9041.11,False,0.26965952,0.17633788,-0.36298117,False
4202,14606.11,True,0.26957893,0.1515284,0.38762945,False
1858,7574.11,True,0.26939523,-0.19285844,-0.34593204,False
2939,10817.11,True,0.26939064,0.3711934,0.16758788,False
4326,14978.11,True,0.26930833,0.23626383,0.30235285,False
1380,6140.11,True,0.26896366,0.4299835,0.107943855,False
31,2093.1099999999997,True,0.26884478,-0.33380145,-0.20388815,False
2382,9146.11,False,0.26815546,-0.30588898,0.2304219,False
3284,11852.11,True,0.26815283,0.096284516,0.44002116,False
2269,8807.11,True,0.26809806,0.18518111,0.351015,False
5077,17231.11,False,0.26790196,0.186361,-0.34944293,False
4167,14501.11,True,0.2674265,-0.1754872,-0.3593658,False
1017,5051.11,True,0.26723254,-0.2951306,-0.2393345,False
2086,8258.11,True,0.2669724,0.15868779,0.37525702,False
2965,10895.11,True,0.26689935,0.3190977,0.21470101,False
823,4469.11,True,0.26667053,-0.1769952,-0.35634586,False
1071,5213.11,False,0.2665636,0.23187494,-0.30125225,False
1072,5216.11,False,0.26653743,0.18177855,-0.3512963,False
3228,11684.11,True,0.26635417,0.11080448,0.42190388,False
4933,16799.11,False,0.2663538,0.17571431,-0.35699323,False
3704,13112.11,True,0.26626843,-0.16961437,-0.3629225,False
324,2972.1099999999997,False,0.2661747,-0.0013396096,0.5310098,False
692,4076.1099999999997,True,0.26601142,-0.29494828,-0.23707457,False
5435,18305.11,True,0.2659874,0.1161578,0.41581702,False
1723,7169.11,True,0.26594204,-0.32732677,-0.20455731,False
3907,13721.11,True,0.2656158,0.13287757,0.398354,False
3454,12362.11,False,0.2653422,0.14083359,-0.38985083,False
5266,17798.11,True,0.2651977,0.13554151,0.3948539,False
1752,7256.11,True,0.26516634,-0.22322625,-0.3071064,False
383,3149.1099999999997,False,0.26487517,-0.0033838127,0.52636653,False
659,3977.1099999999997,True,0.26454484,0.16608447,0.3630052,False
203,2609.1099999999997,True,0.26417315,-0.26030737,-0.26803896,False
5934,19802.11,True,0.2641043,0.15647444,0.37173417,False
1541,6623.11,True,0.26378173,-0.10152929,-0.42603415,False
1338,6014.11,True,0.26350635,0.3663146,0.16069809,False
1324,5972.11,True,0.2632428,0.44648528,0.08000034,False
4724,16172.11,True,0.26315296,0.1622582,0.3640477,False
617,3851.1099999999997,True,0.2630524,-0.3431383,-0.1829665,False
3060,11180.11,True,0.2628744,0.20532306,0.32042575,False
2309,8927.11,True,0.26286775,0.053673796,0.4720617,False
1110,5330.11,True,0.2627528,-0.17314443,-0.35236117,False
5436,18308.11,True,0.26231307,0.16723816,0.357388,False
4111,14333.11,True,0.26191926,0.18070956,0.34312895,False
2082,8246.11,True,0.26190406,0.16077009,0.36303803,False
858,4574.11,False,0.26189375,-0.2986561,0.22513142,False
4321,14963.11,True,0.26188073,0.16180263,0.3619588,False
2445,9335.11,True,0.2617239,0.16650824,0.35693958,False
3032,11096.11,True,0.2616381,0.2507716,0.27250463,False
781,4343.11,True,0.26159525,0.09869449,0.424496,False
3185,11555.11,True,0.26154292,-0.19927777,-0.32380807,False
1652,6956.11,True,0.26139036,0.39570385,0.12707685,False
1643,6929.11,True,0.26105523,0.24153152,0.2805789,False
4588,15764.11,True,0.26103804,0.23171477,0.2903613,False
2400,9200.11,True,0.26042333,-0.19041947,-0.3304272,False
54,2162.1099999999997,True,0.26008722,-0.47411323,-0.04606122,False
61,2183.1099999999997,True,0.25981253,-0.25655058,-0.26307452,False
2871,10613.11,True,0.2597551,-0.20746897,-0.31204122,False
3908,13724.11,True,0.2594897,0.20464791,0.31433144,False
5679,19037.11,True,0.25945985,0.12181512,0.3971046,False
2264,8792.11,True,0.2594107,0.18378444,0.335037,False
1160,5480.11,False,0.2586962,-0.22543281,0.29195958,False
5860,19580.11,True,0.25828004,0.15740015,0.35915992,False
1618,6854.11,True,0.25807643,-0.17412484,-0.34202805,False
609,3827.1099999999997,False,0.2580308,0.14861606,-0.36744556,False
3521,12563.11,False,0.25780404,0.16875063,-0.34685746,False
4726,16178.11,True,0.25754997,0.13571623,0.3793837,False
2577,9731.11,True,0.25733206,-0.09732873,-0.4173354,False
818,4454.11,True,0.2570586,-0.09681155,-0.41730562,False
312,2936.1099999999997,True,0.2567983,-0.23241869,-0.2811779,False
5824,19472.11,True,0.2566136,0.24861717,0.26461005,False
1729,7187.11,False,0.25660372,0.38554412,-0.12766333,False
878,4634.11,True,0.2565683,0.1595661,0.3535705,False
2629,9887.11,True,0.25647193,-0.13212198,-0.3808219,False
3401,12203.11,True,0.2563616,0.10787663,0.40484658,False
5662,18986.11,False,0.2563465,0.1302133,-0.38247967,False
3105,11315.11,True,0.25626576,0.34274673,0.16978477,False
2241,8723.11,True,0.25616658,0.17664853,0.33568466,False
4219,14657.11,False,0.25610107,0.1869362,-0.32526597,False
2093,8279.11,True,0.25604212,0.18895167,0.32313257,False
815,4445.11,True,0.25603592,-0.1829653,-0.32910657,False
1676,7028.11,True,0.25556284,-0.30522335,-0.20590237,False
288,2864.1099999999997,False,0.25556025,-0.1008904,0.4102301,False
329,2987.1099999999997,True,0.25517878,0.019926189,0.4904314,False
2529,9587.11,False,0.254871,0.4129433,-0.09679875,False
2576,9728.11,True,0.25455093,-0.09501038,-0.4140915,False
27,2081.1099999999997,False,0.2544356,-0.44458207,0.06428911,False
650,3950.1099999999997,False,0.2544124,0.3291277,-0.17969716,False
2085,8255.11,True,0.2543299,0.13994357,0.3687162,False
1208,5624.11,True,0.25432545,0.09469563,0.41395524,False
1616,6848.11,True,0.25427264,-0.22355047,-0.28499478,False
2038,8114.11,True,0.25403726,-0.27109694,-0.23697756,False
5681,19043.11,True,0.2540344,0.15900889,0.34905994,False
430,3290.1099999999997,True,0.2539063,-0.17243914,-0.33537346,False
504,3512.1099999999997,True,0.25389656,-0.33193198,-0.17586115,False
5440,18320.11,False,0.25364232,0.15442926,-0.35285538,False
4866,16598.11,True,0.25351238,0.160707,0.34631774,False
2092,8276.11,True,0.25345004,0.26085204,0.24604805,False
3243,11729.11,True,0.2531708,0.18093127,0.32541034,False
4838,16514.11,True,0.2529806,0.21201643,0.29394478,False
2219,8657.11,False,0.25279215,-0.13896365,0.36662063,False
3083,11249.11,False,0.2527865,0.21441911,-0.29115385,False
4015,14045.11,False,0.25270605,0.1751449,-0.33026722,False
1830,7490.11,True,0.25262138,0.18331246,0.32193032,False
3252,11756.11,True,0.2526049,0.14542915,0.35978067,False
5461,18383.11,True,0.25254047,0.11335802,0.3917229,False
3308,11924.11,True,0.252515,0.15403292,0.35099706,False
3283,11849.11,True,0.252504,0.14392003,0.36108795,False
3004,11012.11,True,0.2525028,0.19780536,0.30720022,False
2649,9947.11,True,0.25248897,0.1158441,0.38913387,False
5555,18665.11,False,0.2523472,0.19132142,-0.313373,False
226,2678.1099999999997,False,0.25228333,-0.025047744,0.47951892,False
1630,6890.11,True,0.2521378,0.21567218,0.28860345,False
1463,6389.11,True,0.2521233,0.15668456,0.34756204,False
3086,11258.11,False,0.25177953,0.29983371,-0.20372535,False
4228,14684.11,True,0.25170362,0.13272414,0.3706831,False
5823,19469.11,True,0.25169492,0.21938434,0.28400552,False
3107,11321.11,True,0.25127375,0.41721094,0.08533659,False
3672,13016.11,True,0.25097257,0.27125767,0.23068748,False
3862,13586.11,True,0.25093368,-0.1234015,-0.37846583,False
1481,6443.11,True,0.25086725,-0.12249094,-0.37924358,False
3722,13166.11,True,0.25071663,0.20804381,0.29338947,False
4725,16175.11,True,0.25055075,0.12730977,0.3737917,False
3187,11561.11,True,0.2500146,-0.18984029,-0.3101889,False
5935,19805.11,True,0.24989161,0.14069727,0.35908595,False
4897,16691.11,True,0.24976799,0.1797406,0.3197954,False
3867,13601.11,True,0.24972028,-0.1506248,-0.34881577,False
3440,12320.11,True,0.24956088,0.06748565,0.4316361,False
495,3485.1099999999997,True,0.24941075,-0.20963654,-0.28918496,False
1576,6728.11,False,0.24936901,0.04029742,-0.4584406,False
3395,12185.11,True,0.24934965,0.18046078,0.31823853,False
59,2177.1099999999997,False,0.24932218,-0.17259091,0.32605344,False
5576,18728.11,True,0.24922436,0.14062741,0.35782132,False
3965,13895.11,True,0.24922062,0.11222572,0.38621554,False
1462,6386.11,True,0.24920475,0.062163696,0.43624583,False
296,2888.1099999999997,True,0.24908952,0.1984308,0.29974824,False
1023,5069.11,True,0.24901602,0.11184954,0.3861825,False
3290,11870.11,True,0.24879968,0.21449944,0.28309992,False
3912,13736.11,False,0.24866354,0.180099,-0.3172281,False
1478,6434.11,True,0.24851081,-0.14321391,-0.35380772,False
74,2222.1099999999997,True,0.24836154,-0.35834286,-0.13838023,False
2242,8726.11,True,0.24776098,0.19240387,0.3031181,False
1146,5438.11,False,0.24774519,0.26384455,-0.23164584,False
3578,12734.11,True,0.24749571,0.16840406,0.32658738,False
3962,13886.11,True,0.24739157,0.15201345,0.34276968,False
2379,9137.11,False,0.24735501,-0.13278668,0.36192334,False
4568,15704.11,True,0.24720396,0.10682425,0.38758367,False
2570,9710.11,False,0.24689496,0.278098,-0.21569191,False
1313,5939.11,True,0.24681306,-0.18354298,-0.31008315,False
93,2279.1099999999997,False,0.24668002,-0.35901216,0.13434789,False
1089,5267.11,True,0.24661356,-0.12350001,-0.3697271,False
4737,16211.11,True,0.246518,0.12073841,0.37229759,False
5243,17729.11,True,0.24648377,0.18001026,0.3129573,False
1003,5009.11,False,0.2459905,0.48820472,-0.0037762679,False
429,3287.1099999999997,True,0.24598518,-0.18277895,-0.3091914,False
5049,17147.11,False,0.24591336,0.24229561,-0.24953109,False
3088,11264.11,False,0.24581066,0.33236796,-0.15925337,False
1413,6239.11,False,0.24569508,0.2785694,-0.21282075,False
981,4943.11,True,0.24554391,-0.1372458,-0.35384202,False
135,2405.1099999999997,True,0.24539407,0.38980877,0.100979365,False
1482,6446.11,True,0.245339,-0.16654857,-0.32412946,False
696,4088.1099999999997,True,0.24526288,-0.258608,-0.23191774,False
5736,19208.11,True,0.24519442,0.1372329,0.35315594,False
1148,5444.11,False,0.24518737,0.17029022,-0.3200845,False
2344,9032.11,True,0.24479534,0.0848706,0.40472007,False
424,3272.1099999999997,False,0.24461888,-0.083861105,0.40537664,False
2933,10799.11,True,0.2444894,-0.29853192,-0.19044687,False
1726,7178.11,True,0.24432966,-0.11277655,-0.37588277,False
17,2051.1099999999997,True,0.24432012,-0.2859855,-0.20265475,False
2706,10118.11,True,0.24423277,-0.21992914,-0.2685364,False
3296,11888.11,False,0.24402058,0.17203015,-0.316011,False
4544,15632.11,False,0.24398646,0.25851,-0.2294629,False
2348,9044.11,False,0.24373321,0.20949477,-0.27797166,False
3428,12284.11,True,0.24365112,0.16677527,0.32052696,False
385,3155.1099999999997,True,0.24344134,-0.1012056,-0.38567707,False
2710,10130.11,True,0.24342918,-0.14839113,-0.33846724,False
3256,11768.11,False,0.24342899,0.1864093,-0.3004487,False
2137,8411.11,True,0.24307811,0.31920612,0.16695012,False
4566,15698.11,True,0.24303564,0.16455175,0.32151952,False
839,4517.11,True,0.24285775,-0.32238176,-0.16333373,False
4230,14690.11,True,0.24266182,0.12829825,0.35702538,False
1403,6209.11,True,0.2424596,0.15904367,0.32587552,False
2403,9209.11,True,0.24220371,-0.15092264,-0.3334848,False
2969,10907.11,True,0.24204987,0.4132543,0.07084544,False
2833,10499.11,True,0.24203134,-0.21250145,-0.2715612,False
1867,7601.11,False,0.24197742,0.17037968,-0.31357518,False
782,4346.11,True,0.2418184,0.063613415,0.42002338,False
986,4958.11,True,0.24169081,-0.12670557,-0.35667604,False
456,3368.1099999999997,True,0.24156043,-0.28926206,-0.1938588,False
631,3893.1099999999997,True,0.24138921,0.26655206,0.21622638,False
5434,18302.11,True,0.2413204,0.15252389,0.3301169,False
982,4946.11,True,0.2412378,-0.15820578,-0.32426983,False
2941,10823.11,True,0.24122402,0.26430142,0.21814662,False
4736,16208.11,True,0.24119538,0.11296491,0.36942583,False
883,4649.11,True,0.24096973,0.048926838,0.43301263,False
180,2540.1099999999997,True,0.24086994,0.10517713,0.37656274,False
105,2315.1099999999997,True,0.24072756,0.1340704,0.34738472,False
4244,14732.11,False,0.24069613,0.22671913,-0.25467312,False
4546,15638.11,False,0.24047133,0.21615507,-0.2647876,False
40,2120.1099999999997,False,0.2402387,-0.30532366,0.17515372,False
4952,16856.11,True,0.24021131,0.22175534,0.25866726,False
3052,11156.11,True,0.24008724,-0.09113486,-0.3890396,False
1496,6488.11,True,0.24004322,-0.11649707,-0.36358938,False
2302,8906.11,True,0.23995,-0.17681302,-0.303087,False
3427,12281.11,True,0.23967746,0.20037787,0.27897707,False
4645,15935.11,True,0.23948239,0.16559187,0.3133729,False
5759,19277.11,True,0.23937492,0.09873838,0.38001147,False
4189,14567.11,True,0.23930696,0.1751794,0.30343452,False
4837,16511.11,True,0.23890167,0.23077916,0.2470242,False
987,4961.11,True,0.2388342,-0.07339384,-0.40427458,False
3104,11312.11,True,0.23867345,0.27059674,0.20675014,False
597,3791.1099999999997,True,0.23856863,-0.2009212,-0.27621606,False
3887,13661.11,True,0.23840277,0.09573475,0.3810708,False
2270,8810.11,True,0.23822877,0.18725485,0.2892027,False
4591,15773.11,True,0.23818372,0.25396022,0.22240722,False
5389,18167.11,False,0.23818272,0.17420465,-0.3021608,False
934,4802.11,True,0.23815337,0.18689962,0.2894071,False
1132,5396.11,True,0.23799108,-0.3250841,-0.15089807,False
4353,15059.11,True,0.23783584,-0.22104347,-0.2546282,False
5579,18737.11,True,0.23780572,0.18291996,0.29269147,False
4922,16766.11,True,0.2377156,0.17276148,0.30266973,False
4819,16457.11,False,0.23760521,0.065507665,-0.40970278,False
5277,17831.11,True,0.23745775,0.14600351,0.328912,False
3525,12575.11,False,0.237328,0.19964306,-0.2750129,False
3106,11318.11,True,0.23727714,0.37929857,0.095255695,False
4268,14804.11,True,0.2369314,0.17549798,0.29836482,False
3108,11324.11,True,0.23690437,0.39478952,0.07901922,False
2569,9707.11,False,0.23653986,0.29946476,-0.17361495,False
4647,15941.11,True,0.23647189,0.1747181,0.29822567,False
2578,9734.11,True,0.23614913,-0.104756385,-0.36754188,False
1917,7751.11,True,0.23603766,0.05256712,0.4195082,False
2304,8912.11,True,0.23597783,-0.23241086,-0.2395448,False
3262,11786.11,True,0.23582171,0.16694888,0.30469453,False
5078,17234.11,False,0.2357562,0.17403239,-0.29748002,False
956,4868.11,True,0.23573646,-0.07264535,-0.39882755,False
4187,14561.11,True,0.23567493,0.19684136,0.2745085,False
4201,14603.11,True,0.23566064,0.15427944,0.31704184,False
2934,10802.11,True,0.23544705,-0.1748354,-0.2960587,False
5014,17042.11,False,0.2353414,0.20689975,-0.26378304,False
1519,6557.11,True,0.23533294,-0.22672339,-0.24394248,False
5144,17432.11,False,0.23492146,0.20494549,-0.2648974,False
1303,5909.11,True,0.23491313,0.13589326,0.333933,False
5986,19958.11,True,0.23488367,0.13057558,0.33919173,False
3993,13979.11,True,0.23481363,0.1405746,0.32905266,False
3186,11558.11,True,0.23472223,-0.19751525,-0.2719292,False
3261,11783.11,True,0.23442826,0.1736814,0.2951751,False
1080,5240.11,True,0.23425171,-0.19860573,-0.26989767,False
725,4175.11,True,0.2342484,0.41641572,0.05208109,False
3527,12581.11,False,0.23401731,0.15851618,-0.30951846,False
1164,5492.11,False,0.23385893,-0.25839505,0.20932281,False
2881,10643.11,True,0.2338469,0.16519766,0.30249614,False
4740,16220.11,True,0.23383874,0.18418139,0.28349608,False
4164,14492.11,True,0.23371246,-0.14563197,-0.32179296,False
186,2558.1099999999997,True,0.2336107,0.18137655,0.28584486,False
3522,12566.11,False,0.23357351,0.15684691,-0.3103001,False
474,3422.1099999999997,True,0.23331134,-0.24935253,-0.21727015,False
3528,12584.11,False,0.23323363,0.11971589,-0.34675136,False
5457,18371.11,True,0.23300281,0.15958808,0.30641752,False
1594,6782.11,True,0.23299952,-0.2049146,-0.26108444,False
1439,6317.11,True,0.23290999,-0.12110329,-0.3447167,False
481,3443.1099999999997,True,0.23290627,0.082926355,0.38288617,False
3852,13556.11,True,0.23286471,-0.118450336,-0.34727907,False
1621,6863.11,True,0.23270051,0.2040391,0.26136193,False
5713,19139.11,False,0.23253745,0.13149376,-0.33358115,False
1730,7190.11,True,0.23253632,0.36701033,0.09806229,False
4329,14987.11,True,0.23251295,0.27056167,0.19446425,False
4742,16226.11,True,0.23243326,0.19911909,0.26574743,False
4557,15671.11,True,0.23239964,0.19840354,0.26639575,False
1505,6515.11,False,0.23237158,0.17322546,-0.2915177,False
4811,16433.11,True,0.23236984,0.096463844,0.36827582,False
2989,10967.11,True,0.23228765,0.055722386,0.4088529,False
4923,16769.11,True,0.23219931,0.13638218,0.32801643,False
2628,9884.11,True,0.23215225,-0.11956592,-0.34473857,False
5321,17963.11,False,0.23207623,0.12892449,-0.33522797,False
5958,19874.11,False,0.232014,0.23416825,-0.22985977,False
2527,9581.11,False,0.23191182,0.39792734,-0.0658963,False
2179,8537.11,False,0.23189375,0.1450174,-0.31877008,False
697,4091.1099999999997,True,0.23186776,-0.09633255,-0.36740297,False
1314,5942.11,True,0.23185515,-0.12713309,-0.3365772,False
4145,14435.11,True,0.2318255,0.03321112,0.4304399,False
3636,12908.11,False,0.23181191,0.15213278,-0.31149104,False
2268,8804.11,True,0.2317591,0.18703787,0.27648035,False
1727,7181.11,False,0.23167431,0.11128951,-0.35205913,False
5540,18620.11,True,0.23164707,0.16677976,0.2965144,False
1687,7061.11,True,0.23163587,0.13213308,0.33113867,False
5988,19964.11,True,0.23162141,0.18856269,0.27468014,False
4282,14846.11,True,0.2314903,0.10303855,0.35994205,False
5428,18284.11,False,0.23137917,0.15948632,-0.303272,False
3085,11255.11,False,0.231344,0.2678767,-0.19481128,False
364,3092.1099999999997,True,0.2313295,0.09975403,0.36290497,False
5909,19727.11,True,0.23113246,0.17153189,0.29073304,False
5076,17228.11,False,0.23112032,0.1415546,-0.32068604,False
3582,12746.11,True,0.2310255,0.19215745,0.26989356,False
4218,14654.11,False,0.23098043,0.252303,-0.20965783,False
3883,13649.11,False,0.2307808,0.220541,-0.24102059,False
4755,16265.11,True,0.23075032,0.085483655,0.376017,False
5142,17426.11,False,0.23073296,0.20843104,-0.2530349,False
313,2939.1099999999997,True,0.23071174,-0.18661556,-0.27480793,False
3244,11732.11,True,0.23049775,0.17275032,0.28824517,False
1625,6875.11,True,0.23049118,0.2514505,0.20953184,False
1844,7532.11,True,0.2302689,-0.25059193,-0.20994587,False
4936,16808.11,True,0.23018104,0.16638567,0.29397643,False
5455,18365.11,True,0.2300778,0.10008942,0.36006618,False
3230,11690.11,True,0.23007038,0.15557687,0.3045639,False
2650,9950.11,True,0.22999313,0.11192431,0.34806195,False
1857,7571.11,True,0.22998571,-0.17470975,-0.2852617,False
1109,5327.11,True,0.22986129,-0.25069135,-0.20903122,False
5682,19046.11,True,0.22981417,0.15452881,0.30509952,False
1596,6788.11,True,0.22967337,-0.05314926,-0.4061975,False
5933,19799.11,True,0.22966145,0.16821495,0.29110795,False
5957,19871.11,False,0.22963202,0.23324586,-0.22601816,False
5910,19730.11,True,0.22962728,0.12561043,0.33364412,False
5793,19379.11,True,0.22946821,0.16149214,0.29744428,False
1084,5252.11,True,0.22939381,-0.25510353,-0.20368409,False
4110,14330.11,True,0.2293531,0.15531242,0.30339378,False
5458,18374.11,True,0.22930345,0.11919759,0.33940932,False
5392,18176.11,False,0.2291761,0.16355176,-0.29480046,False
5145,17435.11,False,0.22910595,0.21372974,-0.24448216,False
3213,11639.11,False,0.22890146,0.056251824,-0.4015511,False
1176,5528.11,False,0.22883764,0.29854438,-0.15913092,False
1213,5639.11,False,0.22858159,0.09918796,-0.3579752,False
3460,12380.11,True,0.22826913,0.14478159,0.31175667,False
2709,10127.11,True,0.22817531,-0.17357937,-0.28277126,False
5770,19310.11,True,0.22807597,0.122619785,0.33353215,False
5143,17429.11,False,0.22801715,0.20667976,-0.24935454,False
170,2510.1099999999997,True,0.22800107,0.12388661,0.33211553,False
4138,14414.11,False,0.227992,0.1859817,-0.27000228,False
3305,11915.11,True,0.2279023,0.20086715,0.25493744,False
3030,11090.11,True,0.22786582,0.17035484,0.2853768,False
2630,9890.11,True,0.22784427,-0.094184995,-0.36150354,False
4594,15782.11,True,0.22770524,0.25707227,0.1983382,False
3554,12662.11,False,0.2274808,0.176395,-0.2785666,False
3091,11273.11,False,0.22743115,0.2989724,-0.1558899,False
5433,18299.11,True,0.22737712,0.1608537,0.29390055,False
3855,13565.11,True,0.22730605,-0.13955459,-0.31505752,False
5453,18359.11,True,0.22730067,0.20115592,0.25344545,False
1207,5621.11,False,0.22725877,-0.06131385,0.3932037,False
5522,18566.11,False,0.22725415,0.19183564,-0.26267266,False
780,4340.11,True,0.22708052,0.15636931,0.29779172,False
3814,13442.11,False,0.2270191,0.16803193,-0.28600627,False
910,4730.11,False,0.2269474,0.26853445,-0.18536034,False
1182,5546.11,False,0.22660725,-0.25183976,0.20137474,False
5862,19586.11,True,0.22660416,0.15167388,0.30153444,False
1437,6311.11,True,0.22634585,-0.16433561,-0.2883561,False
3976,13928.11,False,0.22627172,0.20688464,-0.24565879,False
1663,6989.11,False,0.22596508,-0.011389471,0.4405407,False
1522,6566.11,True,0.2257232,-0.19041626,-0.26103017,False
5441,18323.11,False,0.2257038,0.09852175,-0.35288587,False
24,2072.1099999999997,True,0.22567677,-0.24684678,-0.20450677,False
3346,12038.11,True,0.22566986,0.13998102,0.3113587,False
5018,17054.11,True,0.22558162,0.21694298,0.23422025,False
1577,6731.11,False,0.22539441,0.041899856,-0.40888897,False
3109,11327.11,True,0.22535567,0.3058061,0.14490524,False
3723,13169.11,True,0.22528864,0.17519358,0.2753837,False
768,4304.11,False,0.22528793,-0.010363768,0.4402121,False
5364,18092.11,False,0.22512391,0.20051439,-0.24973343,False
5777,19331.11,False,0.22501737,0.15536815,-0.2946666,False
1088,5264.11,True,0.22495566,-0.12566477,-0.32424656,False
1731,7193.11,True,0.22464941,0.336455,0.11284384,False
3063,11189.11,True,0.22448659,0.21222629,0.2367469,False
3189,11567.11,True,0.22432558,-0.13181725,-0.3168339,False
4045,14135.11,True,0.22417268,0.15505718,0.29328817,False
485,3455.1099999999997,True,0.22401565,0.09878875,0.34924257,False
3863,13589.11,True,0.22398654,-0.17806274,-0.26991034,False
3399,12197.11,True,0.22394659,0.15409806,0.2937951,False
4573,15719.11,False,0.22391033,0.14674757,-0.30107307,False
5372,18116.11,False,0.22385241,0.11294797,-0.33475685,False
3961,13883.11,True,0.2237713,0.16932236,0.27822024,False
2383,9149.11,False,0.2237153,-0.2459433,0.20148732,False
3295,11885.11,False,0.22361732,0.16179739,-0.28543726,False
2834,10502.11,True,0.22359541,-0.20414513,-0.2430457,False
4867,16601.11,True,0.22356693,0.11794847,0.3291854,False
176,2528.1099999999997,False,0.22348332,-0.21243663,0.23453002,False
3947,13841.11,False,0.22338541,0.098519206,-0.3482516,False
51,2153.1099999999997,True,0.22338106,-0.22490424,-0.22185788,False
2870,10610.11,True,0.22328714,-0.20124835,-0.24532594,False
509,3527.1099999999997,True,0.22311287,0.10763881,0.33858693,False
1864,7592.11,True,0.22309503,-0.19527249,-0.25091755,False
4248,14744.11,True,0.22306708,0.17410834,0.27202582,False
3529,12587.11,False,0.22300504,0.07570296,-0.37030712,False
4661,15983.11,True,0.22292143,0.19749317,0.24834968,False
1101,5303.11,True,0.2228624,0.14633477,0.29939002,False
1299,5897.11,True,0.2228307,-0.30498952,-0.14067188,False
5456,18368.11,True,0.22281268,0.15973283,0.28589252,False
5274,17822.11,True,0.22280315,0.11142094,0.33418536,False
2399,9197.11,True,0.22270292,-0.14488201,-0.30052382,False
530,3590.1099999999997,False,0.22268942,0.041430928,-0.40394792,False
4896,16688.11,True,0.22262047,0.18388456,0.26135638,False
503,3509.1099999999997,False,0.22260813,-0.26913875,0.17607751,False
1673,7019.11,False,0.22240151,-0.3241382,0.120664835,False
4124,14372.11,False,0.22222458,0.15535665,-0.2890925,False
2250,8750.11,True,0.22217749,0.07535801,0.36899698,False
856,4568.11,False,0.22205624,-0.18940575,0.2547067,False
1193,5579.11,True,0.22197036,0.17615736,0.26778337,False
872,4616.11,True,0.22172087,-0.14286382,-0.3005779,False
35,2105.1099999999997,False,0.22171631,-0.4013227,0.042109948,False
5582,18746.11,True,0.22161442,0.102013506,0.34121534,False
1672,7016.11,False,0.2215468,-0.23068596,0.21240763,False
5735,19205.11,True,0.2215218,0.13752559,0.305518,False
2346,9038.11,False,0.22134712,0.18284443,-0.25984982,False
3309,11927.11,True,0.22132394,0.16444685,0.278201,False
2180,8540.11,False,0.2212194,0.09542495,-0.34701386,False
2701,10103.11,True,0.22109036,-0.15760896,-0.28457177,False
1662,6986.11,False,0.22100604,-0.041333668,0.4006784,False
5580,18740.11,True,0.22095612,0.2024968,0.23941544,False
1371,6113.11,True,0.22081937,0.18883336,0.25280538,False
1483,6449.11,True,0.22081155,-0.14606701,-0.2955561,False
4505,15515.11,False,0.2206831,0.21038261,-0.23098357,False
1243,5729.11,True,0.22055611,-0.14597936,-0.29513288,False
4895,16685.11,True,0.22052604,0.18576942,0.25528267,False
2827,10481.11,True,0.2205221,-0.15114544,-0.28989875,False
688,4064.1099999999997,True,0.22045533,-0.35779205,-0.08311861,False
918,4754.11,False,0.22040755,0.12782176,-0.31299332,False
2439,9317.11,True,0.22032645,0.10260291,0.33805,False
5561,18683.11,True,0.2201699,0.13133086,0.30900893,False
2438,9314.11,True,0.22002709,0.12873624,0.31131792,False
1829,7487.11,True,0.22000882,0.1504939,0.28952375,False
3864,13592.11,True,0.21994416,-0.16062939,-0.27925894,False
1304,5912.11,True,0.21987493,0.15659985,0.28315002,False
4309,14927.11,True,0.2198233,0.19771118,0.24193542,False
4743,16229.11,True,0.21978423,0.18197043,0.257598,False
4810,16430.11,True,0.21978214,0.09682248,0.34274182,False
5826,19478.11,True,0.2197251,0.20319994,0.23625028,False
45,2135.1099999999997,False,0.21969625,-0.12388547,0.31550705,False
615,3845.1099999999997,True,0.21969217,-0.300259,-0.13912533,False
3519,12557.11,False,0.21952835,0.18072595,-0.25833073,False
1802,7406.11,True,0.2193877,-0.14613426,-0.29264113,False
1281,5843.11,True,0.21931696,0.27839857,0.16023535,False
245,2735.1099999999997,True,0.21926007,0.04139974,0.3971204,False
3306,11918.11,True,0.21921432,0.20129697,0.23713167,False
3411,12233.11,False,0.2190844,0.18411961,-0.25404918,False
5050,17150.11,False,0.21868008,0.18332452,-0.25403565,False
2358,9074.11,True,0.21858983,0.38945317,0.04772649,False
2267,8801.11,True,0.21851245,0.2155953,0.22142959,False
3078,11234.11,True,0.2184987,0.085188605,0.35180882,False
3671,13013.11,True,0.21809384,0.26366875,0.17251892,False
1402,6206.11,True,0.21808884,0.117213555,0.31896412,False
415,3245.1099999999997,False,0.21784994,0.092687264,-0.3430126,False
2872,10616.11,True,0.21783578,-0.14220239,-0.29346916,False
5750,19250.11,True,0.21769948,0.19712277,0.2382762,False
4666,15998.11,False,0.21739148,0.22433564,-0.21044731,False
3087,11261.11,False,0.2173682,0.30468255,-0.13005385,False
4809,16427.11,True,0.21718074,0.115570866,0.3187906,False
917,4751.11,False,0.21710324,0.122075334,-0.31213117,False
3351,12053.11,True,0.21697238,0.04077727,0.3931675,False
3323,11969.11,False,0.2168845,0.2502509,-0.18351807,False
432,3296.1099999999997,True,0.21687436,0.14128925,0.2924595,False
5649,18947.11,False,0.21678913,0.15796208,-0.27561617,False
3906,13718.11,True,0.21652605,0.17363727,0.25941482,False
4892,16676.11,False,0.21637037,0.17048524,-0.26225552,False
2483,9449.11,False,0.21633762,0.07227988,-0.36039537,False
2176,8528.11,True,0.21625724,0.16140263,0.27111188,False
3799,13397.11,False,0.21611203,0.102283396,-0.32994068,False
4387,15161.11,True,0.21609193,-0.15627964,-0.27590424,False
1974,7922.11,False,0.21601124,0.07882977,-0.35319272,False
5079,17237.11,False,0.21586663,0.2056006,-0.22613266,False
4325,14975.11,True,0.21585158,0.20829263,0.22341052,False
1906,7718.11,True,0.21573646,0.30733877,0.12413416,False
457,3371.1099999999997,True,0.21572062,-0.25576478,-0.17567648,False
2571,9713.11,False,0.21551678,0.206084,-0.22494954,False
281,2843.1099999999997,True,0.2154481,0.09358842,0.33730778,False
3926,13778.11,True,0.21540654,0.2218494,0.20896369,False
1646,6938.11,True,0.2152399,0.39013988,0.040339928,False
231,2693.1099999999997,True,0.21523884,-0.2709567,-0.15952098,False
2448,9344.11,True,0.21513374,0.15516374,0.27510375,False
3242,11726.11,True,0.21507283,0.17210144,0.2580442,False
4883,16649.11,False,0.21500307,0.17460513,-0.25540102,False
1051,5153.11,True,0.21492225,-0.15477091,-0.2750736,False
2530,9590.11,False,0.21459357,0.4185551,-0.010632029,False
455,3365.1099999999997,True,0.2145516,-0.24911106,-0.17999212,False
524,3572.1099999999997,True,0.21452084,0.11014633,0.31889537,False
955,4865.11,True,0.21447769,-0.08036618,-0.34858918,False
5964,19892.11,True,0.21443847,0.1669497,0.26192722,False
5554,18662.11,False,0.21428448,0.16969804,-0.25887093,False
2727,10181.11,True,0.2141124,-0.18936577,-0.23885904,False
1680,7040.11,True,0.2140378,-0.123240635,-0.30483496,False
5379,18137.11,False,0.21402991,0.14989941,-0.27816042,False
5737,19211.11,True,0.2137946,0.09204622,0.33554298,False
3079,11237.11,True,0.2137442,0.10358693,0.32390144,False
2487,9461.11,True,0.21371773,0.15826632,0.26916912,False
4391,15173.11,True,0.21362475,-0.22437438,-0.20287511,False
3304,11912.11,True,0.21356657,0.18145615,0.24567698,False
3092,11276.11,False,0.21354416,0.2749446,-0.15214373,False
3964,13892.11,True,0.21352914,0.16119605,0.26586223,False
703,4109.11,True,0.2133518,0.09953264,0.32717097,False
5251,17753.11,True,0.21323413,0.1345585,0.29190975,False
2135,8405.11,True,0.21318987,0.27397403,0.1524057,False
3357,12071.11,True,0.21313843,0.12977372,0.29650316,False
2041,8123.11,True,0.21312474,-0.25970772,-0.16654176,False
5635,18905.11,False,0.21311286,0.16882463,-0.25740108,False
462,3386.1099999999997,False,0.2129926,0.032099154,-0.39388603,False
933,4799.11,True,0.21291393,0.22568612,0.20014173,False
1644,6932.11,True,0.21276766,0.21059406,0.21494125,False
3034,11102.11,True,0.21276256,0.22101218,0.20451297,False
4840,16520.11,True,0.21273646,0.16368172,0.2617912,False
505,3515.1099999999997,True,0.21269342,-0.27764887,-0.14773798,False
3553,12659.11,False,0.21260172,0.1371497,-0.28805375,False
253,2759.1099999999997,True,0.21251234,0.3295151,0.09550959,False
1542,6626.11,False,0.21229604,0.0029125279,-0.42167956,False
4944,16832.11,True,0.21229011,0.24032195,0.18425825,False
185,2555.1099999999997,True,0.21226877,0.23032124,0.19421631,False
3110,11330.11,True,0.2121196,0.22198951,0.20224968,False
3285,11855.11,True,0.21199009,0.070395514,0.35358468,False
3429,12287.11,True,0.21188778,0.15682769,0.26694787,False
3523,12569.11,False,0.21180609,0.14649843,-0.27711377,False
3307,11921.11,True,0.21178299,0.15196,0.27160597,False
3741,13223.11,True,0.21155706,0.15061717,0.27249694,False
2594,9782.11,False,0.2114766,0.16573584,-0.25721735,False
5276,17828.11,True,0.21138412,0.12568033,0.2970879,False
2922,10766.11,True,0.21134022,0.12846716,0.29421327,False
1666,6998.11,True,0.21132284,-0.027517404,-0.39512828,False
2851,10553.11,True,0.21129876,0.26347515,0.15912236,False
3392,12176.11,True,0.21123078,0.12910484,0.29335675,False
1175,5525.11,True,0.21116124,0.40950382,0.012818673,False
396,3188.1099999999997,False,0.21115977,-0.17746836,0.24485117,False
57,2171.1099999999997,False,0.21112777,-0.041920688,0.38033485,False
3813,13439.11,False,0.21109243,0.15979853,-0.26238632,False
1533,6599.11,True,0.21105985,0.10898394,0.31313577,False
297,2891.1099999999997,True,0.21103615,0.2704351,0.15163718,False
4673,16019.11,True,0.21099512,0.16009101,0.26189923,False
4739,16217.11,True,0.21086536,0.1604492,0.26128152,False
4494,15482.11,False,0.21079989,0.10776904,-0.31383073,False
1097,5291.11,False,0.210707,0.19294304,-0.22847095,False
3250,11750.11,True,0.21041256,0.14938557,0.27143955,False
5109,17327.11,True,0.2103782,0.14111121,0.2796452,False
5329,17987.11,False,0.21029049,0.1376488,-0.2829322,False
4205,14615.11,True,0.21014085,0.22953255,0.19074917,False
3748,13244.11,False,0.21004805,0.17342897,-0.24666715,False
4010,14030.11,True,0.21004504,0.10385515,0.31623495,False
4042,14126.11,True,0.20995311,0.0802353,0.33967093,False
5442,18326.11,False,0.20985714,0.1534882,-0.26622608,False
5019,17057.11,True,0.20973197,0.18069713,0.23876682,False
2763,10289.11,True,0.20971969,-0.08998624,-0.32945314,False
625,3875.1099999999997,False,0.2096467,-0.11446469,0.3048287,False
5022,17066.11,False,0.20962991,0.19198424,-0.22727558,False
354,3062.1099999999997,True,0.2095038,-0.19455509,-0.2244525,False
1354,6062.11,True,0.20946997,0.15834361,0.26059633,False
5573,18719.11,True,0.20945418,0.16348381,0.25542456,False
1733,7199.11,False,0.20938244,0.34282514,-0.07593976,False
3294,11882.11,False,0.20898868,0.15031862,-0.26765874,False
3364,12092.11,True,0.2089293,0.14639798,0.27146062,False
4574,15722.11,False,0.20892885,0.07770514,-0.34015256,False
4542,15626.11,False,0.20892131,0.1761975,-0.24164511,False
5570,18710.11,False,0.20888533,0.18400773,-0.23376292,False
1865,7595.11,True,0.20880204,-0.10041554,-0.31718853,False
28,2084.1099999999997,True,0.20876077,-0.37637928,-0.04114225,False
3059,11177.11,True,0.20873268,0.1964872,0.22097816,False
5495,18485.11,True,0.20871253,0.24538139,0.17204368,False
4634,15902.11,False,0.20868775,0.11837073,-0.2990048,False
5727,19181.11,False,0.20831776,0.12331077,-0.29332474,False
2240,8720.11,True,0.20827927,0.1185514,0.29800713,False
5680,19040.11,True,0.20816974,0.1066915,0.30964798,False
172,2516.1099999999997,True,0.20796771,0.32307404,0.092861384,False
3891,13673.11,True,0.20795211,0.13469179,0.28121245,False
3441,12323.11,True,0.20786989,0.07545826,0.34028152,False
252,2756.1099999999997,True,0.20786086,0.18583043,0.22989127,False
259,2777.1099999999997,True,0.20785059,0.15802583,0.25767535,False
2263,8789.11,True,0.20771337,0.16228136,0.25314537,False
5619,18857.11,True,0.20768137,0.10484776,0.310515,False
3031,11093.11,True,0.20762876,0.23568612,0.17957139,False
2708,10124.11,True,0.20758376,-0.198824,-0.2163435,False
427,3281.1099999999997,True,0.2074892,-0.17299971,-0.2419787,False
86,2258.1099999999997,True,0.20740281,-0.3900165,-0.024789134,False
3402,12206.11,True,0.20734689,0.15210992,0.26258385,False
4554,15662.11,False,0.20728806,0.1339391,-0.280637,False
1674,7022.11,True,0.20728673,-0.3650579,-0.049515568,False
5990,19970.11,True,0.20723017,0.12000952,0.29445082,False
595,3785.1099999999997,True,0.20720491,-0.17621362,-0.2381962,False
3701,13103.11,True,0.20714012,-0.19972965,-0.2145506,False
4548,15644.11,False,0.20712061,0.1955408,-0.21870042,False
1843,7529.11,True,0.20702724,-0.25626,-0.15779448,False
3403,12209.11,True,0.20700923,0.16943522,0.24458323,False
5013,17039.11,False,0.20685506,0.15862143,-0.2550887,False
5408,18224.11,False,0.20682552,0.2297954,-0.18385567,False
394,3182.1099999999997,True,0.20661205,-0.10012704,-0.31309706,False
2627,9881.11,True,0.20659968,-0.1146073,-0.29859206,False
2054,8162.11,True,0.20658953,-0.12080584,-0.29237324,False
408,3224.1099999999997,True,0.2065238,-0.1407862,-0.2722614,False
1181,5543.11,False,0.20640823,-0.15089826,0.2619182,False
433,3299.1099999999997,True,0.20640083,0.047299765,0.36550188,False
3580,12740.11,True,0.20639384,0.19428019,0.21850747,False
1024,5072.11,True,0.20636229,0.20884313,0.20388146,False
1563,6689.11,True,0.20633759,-0.2533322,-0.15934297,False
5712,19136.11,False,0.20620658,0.17465918,-0.23775397,False
4589,15767.11,True,0.20619775,0.21702473,0.19537078,False
1298,5894.11,True,0.20608866,-0.2768526,-0.13532472,False
4951,16853.11,True,0.20603646,0.25596693,0.156106,False
3552,12656.11,False,0.20599976,0.14022037,-0.27177915,False
1777,7331.11,False,0.20594504,0.088825956,-0.32306412,False
2923,10769.11,True,0.2058783,0.081657104,0.3300995,False
5989,19967.11,True,0.20584664,0.14864308,0.2630502,False
374,3122.1099999999997,False,0.20582643,-0.08959626,0.3220566,False
1657,6971.11,True,0.2058121,0.19909896,0.21252522,False
582,3746.1099999999997,True,0.20574369,0.09758627,0.3139011,False
3347,12041.11,True,0.20571187,0.16949561,0.24192812,False
497,3491.1099999999997,True,0.20565557,-0.2158719,-0.19543925,False
4067,14201.11,False,0.20564777,0.21730855,-0.19398697,False
128,2384.1099999999997,False,0.20563385,-0.27483088,0.13643682,False
5820,19460.11,True,0.20553604,0.1762394,0.23483267,False
3869,13607.11,True,0.2054658,-0.054607954,-0.35632363,False
3212,11636.11,False,0.20545024,0.086453505,-0.32444698,False
1012,5036.11,True,0.20533584,0.23877393,0.17189775,False
3211,11633.11,False,0.20533392,0.089713246,-0.3209546,False
4559,15677.11,True,0.20532018,0.19771433,0.21292602,False
2417,9251.11,True,0.20512435,0.16110219,0.24914652,False
3489,12467.11,True,0.20510139,0.14682561,0.26337716,False
5365,18095.11,False,0.20506562,0.18688025,-0.223251,False
4168,14504.11,True,0.2050507,-0.15673701,-0.2533644,False
5057,17171.11,False,0.20495984,0.22433567,-0.185584,False
2711,10133.11,True,0.2049562,-0.11595069,-0.29396173,False
2228,8684.11,True,0.20489705,0.2060225,0.20377158,False
1233,5699.11,False,0.2048342,0.14939909,-0.2602693,False
1833,7499.11,True,0.20480853,0.26135045,0.14826663,False
1918,7754.11,True,0.20470214,0.03450723,0.37489706,False
2378,9134.11,False,0.20466773,-0.04957918,0.3597563,False
1133,5399.11,True,0.20452921,-0.23023435,-0.17882407,False
5429,18287.11,False,0.20447442,0.11640413,-0.2925447,False
2423,9269.11,True,0.20431647,-0.03019436,-0.37843856,False
1414,6242.11,False,0.20426452,0.15378056,-0.2547485,False
5296,17888.11,True,0.20422643,0.17442243,0.23403044,False
836,4508.11,False,0.20419128,-0.2670496,0.14133295,False
4166,14498.11,True,0.20407581,-0.16465001,-0.24350163,False
2110,8330.11,True,0.20407349,0.18451808,0.22362891,False
403,3209.1099999999997,True,0.20407328,-0.22412804,-0.18401852,False
4071,14213.11,True,0.20394334,0.1498096,0.25807709,False
1570,6710.11,True,0.20384112,-0.12283402,-0.2848482,False
477,3431.1099999999997,False,0.20369661,-0.14889707,0.25849614,False
5506,18518.11,False,0.20369305,0.1605017,-0.24688439,False
1753,7259.11,True,0.20366684,-0.1552514,-0.2520823,False
414,3242.1099999999997,True,0.20365596,-0.14098805,-0.26632386,False
5633,18899.11,False,0.20357747,0.22744013,-0.17971481,False
3077,11231.11,True,0.20354572,0.043371245,0.36372018,False
2385,9155.11,False,0.2035225,-0.15843453,0.24861048,False
2386,9158.11,False,0.20340404,-0.07140453,0.33540356,False
397,3191.1099999999997,True,0.20334265,0.057104286,0.349581,False
911,4733.11,False,0.20332426,0.24714246,-0.15950605,False
1801,7403.11,True,0.20328829,-0.157037,-0.24953958,False
3394,12182.11,True,0.20321247,0.15714222,0.2492827,False
3946,13838.11,False,0.20315832,0.14668845,-0.2596282,False
5496,18488.11,True,0.2031517,0.2136739,0.19262949,False
262,2786.1099999999997,True,0.20313856,0.266922,0.13935511,False
993,4979.11,False,0.20311683,0.1506075,-0.25562617,False
5520,18560.11,False,0.20306796,0.15548556,-0.25065038,False
30,2090.1099999999997,True,0.20305213,-0.3072285,-0.09887576,False
1456,6368.11,False,0.20299883,0.10159475,-0.30440292,False
1709,7127.11,True,0.20299384,-0.31424227,-0.0917454,False
5968,19904.11,True,0.20292297,0.1706648,0.23518114,False
1894,7682.11,True,0.20292287,0.37112364,0.03472208,False
624,3872.1099999999997,False,0.20288661,-0.03891788,0.36685535,False
2882,10646.11,True,0.20283654,0.10911478,0.29655832,False
1191,5573.11,False,0.20275313,0.24953082,-0.15597542,False
2526,9578.11,False,0.20264964,0.37328574,-0.032013524,False
4665,15995.11,False,0.20259494,0.21669617,-0.18849371,False
3526,12578.11,False,0.20257856,0.14169201,-0.2634651,False
1300,5900.11,True,0.20251045,-0.25849205,-0.14652884,False
6,2018.11,True,0.20244665,-0.30608842,-0.09880489,False
4190,14570.11,True,0.20240921,0.21273085,0.19208756,False
2753,10259.11,True,0.20239447,0.14279294,0.261996,False
3439,12317.11,True,0.20218797,0.066777736,0.3375982,False
3637,12911.11,False,0.20217693,0.16709928,-0.23725456,False
2370,9110.11,True,0.20216314,0.19872488,0.20560141,False
5104,17312.11,False,0.20208511,0.22588402,-0.1782862,False
4001,14003.11,True,0.2018488,0.08890091,0.31479672,False
837,4511.11,False,0.20181315,-0.31468552,0.08894077,False
3410,12230.11,False,0.2016828,0.19741927,-0.20594634,False
2938,10814.11,True,0.20150296,0.29116026,0.111845665,False
48,2144.1099999999997,False,0.20136487,-0.0208785,0.38185126,False
4949,16847.11,True,0.20130992,0.15734808,0.24527176,False
5225,17675.11,False,0.20124054,0.15291142,-0.24956967,False
4912,16736.11,False,0.2012067,0.1306924,-0.271721,False
3064,11192.11,True,0.20119604,0.20330387,0.19908823,False
2782,10346.11,True,0.20117345,0.1365053,0.2658416,False
523,3569.1099999999997,True,0.2011651,0.16694048,0.23538971,False
3010,11030.11,False,0.2011137,0.11370163,-0.28852576,False
3638,12914.11,False,0.20104232,0.110522285,-0.29156235,False
2721,10163.11,True,0.20092767,0.2741661,0.12768923,False
1424,6272.11,False,0.20086043,0.11355578,-0.28816506,False
3868,13604.11,True,0.20072004,-0.13363236,-0.26780772,False
5574,18722.11,True,0.20065793,0.12090163,0.28041425,False
5460,18380.11,True,0.20061043,0.14008139,0.26113948,False
360,3080.1099999999997,True,0.20059477,0.028264286,0.37292525,False
3882,13646.11,False,0.20053354,0.18236841,-0.21869868,False
5241,17723.11,True,0.20042914,0.15852778,0.2423305,False
518,3554.1099999999997,True,0.20039432,-0.23436509,-0.16642354,False
3669,13007.11,True,0.20039079,0.2074258,0.19335577,False
4449,15347.11,True,0.20038486,0.15649341,0.24427629,False
2567,9701.11,False,0.2003532,0.34422126,-0.056485143,False
4796,16388.11,True,0.20028335,0.17965144,0.22091524,False
4543,15629.11,False,0.20024803,0.1993641,-0.20113198,False
3742,13226.11,True,0.2001171,0.11753694,0.28269726,False
3724,13172.11,True,0.20008925,0.17809254,0.22208597,False
5634,18902.11,False,0.19999442,0.18657771,-0.21341114,False
292,2876.1099999999997,False,0.19991389,-0.012432772,0.387395,False
2631,9893.11,True,0.19989371,-0.0888098,-0.31097764,False
5743,19229.11,True,0.19985715,0.14731206,0.25240222,False
544,3632.1099999999997,True,0.19963843,0.1840285,0.21524836,False
792,4376.11,True,0.19963792,-0.1801457,-0.21913014,False
4998,16994.11,False,0.19962436,0.23375116,-0.16549757,False
4613,15839.11,False,0.19946681,0.110081635,-0.28885198,False
3705,13115.11,True,0.19940922,-0.12929992,-0.2695185,False
1363,6089.11,True,0.19933325,0.33461487,0.06405163,False
356,3068.1099999999997,True,0.19932899,-0.2308833,-0.16777468,False
1495,6485.11,True,0.19928467,-0.14679737,-0.251772,False
5575,18725.11,True,0.19901109,0.09082571,0.30719647,False
4134,14402.11,True,0.19896942,0.1111456,0.28679323,False
1095,5285.11,True,0.19873998,0.2844521,0.11302783,False
4100,14300.11,False,0.19873461,0.17929748,-0.21817173,False
932,4796.11,True,0.1987101,0.3061991,0.09122109,False
407,3221.1099999999997,True,0.1986504,-0.23969148,-0.15760933,False
4140,14420.11,False,0.19855914,0.14047341,-0.25664487,False
4772,16316.11,True,0.19851893,0.2059628,0.19107504,False
4289,14867.11,True,0.1985,0.11999517,0.27700484,False
2964,10892.11,True,0.19846012,0.2796815,0.11723873,False
5523,18569.11,False,0.19843484,0.17672653,-0.22014315,False
3005,11015.11,True,0.1983828,0.19117397,0.20559162,False
3455,12365.11,False,0.19832046,0.16144238,-0.23519854,False
5825,19475.11,True,0.19830805,0.18750945,0.20910664,False
1362,6086.11,True,0.19829965,0.29087627,0.105723016,False
980,4940.11,True,0.19817135,-0.11504728,-0.28129542,False
4865,16595.11,True,0.1981442,0.12576057,0.2705278,False
4598,15794.11,True,0.19808912,0.19750659,0.19867167,False
827,4481.11,True,0.19798738,0.25128883,0.14468594,False
3303,11909.11,True,0.19791669,0.15864244,0.23719093,False
5791,19373.11,True,0.19789551,0.1275568,0.26823422,False
4948,16844.11,True,0.19783475,0.1071035,0.288566,False
359,3077.1099999999997,True,0.19779553,0.04801206,0.347579,False
1113,5339.11,True,0.19774884,0.1733973,0.22210036,False
3459,12377.11,True,0.1976856,0.12251945,0.27285174,False
434,3302.1099999999997,False,0.19765848,-0.05806464,0.33725232,False
4508,15524.11,False,0.19746014,0.17495465,-0.21996565,False
894,4682.11,False,0.19740386,-0.019762976,0.37504476,False
5166,17498.11,True,0.19726287,0.10423636,0.29028937,False
4386,15158.11,True,0.19725567,-0.20975415,-0.1847572,False
5937,19811.11,True,0.197234,0.13416617,0.26030186,False
3358,12074.11,True,0.19713664,0.1461356,0.24813767,False
4977,16931.11,False,0.19712842,0.17671315,-0.21754368,False
1527,6581.11,True,0.197119,-0.06812002,-0.32611796,False
4741,16223.11,True,0.1970686,0.18314224,0.21099497,False
1517,6551.11,False,0.19696593,-0.10637229,0.28755957,False
2694,10082.11,True,0.19693914,-0.20617752,-0.18770078,False
500,3500.1099999999997,True,0.19685334,-0.07122431,-0.32248238,False
5452,18356.11,True,0.19683042,0.18439187,0.20926897,False
5965,19895.11,True,0.19678783,0.16647328,0.22710237,False
3530,12590.11,False,0.19670123,0.06128196,-0.3321205,False
4036,14108.11,False,0.19662037,0.17457603,-0.21866474,False
1165,5495.11,False,0.19657601,-0.2474186,0.14573343,False
29,2087.1099999999997,True,0.1965244,-0.25804436,-0.13500443,False
4028,14084.11,True,0.19644654,0.12517674,0.26771635,False
1139,5417.11,False,0.19628598,-0.15829036,0.2342816,False
5297,17891.11,True,0.19621514,0.14990307,0.2425272,False
3438,12314.11,True,0.19615328,0.126803,0.2655036,False
2212,8636.11,True,0.19607219,-0.06111969,-0.3310247,False
426,3278.1099999999997,True,0.19606064,-0.20535086,-0.18677042,False
4545,15635.11,False,0.195946,0.25052094,-0.14137104,False
98,2294.1099999999997,False,0.19589275,-0.031816274,0.35996923,False
5518,18554.11,False,0.19581787,0.2136886,-0.17794715,False
3226,11678.11,True,0.19566342,0.15543218,0.23589465,False
2784,10352.11,False,0.19565292,-0.050723422,0.3405824,False
3551,12653.11,False,0.19560811,0.1159575,-0.27525872,False
1516,6548.11,False,0.19559635,-0.042953394,0.3482393,False
3062,11186.11,True,0.19558837,0.18889986,0.20227687,False
5906,19718.11,True,0.19533929,0.15042719,0.24025139,False
1845,7535.11,True,0.19532812,-0.23677696,-0.15387928,False
749,4247.11,False,0.19527978,-0.1554115,0.23514806,False
2835,10505.11,True,0.19525251,-0.21468292,-0.17582211,False
1824,7472.11,False,0.19521928,0.12889269,-0.26154587,False
3341,12023.11,False,0.19520985,0.14534211,-0.24507758,False
4197,14591.11,True,0.19520073,0.11507845,0.275323,False
4664,15992.11,False,0.19509923,0.17514376,-0.21505472,False
5373,18119.11,False,0.19506961,0.111606754,-0.27853248,False
332,2996.1099999999997,True,0.1950637,0.15040419,0.2397232,False
1432,6296.11,False,0.19497417,0.024067212,-0.36588112,False
18,2054.1099999999997,False,0.19491833,0.18894917,-0.2008875,False
2970,10910.11,False,0.19484879,0.33362815,-0.056069445,False
1490,6470.11,False,0.19474834,0.08642937,-0.3030673,False
2349,9047.11,False,0.19473538,0.1870024,-0.20246835,False
3393,12179.11,True,0.1945982,0.14448832,0.24470809,False
350,3050.1099999999997,True,0.19447911,0.21302852,0.17592971,False
4217,14651.11,False,0.19444105,0.15733774,-0.23154436,False
553,3659.1099999999997,False,0.19443512,0.17232807,-0.21654215,False
3878,13634.11,True,0.19440126,0.06531015,0.32349238,False
4667,16001.11,False,0.19435564,0.19793642,-0.19077487,False
1619,6857.11,True,0.19429994,-0.09471536,-0.29388452,False
1412,6236.11,False,0.19426775,0.27163854,-0.11689694,False
5497,18491.11,True,0.19411868,0.25138673,0.13685064,False
2355,9065.11,True,0.1940862,0.317651,0.07052139,False
3981,13943.11,False,0.1940758,0.114605375,-0.27354622,False
2058,8174.11,True,0.19404206,-0.20679614,-0.18128799,False
4334,15002.11,False,0.19403811,0.20588635,-0.18218987,False
5648,18944.11,False,0.1939311,0.13045605,-0.25740618,False
4319,14957.11,True,0.19388998,0.10862301,0.27915692,False
4271,14813.11,True,0.193849,0.25665346,0.13104454,False
2310,8930.11,True,0.19375546,0.05405742,0.3334535,False
1177,5531.11,False,0.19372877,0.17195007,-0.21550746,False
3921,13763.11,True,0.19359607,0.13978703,0.24740508,False
5091,17273.11,False,0.19353406,0.111754805,-0.27531332,False
5089,17267.11,False,0.19333825,0.1560427,-0.23063378,False
5454,18362.11,True,0.19318461,0.19327809,0.19309114,False
5380,18140.11,False,0.19311237,0.15306252,-0.23316222,False
3798,13394.11,False,0.19299418,0.11905032,-0.26693803,False
1383,6149.11,True,0.19294004,0.34238464,0.043495446,False
2880,10640.11,True,0.19293545,0.17534952,0.21052139,False
2575,9725.11,True,0.19292226,-0.10477312,-0.2810714,False
1234,5702.11,False,0.19272515,0.01804079,-0.36740953,False
952,4856.11,False,0.19258936,0.26284164,-0.122337066,False
5705,19115.11,False,0.19258347,0.19321644,-0.19195049,False
2218,8654.11,False,0.19248682,-0.10281746,0.28215617,False
2743,10229.11,True,0.1924835,0.109418444,0.27554855,False
5647,18941.11,False,0.19247445,0.14049706,-0.24445185,False
183,2549.1099999999997,False,0.19246468,-0.33904207,0.04588729,False
5507,18521.11,False,0.19232073,0.11913867,-0.2655028,False
838,4514.11,True,0.19231637,-0.33634517,-0.048287578,False
4773,16319.11,True,0.19228883,0.23053528,0.15404238,False
5268,17804.11,True,0.19226655,0.15122019,0.23331292,False
3954,13862.11,False,0.19222616,0.18032731,-0.204125,False
3061,11183.11,True,0.19220991,0.18993661,0.19448322,False
552,3656.1099999999997,False,0.19219807,0.11471489,-0.26968125,False
4821,16463.11,False,0.19217923,0.054791003,-0.32956746,False
3257,11771.11,False,0.19214348,0.16152261,-0.22276436,False
4332,14996.11,True,0.19207577,0.2153836,0.16876794,False
3179,11537.11,True,0.19199917,-0.19415243,-0.18984589,False
2415,9245.11,True,0.19199456,0.13141134,0.25257778,False
599,3797.1099999999997,True,0.19182417,-0.18243717,-0.20121117,False
1235,5705.11,False,0.1918217,0.0055137286,-0.37812966,False
840,4520.11,True,0.19180214,-0.24394293,-0.13966136,False
398,3194.1099999999997,True,0.19179359,0.17282848,0.21075869,False
5917,19751.11,False,0.19168018,0.17142262,-0.21193774,False
4269,14807.11,True,0.19164261,0.15162863,0.23165661,False
4392,15176.11,True,0.19154127,-0.12383509,-0.25924745,False
181,2543.1099999999997,False,0.19150603,-0.05699779,0.32601425,False
2664,9992.11,True,0.19142152,0.09416311,0.28867993,False
1764,7292.11,True,0.19138718,-0.12351684,-0.25925753,False
4123,14369.11,False,0.19136232,0.19681463,-0.18591002,False
5480,18440.11,True,0.19133332,0.19137168,0.19129497,False
5733,19199.11,True,0.19127741,0.10699878,0.27555606,False
639,3917.1099999999997,True,0.19116014,-0.043682948,-0.33863735,False
2902,10706.11,True,0.19110018,0.18480946,0.1973909,False
1973,7919.11,False,0.19106692,0.10900523,-0.27312863,False
1776,7328.11,False,0.19095176,0.10269074,-0.27921277,False
4767,16301.11,False,0.19079643,0.10825264,-0.27334023,False
1280,5840.11,True,0.19079098,0.23004924,0.15153272,False
5418,18254.11,True,0.19067515,0.120671146,0.26067916,False
4117,14351.11,False,0.19058987,0.0811799,-0.29999986,False
2593,9779.11,False,0.19052607,0.21196364,-0.1690885,False
2568,9704.11,True,0.19050588,0.3726675,0.008344255,False
2233,8699.11,True,0.19047673,0.101774804,0.27917865,False
4903,16709.11,False,0.19040588,0.15373343,-0.22707833,False
5439,18317.11,False,0.19039117,0.20006987,-0.18071246,False
4242,14726.11,False,0.19038403,0.1946718,-0.18609627,False
1526,6578.11,True,0.19032048,-0.043717537,-0.33692342,False
1214,5642.11,False,0.19025415,0.12697236,-0.25353596,False
5861,19583.11,True,0.19024417,0.18630707,0.19418126,False
3276,11828.11,False,0.1902409,0.110642545,-0.26983926,False
4716,16148.11,True,0.1902352,0.20794299,0.1725274,False
1608,6824.11,True,0.1902349,-0.08362593,-0.29684386,False
2422,9266.11,False,0.19022341,0.019921305,-0.36052552,False
4478,15434.11,False,0.19019702,0.21620582,-0.16418824,False
5739,19217.11,True,0.1901742,0.13047192,0.2498765,False
3975,13925.11,False,0.19017375,0.1722836,-0.2080639,False
1293,5879.11,True,0.19009423,-0.13491398,-0.24527447,False
2482,9446.11,False,0.1900525,0.076369084,-0.3037359,False
5459,18377.11,True,0.1898682,0.18659408,0.19314231,False
4550,15650.11,False,0.18978795,0.17394562,-0.20563029,False
1599,6797.11,True,0.18969592,-0.18070744,-0.19868441,False
283,2849.1099999999997,False,0.18965639,0.32286716,-0.05644564,False
5599,18797.11,True,0.18961939,0.15073532,0.22850345,False
5064,17192.11,False,0.18959862,0.17400303,-0.20519422,False
3412,12236.11,False,0.18949434,0.1953642,-0.18362449,False
484,3452.1099999999997,True,0.1894832,0.14804767,0.2309187,False
2988,10964.11,True,0.18945926,0.068313584,0.31060493,False
859,4577.11,False,0.18944332,-0.2197519,0.15913475,False
4188,14564.11,True,0.18939984,0.21844445,0.16035521,False
4943,16829.11,True,0.18926615,0.21373728,0.164795,False
1108,5324.11,True,0.18921332,-0.2119619,-0.16646475,False
4287,14861.11,True,0.18919921,0.09537714,0.28302127,False
3368,12104.11,False,0.18903354,0.16838954,-0.20967755,False
610,3830.1099999999997,False,0.18891776,0.15544212,-0.22239338,False
2249,8747.11,True,0.18885712,0.14396544,0.23374881,False
26,2078.1099999999997,False,0.1887835,-0.30160186,0.075965144,False
2384,9152.11,False,0.18878068,-0.23085468,0.14670669,False
5275,17825.11,True,0.1887461,0.12854467,0.2489475,False
4192,14576.11,True,0.18862449,0.14053641,0.23671256,False
4351,15053.11,True,0.18861577,-0.24057794,-0.1366536,False
4490,15470.11,True,0.18860316,-0.05521523,-0.3219911,False
2133,8399.11,False,0.188443,0.185662,-0.19122402,False
3994,13982.11,True,0.18822753,0.13838734,0.23806772,False
2856,10568.11,True,0.1880856,0.080152296,0.2960189,False
3700,13100.11,True,0.1880218,-0.19077413,-0.18526946,False
5525,18575.11,False,0.18799177,0.19293678,-0.18304676,False
3856,13568.11,True,0.18786524,-0.12031776,-0.25541273,False
2208,8624.11,False,0.18781975,0.09781532,-0.2778242,False
5626,18878.11,True,0.18778178,0.20828667,0.16727689,False
1831,7493.11,True,0.18777807,0.21979477,0.15576138,False
2848,10544.11,True,0.18774691,0.2011951,0.17429873,False
514,3542.1099999999997,True,0.18770614,0.25174996,0.123662315,False
5322,17966.11,False,0.18768083,0.17633486,-0.1990268,False
4038,14114.11,False,0.18766215,0.119359456,-0.25596485,False
479,3437.1099999999997,False,0.18760091,-0.07571708,0.29948473,False
5663,18989.11,False,0.18746927,0.11274416,-0.2621944,False
2109,8327.11,True,0.18744913,0.17460234,0.20029593,False
178,2534.1099999999997,True,0.18744278,-0.2233105,-0.15157507,False
2351,9053.11,True,0.18737832,0.20697539,0.16778123,False
2921,10763.11,True,0.18717165,0.18318257,0.19116074,False
5678,19034.11,True,0.18713814,0.12415801,0.2501183,False
5637,18911.11,True,0.1870668,0.16601336,0.20812024,False
2303,8909.11,True,0.18705314,-0.17376247,-0.2003438,False
3630,12890.11,False,0.18703759,0.24871352,-0.12536164,False
4938,16814.11,True,0.18702619,0.13559338,0.23845899,False
491,3473.1099999999997,False,0.18702117,-0.062131837,0.31191048,False
4347,15041.11,False,0.18698175,-0.17216927,0.20179424,False
4122,14366.11,False,0.18688227,0.13684765,-0.2369169,False
1575,6725.11,False,0.1868793,0.06888507,-0.30487353,False
2693,10079.11,True,0.18687692,-0.19989394,-0.17385991,False
3237,11711.11,False,0.18682897,0.161229,-0.21242896,False
348,3044.1099999999997,True,0.1868256,0.11613019,0.257521,False
4931,16793.11,False,0.18675682,0.20184559,-0.17166807,False
3345,12035.11,True,0.18674633,0.11046141,0.26303124,False
1834,7502.11,True,0.1867458,0.21844725,0.15504433,False
2837,10511.11,True,0.18657957,-0.1930774,-0.18008174,False
1219,5657.11,True,0.18656495,-0.1928698,-0.18026012,False
863,4589.11,True,0.18655288,-0.19564584,-0.17745991,False
4333,14999.11,True,0.18653387,0.13770533,0.23536243,False
4575,15725.11,False,0.18652879,0.086277716,-0.28677985,False
4756,16268.11,True,0.18652694,0.10540563,0.26764825,False
3363,12089.11,True,0.18647791,0.096069224,0.2768866,False
1187,5561.11,True,0.1864426,0.26640534,0.106479846,False
5443,18329.11,False,0.18631662,0.13957821,-0.23305504,False
1256,5768.11,True,0.18627322,-0.2114068,-0.16113964,False
598,3794.1099999999997,True,0.18622601,-0.20223255,-0.17021948,False
129,2387.1099999999997,True,0.1861896,-0.32902622,-0.043352995,False
1431,6293.11,False,0.1860841,0.046961077,-0.32520714,False
3053,11159.11,True,0.18607208,-0.031672757,-0.34047142,False
2783,10349.11,True,0.1860495,0.044136457,0.32796255,False
2726,10178.11,True,0.18595159,-0.2346149,-0.13728827,False
2996,10988.11,False,0.18590423,0.059036184,-0.31277227,False
5023,17069.11,False,0.18582445,0.20114109,-0.17050783,False
4600,15800.11,True,0.18577439,0.11495188,0.2565969,False
1231,5693.11,True,0.18575545,0.19286928,0.17864162,False
739,4217.11,True,0.18575186,0.2604317,0.111072004,False
3895,13685.11,False,0.18571472,0.15585916,-0.21557029,False
4144,14432.11,True,0.18564266,0.11260997,0.25867534,False
4355,15065.11,True,0.18561241,-0.1981372,-0.17308761,False
4318,14954.11,True,0.18551323,0.02390019,0.34712628,False
2116,8348.11,True,0.18548313,0.31691685,0.05404939,False
1571,6713.11,True,0.18543018,-0.08338717,-0.2874732,False
3668,13004.11,True,0.18541227,0.18799874,0.1828258,False
5477,18431.11,False,0.18539529,0.15559909,-0.21519148,False
5405,18215.11,True,0.18537727,0.15146434,0.21929021,False
1461,6383.11,False,0.18516713,-0.03540755,0.33492672,False
548,3644.1099999999997,True,0.18515542,-0.072334886,-0.29797596,False
2579,9737.11,True,0.18512078,-0.031647366,-0.3385942,False
5295,17885.11,True,0.18510526,0.101601586,0.26860896,False
797,4391.11,True,0.18506381,-0.24411981,-0.1260078,False
5772,19316.11,True,0.18501936,0.12675011,0.2432886,False
3418,12254.11,False,0.18500996,0.19737099,-0.17264894,False
5339,18017.11,True,0.18497506,0.15138716,0.21856295,False
1294,5882.11,True,0.18491283,-0.09256681,-0.27725884,False
1189,5567.11,False,0.18487123,0.30060238,-0.06914007,False
5352,18056.11,False,0.18485355,0.117151625,-0.2525555,False
992,4976.11,True,0.18473066,-0.0030670336,-0.36639428,False
2857,10571.11,True,0.1846313,0.061912484,0.30735013,False
1190,5570.11,False,0.18453602,0.26184678,-0.10722527,False
1743,7229.11,True,0.18434316,-0.1680066,-0.2006797,False
672,4016.1099999999997,True,0.18434165,0.27714258,0.091540724,False
182,2546.1099999999997,False,0.18428013,-0.264589,0.103971235,False
4748,16244.11,True,0.18419203,0.07908853,0.28929552,False
85,2255.1099999999997,True,0.18411218,-0.35813886,-0.010085502,False
1803,7409.11,True,0.18409109,-0.12536082,-0.24282137,False
3324,11972.11,False,0.1840562,0.19975832,-0.16835405,False
5015,17045.11,False,0.1840562,0.14835781,-0.21975456,False
4735,16205.11,True,0.18404372,0.064101845,0.3039856,False
5557,18671.11,False,0.18384066,0.17485933,-0.19282198,False
3151,11453.11,True,0.18372166,-0.14200155,-0.22544178,False
2305,8915.11,True,0.1837072,-0.24840358,-0.11901083,False
4207,14621.11,True,0.18366435,0.14084853,0.22648017,False
4013,14039.11,True,0.18358377,0.17408054,0.193087,False
3435,12305.11,True,0.18352747,0.19479468,0.17226025,False
4231,14693.11,True,0.18347962,0.16562489,0.20133436,False
4052,14156.11,True,0.18345553,0.18225648,0.18465458,False
2412,9236.11,True,0.18344937,0.08506002,0.28183872,False
3725,13175.11,True,0.18338385,0.14924774,0.21751997,False
5498,18494.11,True,0.18320605,0.23720333,0.12920879,False
5179,17537.11,False,0.18310034,0.15682028,-0.2093804,False
4999,16997.11,False,0.18307301,0.16389307,-0.20225294,False
2691,10073.11,True,0.18306208,-0.21973985,-0.14638428,False
1145,5435.11,True,0.18305142,0.33352208,0.032580767,False
4551,15653.11,False,0.18303342,0.18226197,-0.18380487,False
1050,5150.11,True,0.18301713,-0.0839644,-0.28206986,False
2684,10052.11,True,0.18284543,-0.12305034,-0.24264053,False
3653,12959.11,False,0.18282016,0.15819637,-0.20744394,False
1963,7889.11,True,0.18277413,0.13767445,0.22787379,False
2418,9254.11,True,0.18267131,0.15758906,0.20775354,False
321,2963.1099999999997,True,0.18264711,-0.31882358,-0.04647065,False
821,4463.11,True,0.18250753,-0.17920545,-0.18580961,False
5409,18227.11,False,0.18248436,0.17034818,-0.19462052,False
5010,17030.11,False,0.18247256,0.21523844,-0.14970668,False
554,3662.1099999999997,False,0.18245521,0.13569723,-0.2292132,False
1732,7196.11,True,0.18244563,0.35690963,0.007981615,False
3255,11765.11,False,0.18224418,0.17958075,-0.18490763,False
4924,16772.11,True,0.18224043,0.10433943,0.26014143,False
2369,9107.11,True,0.18202576,0.16777803,0.1962735,False
2994,10982.11,False,0.18196413,0.07459368,-0.2893346,False
42,2126.1099999999997,True,0.18193191,-0.24811344,-0.115750395,False
2067,8201.11,False,0.1818057,0.085406974,-0.27820444,False
3524,12572.11,False,0.18173051,0.17729193,-0.1861691,False
4257,14771.11,False,0.18171602,0.14569412,-0.21773793,False
5616,18848.11,True,0.18171306,0.18991198,0.17351414,False
2877,10631.11,False,0.18169992,0.015994243,-0.34740558,False
1554,6662.11,False,0.18166739,0.068764724,-0.29457006,False
406,3218.1099999999997,True,0.18154973,-0.20872056,-0.15437889,False
3502,12506.11,True,0.1815456,0.07366845,0.28942275,False
5656,18968.11,True,0.18151754,0.16289753,0.20013757,False
3263,11789.11,True,0.18149526,0.13929933,0.2236912,False
1896,7688.11,True,0.18149391,0.25623178,0.10675602,False
5301,17903.11,False,0.18148136,0.15787789,-0.20508485,False
14,2042.11,False,0.18146516,0.124938644,-0.23799169,False
4510,15530.11,False,0.18136084,0.19247408,-0.1702476,False
3992,13976.11,True,0.18132836,0.16307695,0.19957975,False
726,4178.11,False,0.18119635,0.3346092,-0.027783494,False
4891,16673.11,False,0.18118638,0.1675153,-0.19485745,False
4261,14783.11,True,0.18118563,0.11136226,0.25100902,False
5299,17897.11,True,0.18109453,0.20092407,0.16126499,False
4937,16811.11,True,0.18108648,0.16131483,0.20085813,False
4978,16934.11,False,0.18108639,0.24053161,-0.121641174,False
496,3488.1099999999997,True,0.18098691,-0.18990912,-0.17206469,False
5704,19112.11,False,0.18095803,0.16278449,-0.19913158,False
2134,8402.11,True,0.18085508,0.29127565,0.0704345,False
3103,11309.11,True,0.18084905,0.21876962,0.14292845,False
5306,17918.11,True,0.18081376,0.16775595,0.19387157,False
2035,8105.11,True,0.18080735,-0.11445816,-0.24715653,False
4281,14843.11,True,0.18079442,0.1673384,0.19425045,False
1195,5585.11,True,0.18072581,0.053525724,0.3079259,False
4354,15062.11,True,0.18067083,-0.19922319,-0.16211848,False
5808,19424.11,True,0.18062407,0.116681054,0.24456707,False
5916,19748.11,False,0.18061587,0.16588515,-0.19534658,False
3029,11087.11,True,0.18056676,0.13522844,0.22590508,False
5066,17198.11,False,0.1805112,0.16811816,-0.19290423,False
2366,9098.11,True,0.18043867,0.017064322,0.343813,False
5012,17036.11,False,0.1804116,0.22583127,-0.13499194,False
5617,18851.11,True,0.18040657,0.1425564,0.21825673,False
5983,19949.11,False,0.18023881,0.09446137,-0.26601627,False
4427,15281.11,True,0.18021764,0.023949264,0.336486,False
5863,19589.11,True,0.18016225,0.15893343,0.20139107,False
3398,12194.11,True,0.18015239,0.22184992,0.13845484,False
3942,13826.11,True,0.18014355,0.15140527,0.20888183,False
4146,14438.11,True,0.18012905,0.11030898,0.24994913,False
3016,11048.11,False,0.17990565,0.091341875,-0.26846942,False
3478,12434.11,False,0.1798707,0.09266803,-0.26707336,False
5059,17177.11,False,0.17983048,0.21415256,-0.1455084,False
752,4256.11,False,0.17966563,0.20915703,-0.15017423,False
2982,10946.11,False,0.17965993,0.27806556,-0.08125431,False
1158,5474.11,False,0.17962144,-0.08622136,0.27302152,False
5360,18080.11,True,0.17960295,0.17128573,0.18792018,False
127,2381.1099999999997,False,0.17959832,-0.18829308,0.17090355,False
425,3275.1099999999997,False,0.17956308,-0.16799101,0.19113515,False
2473,9419.11,False,0.17952967,0.21758254,-0.14147678,False
132,2396.1099999999997,False,0.17948759,-0.19635065,0.16262452,False
5419,18257.11,True,0.1794838,0.14936113,0.20960647,False
4582,15746.11,True,0.17943889,0.059298746,0.29957902,False
4291,14873.11,False,0.17943484,0.21219012,-0.14667955,False
2546,9638.11,True,0.17930418,-0.10203508,-0.2565733,False
4552,15656.11,False,0.17922954,0.16697048,-0.19148861,False
2545,9635.11,True,0.17921881,-0.09565397,-0.26278365,False
2440,9320.11,True,0.17919165,0.09651686,0.26186645,False
2672,10016.11,True,0.17910115,0.28525215,0.07295015,False
494,3482.1099999999997,True,0.17897576,-0.1859453,-0.17200623,False
4774,16322.11,True,0.17895451,0.19087718,0.16703182,False
5615,18845.11,True,0.17882356,0.1838978,0.17374933,False
3959,13877.11,True,0.17881377,0.18605068,0.17157686,False
1740,7220.11,True,0.17877936,0.08246209,0.27509665,False
3160,11480.11,True,0.17875803,0.17130512,0.18621095,False
102,2306.1099999999997,True,0.1786173,-0.1597247,-0.19750988,False
141,2423.1099999999997,True,0.17861032,0.020184925,0.33703572,False
458,3374.1099999999997,True,0.17859563,-0.17822777,-0.17896351,False
5395,18185.11,True,0.17857954,0.061422452,0.2957366,False
2540,9620.11,True,0.17853984,0.18680249,0.1702772,False
1464,6392.11,True,0.17852923,0.1656994,0.19135909,False
5769,19307.11,True,0.17849933,0.11769537,0.23930329,False
5915,19745.11,False,0.17841053,0.13751881,-0.21930224,False
1892,7676.11,False,0.17836216,0.21826877,-0.13845557,False
3485,12455.11,False,0.17828177,0.10557041,-0.25099313,False
5250,17750.11,True,0.17826316,0.11421421,0.2423121,False
1940,7820.11,False,0.17825222,0.17971087,-0.17679359,False
1547,6641.11,True,0.17812917,-0.080826566,-0.27543178,False
5264,17792.11,True,0.17798282,0.14691615,0.2090495,False
2602,9806.11,True,0.17785119,-0.05685715,-0.29884523,False
10,2030.11,True,0.17782927,-0.22956142,-0.12609713,False
5789,19367.11,True,0.17781922,0.15281475,0.20282368,False
1346,6038.11,False,0.17777576,0.10194489,-0.25360662,False
988,4964.11,True,0.17776503,-0.033915427,-0.32161462,False
3400,12200.11,True,0.17770007,0.09671276,0.25868738,False
2531,9593.11,True,0.17765613,0.34613413,0.009178138,False
3396,12188.11,True,0.17761011,0.19690652,0.1583137,False
1244,5732.11,True,0.1776062,-0.10518913,-0.25002325,False
1593,6779.11,True,0.17743027,-0.210648,-0.14421253,False
3012,11036.11,False,0.17726037,0.04391925,-0.3106015,False
4786,16358.11,True,0.17719573,0.15270929,0.20168217,False
34,2102.1099999999997,True,0.17718737,-0.3315182,-0.022856528,False
3298,11894.11,True,0.17715885,0.14416096,0.21015674,False
1677,7031.11,True,0.1771355,-0.15299392,-0.20127709,False
525,3575.1099999999997,True,0.17704375,0.10411575,0.24997176,False
1807,7421.11,True,0.17702107,-0.286228,-0.06781414,False
487,3461.1099999999997,True,0.1770167,0.15207729,0.20195611,False
2836,10508.11,True,0.1769785,-0.19299336,-0.16096365,False
3011,11033.11,False,0.17690405,0.07997397,-0.27383414,False
190,2570.1099999999997,False,0.17688692,-0.14379258,0.20998125,False
1099,5297.11,True,0.17688495,0.20949827,0.14427161,False
3969,13907.11,False,0.17680201,0.14337477,-0.21022926,False
5090,17270.11,False,0.17675553,0.1098717,-0.24363936,False
3043,11129.11,True,0.17673713,0.15542625,0.19804801,False
4910,16730.11,False,0.17672172,0.11850975,-0.23493369,False
3656,12968.11,True,0.17649992,0.23850423,0.114495605,False
531,3593.1099999999997,False,0.17645937,0.21067216,-0.1422466,False
4650,15950.11,False,0.17644875,0.22879986,-0.12409764,False
4911,16733.11,False,0.1763955,0.11354063,-0.23925039,False
1788,7364.11,False,0.17634052,0.10551717,-0.24716386,False
1868,7604.11,False,0.17630862,0.18448624,-0.168131,False
3574,12722.11,False,0.17626135,0.088785596,-0.2637371,False
4381,15143.11,True,0.17625394,-0.17767379,-0.17483412,False
4162,14486.11,True,0.17622676,-0.106537625,-0.24591589,False
417,3251.1099999999997,True,0.17602915,-0.24577357,-0.10628474,False
1347,6041.11,False,0.17600627,0.14442414,-0.2075884,False
2488,9464.11,True,0.1759896,0.11267714,0.23930205,False
3335,12005.11,True,0.17596684,0.11407006,0.23786363,False
1748,7244.11,True,0.17595226,-0.16770934,-0.18419519,False
2674,10022.11,False,0.17593497,0.28362668,-0.06824328,False
1036,5108.11,True,0.17591578,0.23232381,0.11950775,False
13,2039.11,True,0.17585059,-0.123393394,-0.22830778,False
94,2282.1099999999997,False,0.17578804,-0.25769722,0.09387886,False
5734,19202.11,True,0.17570247,0.12427362,0.2271313,False
4668,16004.11,False,0.17561829,0.14782123,-0.20341536,False
5056,17168.11,False,0.17561121,0.26535514,-0.085867286,False
651,3953.1099999999997,False,0.17553449,0.13376717,-0.2173018,False
3490,12470.11,True,0.17549092,0.1803036,0.17067823,False
2066,8198.11,False,0.17548464,0.02142736,-0.32954192,False
3348,12044.11,True,0.17541046,0.12404286,0.22677808,False
428,3284.1099999999997,True,0.1753051,-0.1117882,-0.23882198,False
983,4949.11,True,0.17522606,-0.15481542,-0.19563672,False
4833,16499.11,True,0.17521955,0.12241933,0.22801977,False
4868,16604.11,True,0.17521308,0.18107593,0.16935024,False
3823,13469.11,True,0.17520599,0.16623135,0.18418063,False
4996,16988.11,False,0.1750892,0.23169704,-0.11848136,False
4025,14075.11,True,0.17508912,0.08731979,0.26285845,False
2800,10400.11,False,0.17506418,0.16458407,-0.18554428,False
5332,17996.11,False,0.17503846,0.14884645,-0.20123045,False
4113,14339.11,True,0.1749805,0.18886304,0.16109797,False
3581,12743.11,True,0.17493418,0.18495366,0.16491468,False
2144,8432.11,False,0.17491174,0.16531545,-0.18450801,False
5256,17768.11,False,0.17491171,0.16168837,-0.18813504,False
4290,14870.11,True,0.17473638,0.11692464,0.2325481,False
1947,7841.11,True,0.17462824,0.18519108,0.1640654,False
4751,16253.11,True,0.1745764,0.13185814,0.21729466,False
2744,10232.11,True,0.17454332,0.10958928,0.23949735,False
4352,15056.11,True,0.17453814,-0.22130853,-0.12776776,False
3227,11681.11,True,0.17436859,0.09376784,0.25496936,False
3579,12737.11,True,0.17435482,0.21243404,0.1362756,False
2963,10889.11,True,0.17433958,0.2723986,0.07628056,False
3453,12359.11,False,0.17430273,0.16141757,-0.18718787,False
702,4106.11,True,0.17429927,0.124540046,0.22405848,False
1224,5672.11,True,0.17418838,0.16993105,0.1784457,False
4835,16505.11,True,0.174166,0.15808143,0.19025058,False
1433,6299.11,False,0.17407532,0.040608983,-0.30754167,False
2115,8345.11,True,0.17406724,0.25462392,0.09351057,False
5589,18767.11,True,0.17403126,0.12769428,0.22036825,False
2210,8630.11,False,0.17399845,0.04387431,-0.30412257,False
1090,5270.11,True,0.17398837,-0.056872506,-0.29110423,False
3214,11642.11,False,0.17395881,0.027531974,-0.32038563,False
2707,10121.11,True,0.17395228,-0.19539359,-0.15251097,False
5242,17726.11,True,0.17393629,0.14427647,0.20359612,False
5650,18950.11,False,0.17382345,0.15440321,-0.19324368,False
2387,9161.11,False,0.17381436,-0.116454564,0.23117414,False
1893,7679.11,False,0.1737868,0.3086707,-0.03890292,False
4687,16061.11,True,0.17369999,0.03799986,0.3094001,False
1660,6980.11,True,0.17369011,-0.19232342,-0.1550568,False
215,2645.1099999999997,True,0.17368892,0.13391809,0.21345976,False
4547,15641.11,False,0.1736266,0.23047596,-0.116777256,False
5317,17951.11,True,0.17359182,0.19902119,0.14816244,False
393,3179.1099999999997,True,0.1735154,-0.10678891,-0.24024187,False
3791,13373.11,True,0.17349903,0.11392426,0.2330738,False
3957,13871.11,False,0.17347506,0.11750978,-0.22944033,False
1744,7232.11,True,0.17345683,-0.15401039,-0.19290328,False
3277,11831.11,False,0.17337954,0.121594734,-0.22516434,False
1055,5165.11,True,0.17328748,-0.25013834,-0.09643662,False
1070,5210.11,False,0.17321852,0.08710306,-0.25933397,False
167,2501.1099999999997,False,0.17321634,0.2025611,-0.14387159,False
2211,8633.11,True,0.1731965,-0.0030154795,-0.3433775,False
1846,7538.11,True,0.17316875,-0.22537003,-0.120967455,False
5859,19577.11,True,0.1730271,0.13979647,0.20625773,False
346,3038.1099999999997,False,0.17295364,-0.028674787,0.3172325,False
673,4019.1099999999997,True,0.1729486,0.20035857,0.14553864,False
228,2684.1099999999997,False,0.17286462,-0.08324051,0.26248872,False
1085,5255.11,True,0.17281662,-0.24835561,-0.09727762,False
2213,8639.11,True,0.17254429,-0.04038159,-0.304707,False
888,4664.11,True,0.17238866,-0.08623088,-0.25854644,False
1775,7325.11,False,0.17236587,0.1190947,-0.22563706,False
2532,9596.11,True,0.1722673,0.34267154,0.0018630518,False
486,3458.1099999999997,True,0.17226024,0.14542718,0.1990933,False
5107,17321.11,True,0.17214298,0.15951645,0.18476953,False
4075,14225.11,False,0.17209691,0.1495432,-0.19465064,False
2595,9785.11,False,0.1720327,0.105684206,-0.23838119,False
5406,18218.11,True,0.17198122,0.17820944,0.16575298,False
3488,12464.11,True,0.17194736,0.14754461,0.19635011,False
4350,15050.11,True,0.17187318,-0.22547302,-0.11827334,False
611,3833.1099999999997,False,0.17183764,0.24520648,-0.09846882,False
467,3401.1099999999997,True,0.1718238,-0.17804265,-0.16560493,False
3000,11000.11,True,0.1718159,0.070895605,0.2727362,False
5660,18980.11,False,0.17180555,0.13055636,-0.21305473,False
4385,15155.11,True,0.17180413,-0.12916832,-0.21443996,False
732,4196.11,True,0.17179047,-0.040757902,-0.30282304,False
3334,12002.11,True,0.17178255,0.13770431,0.2058608,False
4141,14423.11,False,0.17177583,0.13547885,-0.20807281,False
3914,13742.11,True,0.1717387,0.19100715,0.15247025,False
3854,13562.11,True,0.17173074,-0.15296456,-0.19049692,False
5209,17627.11,True,0.17165843,0.14472108,0.19859576,False
5330,17990.11,False,0.17155811,0.21692638,-0.12618984,False
2307,8921.11,False,0.17153227,-0.13797373,0.20509084,False
2876,10628.11,False,0.17152445,0.028246066,-0.31480283,False
5403,18209.11,True,0.17150857,0.15200426,0.19101287,False
5298,17894.11,True,0.17150594,0.17083466,0.17217723,False
3161,11483.11,True,0.1714462,0.16126493,0.18162748,False
71,2213.1099999999997,True,0.17142409,0.22188298,0.120965205,False
2801,10403.11,False,0.17122656,0.20497972,-0.13747339,False
2372,9116.11,True,0.17121595,0.1846143,0.15781762,False
4383,15149.11,True,0.17120971,-0.119720645,-0.22269876,False
5624,18872.11,True,0.17120156,0.1775083,0.16489483,False
2993,10979.11,False,0.17117408,0.08106126,-0.2612869,False
2534,9602.11,True,0.1710951,0.27572355,0.06646667,False
3658,12974.11,False,0.17109367,0.113927804,-0.22825955,False
2321,8963.11,True,0.17104392,0.07383358,0.26825425,False
1419,6257.11,True,0.17103787,0.21585406,0.12622167,False
5562,18686.11,True,0.17101339,0.08744546,0.2545813,False
2942,10826.11,True,0.17094493,0.14140275,0.20048712,False
3291,11873.11,True,0.17092305,0.17596167,0.16588442,False
2424,9272.11,False,0.17090972,0.021567421,-0.320252,False
3919,13757.11,False,0.17081246,0.21169183,-0.12993309,False
5918,19754.11,True,0.17080688,0.18290643,0.15870734,False
4116,14348.11,False,0.1707923,0.08388225,-0.25770235,False
4765,16295.11,False,0.17076492,0.08088992,-0.26063994,False
5376,18128.11,True,0.17075807,0.1393254,0.20219074,False
5568,18704.11,False,0.17064789,0.16906744,-0.17222835,False
4509,15527.11,False,0.1706443,0.17787056,-0.16341804,False
3051,11153.11,True,0.1706122,-0.11424162,-0.22698279,False
3763,13289.11,False,0.17055699,0.12106136,-0.22005261,False
2601,9803.11,True,0.17053479,-0.01803502,-0.32303455,False
3314,11942.11,False,0.17051437,0.13198043,-0.20904832,False
2533,9599.11,True,0.17048891,0.2728387,0.068139106,False
3152,11456.11,True,0.17045906,-0.13351287,-0.20740527,False
3342,12026.11,False,0.17041603,0.14082047,-0.20001157,False
1484,6452.11,True,0.17033957,-0.082162976,-0.25851616,False
5368,18104.11,True,0.17032279,0.18596339,0.15468219,False
4489,15467.11,True,0.17030886,-0.0498768,-0.2907409,False
2885,10655.11,True,0.17028674,0.08009778,0.2604757,False
73,2219.1099999999997,True,0.17016977,-0.30053705,-0.039802488,False
1027,5081.11,True,0.17014867,0.2690256,0.07127176,False
4438,15314.11,True,0.17014548,0.1405353,0.19975565,False
3131,11393.11,False,0.1701414,0.16406827,-0.17621453,False
2169,8507.11,True,0.17013842,0.09996973,0.2403071,False
4297,14891.11,True,0.1701069,0.10082445,0.23938936,False
5017,17051.11,True,0.16992232,0.1848816,0.15496305,False
3790,13370.11,True,0.16986933,0.120293245,0.21944542,False
5349,18047.11,False,0.16981722,0.22767384,-0.11196061,False
5728,19184.11,False,0.16979471,0.11614879,-0.22344063,False
5993,19979.11,True,0.16975836,0.12366208,0.21585464,False
4436,15308.11,True,0.16972479,0.13377854,0.20567104,False
5106,17318.11,True,0.16966973,0.21230468,0.12703478,False
212,2636.1099999999997,True,0.16964628,-0.14851286,-0.1907797,False
612,3836.1099999999997,True,0.1696261,0.33451623,0.0047359676,False
4047,14141.11,False,0.16955726,0.11830667,-0.22080785,False
3649,12947.11,True,0.1695553,0.15933022,0.1797804,False
5255,17765.11,False,0.16953635,0.15184654,-0.18722618,False
3824,13472.11,True,0.1695203,0.11364509,0.22539552,False
1765,7295.11,True,0.16951779,-0.08986152,-0.24917406,False
5592,18776.11,True,0.16945979,0.12628289,0.2126367,False
3674,13022.11,True,0.16943929,0.26490057,0.07397802,False
567,3701.1099999999997,True,0.16935834,-0.14935541,-0.18936129,False
2971,10913.11,False,0.1692798,0.27223727,-0.06632233,False
1451,6353.11,True,0.16925788,0.107467204,0.23104857,False
4752,16256.11,True,0.16924722,0.12183761,0.21665685,False
192,2576.1099999999997,False,0.16921645,-0.13518162,0.20325129,False
4263,14789.11,True,0.16912314,0.13916586,0.19908041,False
3235,11705.11,False,0.16909632,0.15552317,-0.18266949,False
2227,8681.11,True,0.16903459,0.1606787,0.17739047,False
4919,16757.11,False,0.16894339,0.10727965,-0.23060712,False
4843,16529.11,False,0.16891548,0.17650455,-0.1613264,False
338,3014.1099999999997,True,0.16890845,0.111780964,0.22603592,False
5764,19292.11,False,0.16889496,0.15371196,-0.18407796,False
1457,6371.11,False,0.16882734,0.098983474,-0.2386712,False
5632,18896.11,True,0.16875021,0.20996322,0.1275372,False
2222,8666.11,True,0.16873717,-0.09179285,-0.24568148,False
2139,8417.11,False,0.168636,0.17037894,-0.16689304,False
193,2579.1099999999997,False,0.16862413,-0.17354219,0.16370608,False
3159,11477.11,True,0.16862218,0.15448712,0.18275724,False
3986,13958.11,True,0.16861671,0.11653232,0.22070111,False
2838,10514.11,True,0.1685899,-0.12667413,-0.21050568,False
1128,5384.11,True,0.16854581,0.20083675,0.13625488,False
1063,5189.11,False,0.16853157,0.2553756,-0.081687525,False
1210,5630.11,False,0.16852564,0.18918622,-0.14786506,False
759,4277.11,False,0.16844767,0.17811835,-0.158777,False
951,4853.11,False,0.16839021,0.27117214,-0.06560831,False
3372,12116.11,True,0.16834712,0.25196707,0.08472718,False
3371,12113.11,True,0.16824304,0.22566554,0.11082054,False
1609,6827.11,True,0.16822074,-0.025128027,-0.31131345,False
2095,8285.11,True,0.16816789,0.06482883,0.27150697,False
1279,5837.11,True,0.16812605,0.22732465,0.10892744,False
3996,13988.11,True,0.1680819,0.11014678,0.22601701,False
2069,8207.11,False,0.16807307,0.09685777,-0.23928837,False
4327,14981.11,True,0.16802552,0.23834062,0.09771042,False
2566,9698.11,True,0.16801836,0.3206341,0.0154026095,False
4764,16292.11,False,0.16798931,0.062030606,-0.273948,False
3458,12374.11,True,0.16797052,0.12985505,0.206086,False
5444,18332.11,False,0.16795881,0.14253601,-0.19338161,False
76,2228.1099999999997,False,0.16789615,0.18965396,-0.14613833,False
4312,14936.11,True,0.16789524,0.13711557,0.19867492,False
623,3869.1099999999997,True,0.16768159,0.0669638,0.2683994,False
581,3743.1099999999997,True,0.1676783,0.049254395,0.2861022,False
2757,10271.11,False,0.16761896,0.12882979,-0.20640813,False
435,3305.1099999999997,False,0.16749531,-0.16027285,0.17471777,False
4198,14594.11,True,0.16748506,0.12352353,0.2114466,False
3583,12749.11,True,0.16748446,0.13150221,0.20346671,False
5751,19253.11,True,0.16737369,0.13194923,0.20279816,False
5571,18713.11,False,0.16726825,0.16223833,-0.17229815,False
1562,6686.11,True,0.16720751,-0.22498438,-0.109430656,False
541,3623.1099999999997,True,0.16719565,-0.18367188,-0.15071942,False
1428,6284.11,False,0.16693166,0.09634252,-0.2375208,False
2977,10931.11,False,0.16691425,0.14280915,-0.19101937,False
1172,5516.11,True,0.16688947,0.14897488,0.18480407,False
2927,10781.11,True,0.16680397,-0.060167562,-0.2734404,False
3299,11897.11,True,0.16676141,0.117843784,0.21567905,False
1987,7961.11,True,0.16675675,-0.040522434,-0.29299107,False
2764,10292.11,True,0.16667676,-0.09690618,-0.23644733,False
5025,17075.11,False,0.16664454,0.20056108,-0.13272801,False
5740,19220.11,True,0.16663414,0.10037493,0.23289336,False
1962,7886.11,True,0.16661532,0.069906384,0.26332426,False
5315,17945.11,True,0.16659968,0.19585547,0.13734388,False
2973,10919.11,False,0.16656041,0.25217384,-0.08094697,False
5121,17363.11,True,0.16651009,0.14578494,0.18723524,False
5991,19973.11,True,0.16646075,0.11702522,0.2158963,False
2762,10286.11,True,0.16642143,-0.023742398,-0.30910045,False
4260,14780.11,True,0.16627952,0.08308663,0.24947242,False
4440,15320.11,True,0.16624528,0.14512701,0.18736354,False
381,3143.1099999999997,True,0.16619585,0.08332089,0.24907081,False
1734,7202.11,False,0.1661719,0.2086596,-0.123684175,False
4596,15788.11,True,0.16616893,0.24839696,0.0839409,False
104,2312.1099999999997,False,0.16604821,-0.14645585,0.18564057,False
698,4094.1099999999997,True,0.16601537,-0.019676227,-0.3123545,False
3123,11369.11,True,0.16599394,0.13042805,0.20155984,False
4203,14609.11,True,0.16598776,0.12777309,0.20420244,False
32,2096.1099999999997,True,0.16597712,-0.0412746,-0.29067963,False
3721,13163.11,True,0.16593471,0.14568526,0.18618415,False
2806,10418.11,False,0.16585103,0.04853263,-0.28316942,False
2118,8354.11,False,0.16582766,0.20978266,-0.12187268,False
5515,18545.11,False,0.1658001,0.25540933,-0.07619087,False
4553,15659.11,False,0.16574214,0.16015267,-0.17133161,False
4021,14063.11,False,0.16572514,0.20010687,-0.1313434,False
2065,8195.11,True,0.1657154,-0.01699077,-0.31444,False
201,2603.1099999999997,True,0.16568905,-0.1392434,-0.1921347,False
4506,15518.11,False,0.1656858,0.14591435,-0.18545726,False
1661,6983.11,False,0.16568263,-0.10888492,0.22248034,False
4288,14864.11,True,0.16568169,0.13111238,0.20025101,False
1310,5930.11,True,0.16567467,0.012847131,0.31850222,False
3807,13421.11,False,0.16554183,0.20398247,-0.12710118,False
2591,9773.11,False,0.16553995,0.17839693,-0.15268297,False
5902,19706.11,True,0.16541415,0.13525288,0.19557543,False
306,2918.1099999999997,True,0.16540685,0.22296132,0.10785237,False
233,2699.1099999999997,True,0.16539383,-0.17650273,-0.15428491,False
608,3824.1099999999997,False,0.16537929,0.18720128,-0.14355728,False
1404,6212.11,True,0.16527928,0.15016398,0.18039459,False
1278,5834.11,False,0.16515781,0.16204318,-0.16827244,False
4060,14180.11,True,0.16509254,0.0997286,0.23045649,False
1100,5300.11,True,0.16506407,0.21509534,0.11503279,False
4836,16508.11,True,0.16505447,0.18681662,0.14329234,False
5790,19370.11,True,0.1650179,0.12161715,0.20841864,False
4053,14159.11,True,0.16501158,0.116768524,0.21325463,False
3979,13937.11,False,0.16493452,0.13687506,-0.19299397,False
5521,18563.11,False,0.1649313,0.20949781,-0.1203648,False
4448,15344.11,True,0.16491243,0.14825688,0.181568,False
3786,13358.11,True,0.16478062,0.17256603,0.1569952,False
53,2159.1099999999997,False,0.16477193,-0.30966467,0.019879203,False
4643,15929.11,True,0.16475067,0.11959578,0.20990553,False
1364,6092.11,True,0.16470897,0.31059974,0.018818188,False
985,4955.11,True,0.16469452,-0.14274502,-0.18664402,False
2695,10085.11,True,0.16466269,-0.18490529,-0.14442009,False
4262,14786.11,True,0.16464837,0.13588545,0.19341129,False
1359,6077.11,True,0.16464214,0.07473574,0.25454855,False
4062,14186.11,True,0.16463934,0.09403598,0.2352427,False
3657,12971.11,False,0.16461933,0.21314141,-0.11609726,False
1991,7973.11,True,0.16452794,0.10592122,0.22313467,False
711,4133.11,True,0.1645028,-0.05128002,-0.27772558,False
5819,19457.11,True,0.16450238,0.13555528,0.19344948,False
3604,12812.11,True,0.16443694,0.119744875,0.20912899,False
2266,8798.11,True,0.16441622,0.18966676,0.13916567,False
2535,9605.11,True,0.16436268,0.21708062,0.11164474,False
3150,11450.11,True,0.16430838,-0.12605903,-0.20255774,False
3647,12941.11,True,0.16426022,0.10641683,0.22210361,False
5677,19031.11,True,0.16424058,0.1008878,0.22759338,False
1241,5723.11,True,0.16423918,-0.11687795,-0.21160041,False
5244,17732.11,True,0.16421007,0.0845671,0.24385303,False
4770,16310.11,True,0.16420652,0.16824678,0.16016626,False
4280,14840.11,True,0.16417158,0.13941224,0.1889309,False
5757,19271.11,True,0.16416931,0.12968834,0.1986503,False
1888,7664.11,False,0.16412741,0.2698879,-0.05836693,False
5827,19481.11,True,0.16407414,0.18602502,0.14212325,False
2853,10559.11,False,0.1640414,0.2423457,-0.08573708,False
2960,10880.11,False,0.16399889,0.21213408,-0.11586369,False
2393,9179.11,True,0.16394284,-0.15046905,-0.17741662,False
450,3350.1099999999997,True,0.1639426,-0.09689525,-0.23098996,False
1889,7667.11,False,0.16392651,0.21601973,-0.111833274,False
3349,12047.11,True,0.16391385,0.06616738,0.2616603,False
3246,11738.11,True,0.16390419,0.10727842,0.22052996,False
2265,8795.11,True,0.16388592,0.19970314,0.1280687,False
931,4793.11,False,0.16384986,0.2887062,-0.0389935,False
5371,18113.11,False,0.16381797,0.2031959,-0.12444006,False
4293,14879.11,False,0.16377303,0.22040184,-0.10714423,False
3093,11279.11,False,0.16375276,0.20552342,-0.121982105,False
4256,14768.11,False,0.16371793,0.08582183,-0.24161401,False
4680,16040.11,True,0.16369337,0.13548218,0.19190457,False
1138,5414.11,False,0.16361277,-0.08955,0.23767553,False
5115,17345.11,True,0.16356488,0.20158249,0.12554726,False
2105,8315.11,False,0.16346976,-0.007169488,0.31977004,False
4109,14327.11,True,0.16345486,0.2087661,0.11814361,False
5559,18677.11,True,0.16344881,0.11515717,0.21174043,False
3541,12623.11,True,0.16343838,-0.1499202,-0.17695658,False
787,4361.11,True,0.16343394,0.07487063,0.25199723,False
5316,17948.11,True,0.1634028,0.1260646,0.20074098,False
386,3158.1099999999997,True,0.16339251,-0.097349614,-0.22943543,False
5879,19637.11,False,0.16322917,0.15143086,-0.17502747,False
1361,6083.11,True,0.1632223,0.17924139,0.1472032,False
1508,6524.11,True,0.1632163,0.07591305,0.25051954,False
1188,5564.11,False,0.1632054,0.3065854,-0.01982539,False
1430,6290.11,False,0.16312765,0.069592334,-0.25666296,False
1665,6995.11,True,0.16305046,-0.07355877,-0.25254214,False
2079,8237.11,True,0.16303664,-0.12366691,-0.20240639,False
1211,5633.11,False,0.16302338,0.06160644,-0.26444033,False
1124,5372.11,True,0.16289379,-0.09189259,-0.23389499,False
1808,7424.11,True,0.16288862,-0.25211528,-0.07366194,False
1754,7262.11,True,0.16288409,-0.08615424,-0.23961392,False
3662,12986.11,True,0.1628771,0.16367099,0.16208321,False
5868,19604.11,False,0.16286017,0.20698893,-0.1187314,False
3499,12497.11,True,0.1627966,0.121406786,0.20418641,False
1153,5459.11,False,0.16278142,0.17008066,-0.15548219,False
4088,14264.11,True,0.16276953,0.17435019,0.15118887,False
5884,19652.11,True,0.16268434,0.1417505,0.18361817,False
4812,16436.11,True,0.16267589,0.0990444,0.22630738,False
5630,18890.11,True,0.16261128,0.13589747,0.1893251,False
1455,6365.11,False,0.16254641,0.023159223,-0.3019336,False
1220,5660.11,True,0.16253097,-0.1337365,-0.19132544,False
5180,17540.11,False,0.16252281,0.19363062,-0.131415,False
1956,7868.11,True,0.16249093,-0.17745194,-0.14752991,False
238,2714.1099999999997,True,0.16247968,-0.06394387,-0.2610155,False
3014,11042.11,False,0.16247717,0.070012346,-0.254942,False
2995,10985.11,False,0.16238235,0.057288848,-0.26747584,False
4247,14741.11,True,0.1623736,0.20147225,0.12327496,False
5597,18791.11,True,0.16227002,0.20406073,0.12047931,False
2981,10943.11,False,0.16225542,0.30846193,-0.016048897,False
1786,7358.11,True,0.1621969,-0.08851327,-0.23588052,False
3409,12227.11,False,0.16218677,0.15077877,-0.17359476,False
3292,11876.11,True,0.1621616,0.18337387,0.14094934,False
2958,10874.11,False,0.16210636,0.15481395,-0.16939878,False
5249,17747.11,True,0.16205443,0.10309806,0.22101082,False
5486,18458.11,True,0.16201936,0.21871954,0.105319165,False
1015,5045.11,True,0.16196135,-0.15433499,-0.16958772,False
291,2873.1099999999997,False,0.16193475,-0.026616188,0.2972533,False
3122,11366.11,True,0.16193262,0.1320584,0.19180685,False
1903,7709.11,True,0.1619223,0.1058292,0.21801542,False
3289,11867.11,True,0.16192228,0.1968058,0.12703876,False
3313,11939.11,False,0.16185638,0.13597901,-0.18773377,False
5546,18638.11,False,0.16184968,0.22839537,-0.09530398,False
2962,10886.11,True,0.16179608,0.28953114,0.03406102,False
3633,12899.11,True,0.16175637,0.1595738,0.16393895,False
2565,9695.11,False,0.16169521,0.26461205,-0.058778364,False
5622,18866.11,True,0.1616714,0.08218242,0.2411604,False
2854,10562.11,False,0.16164856,0.22491717,-0.09837994,False
4678,16034.11,True,0.1615366,0.07051097,0.25256222,False
5519,18557.11,False,0.16153608,0.17000417,-0.15306799,False
4723,16169.11,True,0.16152498,0.12583625,0.19721372,False
723,4169.11,True,0.16144708,0.21689771,0.105996445,False
2500,9500.11,False,0.16144198,0.06262982,-0.26025414,False
968,4904.11,True,0.16130401,-0.027627796,-0.29498023,False
1368,6104.11,True,0.16123988,0.20192203,0.12055772,False
68,2204.1099999999997,True,0.16122806,-0.2727485,-0.049707606,False
2901,10703.11,True,0.16120231,0.17239645,0.15000816,False
2976,10928.11,False,0.16113004,0.16565728,-0.15660281,False
3556,12668.11,True,0.16112924,0.18858895,0.13366953,False
4614,15842.11,False,0.16111238,0.11414481,-0.20807996,False
4491,15473.11,True,0.16105647,-0.036415722,-0.28569722,False
4183,14549.11,False,0.16103467,0.1670082,-0.15506113,False
1964,7892.11,True,0.16099544,0.1448635,0.17712738,False
1690,7070.11,False,0.16098161,0.03056403,-0.29139918,False
5055,17165.11,True,0.1609735,0.22631255,0.09563447,False
1025,5075.11,True,0.16095702,0.1727691,0.14914495,False
2728,10184.11,True,0.1608949,-0.1457051,-0.17608468,False
1866,7598.11,True,0.16086523,-0.011217505,-0.31051296,False
4961,16883.11,False,0.16082555,0.14411336,-0.17753774,False
5336,18008.11,True,0.16081974,0.21934448,0.10229498,False
4147,14441.11,True,0.1607795,0.10325082,0.21830821,False
5702,19106.11,False,0.16071378,0.1940159,-0.12741165,False
2696,10088.11,True,0.16068412,-0.20000258,-0.121365674,False
2632,9896.11,True,0.16066825,-0.076334886,-0.24500161,False
2297,8891.11,True,0.16060708,-0.121285,-0.19992918,False
3080,11240.11,True,0.16052675,0.17185333,0.14920019,False
5281,17843.11,True,0.16042559,0.15779157,0.1630596,False
4229,14687.11,True,0.16042435,0.16831583,0.15253288,False
5061,17183.11,False,0.16037479,0.18435326,-0.1363963,False
289,2867.1099999999997,False,0.16034415,-0.12405954,0.19662875,False
204,2612.1099999999997,True,0.16021267,-0.1476848,-0.17274055,False
810,4430.11,False,0.16016464,0.04501397,-0.2753153,False
4905,16715.11,False,0.16009846,0.13499749,-0.18519944,False
2749,10247.11,True,0.16008016,0.19608633,0.12407401,False
4904,16712.11,False,0.16006353,0.17823134,-0.14189571,False
5758,19274.11,True,0.15996929,0.09953828,0.22040029,False
2561,9683.11,False,0.15995847,0.18034112,-0.13957581,False
5160,17480.11,False,0.15986675,0.17962612,-0.1401074,False
5108,17324.11,True,0.15984945,0.17166832,0.14803058,False
1691,7073.11,False,0.15983094,0.19498089,-0.12468099,False
2997,10991.11,False,0.15976098,0.048211124,-0.27131084,False
165,2495.1099999999997,False,0.15974867,0.23007995,-0.0894174,False
3836,13508.11,True,0.15969953,0.1159096,0.20348945,False
3943,13829.11,True,0.15966967,0.119240865,0.20009848,False
470,3410.1099999999997,True,0.15966333,-0.07366867,-0.245658,False
1038,5114.11,False,0.1595599,0.252709,-0.066410825,False
3340,12020.11,False,0.1595221,0.122203834,-0.19684038,False
4405,15215.11,True,0.15952078,0.057120048,0.2619215,False
4084,14252.11,False,0.15950081,0.08226703,-0.23673458,False
5683,19049.11,True,0.15949826,0.14093108,0.17806543,False
2813,10439.11,True,0.15946077,-0.1708232,-0.14809833,False
3419,12257.11,False,0.15940525,0.16278766,-0.15602283,False
3046,11138.11,False,0.15940338,0.12279625,-0.19601052,False
1183,5549.11,True,0.15934536,-0.25211218,-0.06657854,False
1774,7322.11,False,0.15933804,0.13362527,-0.18505082,False
3925,13775.11,True,0.15931056,0.2651197,0.053501435,False
1787,7361.11,True,0.1592512,-0.034292165,-0.28421023,False
5238,17714.11,True,0.15922982,0.19345012,0.1250095,False
1450,6350.11,True,0.15917967,0.090278275,0.22808108,False
4804,16412.11,False,0.15915522,0.1798767,-0.13843374,False
3577,12731.11,True,0.15910694,0.15203398,0.16617988,False
4294,14882.11,True,0.15907644,0.20715953,0.11099334,False
2198,8594.11,True,0.15905997,0.17981319,0.13830675,False
4993,16979.11,True,0.15905067,0.1558245,0.16227683,False
3746,13238.11,False,0.15903795,0.19553854,-0.122537374,False
3013,11039.11,False,0.15900405,0.045336597,-0.2726715,False
2285,8855.11,False,0.15900402,-0.0704559,0.24755214,False
5509,18527.11,False,0.15900208,0.14838172,-0.16962244,False
5133,17399.11,True,0.15897405,0.19964413,0.118303984,False
1118,5354.11,True,0.15896112,0.17517333,0.14274889,False
3531,12593.11,False,0.15894286,0.03044926,-0.28743646,False
4831,16493.11,True,0.15886621,0.060791977,0.25694045,False
570,3710.1099999999997,True,0.15884726,-0.26074168,-0.05695283,False
5467,18401.11,True,0.15878306,0.13583909,0.18172704,False
3673,13019.11,True,0.15872972,0.2362797,0.08117973,False
3933,13799.11,True,0.15868251,0.17459197,0.14277305,False
2547,9641.11,True,0.15867451,-0.08423344,-0.23311558,False
138,2414.1099999999997,True,0.158663,0.16050094,0.15682505,False
5413,18239.11,True,0.15864618,0.13022944,0.18706292,False
2826,10478.11,True,0.1586403,-0.08010958,-0.23717102,False
5404,18212.11,True,0.15856299,0.14465854,0.17246746,False
2692,10076.11,True,0.1585208,-0.22553784,-0.09150376,False
5792,19376.11,True,0.15847442,0.17338939,0.14355946,False
423,3269.1099999999997,False,0.15847287,-0.006358887,0.31058684,False
5711,19133.11,False,0.15840518,0.12698163,-0.18982872,False
5381,18143.11,False,0.15839154,0.12921974,-0.18756334,False
4884,16652.11,False,0.1582482,0.14856037,-0.16793603,False
1500,6500.11,True,0.15812472,-0.028019594,-0.28822982,False
4991,16973.11,False,0.15809166,0.21073514,-0.10544819,False
4245,14735.11,False,0.15807022,0.21631937,-0.099821076,False
5047,17141.11,False,0.15805343,0.25309533,-0.063011535,False
1429,6287.11,False,0.15803716,0.109815665,-0.20625864,False
5953,19859.11,False,0.15799266,0.15623105,-0.15975429,False
4879,16637.11,True,0.15796052,0.14016299,0.17575805,False
954,4862.11,True,0.15794934,-0.03275996,-0.28313872,False
1961,7883.11,True,0.1579423,0.06916672,0.24671787,False
2626,9878.11,True,0.15794075,-0.061462063,-0.25441942,False
1479,6437.11,True,0.15792163,-0.05389118,-0.26195207,False
4356,15068.11,True,0.15788144,-0.17754634,-0.13821654,False
3837,13511.11,True,0.15785082,0.10758179,0.20811985,False
3726,13178.11,True,0.15773138,0.13750942,0.17795333,False
3456,12368.11,False,0.15765388,0.20736264,-0.10794512,False
3747,13241.11,False,0.15763667,0.16603716,-0.14923619,False
3663,12989.11,True,0.15755457,0.15981917,0.15528995,False
1671,7013.11,False,0.15755221,-0.15584613,0.15925828,False
242,2726.1099999999997,True,0.15748188,-0.0973503,-0.21761346,False
2489,9467.11,True,0.15747315,0.112454,0.20249231,False
1074,5222.11,True,0.15746987,-0.18848737,-0.12645236,False
2068,8204.11,False,0.15746613,0.08469038,-0.23024188,False
1322,5966.11,True,0.1574507,0.26028195,0.05461945,False
1804,7412.11,True,0.15742746,-0.16454703,-0.15030788,False
4101,14303.11,False,0.15726826,0.1613932,-0.15314332,False
78,2234.1099999999997,False,0.15725686,-0.2293107,0.085203014,False
2437,9311.11,True,0.15719606,0.12692332,0.1874688,False
2756,10268.11,False,0.15715492,0.15906626,-0.15524359,False
413,3239.1099999999997,True,0.15709934,-0.1841726,-0.13002609,False
3058,11174.11,True,0.15703903,0.1839874,0.13009067,False
1607,6821.11,True,0.1570124,-0.11001129,-0.20401353,False
5226,17678.11,False,0.15700069,0.016243005,-0.29775837,False
898,4694.11,True,0.15682386,0.28444093,0.029206775,False
4031,14093.11,True,0.1567737,0.13158056,0.18196684,False
2352,9056.11,False,0.15675849,0.20497552,-0.108541474,False
4303,14909.11,False,0.15671349,0.10685693,-0.20657004,False
3405,12215.11,True,0.15667662,0.08796319,0.22539003,False
5065,17195.11,False,0.1566216,0.1824406,-0.13080263,False
2229,8687.11,True,0.15650457,0.1397374,0.17327173,False
5387,18161.11,False,0.15649505,0.14324254,-0.16974756,False
4324,14972.11,True,0.15647718,0.27333108,0.039623305,False
38,2114.1099999999997,False,0.15643594,0.10716064,-0.20571123,False
1948,7844.11,True,0.15641767,0.23898697,0.073848374,False
2814,10442.11,True,0.15639833,-0.2289536,-0.08384304,False
5028,17084.11,True,0.156349,0.14645153,0.16624646,False
5818,19454.11,True,0.15633763,0.09728738,0.21538788,False
3322,11966.11,False,0.15628654,0.22262202,-0.08995104,False
2235,8705.11,True,0.15627438,0.08376138,0.22878736,False
79,2237.1099999999997,True,0.15626939,-0.2960725,-0.016466273,False
5742,19226.11,True,0.15618026,0.13272575,0.1796348,False
583,3749.1099999999997,True,0.15618013,0.14315124,0.16920902,False
4820,16460.11,False,0.15616749,0.06749247,-0.24484251,False
5165,17495.11,True,0.15610513,0.16234033,0.14986993,False
5556,18668.11,False,0.15606081,0.1503154,-0.16180621,False
5810,19430.11,True,0.15605755,0.117504396,0.1946107,False
4750,16250.11,True,0.15603772,0.14266565,0.1694098,False
4459,15377.11,False,0.15603739,0.13868862,-0.17338617,False
239,2717.1099999999997,True,0.15602896,-0.012133179,-0.29992473,False
1681,7043.11,True,0.15602629,-0.08753456,-0.22451802,False
4953,16859.11,False,0.15595905,0.2283462,-0.08357191,False
2338,9014.11,True,0.15590256,0.045157846,0.26664728,False
4471,15413.11,True,0.15586492,0.16980891,0.14192092,False
2209,8627.11,False,0.15581775,0.0655567,-0.2460788,False
3264,11792.11,True,0.15579075,0.12837404,0.18320747,False
1564,6692.11,True,0.15577643,-0.14386359,-0.16768926,False
3350,12050.11,True,0.15575881,0.041050903,0.27046672,False
5963,19889.11,True,0.15575676,0.08246151,0.229052,False
2878,10634.11,False,0.15570448,0.080288626,-0.23112035,False
4252,14756.11,False,0.15568885,0.16673629,-0.14464141,False
5994,19982.11,True,0.15561637,0.110532925,0.20069984,False
3978,13934.11,False,0.15558518,0.16093248,-0.15023789,False
5885,19655.11,True,0.15550026,0.15391268,0.15708785,False
671,4013.1099999999997,False,0.15541095,0.28396794,-0.02685396,False
3967,13901.11,True,0.15541038,0.15464349,0.15617725,False
3245,11735.11,True,0.15538847,0.14384192,0.16693501,False
5621,18863.11,True,0.15533452,0.107453935,0.20321509,False
1714,7142.11,True,0.15531339,-0.10859582,-0.20203096,False
1075,5225.11,True,0.15524413,-0.16060802,-0.14988023,False
4928,16784.11,False,0.15512845,0.097271755,-0.21298514,False
1155,5465.11,True,0.15505697,-0.09856829,-0.21154565,False
2959,10877.11,False,0.155048,0.15103309,-0.1590629,False
3081,11243.11,True,0.15502842,0.19301374,0.11704309,False
314,2942.1099999999997,True,0.15500465,-0.20407055,-0.10593874,False
2220,8660.11,False,0.15500101,-0.17384702,0.13615502,False
1311,5933.11,False,0.15498064,-0.1024312,0.20753008,False
4026,14078.11,True,0.15492193,0.073651165,0.2361927,False
2700,10100.11,True,0.15484159,-0.13791887,-0.1717643,False
3650,12950.11,True,0.15464224,0.15227447,0.15701,False
5215,17645.11,False,0.15463766,0.13818975,-0.17108558,False
1086,5258.11,True,0.15462866,-0.15778023,-0.15147711,False
5908,19724.11,True,0.15461664,0.17471573,0.13451755,False
5897,19691.11,False,0.15456897,0.19035535,-0.118782595,False
99,2297.1099999999997,False,0.15445644,-0.084748775,0.22416411,False
3507,12521.11,False,0.15445532,0.11376978,-0.19514087,False
5502,18506.11,False,0.1544412,0.1494458,-0.15943658,False
3945,13835.11,False,0.15443385,0.12960282,-0.17926486,False
5162,17486.11,False,0.15440933,0.2628498,-0.045968857,False
4715,16145.11,True,0.15440825,0.13807558,0.17074093,False
1232,5696.11,True,0.15435664,0.23918724,0.069526054,False
349,3047.1099999999997,False,0.15434846,0.28352308,-0.025173828,False
3983,13949.11,False,0.15431072,0.12296555,-0.18565589,False
5451,18353.11,False,0.15423548,0.21907832,-0.08939264,False
2855,10565.11,True,0.15419278,0.19541244,0.112973124,False
5470,18410.11,True,0.15415715,0.19801797,0.11029633,False
4595,15785.11,False,0.15415011,0.27686435,-0.03143587,False
4419,15257.11,True,0.15411314,0.049796052,0.25843024,False
3444,12332.11,False,0.15407807,0.07269202,-0.23546413,False
5661,18983.11,False,0.15407495,0.101413704,-0.2067362,False
775,4325.11,True,0.15399408,-0.22492898,-0.08305921,False
909,4727.11,False,0.15390807,0.17082271,-0.13699345,False
2802,10406.11,False,0.1538252,0.17840588,-0.12924449,False
2477,9431.11,True,0.15381722,0.17324406,0.13439038,False
66,2198.1099999999997,True,0.153782,-0.20716196,-0.10040203,False
4675,16025.11,True,0.15373637,0.08350179,0.22397095,False
935,4805.11,True,0.15371749,0.17080241,0.13663255,False
1969,7907.11,False,0.15369743,0.15581276,-0.1515821,False
3253,11759.11,True,0.15369469,0.1341426,0.17324677,False
1021,5063.11,True,0.15368405,-0.27741998,-0.029948102,False
515,3545.1099999999997,True,0.15368053,0.18190622,0.12545483,False
936,4808.11,True,0.15363654,0.15183912,0.15543395,False
5708,19124.11,False,0.15361762,0.16539423,-0.14184102,False
320,2960.1099999999997,False,0.15361428,-0.14772455,0.159504,False
1537,6611.11,False,0.15358812,-0.056734152,0.2504421,False
1131,5393.11,False,0.15358168,-0.29491398,0.012249368,False
4945,16835.11,True,0.15358007,0.19153519,0.11562496,False
3764,13292.11,False,0.15350069,0.12304728,-0.1839541,False
3513,12539.11,False,0.15345651,0.17854123,-0.12837179,False
1312,5936.11,True,0.15345481,-0.18470693,-0.122202694,False
2990,10970.11,True,0.15343522,0.04140816,0.26546228,False
3205,11615.11,False,0.15340807,0.12295501,-0.18386112,False
670,4010.1099999999997,False,0.15337753,0.16605908,-0.14069597,False
5752,19256.11,True,0.15335494,0.13181463,0.17489526,False
1936,7808.11,True,0.15333468,-0.090904266,-0.21576507,False
2673,10019.11,False,0.15332094,0.26729384,-0.03934802,False
5114,17342.11,True,0.15331993,0.21247652,0.094163336,False
2243,8729.11,True,0.15331824,0.21079776,0.095838726,False
5583,18749.11,True,0.15331009,0.14479238,0.16182779,False
5118,17354.11,True,0.15328896,0.17148519,0.13509272,False
2671,10013.11,True,0.15327895,0.18342659,0.1231313,False
3057,11171.11,True,0.15326524,0.16658705,0.13994342,False
3426,12278.11,True,0.1530627,0.17149523,0.13463017,False
586,3758.1099999999997,True,0.15301251,-0.20475754,-0.10126747,False
1480,6440.11,True,0.1529131,-0.05063806,-0.25518814,False
3302,11906.11,True,0.152906,0.17874047,0.12707151,False
4039,14117.11,False,0.15281802,0.15030515,-0.1553309,False
4685,16055.11,True,0.15273294,0.06325622,0.24220964,False
1789,7367.11,False,0.15267135,0.19603433,-0.10930838,False
2183,8549.11,True,0.15264493,0.031948175,0.2733417,False
1693,7079.11,False,0.15253408,0.21775854,-0.08730963,False
727,4181.11,False,0.15245482,0.19232711,-0.11258255,False
4058,14174.11,True,0.15241376,0.26567483,0.039152693,False
2502,9506.11,False,0.15235655,0.0803025,-0.22441061,False
4345,15035.11,False,0.15233769,-0.103806764,0.2008686,False
779,4337.11,True,0.1523104,0.17131774,0.13330306,False
2283,8849.11,False,0.15221234,-0.09586596,0.20855872,False
1209,5627.11,True,0.15216434,0.22156416,0.08276451,False
3697,13091.11,False,0.1521402,-0.06651732,0.23776308,False
5857,19571.11,True,0.15206057,0.21252738,0.09159375,False
904,4712.11,False,0.1519944,0.16336483,-0.14062397,False
2114,8342.11,False,0.15199018,0.23072058,-0.07325978,False
2536,9608.11,True,0.15198103,0.24320859,0.060753476,False
930,4790.11,False,0.15195711,0.28225207,-0.021662157,False
4932,16796.11,False,0.15193689,0.14965047,-0.15422332,False
4339,15017.11,False,0.1519034,0.18026772,-0.1235391,False
3686,13058.11,False,0.15189978,0.13774711,-0.16605246,False
5567,18701.11,False,0.15188086,0.18700267,-0.116759054,False
4885,16655.11,False,0.1518789,0.15278853,-0.15096927,False
4125,14375.11,False,0.15186195,0.12627836,-0.17744555,False
3792,13376.11,True,0.1518557,0.13583279,0.16787861,False
2972,10916.11,False,0.15185267,0.23982191,-0.06388344,False
1951,7853.11,True,0.1518367,0.06864716,0.23502623,False
3076,11228.11,True,0.1518291,0.02844726,0.27521092,False
2272,8816.11,True,0.1517913,0.12061787,0.18296476,False
3037,11111.11,False,0.15177436,0.10932935,-0.19421938,False
638,3914.1099999999997,True,0.15176713,-0.0066622864,-0.296872,False
1832,7496.11,True,0.15173835,0.22742052,0.07605615,False
776,4328.11,True,0.15171282,-0.28481215,-0.018613491,False
2961,10883.11,True,0.1516939,0.29729545,0.0060923444,False
5328,17984.11,False,0.15151638,0.19025241,-0.11278033,False
3706,13118.11,True,0.15147053,-0.07169026,-0.2312508,False
5374,18122.11,False,0.15140277,0.1332566,-0.16954896,False
4670,16010.11,False,0.15132684,0.12643404,-0.17621964,False
3609,12827.11,False,0.15132555,-0.002082262,0.30056885,False
5526,18578.11,False,0.15131268,0.096824706,-0.20580064,False
4822,16466.11,False,0.15128182,0.025066767,-0.27749687,False
3238,11714.11,False,0.15126432,0.13131133,-0.17121732,False
2050,8150.11,True,0.15125534,-0.13523397,-0.16727673,False
1805,7415.11,True,0.15123297,-0.2433185,-0.059147447,False
2320,8960.11,True,0.1511907,0.07865602,0.22372536,False
5147,17441.11,False,0.15116403,0.10680656,-0.1955215,False
4803,16409.11,False,0.15116009,0.17680532,-0.12551485,False
5359,18077.11,True,0.15114577,0.10898241,0.19330913,False
737,4211.11,True,0.15100011,-0.050095566,-0.25190467,False
5581,18743.11,True,0.15098964,0.13013497,0.1718443,False
5959,19877.11,False,0.15098163,0.16977684,-0.13218643,False
3896,13688.11,False,0.15092294,0.12276565,-0.17908023,False
438,3314.1099999999997,False,0.15091173,0.078453176,-0.22337028,False
771,4313.11,True,0.15087189,-0.10745198,-0.19429179,False
5083,17249.11,True,0.1507236,0.18584839,0.11559883,False
3537,12611.11,False,0.15068953,-0.18580024,0.11557882,False
669,4007.1099999999997,False,0.15067577,0.025953168,-0.27539837,False
36,2108.1099999999997,True,0.15064046,-0.27700126,-0.024279665,False
3949,13847.11,True,0.15063041,0.08349363,0.21776721,False
3670,13010.11,True,0.15061577,0.20554821,0.09568332,False
3920,13760.11,True,0.1505864,0.13182977,0.16934304,False
5289,17867.11,False,0.15043312,0.07788635,-0.2229799,False
3787,13361.11,True,0.15042587,0.15521438,0.14563735,False
2690,10070.11,True,0.15035596,-0.21107137,-0.08964054,False
3990,13970.11,False,0.15034519,0.1414103,-0.15928008,False
2609,9827.11,True,0.1503261,0.05022231,0.2504299,False
3639,12917.11,False,0.15029511,0.119538784,-0.18105142,False
2951,10853.11,True,0.15029243,0.10229377,0.1982911,False
3573,12719.11,False,0.15026005,0.097742625,-0.20277746,False
50,2150.1099999999997,False,0.15023175,-0.28882647,0.011637039,False
5623,18869.11,True,0.15020937,0.13846831,0.16195042,False
5842,19526.11,True,0.15020233,0.10870022,0.19170444,False
4212,14636.11,False,0.1500657,0.18028064,-0.11985076,False
5596,18788.11,True,0.15005727,0.21579428,0.08432026,False
1087,5261.11,True,0.15003547,-0.1689677,-0.13110323,False
4720,16160.11,False,0.15000245,0.16024262,-0.13976228,False
4636,15908.11,False,0.14994761,0.12699969,-0.17289554,False
2592,9776.11,False,0.14994353,0.18066432,-0.11922274,False
547,3641.1099999999997,False,0.14991158,0.19704923,-0.102773935,False
3518,12554.11,False,0.14989865,0.12461765,-0.17517965,False
4480,15440.11,False,0.14984888,0.17770842,-0.121989325,False
1515,6545.11,False,0.14984578,-0.020404143,0.27928743,False
4226,14678.11,True,0.14984538,0.1483939,0.15129685,False
2057,8171.11,True,0.14982317,-0.14880332,-0.15084302,False
3482,12446.11,True,0.14979383,0.11523609,0.18435158,False
4175,14525.11,True,0.14976741,-0.020279156,-0.27925566,False
1780,7340.11,True,0.14968464,-0.03664656,-0.2627227,False
2044,8132.11,False,0.14966649,-0.08891425,0.21041872,False
5338,18014.11,True,0.14958133,0.15411597,0.14504668,False
2541,9623.11,True,0.14956966,0.16436562,0.1347737,False
3241,11723.11,True,0.14952184,0.142332,0.15671168,False
3963,13889.11,True,0.149519,0.19197501,0.107062966,False
4864,16592.11,True,0.14950603,0.12642549,0.17258658,False
2957,10871.11,False,0.14950362,0.12289292,-0.1761143,False
3269,11807.11,True,0.14948502,0.11212236,0.1868477,False
5388,18164.11,False,0.14947042,0.15369637,-0.14524446,False
5309,17927.11,False,0.14944717,0.19553886,-0.10335549,False
1140,5420.11,False,0.14944237,-0.17078936,0.1280954,False
3506,12518.11,False,0.14942764,0.14011814,-0.15873714,False
4068,14204.11,True,0.1493978,0.16364984,0.13514577,False
2262,8786.11,True,0.14931336,0.14188893,0.15673779,False
3331,11993.11,False,0.14925453,0.15250336,-0.14600569,False
4771,16313.11,True,0.14924923,0.18815146,0.11034699,False
2108,8324.11,True,0.14915293,0.19379295,0.10451291,False
5654,18962.11,True,0.14911756,0.17664756,0.12158755,False
1117,5351.11,False,0.14910018,0.23444897,-0.063751385,False
1760,7280.11,False,0.14906926,-0.028708518,0.26943,False
1215,5645.11,False,0.14904031,0.09819973,-0.19988088,False
5110,17330.11,True,0.14899002,0.119963154,0.17801689,False
3918,13754.11,False,0.1489461,0.24377595,-0.05411628,False
4014,14042.11,False,0.14890283,0.1879061,-0.109899566,False
1823,7469.11,False,0.14888069,0.18155415,-0.11620721,False
5744,19232.11,True,0.14884871,0.13855743,0.15913999,False
2974,10922.11,False,0.14884287,0.2770253,-0.02066042,False
2980,10940.11,False,0.14883247,0.28046498,-0.017199973,False
5021,17063.11,True,0.14880645,0.19656368,0.10104924,False
1277,5831.11,False,0.1487143,0.09978622,-0.19764237,False
2689,10067.11,True,0.14869468,-0.21000406,-0.0873853,False
2873,10619.11,True,0.14867724,-0.06925089,-0.2281036,False
4577,15731.11,False,0.14862145,0.04055612,-0.25668678,False
519,3557.1099999999997,True,0.14855865,-0.119402885,-0.1777144,False
4283,14849.11,True,0.14850235,0.13548802,0.1615167,False
1171,5513.11,False,0.14850095,-0.15314876,0.14385313,False
3932,13796.11,True,0.14847508,0.1692224,0.12772778,False
3137,11411.11,False,0.1484207,0.09384615,-0.20299527,False
1093,5279.11,True,0.14835262,0.26140964,0.03529561,False
4027,14081.11,True,0.14833353,0.15687463,0.13979244,False
506,3518.1099999999997,True,0.14832245,-0.19137743,-0.10526746,False
517,3551.1099999999997,True,0.14832196,-0.13773905,-0.15890485,False
3389,12167.11,True,0.14827898,0.15704563,0.13951232,False
1939,7817.11,False,0.14820482,0.13479942,-0.16161022,False
3512,12536.11,False,0.14808127,0.17839636,-0.117766194,False
3922,13766.11,True,0.1480755,0.20246243,0.093688585,False
2608,9824.11,True,0.14807484,0.039378986,0.25677067,False
4019,14057.11,True,0.14803408,0.11599942,0.18006873,False
4102,14306.11,False,0.14798264,0.10900406,-0.18696123,False
2560,9680.11,False,0.14797923,0.16685244,-0.129106,False
106,2318.1099999999997,True,0.14796337,0.086032555,0.20989418,False
5432,18296.11,True,0.14795305,0.1595448,0.1363613,False
134,2402.1099999999997,True,0.14793116,0.23814763,0.05771469,False
2367,9101.11,True,0.14784777,0.009710234,0.28598532,False
5085,17255.11,True,0.14782715,0.21317348,0.08248083,False
788,4364.11,False,0.14776185,-0.074388914,0.22113478,False
953,4859.11,False,0.14774115,0.13672277,-0.15875953,False
1847,7541.11,True,0.14773625,-0.22249132,-0.07298117,False
4035,14105.11,False,0.1477301,0.121963836,-0.17349635,False
304,2912.1099999999997,True,0.14769506,0.044060417,0.25132972,False
5016,17048.11,False,0.14766185,0.1920647,-0.10325899,False
3493,12479.11,True,0.14764038,0.12656419,0.16871656,False
4011,14033.11,True,0.14760277,0.18228075,0.11292479,False
4481,15443.11,False,0.14757442,0.14541383,-0.14973502,False
2675,10025.11,False,0.14753567,0.25720975,-0.037861597,False
1972,7916.11,False,0.14748308,0.122669876,-0.17229627,False
2919,10757.11,True,0.14747995,0.1477211,0.1472388,False
4749,16247.11,True,0.14745986,0.09530223,0.19961749,False
1440,6320.11,True,0.14741637,-0.06933084,-0.2255019,False
2359,9077.11,True,0.14734158,0.26488107,0.029802069,False
3413,12239.11,False,0.1473234,0.15736745,-0.13727935,False
1957,7871.11,True,0.14731261,-0.16101657,-0.13360864,False
5149,17447.11,False,0.14721875,0.12280779,-0.1716297,False
1401,6203.11,True,0.14715928,0.07306513,0.22125341,False
653,3959.1099999999997,False,0.14715415,-0.0772057,0.21710262,False
3278,11834.11,False,0.14710182,0.12784523,-0.16635843,False
5263,17789.11,True,0.1470833,0.13561456,0.15855204,False
3333,11999.11,True,0.14707994,0.17317164,0.12098826,False
3369,12107.11,False,0.1470145,0.16944279,-0.12458622,False
649,3947.1099999999997,False,0.14700152,0.26289043,-0.031112624,False
4593,15779.11,True,0.14695756,0.26295564,0.030959493,False
2117,8351.11,False,0.14694351,0.24772209,-0.046164926,False
2525,9575.11,False,0.14692837,0.27123123,-0.022625498,False
2377,9131.11,True,0.14686015,0.020517655,0.27320266,False
3902,13706.11,False,0.1467111,0.11418039,-0.1792418,False
1826,7478.11,False,0.1466941,0.010632653,-0.28275552,False
4169,14507.11,True,0.14667603,-0.14706284,-0.14628921,False
4934,16802.11,False,0.14666566,0.17420478,-0.119126536,False
4380,15140.11,True,0.14664084,-0.14855006,-0.14473161,False
4495,15485.11,False,0.14661309,0.068174124,-0.22505206,False
4278,14834.11,False,0.14658491,0.16729832,-0.12587151,False
4023,14069.11,False,0.14657594,0.17778856,-0.11536334,False
2665,9995.11,True,0.14657582,0.10091272,0.19223893,False
4399,15197.11,False,0.14657085,0.027840836,-0.26530087,False
461,3383.1099999999997,True,0.14656648,-0.04895872,-0.24417426,False
4149,14447.11,False,0.14654711,0.10425773,-0.18883649,False
1504,6512.11,False,0.14654599,0.15058333,-0.14250866,False
4143,14429.11,True,0.14653495,0.08286725,0.21020266,False
174,2522.1099999999997,True,0.14653324,-0.19865452,-0.09441195,False
1941,7823.11,False,0.14648809,0.11328345,-0.17969272,False
2581,9743.11,True,0.14641322,-0.032109503,-0.26071694,False
5586,18758.11,True,0.1464077,0.20387255,0.08894284,False
4569,15707.11,True,0.14639641,0.13053615,0.16225667,False
5771,19313.11,True,0.1463907,0.14015062,0.1526308,False
5058,17174.11,False,0.14638282,0.19033077,-0.10243487,False
3934,13802.11,True,0.1463774,0.16792807,0.12482672,False
4572,15716.11,False,0.14636791,0.10666854,-0.18606728,False
1492,6476.11,False,0.14636172,-0.022803804,0.26991963,False
4689,16067.11,False,0.14634618,-0.018597048,0.27409533,False
587,3761.1099999999997,True,0.14629419,-0.23209096,-0.06049742,False
2271,8813.11,True,0.14618495,0.18211854,0.11025138,False
2846,10538.11,False,0.14617625,0.101061285,-0.19129123,False
1965,7895.11,True,0.14613916,0.1653712,0.12690713,False
5397,18191.11,True,0.14611451,0.09140124,0.20082779,False
3821,13463.11,False,0.1460948,0.14071603,-0.15147358,False
64,2192.1099999999997,False,0.1460866,-0.20124592,0.0909273,False
1004,5012.11,True,0.14606103,0.17580552,0.116316535,False
3898,13694.11,True,0.14587826,0.09864707,0.19310944,False
100,2300.1099999999997,False,0.14580694,-0.08919662,0.20241724,False
2647,9941.11,True,0.1458047,0.12420313,0.16740629,False
2538,9614.11,True,0.14579105,0.18768488,0.10389723,False
5122,17366.11,True,0.14578605,0.15717357,0.13439853,False
634,3902.1099999999997,True,0.14574662,-0.06925178,-0.22224145,False
729,4187.11,True,0.14574575,0.1488538,0.14263771,False
5320,17960.11,False,0.14573047,0.18695351,-0.104507424,False
2683,10049.11,True,0.145659,-0.079490334,-0.21182767,False
5714,19142.11,False,0.14562188,0.14886737,-0.1423764,False
4418,15254.11,True,0.1455358,0.03627859,0.254793,False
2017,8051.11,True,0.14549546,-0.19978993,-0.091201,False
5558,18674.11,False,0.14547019,0.17706576,-0.113874614,False
603,3809.1099999999997,True,0.1454694,-0.097765,-0.19317378,False
3374,12122.11,True,0.14542817,0.1888412,0.102015145,False
4828,16484.11,True,0.14537752,0.12200333,0.16875169,False
5966,19898.11,True,0.14536044,0.12843136,0.1622895,False
3366,12098.11,False,0.14531697,0.19166489,-0.09896905,False
5834,19502.11,True,0.14528504,0.13649094,0.15407914,False
2234,8702.11,True,0.1452451,0.06300375,0.22748645,False
4108,14324.11,True,0.14523484,0.23679693,0.05367275,False
905,4715.11,False,0.14522989,0.09032625,-0.20013353,False
4973,16919.11,False,0.14522013,0.15198399,-0.13845626,False
3514,12542.11,False,0.14521028,0.16455401,-0.12586655,False
5278,17834.11,True,0.14515316,0.13941334,0.150893,False
2978,10934.11,False,0.14514735,0.16742784,-0.122866854,False
4378,15134.11,True,0.1451008,-0.17263727,-0.11756434,False
3231,11693.11,True,0.14498705,0.16120037,0.1287737,False
4676,16028.11,True,0.14494097,0.07436604,0.21551591,False
2686,10058.11,False,0.14490446,-0.1508239,0.13898502,False
4817,16451.11,False,0.14487119,0.061397694,-0.2283447,False
2663,9989.11,True,0.14480075,0.059337378,0.23026414,False
3415,12245.11,True,0.14479288,0.15154171,0.13804407,False
1773,7319.11,False,0.1447865,0.11528505,-0.17428796,False
769,4307.11,False,0.14468676,-0.115033254,0.17434025,False
2548,9644.11,True,0.1446673,-0.097760595,-0.191574,False
4927,16781.11,False,0.14464629,0.07832059,-0.21097198,False
4433,15299.11,False,0.14464183,0.07529558,-0.21398808,False
2468,9404.11,True,0.1446405,0.04785265,0.24142838,False
5782,19346.11,False,0.14462607,0.15262377,-0.13662836,False
416,3248.1099999999997,True,0.14456703,-0.04727035,-0.24186371,False
1966,7898.11,True,0.1445172,0.17423525,0.11479914,False
828,4484.11,True,0.14449856,0.23701757,0.051979527,False
4051,14153.11,True,0.14449582,0.11197544,0.1770162,False
5761,19283.11,True,0.14448762,0.09119122,0.197784,False
3102,11306.11,True,0.14445037,0.17994094,0.1089598,False
3463,12389.11,False,0.14441963,-0.0011585752,0.2876807,False
561,3683.1099999999997,True,0.14438626,0.0693185,0.219454,False
4336,15008.11,False,0.14434557,0.14246786,-0.14622328,False
1539,6617.11,True,0.14426877,-0.19152433,-0.09701321,False
4639,15917.11,True,0.14425653,0.15225089,0.13626216,False
4037,14111.11,False,0.14422806,0.16163483,-0.12682128,False
4069,14207.11,True,0.1442108,0.13035315,0.15806845,False
3451,12353.11,True,0.14418498,0.093259126,0.19511083,False
5829,19487.11,False,0.14412332,0.16300301,-0.1252436,False
5468,18404.11,True,0.14411373,0.19715635,0.09107112,False
5701,19103.11,False,0.1440771,0.18999591,-0.0981583,False
1459,6377.11,True,0.14406085,-0.13968511,-0.1484366,False
1645,6935.11,True,0.14405242,0.26755673,0.020548103,False
5191,17573.11,False,0.14400691,0.14153878,-0.14647502,False
1763,7289.11,True,0.14400628,-0.123266555,-0.164746,False
542,3626.1099999999997,True,0.14398742,-0.14680973,-0.14116512,False
707,4121.11,True,0.14389616,-0.13362195,-0.1541704,False
5132,17396.11,True,0.14388828,0.12970439,0.15807217,False
3370,12110.11,True,0.14382403,0.2224666,0.06518144,False
3853,13559.11,True,0.14379576,-0.10753448,-0.18005705,False
1692,7076.11,True,0.14378828,0.25908953,0.028487016,False
2371,9113.11,True,0.14376299,0.23008205,0.057443935,False
2747,10241.11,False,0.14372906,0.1827646,-0.10469351,False
3773,13319.11,False,0.1437177,0.072571725,-0.21486369,False
2306,8918.11,False,0.1436252,-0.23953824,0.047712162,False
5710,19130.11,False,0.14351572,0.13275097,-0.15428047,False
2580,9740.11,True,0.1434778,-0.0019494207,-0.28500617,False
3652,12956.11,False,0.14343303,0.12920035,-0.15766571,False
569,3707.1099999999997,True,0.14342614,-0.25664133,-0.030210929,False
5867,19601.11,False,0.143347,0.19525434,-0.09143964,False
1597,6791.11,True,0.1433469,-0.0779566,-0.2087372,False
4558,15674.11,True,0.14334145,0.268933,0.017749906,False
626,3878.1099999999997,False,0.14329204,-0.13289939,0.1536847,False
2562,9686.11,False,0.14328079,0.1594496,-0.12711197,False
4082,14246.11,True,0.14326316,0.1526611,0.1338652,False
1091,5273.11,False,0.1432027,0.10392842,-0.182477,False
1778,7334.11,False,0.1431616,0.050514713,-0.23580849,False
3472,12416.11,False,0.1431163,0.15322508,-0.13300753,False
3989,13967.11,False,0.14309496,0.13702294,-0.14916696,False
3745,13235.11,True,0.14307867,0.16972086,0.11643648,False
1525,6575.11,True,0.14307456,-0.01922465,-0.26692447,False
897,4691.11,False,0.14306302,0.22874556,-0.05738049,False
3890,13670.11,True,0.14306109,0.10581986,0.18030232,False
113,2339.1099999999997,False,0.1430314,-0.19051635,0.09554646,False
4292,14876.11,True,0.1430262,0.16993207,0.11612035,False
115,2345.1099999999997,True,0.14289775,-0.23117012,-0.05462539,False
4046,14138.11,True,0.14285967,0.16692054,0.1187988,False
5517,18551.11,True,0.14278597,0.19450259,0.091069356,False
4461,15383.11,False,0.14273782,0.15778781,-0.12768783,False
4660,15980.11,True,0.14273569,0.17065693,0.11481443,False
5631,18893.11,True,0.14273454,0.15450177,0.13096732,False
1849,7547.11,True,0.14273188,-0.16263804,-0.122825705,False
1379,6137.11,False,0.14270474,0.24285652,-0.04255297,False
5898,19694.11,True,0.14260218,0.20368998,0.08151437,False
3132,11396.11,False,0.14259812,0.16709915,-0.118097104,False
5763,19289.11,True,0.14255635,0.12942573,0.15568697,False
5103,17309.11,False,0.1425557,0.20676953,-0.07834187,False
1800,7400.11,True,0.14253819,-0.09486903,-0.19020735,False
103,2309.1099999999997,True,0.14250058,-0.13355944,-0.15144172,False
1295,5885.11,True,0.14248441,-0.05179841,-0.23317042,False
3831,13493.11,False,0.14247319,0.15886393,-0.12608245,False
2584,9752.11,True,0.14242361,-0.09205797,-0.19278926,False
4935,16805.11,False,0.14226227,0.16832599,-0.11619853,False
2140,8420.11,False,0.14224079,0.07889187,-0.2055897,False
4457,15371.11,False,0.14221989,0.14476512,-0.13967465,False
767,4301.11,False,0.14220871,-0.00047866776,0.28393877,False
4139,14417.11,False,0.1421811,0.13176997,-0.15259223,False
5184,17552.11,True,0.14216428,0.09351445,0.19081411,False
4059,14177.11,True,0.14211063,0.17282213,0.11139912,False
3130,11390.11,False,0.1421033,0.15136538,-0.13284121,False
4562,15686.11,False,0.14209019,0.09879379,-0.18538658,False
1092,5276.11,False,0.1420283,0.18784612,-0.096210465,False
4073,14219.11,True,0.14199677,0.21413337,0.06986018,False
1493,6479.11,False,0.14199412,-0.13136297,0.15262528,False
5748,19244.11,True,0.14198872,0.17781176,0.1061657,False
3384,12152.11,False,0.14196025,0.14574029,-0.13818021,False
5569,18707.11,False,0.14195484,0.20471594,-0.079193756,False
733,4199.11,True,0.1419014,-0.018398907,-0.2654039,False
177,2531.1099999999997,False,0.14189179,-0.17457718,0.1092064,False
310,2930.1099999999997,False,0.14186957,-0.051065035,0.23267412,False
5252,17756.11,True,0.14185436,0.11583093,0.1678778,False
5042,17126.11,False,0.14180109,0.18383428,-0.09976791,False
1240,5720.11,True,0.14178944,-0.07455295,-0.2090259,False
1394,6182.11,False,0.14174534,0.03177197,-0.25171873,False
3259,11777.11,True,0.14172462,0.15173344,0.13171579,False
4322,14966.11,True,0.14166576,0.2069443,0.07638722,False
4585,15755.11,False,0.14161274,0.050890006,-0.23233548,False
5034,17102.11,False,0.14152835,0.09781691,-0.1852398,False
150,2450.1099999999997,True,0.1414535,0.1527374,0.1301696,False
3480,12440.11,False,0.14143512,0.10216485,-0.18070537,False
3265,11795.11,True,0.14141887,0.13066158,0.15217617,False
689,4067.1099999999997,True,0.14140987,-0.18701199,-0.09580777,False
5973,19919.11,True,0.14137597,0.15334542,0.12940653,False
2119,8357.11,False,0.14128077,0.1390901,-0.14347143,False
647,3941.1099999999997,True,0.1412527,-0.099732146,-0.18277323,False
1094,5282.11,True,0.14122514,0.26999193,0.012458345,False
1938,7814.11,False,0.14117749,0.10722647,-0.17512852,False
1184,5552.11,True,0.14115891,-0.17969666,-0.10262114,False
1297,5891.11,True,0.1410962,-0.18486458,-0.09732784,False
2572,9716.11,False,0.14109312,0.11723539,-0.16495085,False
3282,11846.11,True,0.14107375,0.16404872,0.11809877,False
5382,18146.11,False,0.14106685,0.18527697,-0.096856736,False
4734,16202.11,True,0.14093535,0.10837866,0.17349203,False
4061,14183.11,True,0.14093158,0.17900205,0.1028611,False
4503,15509.11,False,0.14082089,0.17483199,-0.10680979,False
5849,19547.11,False,0.14082041,0.115055375,-0.16658546,False
1806,7418.11,False,0.14081058,-0.27575445,0.005866697,False
4299,14897.11,True,0.1407868,0.12034118,0.16123241,False
2612,9836.11,False,0.14076945,0.02550189,-0.25603703,False
5148,17444.11,False,0.14074226,0.09571277,-0.18577175,False
5195,17585.11,True,0.140729,0.19021077,0.09124722,False
3677,13031.11,True,0.14070922,0.11136334,0.17005512,False
1710,7130.11,True,0.14069964,-0.2671844,-0.014214871,False
4549,15647.11,False,0.140667,0.18312776,-0.098206244,False
3884,13652.11,False,0.14066276,0.19025594,-0.091069564,False
3028,11084.11,True,0.1406527,0.11982568,0.16147973,False
267,2801.1099999999997,True,0.14058733,0.053231645,0.22794302,False
5639,18917.11,True,0.14057434,0.18499234,0.09615633,False
3624,12872.11,False,0.14056963,0.1488167,-0.13232253,False
3998,13994.11,True,0.14052704,0.13614167,0.14491239,False
945,4835.11,True,0.1404933,-0.07745254,-0.20353407,False
4541,15623.11,False,0.14045888,0.11615192,-0.16476583,False
1242,5726.11,True,0.14041835,-0.123569526,-0.15726718,False
2087,8261.11,True,0.14039892,0.041029394,0.23976846,False
5351,18053.11,False,0.14039798,0.15660198,-0.124193974,False
5,2015.11,False,0.140367,-0.17583603,0.10489796,False
825,4475.11,True,0.14036359,0.057211157,0.22351603,False
5620,18860.11,True,0.1403334,0.08368827,0.19697852,False
5976,19928.11,True,0.14032283,0.1513998,0.12924585,False
37,2111.1099999999997,True,0.14025617,0.10243811,0.17807424,False
5261,17783.11,True,0.14019644,0.14590971,0.13448319,False
4204,14612.11,False,0.14018537,0.21822248,-0.062148258,False
1851,7553.11,True,0.14015424,-0.08289124,-0.19741724,False
1840,7520.11,False,0.14014792,-0.14998205,0.13031378,False
5136,17408.11,False,0.14013201,0.081043735,-0.19922028,False
140,2420.1099999999997,False,0.14010978,-0.10887231,0.17134726,False
681,4043.1099999999997,True,0.14008039,-0.22620052,-0.053960275,False
513,3539.1099999999997,False,0.14006618,0.22641583,-0.053716533,False
3127,11381.11,True,0.14002736,0.080979474,0.19907524,False
2698,10094.11,True,0.14002255,-0.14082406,-0.13922103,False
4754,16262.11,True,0.14000742,0.08325127,0.19676358,False
488,3464.1099999999997,True,0.13991427,0.0670432,0.21278535,False
1037,5111.11,True,0.13988884,0.27604282,0.0037348517,False
3352,12056.11,True,0.13988446,0.07568012,0.20408879,False
20,2060.1099999999997,True,0.13987018,-0.097802766,-0.1819376,False
1523,6569.11,True,0.13984492,-0.118507825,-0.16118202,False
1736,7208.11,False,0.1398222,0.07790241,-0.201742,False
4659,15977.11,True,0.1398142,0.18408622,0.09554217,False
5211,17633.11,True,0.13980812,0.13010491,0.14951131,False
3511,12533.11,False,0.13973367,0.1748796,-0.10458774,False
3365,12095.11,True,0.13972975,0.13327913,0.14618038,False
1659,6977.11,True,0.13969883,-0.1050409,-0.17435676,False
2444,9332.11,True,0.13969341,0.13590497,0.14348184,False
1569,6707.11,True,0.13968277,-0.076146826,-0.20321873,False
4890,16670.11,False,0.13966864,0.15730824,-0.12202904,False
3377,12131.11,True,0.13965483,0.17501917,0.10429049,False
2503,9509.11,False,0.13960254,0.09215464,-0.18705043,False
5347,18041.11,False,0.13955459,0.21225291,-0.06685625,False
1988,7964.11,False,0.13953966,0.023086697,-0.25599262,False
3321,11963.11,False,0.1395383,0.1885525,-0.0905241,False
311,2933.1099999999997,False,0.13950962,-0.13975567,0.13926357,False
1007,5021.11,True,0.13949719,-0.13926166,-0.13973273,False
5640,18920.11,True,0.13948059,0.19789346,0.08106774,False
4644,15932.11,True,0.13946144,0.11377193,0.16515096,False
1237,5711.11,True,0.13934553,0.118778534,0.15991251,False
175,2525.1099999999997,True,0.13932416,-0.25618666,-0.022461655,False
4115,14345.11,False,0.13930461,0.1411746,-0.13743463,False
831,4493.11,True,0.13928336,0.082649656,0.19591707,False
3800,13400.11,False,0.13928168,0.11051936,-0.168044,False
5775,19325.11,False,0.1392691,0.14117262,-0.13736558,False
2666,9998.11,True,0.13921696,0.086869545,0.19156438,False
5040,17120.11,True,0.13920873,0.21153657,0.0668809,False
5493,18479.11,False,0.1392031,0.17741367,-0.100992545,False
2322,8966.11,True,0.13916963,0.10106702,0.17727225,False
4357,15071.11,True,0.13916782,-0.16922161,-0.10911401,False
5732,19196.11,True,0.13914323,0.095693305,0.18259315,False
2232,8696.11,True,0.13910829,0.119865425,0.15835115,False
4818,16454.11,False,0.13906631,0.09862866,-0.17950395,False
4655,15965.11,True,0.13906175,0.13308956,0.14503394,False
3750,13250.11,False,0.139061,0.17766356,-0.10045843,False
1538,6614.11,False,0.13903916,-0.14187224,0.13620609,False
3406,12218.11,True,0.13903438,0.10345721,0.17461154,False
664,3992.1099999999997,False,0.139024,0.16704191,-0.111006096,False
1286,5858.11,False,0.1389858,-0.091552824,0.18641877,False
4029,14087.11,True,0.13896021,0.13442911,0.14349131,False
1598,6794.11,True,0.13891293,-0.122293375,-0.1555325,False
4587,15761.11,False,0.13883983,0.109935574,-0.16774409,False
2501,9503.11,False,0.13882583,0.029413434,-0.24823822,False
1192,5576.11,True,0.13882513,0.22155239,0.05609787,False
2792,10376.11,False,0.13880561,0.09482252,-0.18278871,False
5950,19850.11,False,0.13876477,0.14966048,-0.12786905,False
2544,9632.11,True,0.13875097,-0.024318462,-0.25318348,False
527,3581.1099999999997,True,0.13872413,-0.25344187,-0.024006402,False
2869,10607.11,True,0.13865387,-0.1964838,-0.08082394,False
829,4487.11,True,0.13862269,0.18363994,0.09360543,False
2975,10925.11,False,0.13859105,0.24086267,-0.03631942,False
3966,13898.11,True,0.13856593,0.19903287,0.078099,False
5187,17561.11,True,0.13852355,0.22124672,0.05580038,False
4241,14723.11,False,0.13852166,0.17044911,-0.106594205,False
293,2879.1099999999997,False,0.13850278,-0.03195262,0.24505293,False
5595,18785.11,True,0.13849568,0.2504605,0.026530854,False
1384,6152.11,False,0.13847587,0.2665207,-0.0104310345,False
3038,11114.11,False,0.1384751,0.114307955,-0.16264226,False
2177,8531.11,True,0.138438,0.16331275,0.11356325,False
1694,7082.11,False,0.13841698,0.098608926,-0.17822501,False
3622,12866.11,False,0.1383746,0.1265766,-0.15017258,False
3749,13247.11,False,0.13835512,0.16378582,-0.112924434,False
2419,9257.11,True,0.13830103,0.13449384,0.14210822,False
2466,9398.11,True,0.13826625,0.0440593,0.23247321,False
2456,9368.11,False,0.13824923,0.03001924,-0.24647923,False
3627,12881.11,False,0.1381653,0.1970725,-0.07925809,False
1073,5219.11,True,0.13814446,-0.053579353,-0.22270958,False
944,4832.11,True,0.1381441,-0.15667644,-0.11961178,False
3911,13733.11,False,0.13811788,0.20379566,-0.07244012,False
4869,16607.11,True,0.13811764,0.13192803,0.14430724,False
2551,9653.11,False,0.1381018,-0.1828946,0.09330901,False
3676,13028.11,True,0.13809167,0.12357766,0.15260568,False
2920,10760.11,True,0.13807751,0.1929892,0.08316583,False
3498,12494.11,True,0.13800055,0.1496505,0.12635058,False
3927,13781.11,True,0.13796484,0.15566596,0.12026374,False
5426,18278.11,False,0.13789746,0.12059828,-0.15519665,False
5831,19493.11,False,0.13788886,0.15989423,-0.11588349,False
2651,9953.11,True,0.13787338,0.1013972,0.17434956,False
3845,13535.11,True,0.13787049,-0.05353949,-0.2222015,False
295,2885.1099999999997,False,0.13781443,-0.06284801,0.21278085,False
2474,9422.11,False,0.13772357,0.21538958,-0.060057547,False
5924,19772.11,False,0.1377138,0.12669152,-0.14873609,False
5482,18446.11,False,0.13767737,0.19567244,-0.07968229,False
4929,16787.11,False,0.13766532,0.15769584,-0.11763478,False
5547,18641.11,False,0.13765323,0.15290424,-0.12240222,False
4657,15971.11,True,0.13762401,0.1600372,0.115210816,False
1891,7673.11,False,0.13761286,0.110222764,-0.16500297,False
5178,17534.11,False,0.13758913,0.12441706,-0.1507612,False
3762,13286.11,False,0.13756463,0.06685555,-0.2082737,False
3496,12488.11,True,0.13754855,0.14209627,0.13300084,False
4805,16415.11,False,0.13752854,0.18663773,-0.08841936,False
4008,14024.11,True,0.1375269,0.15327063,0.12178316,False
1998,7994.11,False,0.13743964,0.12820818,-0.14667112,False
2952,10856.11,True,0.13734233,0.14479731,0.12988734,False
4649,15947.11,True,0.13732028,0.23718673,0.03745384,False
3315,11945.11,False,0.13731095,0.12984067,-0.14478125,False
4492,15476.11,False,0.13730673,0.004047397,-0.27056608,False
4859,16577.11,True,0.13727903,0.1798903,0.09466775,False
5430,18290.11,False,0.13722315,0.11902948,-0.15541682,False
560,3680.1099999999997,False,0.13717525,0.043529965,-0.23082052,False
3317,11951.11,True,0.13715537,0.080238946,0.1940718,False
3082,11246.11,False,0.13712616,0.18423311,-0.09001921,False
5985,19955.11,True,0.13707069,0.116529256,0.15761212,False
5117,17351.11,True,0.13700503,0.14294176,0.1310683,False
3270,11810.11,True,0.13693717,0.13144027,0.14243409,False
2421,9263.11,False,0.13692258,0.045502245,-0.22834292,False
5326,17978.11,False,0.13691705,0.069273874,-0.20456024,False
3134,11402.11,False,0.1368643,0.13884282,-0.13488577,False
2465,9395.11,True,0.13681088,0.050289564,0.2233322,False
3035,11105.11,True,0.1368029,0.1867988,0.08680699,False
3568,12704.11,True,0.13680092,0.11129831,0.1623035,False
4555,15665.11,False,0.13676387,0.13712925,-0.1363985,False
2654,9962.11,True,0.13673645,0.19308037,0.08039255,False
1935,7805.11,True,0.1366964,-0.07451246,-0.19888033,False
5182,17546.11,True,0.13661017,0.17824143,0.0949789,False
4652,15956.11,False,0.1365909,0.23833519,-0.034846604,False
1152,5456.11,True,0.13658626,0.2347383,0.03843421,False
3905,13715.11,True,0.13656832,0.20656626,0.06657039,False
3378,12134.11,True,0.1365459,0.13778621,0.13530557,False
3648,12944.11,True,0.13651711,0.14311786,0.12991637,False
1378,6134.11,False,0.13648108,0.045892276,-0.22706987,False
7,2021.11,True,0.13644359,-0.096972436,-0.17591472,False
2636,9908.11,False,0.13641633,-0.02215528,0.25067738,False
1245,5735.11,True,0.13640586,-0.09852237,-0.17428933,False
3437,12311.11,True,0.1363763,0.15655038,0.11620223,False
3380,12140.11,True,0.1363503,0.1556305,0.11707012,False
3328,11984.11,True,0.13626388,0.12471332,0.14781445,False
5543,18629.11,True,0.13625686,0.20286702,0.0696467,False
3015,11045.11,False,0.13624927,0.06714921,-0.20534936,False
1636,6908.11,True,0.13609321,0.0091914525,0.26299497,False
777,4331.11,False,0.13607873,-0.16146223,0.11069523,False
1320,5960.11,True,0.13607219,-0.09430178,-0.17784259,False
39,2117.1099999999997,False,0.13603091,0.060637172,-0.21142466,False
3450,12350.11,True,0.1360285,0.1594435,0.11261349,False
3655,12965.11,False,0.1360259,0.23318283,-0.038868975,False
2059,8177.11,True,0.13602301,-0.13459325,-0.13745278,False
3236,11708.11,False,0.13601723,0.15200618,-0.12002827,False
4794,16382.11,True,0.13598551,0.20956273,0.062408283,False
3275,11825.11,False,0.13597338,0.08388496,-0.18806179,False
2852,10556.11,True,0.13596544,0.2444972,0.027433682,False
916,4748.11,False,0.13590679,0.05461674,-0.21719682,False
471,3413.1099999999997,False,0.1359021,0.08536631,-0.18643792,False
370,3110.1099999999997,True,0.13590056,-0.050614174,-0.22118695,False
265,2795.1099999999997,True,0.13588801,-0.13705175,-0.13472427,False
1305,5915.11,True,0.13588586,0.08007454,0.1916972,False
4266,14798.11,False,0.13585252,0.14590302,-0.125802,False
1792,7376.11,False,0.13584398,0.2154268,-0.05626115,False
4479,15437.11,False,0.1358245,0.18446247,-0.08718652,False
4320,14960.11,True,0.13575923,0.09039256,0.1811259,False
3667,13001.11,True,0.13574108,0.22215787,0.04932429,False
5210,17630.11,True,0.13572651,0.21397518,0.057477847,False
5174,17522.11,True,0.13571206,0.11607875,0.15534535,False
2354,9062.11,True,0.13569662,0.20453936,0.066853896,False
4030,14090.11,True,0.13566667,0.17050281,0.10083053,False
890,4670.11,True,0.13563429,0.0993426,0.17192598,False
133,2399.1099999999997,False,0.1356248,-0.16448501,0.106764585,False
1349,6047.11,True,0.13561574,0.09222561,0.17900588,False
1149,5447.11,False,0.13561165,0.165586,-0.10563732,False
1150,5450.11,True,0.13554765,0.19226225,0.07883306,False
4056,14168.11,False,0.13551214,0.16993971,-0.10108458,False
3789,13367.11,True,0.13546875,0.15317872,0.11775878,False
893,4679.11,False,0.13546695,-0.019350152,0.25158376,False
3135,11405.11,False,0.13546355,0.090273894,-0.18065321,False
5331,17993.11,False,0.13543916,0.21076895,-0.060109377,False
705,4115.11,False,0.13542584,-0.15888436,0.11196731,False
1952,7856.11,True,0.13539009,0.07489326,0.19588691,False
3812,13436.11,False,0.1353894,0.14701506,-0.12376373,False
4570,15710.11,True,0.13536988,0.08156835,0.18917142,False
4131,14393.11,False,0.13533771,0.14465626,-0.12601915,False
1022,5066.11,False,0.13527806,-0.06613567,0.20442045,False
3325,11975.11,False,0.13526976,0.19785772,-0.072681785,False
4361,15083.11,False,0.13523194,-0.14874682,0.12171706,False
4966,16898.11,False,0.13516991,0.20820846,-0.062131368,False
5896,19688.11,False,0.13503405,0.16912678,-0.10094132,False
5572,18716.11,True,0.13499244,0.15884936,0.11113551,False
3816,13448.11,False,0.13489312,0.15292901,-0.116857216,False
5907,19721.11,True,0.13488953,0.18465284,0.085126214,False
3042,11126.11,True,0.13481669,0.11955056,0.15008281,False
4130,14390.11,False,0.13480063,0.09809845,-0.17150281,False
2662,9986.11,True,0.13474801,0.07243522,0.1970608,False
1949,7847.11,True,0.13465567,0.17772108,0.091590255,False
3436,12308.11,True,0.1345917,0.179734,0.08944939,False
4567,15701.11,True,0.13458478,0.113670774,0.15549879,False
3318,11954.11,True,0.13455626,0.08310096,0.18601157,False
1551,6653.11,True,0.13451117,0.17930454,0.08971779,False
906,4718.11,True,0.13445157,-0.03916577,-0.22973736,False
3359,12077.11,True,0.13445087,0.13477975,0.13412198,False
3379,12137.11,True,0.13442554,0.124020845,0.14483023,False
677,4031.1099999999997,False,0.13433594,0.07939576,-0.1892761,False
5431,18293.11,False,0.13433142,0.18954335,-0.07911949,False
1250,5750.11,False,0.13430755,0.028012099,-0.24060299,False
163,2489.1099999999997,True,0.13422984,0.09147613,0.17698357,False
46,2138.1099999999997,False,0.13422966,-0.10964126,0.15881805,False
1507,6521.11,True,0.13421395,0.10754242,0.1608855,False
3479,12437.11,False,0.13414282,0.08491174,-0.1833739,False
2138,8414.11,True,0.13410383,0.23691513,0.031292558,False
3632,12896.11,True,0.13409366,0.17687455,0.091312766,False
4539,15617.11,False,0.13407496,0.021484504,-0.2466654,False
254,2762.1099999999997,False,0.13407323,0.1881286,-0.080017835,False
2539,9617.11,True,0.13406572,0.19093062,0.07720081,False
3654,12962.11,False,0.13398081,0.18089253,-0.08706911,False
5177,17531.11,False,0.13393797,0.18363713,-0.084238805,False
5412,18236.11,True,0.13385835,0.08041637,0.18730032,False
3153,11459.11,True,0.13385089,-0.11263869,-0.1550631,False
3744,13232.11,True,0.13384953,0.11163726,0.15606181,False
4208,14624.11,True,0.1338353,0.11929389,0.1483767,False
2559,9677.11,False,0.13382944,0.09835638,-0.16930251,False
2653,9959.11,True,0.13382727,0.18916088,0.07849366,False
2613,9839.11,False,0.1337301,0.00061641115,-0.2668438,False
4462,15386.11,False,0.13368502,0.19240738,-0.07496266,False
5084,17252.11,True,0.13363394,0.19246548,0.074802384,False
4239,14717.11,False,0.13361116,0.1536959,-0.11352641,False
2999,10997.11,True,0.13360406,0.07012493,0.1970832,False
4576,15728.11,False,0.13353418,0.07414039,-0.19292796,False
5987,19961.11,True,0.133531,0.12624271,0.14081931,False
501,3503.1099999999997,False,0.13345186,-0.03620633,0.2306974,False
3557,12671.11,True,0.13344327,0.15479043,0.112096116,False
111,2333.1099999999997,True,0.13335039,-0.04379732,-0.22290345,False
4367,15101.11,True,0.13332528,-0.08603775,-0.18061282,False
1683,7049.11,True,0.13330312,0.060804855,0.20580138,False
3572,12716.11,False,0.13328165,0.13269676,-0.13386655,False
2070,8210.11,False,0.13325045,0.05090855,-0.21559234,False
1141,5423.11,False,0.13319644,-0.14272594,0.12366693,False
5939,19817.11,True,0.13316427,0.05240171,0.21392682,False
3044,11132.11,True,0.1329335,0.1842444,0.081622586,False
3944,13832.11,False,0.13293141,0.101023555,-0.16483928,False
1454,6362.11,True,0.13286483,-0.018931042,-0.24679862,False
2907,10721.11,True,0.13281661,0.18196453,0.08366868,False
5587,18761.11,True,0.13276571,0.19159418,0.07393723,False
676,4028.1099999999997,True,0.13275807,-0.025513388,-0.24000274,False
2247,8741.11,False,0.13272285,0.16422811,-0.10121759,False
4064,14192.11,False,0.13271418,0.16276585,-0.10266253,False
5291,17873.11,False,0.13270274,0.14284463,-0.12256086,False
5919,19757.11,False,0.13269086,0.19186683,-0.073514886,False
2898,10694.11,False,0.13268045,0.10670799,-0.15865289,False
357,3071.1099999999997,True,0.13263859,-0.088360034,-0.17691714,False
644,3932.1099999999997,True,0.1326042,0.16417207,0.10103633,False
5175,17525.11,True,0.13259508,0.1493571,0.11583306,False
451,3353.1099999999997,True,0.13252962,-0.10777821,-0.15728104,False
5941,19823.11,True,0.13245963,0.08302507,0.18189418,False
5194,17582.11,False,0.13243574,0.12672073,-0.13815077,False
1759,7277.11,False,0.13239048,-0.047271557,0.21750942,False
3442,12326.11,True,0.13238321,0.09942218,0.16534425,False
272,2816.1099999999997,False,0.1323767,-0.109344594,0.15540881,False
2917,10751.11,True,0.13234463,0.029525092,0.23516418,False
4404,15212.11,True,0.13233396,0.1557693,0.10889861,False
3558,12674.11,True,0.13231218,0.11694071,0.14768364,False
3404,12212.11,True,0.13231206,0.13682385,0.12780027,False
5942,19826.11,True,0.13228674,0.12534925,0.13922423,False
5766,19298.11,False,0.13227445,0.1403707,-0.12417819,False
5608,18824.11,False,0.13225183,0.13009514,-0.1344085,False
2472,9416.11,False,0.13221484,0.12693605,-0.13749366,False
4597,15791.11,False,0.13214031,0.26192573,-0.0023548917,False
4832,16496.11,True,0.13212521,0.13275537,0.13149506,False
2280,8840.11,True,0.1321236,-0.14257464,-0.12167257,False
5938,19814.11,True,0.13210644,0.09562193,0.16859095,False
2845,10535.11,False,0.13208652,0.06665529,-0.19751772,False
2842,10526.11,False,0.1320741,-0.030992946,0.23315525,False
2365,9095.11,True,0.13206352,0.024440356,0.23968668,False
2018,8054.11,True,0.13205342,-0.16320187,-0.10090498,False
4044,14132.11,True,0.13205126,0.13492699,0.12917554,False
1096,5288.11,True,0.13203512,0.24666952,0.017400734,False
1204,5612.11,True,0.13200738,-0.0005139955,-0.26350075,False
3470,12410.11,True,0.13195416,0.1671046,0.09680371,False
5545,18635.11,False,0.13193235,0.16886327,-0.095001444,False
1282,5846.11,True,0.13193074,0.20228966,0.06157181,False
5505,18515.11,False,0.13187101,0.1429236,-0.12081844,False
169,2507.1099999999997,False,0.13185702,-0.18909578,0.07461826,False
4691,16073.11,False,0.131846,-0.061542414,0.20214957,False
3613,12839.11,True,0.13183261,-0.16938451,-0.09428071,False
2484,9452.11,False,0.1318215,0.014667007,-0.24897598,False
4441,15323.11,True,0.13181224,0.10077905,0.16284543,False
2363,9089.11,True,0.13177454,0.08659317,0.17695592,False
2469,9407.11,True,0.1317505,0.056743067,0.20675792,False
5982,19946.11,False,0.13174713,0.1319792,-0.13151504,False
5111,17333.11,True,0.13174257,0.16912103,0.09436409,False
1056,5168.11,True,0.13170491,-0.2522828,-0.011127018,False
4456,15368.11,True,0.13165638,0.14086866,0.122444086,False
4604,15812.11,True,0.13164143,0.12239584,0.14088702,False
4717,16151.11,True,0.13162492,0.16808592,0.095163934,False
602,3806.1099999999997,True,0.13161188,-0.111159146,-0.15206462,False
3330,11990.11,False,0.1316091,0.1326104,-0.1306078,False
2720,10160.11,True,0.13158982,0.20926419,0.053915434,False
3469,12407.11,True,0.13158712,0.15239389,0.11078034,False
5063,17189.11,True,0.13155551,0.20358889,0.05952215,False
5560,18680.11,True,0.13152911,0.14480613,0.11825208,False
3631,12893.11,False,0.13140267,0.18824606,-0.074559286,False
1610,6830.11,False,0.13140179,0.0235344,-0.2392692,False
4857,16571.11,True,0.13140067,0.14784594,0.11495541,False
1958,7874.11,True,0.13139418,-0.08918095,-0.17360741,False
2979,10937.11,False,0.13132218,0.21316378,-0.049480587,False
2055,8165.11,True,0.13128354,-0.074209504,-0.18835758,False
5105,17315.11,True,0.13126895,0.22007258,0.042465303,False
5134,17402.11,False,0.13119677,0.16784339,-0.094550155,False
2113,8339.11,False,0.13117948,0.11968166,-0.14267732,False
3111,11333.11,True,0.1311338,0.13285224,0.12941536,False
4170,14510.11,True,0.13110349,-0.103588186,-0.1586188,False
5912,19736.11,True,0.13108645,0.14381322,0.11835968,False
2337,9011.11,True,0.13108169,0.039977215,0.22218616,False
512,3536.1099999999997,False,0.13100131,0.08334657,-0.17865604,False
4913,16739.11,False,0.13099428,0.12310111,-0.13888744,False
4980,16940.11,True,0.13098788,0.22295603,0.039019734,False
3623,12869.11,False,0.1309682,0.1544975,-0.1074389,False
796,4388.11,True,0.13094738,-0.21029288,-0.051601894,False
5068,17204.11,False,0.13083066,0.1611398,-0.10052152,False
2185,8555.11,True,0.1307692,0.07761342,0.18392497,False
5881,19643.11,True,0.13069052,0.14723904,0.114142,False
1695,7085.11,True,0.13066201,-0.0010729681,-0.26025105,False
3133,11399.11,False,0.13063137,0.16381523,-0.097447515,False
4672,16016.11,True,0.13055997,0.15669793,0.10442201,False
3755,13265.11,False,0.13053238,0.07628718,-0.18477759,False
3811,13433.11,False,0.13049206,0.18193343,-0.079050705,False
929,4787.11,False,0.13046263,0.20794566,-0.05297961,False
2652,9956.11,True,0.13028514,0.15017594,0.11039436,False
246,2738.1099999999997,True,0.13023698,0.02328482,0.23718916,False
4651,15953.11,False,0.1301733,0.2312779,-0.029068688,False
4215,14645.11,True,0.13016841,0.16123971,0.099097095,False
5869,19607.11,False,0.13010016,0.17240116,-0.08779918,False
5420,18260.11,True,0.13008976,0.11189539,0.14828412,False
4488,15464.11,True,0.13004887,-0.040050823,-0.22004692,False
1825,7475.11,False,0.12998843,0.026636897,-0.23333998,False
2524,9572.11,False,0.1298698,0.19393286,-0.065806754,False
5972,19916.11,True,0.12981339,0.16729029,0.09233649,False
3367,12101.11,False,0.12981102,0.16501245,-0.09460959,False
5363,18089.11,True,0.12976687,0.2521817,0.007352019,False
5161,17483.11,False,0.12973589,0.18892975,-0.07054202,False
2098,8294.11,True,0.12971467,-0.049362976,-0.21006636,False
5697,19091.11,True,0.12968376,0.13438226,0.12498527,False
2736,10208.11,False,0.12967768,-0.088849835,0.17050552,False
5054,17162.11,False,0.12964013,0.23429924,-0.02498101,False
3751,13253.11,False,0.12963893,0.15636992,-0.10290793,False
850,4550.11,False,0.1296304,-0.03769116,0.22156964,False
3017,11051.11,False,0.12960821,0.05896556,-0.20025088,False
43,2129.1099999999997,False,0.12957981,0.026913507,-0.23224613,False
4435,15305.11,False,0.1295248,0.16884965,-0.09019993,False
5741,19223.11,True,0.12952338,0.07431408,0.18473268,False
849,4547.11,True,0.12951875,0.023430469,0.23560701,False
444,3332.1099999999997,True,0.12951244,-0.01103601,-0.24798886,False
5645,18935.11,False,0.12951124,0.15067533,-0.108347155,False
4077,14231.11,False,0.12950173,0.13995688,-0.1190466,False
4469,15407.11,True,0.12946275,0.17236322,0.08656227,False
5886,19658.11,True,0.12946184,0.16694345,0.09198023,False
4646,15938.11,True,0.12939492,0.17610314,0.0826867,False
2883,10649.11,True,0.12938999,0.058343254,0.20043673,False
4540,15620.11,False,0.12938836,0.05836366,-0.20041306,False
2178,8534.11,False,0.12936927,0.15419404,-0.10454451,False
4982,16946.11,True,0.12936454,0.13586749,0.12286159,False
2714,10142.11,True,0.12935057,0.09047088,0.16823027,False
1953,7859.11,True,0.12934265,0.108382106,0.15030317,False
2564,9692.11,False,0.12930551,0.20632124,-0.052289784,False
114,2342.1099999999997,True,0.12930517,-0.20300241,-0.055607937,False
4106,14318.11,False,0.12929533,0.17313187,-0.08545879,False
5638,18914.11,True,0.12924758,0.17502588,0.08346927,False
2103,8309.11,False,0.12923199,-0.06531686,0.19314712,False
663,3989.1099999999997,False,0.1292206,0.105654515,-0.1527867,False
3897,13691.11,True,0.12916972,0.13523449,0.123104945,False
4454,15362.11,True,0.1291619,0.086684376,0.17163943,False
2619,9857.11,False,0.1291568,0.079165295,-0.1791483,False
4504,15512.11,False,0.12913558,0.1495533,-0.10871785,False
3204,11612.11,False,0.12908435,0.071704894,-0.18646382,False
1604,6812.11,False,0.12902659,-0.16035752,0.09769566,False
957,4871.11,True,0.12899815,-0.03281143,-0.22518486,False
5847,19541.11,False,0.1289797,0.13257611,-0.12538329,False
5709,19127.11,False,0.12890132,0.15737638,-0.10042626,False
1468,6404.11,True,0.12889911,-0.08121035,-0.17658786,False
3375,12125.11,False,0.12886992,0.17326227,-0.08447759,False
5170,17510.11,False,0.12886107,0.15108408,-0.106638074,False
5312,17936.11,False,0.12885733,0.15590872,-0.10180595,False
3893,13679.11,False,0.12885574,0.1655214,-0.09219009,False
1098,5294.11,True,0.12883286,0.2323552,0.025310528,False
1423,6269.11,True,0.12881176,0.22378427,0.03383925,False
4871,16613.11,False,0.12877277,0.13953768,-0.11800787,False
5172,17516.11,False,0.1287686,0.14012069,-0.11741651,False
4323,14969.11,True,0.12873782,0.15859745,0.09887818,False
979,4937.11,True,0.12873606,-0.068381436,-0.18909068,False
2699,10097.11,True,0.12868866,-0.11802875,-0.13934857,False
1418,6254.11,False,0.12868282,0.1976474,-0.059718266,False
5703,19109.11,False,0.12862773,0.15892072,-0.098334745,False
5578,18734.11,True,0.12852216,0.1488021,0.108242214,False
1497,6491.11,True,0.1284892,-0.024356345,-0.23262206,False
2196,8588.11,False,0.1284872,0.18868007,-0.06829432,False
4989,16967.11,False,0.12845251,0.18692191,-0.06998311,False
5977,19931.11,True,0.12843831,0.106523626,0.15035298,False
247,2741.1099999999997,True,0.12840115,-0.10719656,-0.14960574,False
1114,5342.11,True,0.12838706,0.1820997,0.07467442,False
1785,7355.11,True,0.12831903,-0.07871846,-0.1779196,False
1842,7526.11,True,0.12830861,-0.2539893,-0.0026279143,False
4602,15806.11,True,0.12829423,0.11803196,0.1385565,False
4152,14456.11,True,0.12829101,0.04709612,0.2094859,False
299,2897.1099999999997,True,0.12828057,-0.045629293,-0.21093184,False
4954,16862.11,False,0.1282685,0.18493871,-0.07159828,False
4638,15914.11,False,0.1282418,0.16973856,-0.086745046,False
4349,15047.11,False,0.12814614,-0.21772143,0.038570862,False
3953,13859.11,False,0.12812126,0.17024341,-0.0859991,False
4254,14762.11,False,0.12806323,0.11936004,-0.13676642,False
3955,13865.11,False,0.1280299,0.10542113,-0.15063865,False
5386,18158.11,False,0.12798542,0.1526398,-0.10333104,False
2748,10244.11,False,0.12797631,0.21322991,-0.042722724,False
2278,8834.11,False,0.12791887,-0.0891394,0.16669832,False
2638,9914.11,True,0.1278926,0.0162058,0.2395794,False
2722,10166.11,True,0.12789202,0.23801716,0.01776688,False
1249,5747.11,False,0.12789127,0.020565603,-0.23521695,False
5223,17669.11,False,0.12788975,0.1115047,-0.14427482,False
5618,18854.11,True,0.12788922,0.123597525,0.1321809,False
3776,13328.11,True,0.1277986,0.12377056,0.13182665,False
5529,18587.11,False,0.12778267,0.10369919,-0.15186615,False
1474,6422.11,True,0.12774858,-0.1672437,-0.08825344,False
33,2099.1099999999997,False,0.12773374,0.02881105,-0.22665644,False
1905,7715.11,True,0.1277207,0.09116841,0.164273,False
3988,13964.11,False,0.12765822,0.087208375,-0.16810806,False
2025,8075.11,False,0.12763165,0.10974581,-0.14551748,False
4460,15380.11,False,0.12762925,0.14050029,-0.114758216,False
4384,15152.11,True,0.12761484,-0.14004102,-0.11518866,False
4975,16925.11,False,0.12760635,0.14287709,-0.1123356,False
5765,19295.11,False,0.1275655,0.13424745,-0.12088356,False
5895,19685.11,False,0.12751034,0.12496438,-0.13005629,False
5541,18623.11,True,0.1274241,0.13932286,0.11552535,False
3833,13499.11,True,0.12733781,0.1454608,0.109214835,False
3540,12620.11,True,0.1273149,-0.16698797,-0.08764183,False
5300,17900.11,False,0.12728542,0.1179115,-0.13665934,False
3601,12803.11,False,0.12728086,0.08135675,-0.17320499,False
307,2921.1099999999997,False,0.1272738,0.13451727,-0.12003033,False
4095,14285.11,False,0.12727101,0.13551883,-0.1190232,False
3917,13751.11,True,0.12725696,0.2221196,0.032394335,False
5995,19985.11,True,0.12725396,0.11974803,0.13475989,False
5280,17840.11,True,0.12721923,0.18272328,0.07171519,False
446,3338.1099999999997,True,0.12721762,-0.085189566,-0.16924566,False
5203,17609.11,True,0.12715672,0.081588455,0.17272498,False
5337,18011.11,True,0.12714434,0.1326764,0.12161229,False
657,3971.1099999999997,True,0.12714146,-0.017105864,-0.23717706,False
5348,18044.11,True,0.12713628,0.13406956,0.12020298,False
5514,18542.11,False,0.12702793,0.19457911,-0.05947676,False
160,2480.1099999999997,False,0.12695624,0.08515798,-0.1687545,False
3190,11570.11,True,0.12692869,-0.09559936,-0.15825802,False
3353,12059.11,True,0.126906,0.09450355,0.15930843,False
123,2369.1099999999997,True,0.12690209,0.113041185,0.140763,False
2368,9104.11,True,0.12687343,0.09775768,0.15598918,False
5156,17468.11,False,0.12687294,0.1632644,-0.09048149,False
4745,16235.11,True,0.12683669,0.111265376,0.142408,False
5563,18689.11,True,0.12682694,0.10573902,0.14791487,False
4882,16646.11,False,0.1268228,0.13297991,-0.120665684,False
469,3407.1099999999997,True,0.12682143,-0.14474347,-0.1088994,False
3665,12995.11,True,0.12681425,0.18778259,0.065845914,False
1781,7343.11,True,0.1267908,-0.01697355,-0.23660806,False
2181,8543.11,False,0.12677394,0.030189445,-0.22335844,False
3281,11843.11,True,0.12675261,0.15013069,0.103374526,False
2479,9437.11,True,0.1267505,0.11967641,0.1338246,False
4223,14669.11,False,0.12673476,0.15889551,-0.09457401,False
4233,14699.11,True,0.12673385,0.05834398,0.19512373,False
555,3665.1099999999997,False,0.12672466,0.029436428,-0.22401288,False
5344,18032.11,False,0.12667623,0.20479713,-0.048555337,False
5471,18413.11,True,0.12666583,0.21757935,0.035752323,False
4250,14750.11,True,0.12666297,0.20788765,0.04543829,False
5383,18149.11,True,0.1266046,0.21583083,0.037378374,False
371,3113.1099999999997,True,0.12659737,-0.053771857,-0.1994229,False
3260,11780.11,True,0.1265065,0.14431491,0.10869809,False
4632,15896.11,False,0.1264824,0.044624735,-0.20834005,False
804,4412.11,False,0.12643218,0.12023231,-0.13263205,False
5627,18881.11,True,0.12638758,0.20759323,0.045181938,False
4942,16826.11,True,0.12635362,0.22926922,0.023438012,False
4163,14489.11,True,0.12628458,-0.07772743,-0.17484173,False
5643,18929.11,True,0.1262263,0.14510319,0.10734942,False
877,4631.11,False,0.12614596,0.05837352,-0.1939184,False
2987,10961.11,True,0.12614138,0.07655882,0.17572394,False
5516,18548.11,True,0.12610891,0.19989511,0.052322723,False
5200,17600.11,True,0.1260376,0.12904966,0.123025544,False
2770,10310.11,False,0.12601754,0.083817944,-0.16821714,False
3286,11858.11,True,0.1260007,0.076218136,0.17578328,False
1886,7658.11,False,0.12597302,0.24772511,-0.00422092,False
5231,17693.11,True,0.12595806,0.07602357,0.17589255,False
5048,17144.11,False,0.12593402,0.20841539,-0.04345264,False
2104,8312.11,False,0.12592547,-0.018658131,0.2331928,False
1528,6584.11,True,0.1259049,-0.004949018,-0.24686079,False
1767,7301.11,False,0.12587182,0.0060590883,-0.24568455,False
3099,11297.11,False,0.12585166,0.05795086,-0.19375247,False
3695,13085.11,False,0.12585081,-0.030074533,0.2216271,False
2172,8516.11,False,0.12581013,0.1157387,-0.13588157,False
3045,11135.11,False,0.12580839,0.1773015,-0.074315295,False
197,2591.1099999999997,False,0.12574992,-0.11505217,0.13644767,False
5719,19157.11,True,0.12574406,0.15953435,0.09195378,False
4914,16742.11,False,0.12572065,0.12078388,-0.13065743,False
556,3668.1099999999997,False,0.12571573,0.01956081,-0.23187067,False
122,2366.1099999999997,True,0.12567997,0.08063084,0.17072909,False
3423,12269.11,True,0.12560219,0.101886764,0.1493176,False
3500,12500.11,True,0.12555325,0.06906005,0.18204646,False
2478,9434.11,True,0.12554021,0.15865445,0.092425965,False
4237,14711.11,True,0.12552439,0.13178718,0.11926159,False
758,4274.11,False,0.12547347,0.1228537,-0.12809326,False
4845,16535.11,False,0.12541825,0.15511101,-0.09572549,False
4813,16439.11,True,0.12534174,0.091450214,0.15923329,False
2341,9023.11,True,0.12533109,0.03639954,0.21426265,False
2807,10421.11,False,0.12530589,0.08568995,-0.16492185,False
5544,18632.11,False,0.12529373,0.1610138,-0.08957365,False
4653,15959.11,True,0.12527026,0.19640057,0.054139946,False
4586,15758.11,False,0.1252364,0.14217249,-0.108300336,False
3664,12992.11,True,0.12519807,0.22045955,0.029936584,False
4371,15113.11,True,0.12516029,-0.10037556,-0.14994502,False
2313,8939.11,False,0.1250938,0.0119236875,-0.23826392,False
4746,16238.11,True,0.12503773,0.11035205,0.13972342,False
3050,11150.11,True,0.12499455,-0.12768419,-0.12230492,False
3140,11420.11,False,0.124955714,0.14515051,-0.10476092,False
5004,17012.11,True,0.12487165,0.13123748,0.11850582,False
4007,14021.11,True,0.12486937,0.124039024,0.12569971,False
5510,18530.11,False,0.124804646,0.09172142,-0.15788788,False
5237,17711.11,False,0.12479156,0.10836668,-0.14121644,False
153,2459.1099999999997,False,0.12466143,0.09902711,-0.15029575,False
830,4490.11,True,0.1246075,0.104342856,0.14487214,False
1557,6671.11,False,0.124605894,0.109424464,-0.13978732,False
4565,15695.11,True,0.1245487,0.14945719,0.09964023,False
1883,7649.11,False,0.124547556,0.08687765,-0.16221745,False
4379,15137.11,True,0.124523446,-0.16442694,-0.084619954,False
4216,14648.11,False,0.12448786,0.14281915,-0.106156565,False
1409,6227.11,True,0.124470964,-0.1790874,-0.069854535,False
2476,9428.11,True,0.124470636,0.22651003,0.022431243,False
4407,15221.11,True,0.12433338,0.06727125,0.18139552,False
5981,19943.11,False,0.12432332,0.13391462,-0.11473202,False
4997,16991.11,False,0.12432011,0.2105839,-0.03805633,False
5830,19490.11,False,0.12430919,0.13165522,-0.11696316,False
751,4253.11,False,0.12427396,0.0819391,-0.16660883,False
5565,18695.11,False,0.12422547,0.13354355,-0.11490739,False
3681,13043.11,True,0.12414287,0.1842154,0.06407034,False
3373,12119.11,False,0.124107085,0.23032974,-0.017884439,False
3590,12770.11,True,0.12409209,0.13252787,0.115656294,False
3822,13466.11,True,0.12407997,0.111285,0.13687494,False
4889,16667.11,False,0.12407884,0.16117261,-0.08698506,False
914,4742.11,True,0.1240569,-0.18990044,-0.05821335,False
4727,16181.11,True,0.12403827,0.071162745,0.1769138,False
1427,6281.11,False,0.12401622,0.06005392,-0.18797852,False
1795,7385.11,True,0.123954386,0.16589978,0.08200898,False
4194,14582.11,True,0.123925395,0.19725145,0.05059934,False
1679,7037.11,True,0.12389619,-0.08951871,-0.15827367,False
4467,15401.11,True,0.12389514,0.11973214,0.12805814,False
4898,16694.11,True,0.12387572,0.13823904,0.109512396,False
2099,8297.11,True,0.1238576,-0.040725164,-0.20699005,False
4994,16982.11,True,0.123719275,0.16619122,0.08124733,False
3712,13136.11,True,0.12370556,-0.038231228,-0.2091799,False
4315,14945.11,False,0.12365628,0.04898802,-0.19832455,False
5393,18179.11,False,0.123615816,0.12287124,-0.12436039,False
2839,10517.11,True,0.12360093,-0.08097886,-0.166223,False
1276,5828.11,False,0.12356981,0.056004535,-0.19113508,False
5265,17795.11,True,0.12350668,0.101968,0.14504535,False
5185,17555.11,True,0.12350592,0.17548838,0.07152346,False
4279,14837.11,False,0.123489805,0.12568912,-0.12129049,False
4120,14360.11,False,0.1234652,0.1892344,-0.057696003,False
2992,10976.11,False,0.12343219,0.06874096,-0.17812341,False
1325,5975.11,False,0.123418406,0.22116986,-0.025666947,False
5070,17210.11,True,0.123407476,0.17996934,0.06684561,False
2175,8525.11,True,0.12338451,0.104488,0.14228103,False
2078,8234.11,True,0.12337663,-0.13202022,-0.11473304,False
1841,7523.11,False,0.123310454,-0.22734414,0.019276768,False
4858,16574.11,True,0.12329072,0.14484696,0.10173447,False
3387,12161.11,False,0.12327401,0.14248991,-0.10405811,False
3027,11081.11,True,0.12324784,0.0827993,0.16369638,False
3629,12887.11,False,0.12320757,0.22317512,-0.023240022,False
3804,13412.11,True,0.12319683,0.0755519,0.17084177,False
3474,12422.11,False,0.12311233,0.0961238,-0.15010086,False
3597,12791.11,True,0.123100266,0.13397864,0.112221904,False
4538,15614.11,False,0.12307537,0.014883001,-0.23126775,False
662,3986.1099999999997,False,0.123058915,0.1845366,-0.06158122,False
1156,5468.11,True,0.1230468,-0.10106679,-0.1450268,False
4382,15146.11,True,0.12302761,-0.12266011,-0.12339511,False
3535,12605.11,False,0.122927666,-0.1255589,0.12029644,False
2024,8072.11,False,0.12290956,0.10543198,-0.14038713,False
937,4811.11,True,0.122897886,0.12151659,0.12427918,False
4718,16154.11,False,0.12283102,0.202871,-0.04279104,False
2590,9770.11,False,0.12282789,0.17158286,-0.074072905,False
1470,6410.11,True,0.12280117,-0.07127875,-0.17432359,False
5706,19118.11,False,0.12279123,0.18209296,-0.063489504,False
5577,18731.11,True,0.122741684,0.15372637,0.09175701,False
4925,16775.11,True,0.12274136,0.11680364,0.12867908,False
4264,14792.11,False,0.12268789,0.14379297,-0.10158282,False
5483,18449.11,True,0.12261971,0.21041392,0.0348255,False
445,3335.1099999999997,True,0.122601554,-0.04261418,-0.20258893,False
4439,15317.11,True,0.12258129,0.13772947,0.1074331,False
2685,10055.11,True,0.122556135,-0.12062857,-0.124483705,False
2799,10397.11,False,0.12243374,0.12841766,-0.116449825,False
3141,11423.11,False,0.122432575,0.13993451,-0.10493065,False
235,2705.1099999999997,False,0.122399054,-0.15602726,0.08877085,False
2682,10046.11,True,0.12239857,-0.054393295,-0.19040385,False
5931,19793.11,True,0.12238887,0.13973983,0.10503792,False
4669,16007.11,False,0.122376144,0.0965643,-0.148188,False
3610,12830.11,False,0.12232884,-0.047729548,0.19692813,False
1206,5618.11,False,0.12232138,-0.11130696,0.1333358,False
5462,18386.11,True,0.122239195,0.17055304,0.073925346,False
4437,15311.11,True,0.12221511,0.19551933,0.048910882,False
3915,13745.11,False,0.12220436,0.23800232,-0.006406413,False
2805,10415.11,False,0.12219865,0.06659669,-0.17780061,False
1449,6347.11,True,0.12216092,0.055252213,0.18906963,False
3991,13973.11,False,0.12214307,0.14590234,-0.0983838,False
5155,17465.11,False,0.12213964,0.18859859,-0.055680696,False
1151,5453.11,True,0.12209057,0.1843632,0.05981794,False
2754,10262.11,True,0.12208979,0.1309851,0.11319448,False
5774,19322.11,True,0.12208458,0.18490882,0.059260342,False
4564,15692.11,True,0.12207264,0.13347618,0.110669084,False
5158,17474.11,False,0.1220575,0.1541748,-0.08994018,False
4444,15332.11,False,0.1220434,0.15161446,-0.09247235,False
4238,14714.11,True,0.12204127,0.12441006,0.119672485,False
5029,17087.11,True,0.121933356,0.12376668,0.12010002,False
2687,10061.11,False,0.121859424,-0.19628002,0.047438826,False
5416,18248.11,True,0.12183284,0.15703624,0.086629435,False
2697,10091.11,True,0.12181999,-0.15939696,-0.08424302,False
4493,15479.11,False,0.12179693,0.02366004,-0.21993382,False
72,2216.1099999999997,True,0.12175001,0.07499271,0.16850731,False
3504,12512.11,True,0.121747,0.16576779,0.07772622,False
5262,17786.11,True,0.12174463,0.11091316,0.13257611,False
2223,8669.11,False,0.121744424,0.033748686,-0.20974016,False
216,2648.1099999999997,True,0.121699184,0.09290464,0.15049373,False
3139,11417.11,False,0.12164435,0.13831396,-0.104974724,False
4307,14921.11,True,0.121610194,0.17972824,0.06349215,False
5384,18152.11,True,0.12157321,0.18835339,0.054793037,False
3651,12953.11,True,0.121556625,0.14567254,0.097440705,False
3397,12191.11,False,0.12154551,0.23410006,-0.008990952,False
5490,18470.11,False,0.121540636,0.13810216,-0.104979105,False
3468,12404.11,True,0.12153588,0.11451144,0.12856032,False
5102,17306.11,True,0.12153442,0.15057123,0.09249761,False
578,3734.1099999999997,True,0.12153298,0.14688997,0.09617599,False
4220,14660.11,True,0.12151703,0.20172957,0.041304506,False
1212,5636.11,False,0.1215169,0.033544324,-0.20948948,False
5201,17603.11,True,0.121491656,0.08433708,0.15864623,False
1033,5099.11,True,0.12140772,-0.0352786,-0.20753683,False
2360,9080.11,False,0.12140763,0.16147992,-0.08133533,False
1385,6155.11,False,0.121392235,0.23043355,-0.012350917,False
257,2771.1099999999997,True,0.121376425,-0.17229322,-0.07045963,False
2364,9092.11,True,0.121358074,0.040970683,0.20174547,False
885,4655.11,True,0.1212545,0.0028415837,0.23966742,False
1887,7661.11,False,0.12123307,0.23689839,-0.0055677393,False
2637,9911.11,True,0.121208586,0.009679133,0.23273803,False
826,4478.11,True,0.121200174,0.115542464,0.12685789,False
4704,16112.11,True,0.121177524,0.072879456,0.1694756,False
3817,13451.11,False,0.12117586,0.14285988,-0.09949185,False
4918,16754.11,False,0.121146284,0.10313706,-0.1391555,False
391,3173.1099999999997,True,0.12103886,0.004567289,0.23751043,False
1290,5870.11,False,0.12100416,-0.005248789,0.23675953,False
572,3716.1099999999997,False,0.12097194,0.081680745,-0.16026314,False
5491,18473.11,False,0.12085274,0.13445324,-0.10725225,False
5163,17489.11,True,0.12084636,0.19017377,0.05151895,False
2091,8273.11,True,0.120823294,0.14692509,0.094721496,False
4635,15905.11,False,0.12080744,0.12484371,-0.11677118,False
2277,8831.11,False,0.12077665,-0.07118257,0.17037073,False
4314,14942.11,True,0.120776124,0.18374798,0.057804275,False
4468,15404.11,False,0.120774776,0.1417505,-0.099799044,False
5528,18584.11,False,0.1207711,0.12572527,-0.115816936,False
5484,18452.11,True,0.12077047,0.15826644,0.083274506,False
3696,13088.11,False,0.12076509,-0.046143375,0.19538681,False
3687,13061.11,False,0.120726645,0.11076852,-0.13068478,False
5294,17882.11,True,0.12071575,0.12817125,0.113260254,False
1546,6638.11,True,0.12068004,-0.12625925,-0.11510083,False
449,3347.1099999999997,True,0.120654866,-0.046334323,-0.1949754,False
1239,5717.11,True,0.120567225,-0.014223615,-0.22691083,False
4512,15536.11,True,0.12055738,0.19780429,0.043310475,False
1766,7298.11,True,0.120525576,-0.029313115,-0.21173804,False
1302,5906.11,True,0.12050909,0.033954475,0.2070637,False
4415,15245.11,True,0.12050391,-0.022517812,-0.21849,False
5282,17846.11,True,0.12043517,0.12545018,0.11542016,False
1218,5654.11,True,0.120427385,-0.19305328,-0.047801502,False
1999,7997.11,False,0.12042453,0.17526564,-0.06558342,False
1975,7925.11,False,0.120419115,0.018630296,-0.22220793,False
5853,19559.11,True,0.12040987,0.19113733,0.04968241,False
3009,11027.11,False,0.120400436,0.10153586,-0.13926502,False
794,4382.11,False,0.1203935,-0.08941548,0.15137151,False
4537,15611.11,False,0.120384336,0.0044576083,-0.23631106,False
1970,7910.11,False,0.120375186,0.16013846,-0.080611914,False
891,4673.11,True,0.12035468,0.10012961,0.14057976,False
2670,10010.11,True,0.12033205,0.14589234,0.094771765,False
1934,7802.11,True,0.12029585,-0.08368821,-0.1569035,False
1226,5678.11,False,0.12026373,-0.03350729,0.20702018,False
5407,18221.11,False,0.12024099,0.17896964,-0.061512344,False
5473,18419.11,False,0.12023042,0.19206822,-0.04839263,False
5746,19238.11,False,0.120207414,0.16901726,-0.07139758,False
3605,12815.11,True,0.120191365,0.09312293,0.1472598,False
969,4907.11,True,0.12018828,-0.0054921256,-0.23488444,False
4358,15074.11,True,0.120149165,-0.15073933,-0.08955901,False
5945,19835.11,True,0.12011057,0.21143095,0.02879019,False
5489,18467.11,True,0.120096475,0.16335669,0.076836266,False
2896,10688.11,True,0.12008309,0.13487738,0.1052888,False
2935,10805.11,True,0.1200503,-0.08684416,-0.15325645,False
3094,11282.11,False,0.12004799,0.17003757,-0.070058405,False
1555,6665.11,False,0.12000212,0.0651528,-0.17485143,False
5832,19496.11,False,0.11997363,0.11917837,-0.1207689,False
5670,19010.11,False,0.11991951,0.17837921,-0.061459806,False
4806,16418.11,False,0.11990042,0.17119591,-0.068604924,False
443,3329.1099999999997,True,0.11989246,-0.04329717,-0.19648775,False
5269,17807.11,True,0.11985206,0.17658423,0.06311989,False
5082,17246.11,True,0.11983869,0.21821292,0.021464461,False
5781,19343.11,True,0.11982456,0.20887007,0.030779049,False
2221,8663.11,True,0.11981386,-0.11348966,-0.12613806,False
2026,8078.11,False,0.11972284,0.1016422,-0.1378035,False
5119,17357.11,True,0.11962013,0.09410563,0.14513463,False
2345,9035.11,True,0.11958811,0.1362819,0.10289432,False
5534,18602.11,False,0.11958501,0.15683466,-0.08233536,False
1180,5540.11,False,0.11957038,-0.048468772,0.190672,False
5800,19400.11,True,0.11938331,0.12396239,0.11480424,False
5794,19382.11,True,0.11937861,0.15331075,0.085446484,False
2884,10652.11,True,0.11937065,0.038243007,0.20049828,False
5598,18794.11,True,0.11935724,0.21655434,0.022160137,False
4265,14795.11,True,0.11935372,0.17791615,0.060791284,False
2553,9659.11,True,0.119344175,-0.20267272,-0.036015626,False
3072,11216.11,True,0.11933834,-0.007136843,-0.23153985,False
447,3341.1099999999997,True,0.11933595,-0.1129714,-0.12570049,False
2205,8615.11,True,0.11929792,0.19174996,0.046845876,False
1813,7439.11,False,0.11926514,0.06750294,-0.17102733,False
789,4367.11,False,0.11925457,-0.21566243,0.022846697,False
234,2702.1099999999997,True,0.11925291,-0.213332,-0.025173828,False
1613,6839.11,True,0.11924733,0.09503354,0.14346112,False
1850,7550.11,True,0.11924136,-0.11333481,-0.1251479,False
577,3731.1099999999997,True,0.119216375,0.07623799,0.16219476,False
1794,7382.11,True,0.11921547,0.1940857,0.044345252,False
2011,8033.11,True,0.119183615,0.016184412,0.22218283,False
5594,18782.11,True,0.11914745,0.22231674,0.01597815,False
1553,6659.11,False,0.119079374,0.08773425,-0.1504245,False
4939,16817.11,True,0.1190071,0.10303402,0.13498019,False
4118,14354.11,False,0.119005725,0.09063509,-0.14737636,False
5009,17027.11,False,0.11892049,0.21159483,-0.026246142,False
5137,17411.11,False,0.118879244,0.13446876,-0.103289716,False
3484,12452.11,False,0.11885643,0.081440225,-0.15627263,False
1316,5948.11,False,0.11884306,-0.04104469,0.19664143,False
5192,17576.11,True,0.11883107,0.2123262,0.025335945,False
2248,8744.11,True,0.11877883,0.14304516,0.09451251,False
4445,15335.11,False,0.11874761,0.10827409,-0.12922113,False
5324,17972.11,False,0.11873382,0.10903764,-0.12843001,False
960,4880.11,True,0.118709624,-0.11897369,-0.11844555,False
4199,14597.11,True,0.11866607,0.1345997,0.102732435,False
3539,12617.11,True,0.11863443,-0.17708361,-0.060185246,False
5695,19085.11,False,0.11863006,0.12536842,-0.1118917,False
4080,14240.11,True,0.11862552,0.12672302,0.11052802,False
3326,11978.11,True,0.11860873,0.15433088,0.08288658,False
710,4130.11,True,0.11860449,-0.004992058,-0.23221692,False
1588,6764.11,True,0.118584454,-0.046347093,-0.19082181,False
4747,16241.11,True,0.118554965,0.050461423,0.1866485,False
4971,16913.11,True,0.118540466,0.15464018,0.082440756,False
3549,12647.11,False,0.118514165,0.09642573,-0.1406026,False
336,3008.1099999999997,True,0.11851336,0.04892697,0.18809976,False
3550,12650.11,False,0.11851008,0.08819733,-0.14882284,False
2582,9746.11,True,0.11849311,-0.06296354,-0.17402269,False
4860,16580.11,True,0.118452236,0.18603958,0.05086489,False
5927,19781.11,True,0.118443385,0.13928795,0.09759882,False
4714,16142.11,True,0.11841455,0.16521442,0.07161468,False
3562,12686.11,False,0.11838259,0.07537966,-0.1613855,False
5803,19409.11,True,0.11833894,0.172663,0.06401489,False
4316,14948.11,True,0.118329324,0.10217868,0.13447997,False
3904,13712.11,True,0.1183269,0.17645329,0.060200516,False
2231,8693.11,True,0.11831814,0.16114026,0.075496025,False
1550,6650.11,True,0.11831102,0.20038734,0.0362347,False
1968,7904.11,False,0.11830839,0.15443721,-0.08217956,False
3903,13709.11,False,0.11827203,0.12319104,-0.11335302,False
5779,19337.11,False,0.11824861,0.13588679,-0.10061043,False
5346,18038.11,True,0.118226044,0.15167694,0.08477515,False
2583,9749.11,True,0.118221045,-0.06720381,-0.16923827,False
1946,7838.11,True,0.11821854,0.16735339,0.06908369,False
622,3866.1099999999997,True,0.11818273,0.058697946,0.17766753,False
1104,5312.11,True,0.11818063,-0.07554407,-0.16081719,False
4398,15194.11,True,0.11816455,-0.031546503,-0.20478259,False
1791,7373.11,True,0.11813289,0.17923783,0.05702796,False
2543,9629.11,False,0.11811978,0.05463147,-0.1816081,False
585,3755.1099999999997,True,0.11809528,-0.096809335,-0.13938121,False
3473,12419.11,False,0.11805692,0.12897266,-0.107141174,False
5527,18581.11,False,0.11805175,0.11636511,-0.11973839,False
5956,19868.11,True,0.118044496,0.23552462,0.0005643605,False
4425,15275.11,True,0.11798607,0.047986,0.18798614,False
2077,8231.11,True,0.117955185,-0.10433105,-0.13157932,False
2173,8519.11,False,0.11795138,0.110822834,-0.12507991,False
1467,6401.11,True,0.1179416,-0.044677608,-0.1912056,False
5850,19550.11,False,0.117908105,0.12956282,-0.106253386,False
268,2804.1099999999997,True,0.11789594,0.0793995,0.15639238,False
2785,10355.11,False,0.1178838,-0.0471768,0.1885908,False
5730,19190.11,False,0.11786005,0.05994189,-0.17577821,False
1708,7124.11,True,0.11782399,-0.22934932,-0.0062986594,False
1916,7748.11,True,0.117822774,0.050384987,0.18526056,False
191,2573.1099999999997,False,0.11779281,-0.1356455,0.09994012,False
5130,17390.11,True,0.11776751,0.14701054,0.0885245,False
5494,18482.11,True,0.117742054,0.20695119,0.028532926,False
3433,12299.11,True,0.117741786,0.20534036,0.03014322,False
5146,17438.11,False,0.117728755,0.11264912,-0.1228084,False
84,2252.1099999999997,True,0.117721185,-0.20839632,-0.027046047,False
3625,12875.11,False,0.11769076,0.163143,-0.07223851,False
2913,10739.11,False,0.11767285,0.13221602,-0.103129685,False
5046,17138.11,True,0.11767274,0.18851374,0.046831742,False
4070,14210.11,True,0.11766822,0.19836803,0.036968406,False
2620,9860.11,False,0.1175811,0.06556904,-0.16959316,False
2537,9611.11,True,0.117573634,0.18993044,0.04521683,False
5366,18098.11,False,0.11756075,0.2242492,-0.010872308,False
5837,19511.11,True,0.11755015,0.1412108,0.09388951,False
4465,15395.11,True,0.11754686,0.14402737,0.091066346,False
3310,11930.11,True,0.117542416,0.14713247,0.08795237,False
740,4220.11,False,0.11754077,0.23308875,-0.0019927945,False
4900,16700.11,True,0.11747395,0.14222366,0.09272425,False
3492,12476.11,True,0.1174051,0.1567,0.078110196,False
886,4658.11,True,0.11739091,0.047530446,0.18725137,False
5855,19565.11,True,0.11737686,0.20701632,0.027737388,False
1400,6200.11,True,0.11734902,0.021743132,0.21295491,False
221,2663.1099999999997,False,0.11727577,0.052625027,-0.1819265,False
5073,17219.11,True,0.117267996,0.17089526,0.06364073,False
5903,19709.11,False,0.117263354,0.13495028,-0.09957643,False
4049,14147.11,False,0.117239684,0.13660002,-0.09787936,False
1982,7946.11,True,0.11723344,-0.048670776,-0.18579611,False
2457,9371.11,False,0.11719846,0.020565366,-0.21383156,False
5738,19214.11,True,0.11719398,0.07572716,0.15866081,False
701,4103.11,True,0.11714314,0.17048435,0.06380194,False
5008,17024.11,False,0.11713554,0.14585374,-0.08841733,False
5531,18593.11,False,0.11703948,0.13767488,-0.096404076,False
5113,17339.11,False,0.11696608,0.1883315,-0.045600664,False
5801,19403.11,True,0.11694908,0.16213697,0.07176118,False
3120,11360.11,False,0.11693586,0.09875189,-0.13511983,False
1026,5078.11,True,0.11687973,0.19813135,0.035628114,False
2604,9812.11,True,0.116859466,-0.009280569,-0.22443837,False
563,3689.1099999999997,True,0.116857074,0.09734921,0.13636494,False
1884,7652.11,False,0.11668629,0.022102509,-0.21127008,False
4253,14759.11,True,0.116664186,0.13578072,0.09754766,False
5591,18773.11,True,0.11664621,0.10282321,0.1304692,False
5157,17471.11,False,0.11662565,0.18327501,-0.049976286,False
376,3128.1099999999997,True,0.11661334,0.1641989,0.06902779,False
5962,19886.11,True,0.11656541,0.100522034,0.13260877,False
2858,10574.11,True,0.11655323,0.043899342,0.18920712,False
2678,10034.11,False,0.116530925,0.116869435,-0.11619241,False
4227,14681.11,True,0.11652486,0.12670526,0.10634447,False
1822,7466.11,False,0.116462216,0.15053092,-0.082393505,False
3796,13388.11,False,0.11645274,0.11389881,-0.11900667,False
3635,12905.11,False,0.11640701,0.1409994,-0.09181461,False
1126,5378.11,True,0.11634478,0.12872514,0.10396441,False
1711,7133.11,False,0.116343975,-0.15149061,0.081197344,False
4640,15920.11,False,0.116329476,0.15612207,-0.07653689,False
3385,12155.11,False,0.11632867,0.12065696,-0.112000376,False
1489,6467.11,False,0.11631771,0.0007343488,-0.23190108,False
1793,7379.11,True,0.116305605,0.23121953,0.0013916742,False
5952,19856.11,True,0.11627482,0.1144801,0.11806953,False
2723,10169.11,True,0.11623497,0.122781254,0.109688684,False
600,3800.1099999999997,True,0.11621657,-0.09710311,-0.13533004,False
2404,9212.11,True,0.11620301,-0.0244265,-0.20797952,False
1875,7625.11,True,0.11618516,0.104042664,0.12832765,False
2156,8468.11,False,0.11612281,0.107838385,-0.12440725,False
562,3686.1099999999997,True,0.11611286,0.06582215,0.16640356,False
96,2288.1099999999997,True,0.1160953,-0.18225186,-0.04993874,False
2230,8690.11,True,0.116080105,0.18171406,0.050446145,False
5500,18500.11,False,0.11606477,0.16822907,-0.06390047,False
1059,5177.11,True,0.1160446,0.16351165,0.06857756,False
5075,17225.11,True,0.11591334,0.1851064,0.046720285,False
5923,19769.11,False,0.115894094,0.12639911,-0.105389066,False
5864,19592.11,True,0.115893915,0.13475582,0.097032,False
5856,19568.11,True,0.1158859,0.19082113,0.04095067,False
1331,5993.11,False,0.11581582,0.050585143,-0.18104649,False
2081,8243.11,True,0.11576844,0.084819764,0.14671712,False
1811,7433.11,False,0.1157278,0.06215269,-0.16930291,False
468,3404.1099999999997,True,0.11568548,-0.18379556,-0.0475754,False
5164,17492.11,True,0.115624905,0.15088804,0.08036177,False
4983,16949.11,True,0.115558624,0.04290639,0.18821086,False
4054,14162.11,True,0.11554268,0.07374383,0.15734152,False
753,4259.11,True,0.11554147,0.19477588,0.036307063,False
5150,17450.11,False,0.11553847,0.17012025,-0.060956683,False
4851,16553.11,False,0.1155211,0.21165346,-0.019388758,False
294,2882.1099999999997,False,0.11551902,-0.08193123,0.1491068,False
4002,14006.11,True,0.11541557,0.07141724,0.1594139,False
3815,13445.11,False,0.11541538,0.18693167,-0.04389909,False
3794,13382.11,True,0.11539569,0.105822496,0.12496888,False
5887,19661.11,False,0.11536841,0.18297103,-0.047765784,False
4397,15191.11,False,0.115355566,0.065288685,-0.16542245,False
5653,18959.11,True,0.115348846,0.17777975,0.052917946,False
1536,6608.11,False,0.11525516,-0.008106122,0.2224042,False
908,4724.11,False,0.11524288,0.034966186,-0.19551958,False
4221,14663.11,False,0.115241155,0.16447157,-0.06601074,False
237,2711.1099999999997,True,0.115192935,-0.09140582,-0.13898006,False
613,3839.1099999999997,True,0.11515978,0.14258622,0.08773335,False
3274,11822.11,False,0.11514395,0.07898645,-0.15130144,False
4930,16790.11,False,0.11514068,0.15687548,-0.073405884,False
5947,19841.11,False,0.115118,0.15507855,-0.07515745,False
3956,13868.11,False,0.11510421,0.16751625,-0.06269218,False
2514,9542.11,False,0.115056336,0.1096294,-0.12048327,False
3445,12335.11,False,0.11504684,0.04182234,-0.18827133,False
2132,8396.11,False,0.11503566,0.14727215,-0.08279917,False
1197,5591.11,True,0.11500594,-0.07370548,-0.1563064,False
3555,12665.11,False,0.1149735,0.20194669,-0.028000312,False
5760,19280.11,True,0.114954144,0.099478066,0.13043022,False
4298,14894.11,True,0.114913374,0.15278086,0.07704588,False
4142,14426.11,True,0.11489156,0.05809782,0.1716853,False
3491,12473.11,True,0.11487479,0.17878744,0.05096214,False
5314,17942.11,True,0.11477418,0.1945391,0.03500926,False
665,3995.1099999999997,False,0.11476374,0.19275637,-0.036771104,False
3929,13787.11,True,0.11476361,0.12802765,0.10149957,False
606,3818.1099999999997,False,0.114744104,0.08726548,-0.14222273,False
1703,7109.11,False,0.114723794,0.025879487,-0.2035681,False
1103,5309.11,True,0.114722386,-0.057774696,-0.17167008,False
1848,7544.11,True,0.11471249,-0.21192057,-0.01750441,False
5668,19004.11,True,0.11465853,0.15740503,0.07191202,False
4470,15410.11,False,0.11455865,0.16502064,-0.06409667,False
4637,15911.11,True,0.11455238,0.13931072,0.08979405,False
3777,13331.11,True,0.114536375,0.123723485,0.10534927,False
5367,18101.11,True,0.114533156,0.14523631,0.08382999,False
4306,14918.11,True,0.11452242,0.18019332,0.048851516,False
1491,6473.11,False,0.11451011,0.09207387,-0.13694635,False
3784,13352.11,False,0.11450365,0.20775822,-0.021249082,False
1506,6518.11,False,0.11449892,0.12732546,-0.10167238,False
5997,19991.11,True,0.114494324,0.13157813,0.09741052,False
4733,16199.11,True,0.114456184,0.097348124,0.13156424,False
2956,10868.11,False,0.114391044,0.14410444,-0.08467765,False
5552,18656.11,False,0.114340246,0.1977012,-0.030979285,False
1986,7958.11,True,0.11433464,-0.045906592,-0.1827627,False
1,2003.11,True,0.114305,-0.13548939,-0.093120605,False
5045,17135.11,False,0.11425276,0.16349152,-0.06501401,False
4413,15239.11,False,0.11424233,0.021937378,-0.20654728,False
3793,13379.11,True,0.11423129,0.12720862,0.10125395,False
2111,8333.11,True,0.11422087,0.08330088,0.14514087,False
4793,16379.11,False,0.11420415,0.20800516,-0.020403149,False
549,3647.1099999999997,True,0.114189655,-0.10195339,-0.12642592,False
3788,13364.11,False,0.11417914,0.16382907,-0.06452921,False
1606,6818.11,True,0.1141772,-0.13458504,-0.09376936,False
3247,11741.11,True,0.11415038,0.107956976,0.12034379,False
2486,9458.11,True,0.11414359,0.123618975,0.1046682,False
5673,19019.11,False,0.1140773,0.11894693,-0.10920766,False
1054,5162.11,True,0.11404298,-0.14338952,-0.08469644,False
4967,16901.11,True,0.113964245,0.19227552,0.035652973,False
5169,17507.11,True,0.113891155,0.11785147,0.109930836,False
691,4073.1099999999997,True,0.113819554,-0.21285178,-0.014787332,False
2010,8030.11,True,0.1137859,0.077858046,0.14971375,False
3280,11840.11,True,0.113779716,0.11073231,0.11682712,False
4732,16196.11,True,0.113772705,0.16233358,0.065211825,False
384,3152.1099999999997,False,0.11377138,-0.09813329,0.12940948,False
5135,17405.11,False,0.11376585,0.1548357,-0.072696,False
2875,10625.11,False,0.11370044,0.016811376,-0.21058951,False
1123,5369.11,True,0.11369629,-0.07929499,-0.1480976,False
5036,17108.11,False,0.11367687,0.16604938,-0.061304364,False
4947,16841.11,True,0.11365846,0.14890184,0.07841507,False
4519,15557.11,True,0.11362387,0.11056427,0.11668347,False
282,2846.1099999999997,True,0.11361957,0.12342674,0.103812404,False
2016,8048.11,True,0.1135973,-0.13024522,-0.09694939,False
5936,19808.11,True,0.11359507,0.11523026,0.111959875,False
3039,11117.11,False,0.11356938,0.11726179,-0.10987697,False
3739,13217.11,False,0.11356531,0.12909096,-0.09803965,False
4955,16865.11,True,0.11355217,0.14278232,0.08432201,False
4066,14198.11,False,0.11350465,0.1260077,-0.10100159,False
1111,5333.11,False,0.11347237,0.003670723,-0.22327402,False
5926,19778.11,True,0.113445096,0.1354768,0.09141339,False
1739,7217.11,True,0.11342111,0.08581843,0.1410238,False
1028,5084.11,True,0.11339459,0.21979162,0.00699755,False
3977,13931.11,True,0.113362856,0.19386077,0.03286494,False
2641,9923.11,False,0.11334803,0.002020613,-0.22467545,False
4979,16937.11,True,0.11334402,0.19223092,0.03445712,False
5333,17999.11,False,0.11326972,0.16358873,-0.06295069,False
2043,8129.11,False,0.11325529,-0.04415607,0.18235451,False
4628,15884.11,False,0.11325394,0.036039766,-0.19046812,False
1984,7952.11,True,0.11324084,-0.0619592,-0.16452247,False
1365,6095.11,True,0.113188595,0.2033829,0.0229943,False
3434,12302.11,True,0.11317364,0.21656102,0.00978626,False
3645,12935.11,False,0.1131679,0.09695247,-0.12938333,False
1814,7442.11,False,0.113164455,0.062662266,-0.16366665,False
2611,9833.11,False,0.11313852,0.010760569,-0.21551646,False
3166,11498.11,True,0.113075696,0.0536637,0.17248769,False
5060,17180.11,True,0.11303042,0.18480156,0.04125927,False
4721,16163.11,False,0.11299269,0.13693875,-0.08904663,False
1937,7811.11,True,0.11297172,-0.006344066,-0.21959938,False
4682,16046.11,True,0.11294681,0.1394459,0.086447716,False
760,4280.11,False,0.11289255,0.10154174,-0.12424336,False
2199,8597.11,True,0.112891585,0.13223077,0.09355239,False
3930,13790.11,True,0.11287144,0.10748621,0.11825667,False
3683,13049.11,False,0.11285736,0.15456843,-0.07114629,False
5126,17378.11,True,0.112833515,0.18235467,0.043312356,False
2314,8942.11,False,0.112832844,0.00693129,-0.2187344,False
5513,18539.11,False,0.11280641,0.17501478,-0.05059804,False
263,2789.1099999999997,True,0.112760395,0.0674928,0.15802799,False
4463,15389.11,False,0.11267295,0.19596283,-0.029383058,False
4477,15431.11,False,0.11267021,0.217195,-0.0081454255,False
2504,9512.11,False,0.11265436,0.11556695,-0.10974178,False
2515,9545.11,False,0.112647325,0.11420249,-0.111092165,False
4579,15737.11,False,0.112635426,0.022418771,-0.20285209,False
3383,12149.11,False,0.112542555,0.17936642,-0.04571868,False
4081,14243.11,True,0.11252572,0.10549992,0.11955152,False
798,4394.11,True,0.112501,-0.12073571,-0.10426629,False
5602,18806.11,True,0.112423584,0.12885372,0.09599344,False
5998,19994.11,True,0.11242218,0.14975345,0.07509092,False
1985,7955.11,True,0.112410605,-0.054046184,-0.17077503,False
2906,10718.11,True,0.11235829,0.16148154,0.06323504,False
736,4208.11,True,0.11234242,-0.078967296,-0.14571753,False
5449,18347.11,True,0.11233702,0.16062859,0.06404546,False
4255,14765.11,True,0.112318665,0.1347085,0.08992883,False
1266,5798.11,False,0.11230984,-0.09952028,0.1250994,False
5207,17621.11,False,0.1122999,0.17253873,-0.05206107,False
1779,7337.11,True,0.11229845,-0.013546031,-0.21105087,False
4641,15923.11,True,0.11229799,0.13998842,0.08460756,False
3272,11816.11,False,0.11229779,0.12331684,-0.10127873,False
5809,19427.11,True,0.11228654,0.12092961,0.103643455,False
4861,16583.11,True,0.1122767,0.14011641,0.084437005,False
5694,19082.11,False,0.11226313,0.117377296,-0.10714897,False
4206,14618.11,False,0.11223209,0.1317235,-0.09274069,False
2037,8111.11,True,0.112186775,-0.14758557,-0.07678798,False
4974,16922.11,False,0.11217155,0.09809509,-0.12624802,False
5899,19697.11,False,0.11211845,0.115795396,-0.10844152,False
126,2378.1099999999997,False,0.11208183,-0.17208503,0.05207863,False
4450,15350.11,True,0.112017125,0.15007052,0.073963724,False
3834,13502.11,True,0.11198492,0.1512214,0.07274845,False
835,4505.11,True,0.111936405,-0.19356917,-0.030303642,False
4153,14459.11,True,0.11192743,0.042378005,0.18147685,False
2324,8972.11,False,0.11189237,0.06371128,-0.16007346,False
5120,17360.11,True,0.11188999,0.10617218,0.11760779,False
808,4424.11,True,0.111873135,-0.054332364,-0.16941391,False
2633,9899.11,True,0.11176145,-0.087837815,-0.13568509,False
3940,13820.11,True,0.11176142,0.07830276,0.14522009,False
4276,14828.11,False,0.111732684,0.14041181,-0.08305356,False
4964,16892.11,True,0.11170611,0.18433459,0.039077632,False
3124,11372.11,True,0.11168913,0.054245636,0.16913262,False
355,3065.1099999999997,True,0.11163742,-0.22201926,-0.001255592,False
5883,19649.11,True,0.11161069,0.21184209,0.011379283,False
4098,14294.11,False,0.11161048,0.18693864,-0.03628232,False
1950,7850.11,True,0.11160749,0.1105239,0.112691075,False
4663,15989.11,False,0.11156881,0.21396129,-0.009176327,False
2603,9809.11,True,0.11154628,-0.043233927,-0.17985862,False
2513,9539.11,False,0.11153641,0.10215959,-0.12091324,False
5044,17132.11,False,0.11152229,0.15437938,-0.06866519,False
4005,14015.11,False,0.111483775,0.18859272,-0.03437483,False
5795,19385.11,True,0.1113698,0.16908477,0.053654827,False
2407,9221.11,True,0.11132267,-0.041422386,-0.18122296,False
2088,8264.11,True,0.111267224,0.009965404,0.21256904,False
5843,19529.11,True,0.11126256,0.104932316,0.11759281,False
1758,7274.11,False,0.11125795,-0.066646904,0.15586899,False
1518,6554.11,False,0.11123679,-0.17056799,0.05190559,False
5783,19349.11,False,0.11121665,0.09288071,-0.12955259,False
5093,17279.11,False,0.11118007,0.11760178,-0.104758345,False
1809,7427.11,True,0.11115753,-0.18132475,-0.040990304,False
4878,16634.11,True,0.111123174,0.13053836,0.09170798,False
5652,18956.11,False,0.11111607,0.17174898,-0.050483152,False
720,4160.11,True,0.11111598,-0.022675058,-0.1995569,False
2983,10949.11,False,0.111070044,0.19154358,-0.030596508,False
472,3416.1099999999997,True,0.11106433,0.095051564,0.1270771,False
2244,8732.11,True,0.110983595,0.2097526,0.012214589,False
5153,17459.11,True,0.11097719,0.14393337,0.078021005,False
1828,7484.11,True,0.11096811,0.10284648,0.11908975,False
2667,10001.11,True,0.1109326,0.04769283,0.17417237,False
5140,17420.11,True,0.11091983,0.124600366,0.09723931,False
4452,15356.11,True,0.110895954,0.08272506,0.13906685,False
1638,6914.11,True,0.11087213,-0.089065,-0.13267925,False
5202,17606.11,True,0.110857114,0.11929433,0.1024199,False
4372,15116.11,True,0.11076921,-0.11748778,-0.10405065,False
4087,14261.11,True,0.11073866,0.13614915,0.08532816,False
1397,6191.11,False,0.11065715,0.11143555,-0.10987875,False
4599,15797.11,True,0.110645354,0.20152193,0.019768778,False
4034,14102.11,False,0.11062636,0.13372892,-0.0875238,False
3894,13682.11,False,0.11060043,0.16553831,-0.05566255,False
3935,13805.11,True,0.11058113,0.1547324,0.066429846,False
5688,19064.11,False,0.11057499,0.083828025,-0.13732196,False
1524,6572.11,True,0.110574126,-0.045308616,-0.17583963,False
3300,11900.11,True,0.11056473,0.11790609,0.10322337,False
4787,16361.11,True,0.1105336,0.15850687,0.062560335,False
2251,8753.11,True,0.11050737,0.061257884,0.15975685,False
3065,11195.11,True,0.110499874,0.18101302,0.039986722,False
5922,19766.11,True,0.11047201,0.12075759,0.10018643,False
5000,17000.11,False,0.11044521,0.15430275,-0.06658767,False
5943,19829.11,True,0.11035721,0.12752719,0.09318722,False
3361,12083.11,True,0.11035234,0.08703854,0.13366614,False
2459,9377.11,False,0.11034239,0.11632823,-0.10435655,False
2416,9248.11,True,0.11032773,0.13516492,0.08549054,False
4528,15584.11,True,0.11030146,0.042863518,0.1777394,False
1942,7826.11,False,0.11029014,0.07728924,-0.14329104,False
907,4721.11,True,0.11028837,-0.04051297,-0.18006375,False
1696,7088.11,True,0.110263936,-0.004632574,-0.2158953,False
4556,15668.11,False,0.110222846,0.1796553,-0.0407904,False
3114,11342.11,False,0.11020448,0.035192747,-0.18521622,False
4446,15338.11,False,0.11019825,0.088170215,-0.13222629,False
241,2723.1099999999997,True,0.110197596,-0.05837722,-0.16201797,False
4251,14753.11,False,0.110181615,0.12565953,-0.094703704,False
2926,10778.11,False,0.11017014,0.029441858,-0.19089842,False
4893,16679.11,False,0.110146545,0.17200874,-0.04828435,False
3806,13418.11,False,0.11014547,0.15582182,-0.06446913,False
1105,5315.11,True,0.11012085,-0.019500531,-0.20074116,False
2000,8000.11,False,0.11011672,0.16168751,-0.058545936,False
3416,12248.11,True,0.110054374,0.17587203,0.044236712,False
4186,14558.11,True,0.11002943,0.1732529,0.04680597,False
4285,14855.11,True,0.10993264,0.12182903,0.098036245,False
4902,16706.11,False,0.10987035,0.16397864,-0.055762067,False
3206,11618.11,False,0.10986829,0.14507507,-0.074661516,False
1592,6776.11,True,0.109811775,-0.14209521,-0.07752834,False
278,2834.1099999999997,True,0.10976307,0.09859646,0.12092969,False
2657,9971.11,False,0.10974076,0.16279651,-0.056685004,False
70,2210.1099999999997,True,0.1096992,0.21342699,0.0059714084,False
5749,19247.11,False,0.109686606,0.17854899,-0.040824223,False
1052,5156.11,True,0.10966326,-0.060558606,-0.15876792,False
607,3821.1099999999997,False,0.109654054,0.18388604,-0.03542207,False
4475,15425.11,False,0.10964836,0.18047477,-0.038821958,False
744,4232.11,True,0.10962244,0.055914264,0.16333061,False
2226,8678.11,True,0.10961318,0.14964719,0.06957918,False
2353,9059.11,False,0.109601624,0.14628042,-0.072922826,False
5536,18608.11,False,0.10960068,0.1065945,-0.11260685,False
5799,19397.11,True,0.109573446,0.14259958,0.07654731,False
1821,7463.11,False,0.109514505,0.11070997,-0.108319044,False
3850,13550.11,False,0.10948803,-0.08260922,0.13636684,False
3628,12884.11,False,0.109460294,0.212923,-0.005997577,False
5651,18953.11,False,0.109439,0.12366868,-0.095209315,False
5722,19166.11,False,0.109431304,0.14405477,-0.07480784,False
5051,17153.11,False,0.10942719,0.17388147,-0.04497291,False
5716,19148.11,False,0.10942194,0.16620968,-0.0526342,False
4107,14321.11,True,0.10942128,0.21216957,0.0066729956,False
2009,8027.11,True,0.1093985,0.11027814,0.10851887,False
3859,13577.11,True,0.1093218,-0.062166385,-0.15647723,False
5655,18965.11,True,0.10932003,0.13986069,0.07877936,False
3517,12551.11,False,0.10931263,0.100677244,-0.11794802,False
4114,14342.11,False,0.10930476,0.17764318,-0.040966343,False
3952,13856.11,True,0.10925412,0.1589667,0.05954154,False
3685,13055.11,False,0.10915825,0.14684469,-0.07147182,False
1992,7976.11,True,0.10911484,0.12907289,0.089156784,False
706,4118.11,False,0.10911439,-0.20114385,0.017084941,False
5167,17501.11,True,0.109088056,0.108329594,0.10984652,False
4757,16271.11,True,0.10907826,0.08266297,0.13549355,False
2773,10319.11,True,0.10906112,0.17431523,0.043807022,False
3708,13124.11,True,0.10905601,-0.035726015,-0.18238601,False
4876,16628.11,True,0.109052256,0.118644506,0.09946001,False
5613,18839.11,True,0.109043956,0.1683241,0.049763806,False
4850,16550.11,True,0.10900678,0.15391245,0.06410109,False
5053,17159.11,True,0.108982146,0.18062414,0.037340146,False
2742,10226.11,True,0.108971685,0.09754169,0.12040167,False
5127,17381.11,False,0.108965285,0.13041027,-0.0875203,False
5357,18071.11,False,0.108944274,0.14908531,-0.068803236,False
2460,9380.11,False,0.108919,0.12220808,-0.09562992,False
4795,16385.11,True,0.108826816,0.21135253,0.0063011013,False
5875,19625.11,False,0.10880923,0.1373626,-0.08025587,False
5588,18764.11,True,0.108785875,0.17862184,0.038949903,False
3780,13340.11,False,0.10877662,0.17152105,-0.046032187,False
847,4541.11,False,0.10877213,0.03319597,-0.18434829,False
805,4415.11,False,0.10875629,0.10955973,-0.107952856,False
3771,13313.11,True,0.108738,0.1621068,0.055369195,False
3972,13916.11,False,0.10873303,0.1273319,-0.09013416,False
352,3056.1099999999997,True,0.10871873,-0.15876089,-0.058676574,False
2719,10157.11,True,0.10861729,0.14758816,0.06964642,False
5671,19013.11,False,0.108610414,0.13250042,-0.0847204,False
1221,5663.11,True,0.10860594,0.026071249,0.19114064,False
5590,18770.11,True,0.10859882,0.060832653,0.15636499,False
2142,8426.11,False,0.10855274,0.11240519,-0.10470029,False
5035,17105.11,False,0.108539805,0.16170157,-0.055378035,False
2455,9365.11,True,0.10852019,-0.03674074,-0.18029964,False
2781,10343.11,True,0.10850947,0.12158706,0.09543189,False
3381,12143.11,True,0.108435236,0.15841688,0.05845359,False
3447,12341.11,False,0.10843071,0.07110722,-0.1457542,False
5080,17240.11,True,0.10834511,0.2012453,0.015444935,False
4050,14150.11,False,0.10832821,0.1327289,-0.083927505,False
2030,8090.11,True,0.10830242,-0.17762524,-0.0389796,False
1272,5816.11,True,0.10829379,0.036832847,0.17975472,False
5848,19544.11,False,0.1082838,0.115639485,-0.10092811,False
3707,13121.11,True,0.10825138,-0.05594011,-0.16056265,False
4211,14633.11,False,0.10820702,0.110837616,-0.10557641,False
2937,10811.11,True,0.10819629,0.17146325,0.04492932,False
5723,19169.11,True,0.10819308,0.10735665,0.1090295,False
3167,11501.11,True,0.10815981,0.037453912,0.17886572,False
1689,7067.11,True,0.108155765,-0.02109105,-0.19522049,False
5718,19154.11,True,0.10815385,0.14427082,0.07203687,False
3614,12842.11,True,0.10815113,-0.16614199,-0.05016027,False
1735,7205.11,False,0.108137414,0.1362249,-0.08004993,False
1441,6323.11,True,0.10810527,-0.0036159328,-0.21259461,False
4137,14411.11,False,0.10808249,0.15756729,-0.05859769,False
2036,8108.11,True,0.1080026,-0.098941885,-0.11706331,False
452,3356.1099999999997,True,0.10799903,-0.09012667,-0.12587139,False
3810,13430.11,False,0.107981406,0.1636266,-0.05233622,False
2023,8069.11,False,0.10798013,0.119628735,-0.09633152,False
5967,19901.11,True,0.1078568,0.1476317,0.0680819,False
1707,7121.11,False,0.10783146,-0.11692407,0.09873886,False
748,4244.11,False,0.107831284,-0.07052068,0.1451419,False
2022,8066.11,False,0.10776474,0.09202844,-0.12350105,False
5920,19760.11,False,0.10776147,0.17209247,-0.043430474,False
5421,18263.11,True,0.10775822,0.10744507,0.108071364,False
568,3704.1099999999997,True,0.10761659,-0.18162036,-0.033612825,False
3970,13910.11,False,0.10757735,0.10495361,-0.1102011,False
3386,12158.11,False,0.107560344,0.14248224,-0.07263845,False
3414,12242.11,False,0.10754739,0.15290385,-0.06219092,False
551,3653.1099999999997,False,0.10749243,3.1497464e-05,-0.21495336,False
1499,6497.11,False,0.10748151,0.020372214,-0.1945908,False
2458,9374.11,False,0.107479274,0.044105362,-0.17085318,False
4662,15986.11,True,0.107437246,0.16040224,0.054472256,False
1790,7370.11,False,0.10741786,0.19532895,-0.019506771,False
4076,14228.11,False,0.10737759,0.19107208,-0.023683093,False
361,3083.1099999999997,False,0.10735356,-0.020880742,0.19382638,False
3916,13748.11,True,0.107353,0.21106464,0.0036413686,False
2505,9515.11,False,0.107352525,0.12008394,-0.094621114,False
5476,18428.11,False,0.10731948,0.14361075,-0.07102822,False
5438,18314.11,False,0.10730819,0.16920605,-0.045410324,False
2195,8585.11,False,0.10728757,0.13488823,-0.07968691,False
2193,8579.11,False,0.10727338,0.077756256,-0.1367905,False
2625,9875.11,True,0.10721354,-0.016546221,-0.19788086,False
1106,5318.11,False,0.10720198,0.02236792,-0.19203603,False
1549,6647.11,False,0.10715741,0.16215077,-0.052164044,False
605,3815.1099999999997,True,0.107018925,-0.019672545,-0.19436531,False
5072,17216.11,True,0.10694795,0.1844097,0.029486204,False
1874,7622.11,True,0.106946625,0.13057041,0.08332284,False
2768,10304.11,False,0.10692317,0.029370751,-0.18447559,False
5475,18425.11,False,0.10689594,0.12150242,-0.09228946,False
3362,12086.11,True,0.10686988,0.07542274,0.138317,False
2159,8477.11,True,0.10685542,0.086198546,0.12751229,False
4103,14309.11,False,0.10681279,0.07093767,-0.14268792,False
2793,10379.11,False,0.10679348,0.040421285,-0.17316566,False
1747,7241.11,True,0.10678974,-0.121106215,-0.09247326,False
1348,6044.11,True,0.10678741,0.14561269,0.06796214,False
5190,17570.11,False,0.10675931,0.19843051,-0.015088112,False
4474,15422.11,False,0.106736846,0.18006043,-0.033413257,False
5402,18206.11,True,0.106706165,0.1619084,0.051503927,False
656,3968.1099999999997,False,0.106661156,0.020715795,-0.19260651,False
5932,19796.11,True,0.10658693,0.13975137,0.0734225,False
4024,14072.11,False,0.10656211,0.20241801,-0.010706207,False
5524,18572.11,False,0.10653934,0.18117192,-0.031906754,False
2339,9017.11,True,0.10653776,0.024479037,0.18859649,False
2791,10373.11,False,0.10651896,0.12339034,-0.08964758,False
5614,18842.11,True,0.106516466,0.16138275,0.05165019,False
188,2564.1099999999997,True,0.10650769,0.15354064,0.05947473,False
1275,5825.11,False,0.10649529,0.012988307,-0.20000227,False
912,4736.11,False,0.10645005,0.10585779,-0.10704232,False
3781,13343.11,False,0.106446795,0.17133531,-0.04155828,False
1458,6374.11,True,0.106444664,-0.032193527,-0.1806958,False
5240,17720.11,True,0.10638189,0.09153711,0.12122668,False
5011,17033.11,True,0.10634417,0.19459142,0.018096924,False
87,2261.1099999999997,False,0.10634261,-0.1658253,0.046859913,False
5566,18698.11,True,0.106337346,0.14354452,0.06913017,False
4848,16544.11,True,0.106296115,0.11979851,0.09279372,False
2542,9626.11,True,0.10627934,0.14758496,0.06497372,False
3980,13940.11,False,0.106265515,0.13949929,-0.07303173,False
248,2744.1099999999997,False,0.10624823,-0.13431127,0.07818519,False
1924,7772.11,True,0.10624261,-0.046841014,-0.16564421,False
1330,5990.11,False,0.10619996,0.05974339,-0.15265653,False
731,4193.11,False,0.10618241,0.047118578,-0.16524625,False
4801,16403.11,False,0.10617151,0.13925697,-0.07308605,False
2552,9656.11,False,0.10616155,-0.20639475,0.0059283455,False
4877,16631.11,True,0.1061507,0.0978836,0.114417806,False
1178,5534.11,False,0.1061175,0.042476054,-0.16975895,False
4899,16697.11,True,0.10608111,0.12023179,0.09193044,False
3873,13619.11,True,0.10607757,-0.02215857,-0.18999657,False
3567,12701.11,True,0.106061354,0.058376435,0.15374628,False
4686,16058.11,True,0.10603728,0.052413657,0.1596609,False
5699,19097.11,True,0.10603185,0.19097969,0.021084014,False
1812,7436.11,False,0.106012,0.043302048,-0.16872196,False
3224,11672.11,False,0.10597916,0.19360997,-0.018348347,False
3968,13904.11,True,0.105922446,0.090809844,0.12103505,False
4402,15206.11,True,0.10583058,0.13485801,0.076803155,False
3486,12458.11,False,0.10580553,0.08385273,-0.12775834,False
3288,11864.11,True,0.10579607,0.17722557,0.03436656,False
3797,13391.11,False,0.105781764,0.115329474,-0.09623405,False
4816,16448.11,False,0.10578025,0.058320317,-0.15324019,False
3880,13640.11,False,0.105779216,0.11647319,-0.09508524,False
1309,5927.11,True,0.105757065,0.004907744,0.20660639,False
5806,19418.11,True,0.1057334,0.13813868,0.07332812,False
5450,18350.11,False,0.10567997,0.16836494,-0.042994995,False
2326,8978.11,False,0.1056586,0.0018417898,-0.20947541,False
2166,8498.11,True,0.10561171,0.15064038,0.060583033,False
5844,19532.11,True,0.10549079,0.1180765,0.092905074,False
855,4565.11,False,0.10548442,-0.053548712,0.15742013,False
4969,16907.11,False,0.105470136,0.17910287,-0.03183741,False
4065,14195.11,False,0.10542637,0.12531368,-0.08553905,False
3778,13334.11,True,0.10536376,0.14029685,0.07043066,False
1265,5795.11,True,0.10534683,-0.19096607,-0.019727595,False
2676,10028.11,False,0.1053404,0.15420952,-0.05647127,False
4957,16871.11,True,0.1052907,0.12807442,0.082506984,False
3560,12680.11,False,0.10528891,0.08096006,-0.12961775,False
806,4418.11,False,0.10527342,0.04508148,-0.16546535,False
1741,7223.11,True,0.105225675,0.03374436,0.17670698,False
743,4229.11,True,0.10520153,0.014503658,0.1958994,False
3505,12515.11,False,0.10520043,0.16841768,-0.04198319,False
3588,12764.11,True,0.10517378,0.1817608,0.028586758,False
5911,19733.11,True,0.105171695,0.14174944,0.06859394,False
3376,12128.11,True,0.10515596,0.17028318,0.040028743,False
1543,6629.11,False,0.10515329,0.06574671,-0.14455988,False
5828,19484.11,False,0.10514347,0.1756577,-0.034629237,False
4654,15962.11,True,0.1051018,0.16502476,0.045178846,False
1273,5819.11,True,0.105100274,0.025617696,0.18458286,False
4986,16958.11,False,0.10509163,0.0841163,-0.12606695,False
5052,17156.11,True,0.105075225,0.16205561,0.048094846,False
5233,17699.11,True,0.10506912,0.16530949,0.04482876,False
5116,17348.11,True,0.10502136,0.18330656,0.026736159,False
244,2732.1099999999997,False,0.10499652,-0.048673052,0.16131999,False
3729,13187.11,True,0.10499163,0.055835806,0.15414746,False
543,3629.1099999999997,False,0.10498925,0.021077823,-0.18890068,False
1561,6683.11,True,0.104982,-0.108349055,-0.101614945,False
984,4952.11,True,0.10497841,-0.16567001,-0.044286814,False
5026,17078.11,True,0.104978055,0.15441523,0.055540867,False
4240,14720.11,True,0.10497482,0.13350806,0.07644159,False
5612,18836.11,True,0.10496767,0.12487207,0.08506326,False
300,2900.1099999999997,True,0.10491082,-0.122899145,-0.08692249,False
5878,19634.11,False,0.10488592,0.110180356,-0.09959149,False
1603,6809.11,True,0.104835056,-0.18934098,-0.020329127,False
1585,6755.11,True,0.10481214,0.17757331,0.032050963,False
4684,16052.11,True,0.104808494,0.08633033,0.123286664,False
5542,18626.11,True,0.10478942,0.15932326,0.050255574,False
4447,15341.11,True,0.10463825,0.13026388,0.079012625,False
5784,19352.11,True,0.10463397,0.10568156,0.10358639,False
3239,11717.11,False,0.10463031,0.13241312,-0.0768475,False
5465,18395.11,False,0.10461547,0.14057261,-0.06865834,False
95,2285.1099999999997,True,0.10450828,-0.1863226,-0.022693954,False
5394,18182.11,True,0.10447224,0.11376437,0.09518012,False
5512,18536.11,False,0.1044541,0.17733614,-0.031572066,False
2924,10772.11,True,0.10438722,0.01967615,0.1890983,False
3809,13427.11,True,0.10436409,0.20178038,0.0069477977,False
590,3770.1099999999997,True,0.104360625,-0.08467488,-0.12404638,False
834,4502.11,True,0.10435144,-0.039358173,-0.16934471,False
1328,5984.11,False,0.10426759,0.046720397,-0.16181478,False
298,2894.1099999999997,False,0.10422171,0.15129244,-0.057150975,False
5788,19364.11,True,0.10421735,0.16289747,0.04553723,False
4362,15086.11,False,0.104101755,-0.14848357,0.059719935,False
2809,10427.11,True,0.10406356,0.15495993,0.053167198,False
5290,17870.11,False,0.10406256,0.112044245,-0.09608086,False
4310,14930.11,True,0.10401906,0.1381266,0.06991152,False
1393,6179.11,False,0.10398505,0.011149623,-0.19682047,False
388,3164.1099999999997,True,0.103967175,0.04935012,0.15858422,False
559,3677.1099999999997,True,0.10393071,-0.016456656,-0.19140477,False
4236,14708.11,True,0.103911854,0.08891638,0.118907325,False
4496,15488.11,False,0.1039003,0.13390587,-0.07389472,False
4710,16130.11,False,0.10386574,0.18111469,-0.026616791,False
5690,19070.11,False,0.10386431,0.10182609,-0.10590253,False
3023,11069.11,False,0.1038169,0.10871751,-0.09891629,False
2899,10697.11,False,0.10380321,0.10687573,-0.10073069,False
2408,9224.11,True,0.10380311,-0.07127551,-0.13633071,False
3997,13991.11,True,0.10379657,0.13487473,0.07271841,False
3602,12806.11,False,0.10371368,0.101517156,-0.105910204,False
3913,13739.11,False,0.103702,0.17896226,-0.028441738,False
5310,17930.11,False,0.10360944,0.13105075,-0.076168135,False
1885,7655.11,False,0.10358119,0.10783308,-0.0993293,False
5890,19670.11,True,0.10358064,0.12973306,0.07742822,False
1387,6161.11,False,0.103559956,0.06804245,-0.13907745,False
5659,18977.11,False,0.10353269,0.11014968,-0.096915685,False
327,2981.1099999999997,False,0.103498265,0.022163913,-0.18483262,False
5350,18050.11,False,0.10345806,0.16848302,-0.03843311,False
5038,17114.11,True,0.10344755,0.16177739,0.045117702,False
642,3926.1099999999997,False,0.1034324,0.1022929,-0.10457191,False
3596,12788.11,True,0.10339895,0.117497504,0.089300394,False
654,3962.1099999999997,False,0.103308395,-0.04884978,0.15776701,False
473,3419.1099999999997,False,0.10328141,-0.0043054926,0.20225732,False
5027,17081.11,True,0.10323233,0.14216477,0.0642999,False
5037,17111.11,False,0.10317531,0.15452981,-0.05182081,False
2122,8366.11,False,0.103163086,0.076942384,-0.12938379,False
1417,6251.11,False,0.10314901,0.117924586,-0.08837344,False
1039,5117.11,False,0.10313897,0.12575682,-0.08052112,False
4711,16133.11,False,0.10312691,0.1423677,-0.06388613,False
5503,18509.11,False,0.10306631,0.15213692,-0.053995706,False
4959,16877.11,True,0.10300725,0.15848601,0.047528494,False
1871,7613.11,True,0.10300119,-0.02478988,-0.1812125,False
3600,12800.11,False,0.10298307,0.055434693,-0.15053146,False
2007,8021.11,True,0.102965996,0.090410605,0.115521386,False
3021,11063.11,True,0.10291936,0.116964094,0.08887463,False
852,4556.11,False,0.10289007,0.12422909,-0.081551045,False
2516,9548.11,True,0.10287208,0.14939803,0.05634613,False
3877,13631.11,True,0.1028117,0.027353818,0.17826958,False
92,2276.1099999999997,True,0.102777176,-0.19725965,-0.0082947025,False
3826,13478.11,True,0.10273886,0.042342998,0.16313472,False
2463,9389.11,True,0.10273529,0.05427766,0.15119292,False
3006,11018.11,True,0.10273233,0.1561894,0.049275257,False
117,2351.1099999999997,False,0.10269753,0.06679599,-0.13859907,False
418,3254.1099999999997,True,0.10269277,-0.11014047,-0.095245056,False
2480,9440.11,True,0.102690786,0.13422017,0.071161404,False
5593,18779.11,True,0.10265009,0.11715032,0.08814987,False
5385,18155.11,True,0.10261604,0.18157104,0.02366105,False
4085,14255.11,False,0.102580726,0.13281144,-0.07235002,False
3974,13922.11,False,0.102490366,0.18687667,-0.018104067,False
5961,19883.11,False,0.10246919,0.11714462,-0.08779375,False
5086,17258.11,True,0.10245748,0.16904092,0.03587403,False
3532,12596.11,True,0.102451965,-0.008084988,-0.19681895,False
4451,15353.11,True,0.1024099,0.10504799,0.09977181,False
2388,9164.11,False,0.10240276,-0.10641543,0.09839009,False
5334,18002.11,False,0.102361076,0.14332443,-0.061397716,False
1396,6188.11,False,0.10234263,0.1205496,-0.08413566,False
4072,14216.11,False,0.10230571,0.15684523,-0.047766194,False
5287,17861.11,False,0.10227936,0.047993343,-0.15656537,False
2239,8717.11,True,0.10227238,0.13715269,0.06739206,False
1465,6395.11,True,0.10225437,0.13186058,0.07264815,False
4458,15374.11,False,0.10218017,0.1805193,-0.02384103,False
2506,9518.11,False,0.10217636,0.0952431,-0.109109625,False
2275,8825.11,True,0.102100186,0.008721564,0.19547881,False
3830,13490.11,False,0.10209763,0.1554433,-0.048751965,False
2203,8609.11,False,0.10202971,0.1032067,-0.10085271,False
5340,18020.11,True,0.1020197,0.0902772,0.11376219,False
5188,17564.11,True,0.10201603,0.19258828,0.011443782,False
3138,11414.11,False,0.10197681,0.13033296,-0.07362066,False
2600,9800.11,True,0.10193575,-0.006233093,-0.1976384,False
5689,19067.11,False,0.10191,0.15327235,-0.05054766,False
746,4238.11,False,0.10188874,0.10978028,-0.093997195,False
3971,13913.11,True,0.101824954,0.07846288,0.12518704,False
5999,19997.11,False,0.101819366,0.17235692,-0.03128181,False
1983,7949.11,True,0.10181853,-0.04040814,-0.16322893,False
2659,9977.11,False,0.10175145,0.1196915,-0.083811395,False
3928,13784.11,False,0.10174972,0.1416867,-0.061812736,False
5960,19880.11,True,0.10171643,0.18197668,0.021456175,False
3808,13424.11,True,0.101712406,0.20039192,0.0030328967,False
5313,17939.11,True,0.10168441,0.12323447,0.08013433,False
1584,6752.11,False,0.10166384,0.10415311,-0.09917458,False
3312,11936.11,False,0.10162341,0.1576585,-0.045588315,False
2464,9392.11,True,0.10161549,0.06466729,0.13856368,False
959,4877.11,True,0.101613,-0.15650749,-0.0467185,False
2100,8300.11,True,0.10157625,-0.0006579185,-0.20249458,False
5020,17060.11,True,0.10155938,0.18005505,0.023063699,False
2843,10529.11,False,0.10148893,-0.03631129,0.16666657,False
2752,10256.11,True,0.10141868,0.13901316,0.06382421,False
1960,7880.11,True,0.10138577,0.03123673,0.17153482,False
4956,16868.11,True,0.10129353,0.1317952,0.070791855,False
4768,16304.11,False,0.101288475,0.1332975,-0.06927945,False
4728,16184.11,True,0.101232514,0.08149165,0.12097337,False
77,2231.1099999999997,False,0.101183474,-0.08852559,0.113841355,False
4304,14912.11,True,0.10113466,0.16706334,0.035205983,False
5236,17708.11,True,0.10112485,0.1481801,0.054069616,False
5319,17957.11,True,0.10111225,0.1207209,0.08150359,False
4366,15098.11,True,0.101072714,-0.087531984,-0.11461345,False
1878,7634.11,False,0.10106183,0.010595083,-0.19152857,False
4267,14801.11,True,0.10105827,0.13078843,0.0713281,False
2712,10136.11,True,0.101049796,-0.025910879,-0.1761887,False
5087,17261.11,False,0.10104793,0.16682377,-0.035272095,False
3254,11762.11,False,0.10104185,0.17053552,-0.03154818,False
436,3308.1099999999997,True,0.10103943,-0.18731567,-0.014763188,False
628,3884.1099999999997,True,0.10103442,0.08018045,0.12188838,False
1737,7211.11,False,0.101006806,0.055510167,-0.14650345,False
1558,6674.11,False,0.10097217,0.14643164,-0.055512697,False
2064,8192.11,False,0.10095268,0.00037018905,-0.20153517,False
4406,15218.11,True,0.100924686,0.07950956,0.122339815,False
4097,14291.11,False,0.10088751,0.16400023,-0.03777478,False
2168,8504.11,True,0.1008389,0.15351897,0.04815883,False
4376,15128.11,True,0.1008383,-0.17382942,-0.027847178,False
4901,16703.11,False,0.10079913,0.12228223,-0.07931602,False
3471,12413.11,False,0.10075051,0.19450545,-0.0069955667,False
4987,16961.11,False,0.10072428,0.068224795,-0.13322377,False
1442,6326.11,True,0.10072124,-0.020926971,-0.18051551,False
2167,8501.11,False,0.10070143,0.2001602,-0.0012426471,False
4373,15119.11,True,0.10067986,-0.13894634,-0.06241338,False
4249,14747.11,False,0.10064372,0.16238603,-0.038901407,False
5866,19598.11,False,0.10064186,0.17614724,-0.02513648,False
3510,12530.11,False,0.1005969,0.13666265,-0.06453115,False
3432,12296.11,False,0.1005942,0.17075348,-0.030434921,False
4185,14555.11,False,0.10057359,0.15832524,-0.042821944,False
1142,5426.11,True,0.10055742,0.029918859,0.17119597,False
3075,11225.11,True,0.10055076,0.039641604,0.16145992,False
3391,12173.11,True,0.10054515,0.13011809,0.07097223,False
4719,16157.11,False,0.100457765,0.15191424,-0.04900129,False
1944,7832.11,False,0.10035618,0.08172046,-0.11899189,False
632,3896.1099999999997,True,0.10025931,0.18796319,0.01255544,False
1771,7313.11,True,0.10024079,-0.053982895,-0.14649868,False
4377,15131.11,True,0.100232475,-0.16562861,-0.034836337,False
3538,12614.11,False,0.10022034,-0.18319885,0.017241819,False
3408,12224.11,True,0.10021494,0.16081129,0.0396186,False
5725,19175.11,True,0.10020742,0.14161912,0.058795728,False
3566,12698.11,True,0.10019007,0.07300108,0.12737906,False
3047,11141.11,False,0.100181796,0.007467823,-0.19289577,False
3446,12338.11,False,0.10017206,0.06820927,-0.13213485,False
5005,17015.11,True,0.100166574,0.15641733,0.043915823,False
4421,15263.11,False,0.10015848,0.06369877,-0.1366182,False
1722,7166.11,True,0.100152,-0.18447408,-0.01582992,False
1289,5867.11,True,0.10012132,0.0016543648,0.19858827,False
3503,12509.11,True,0.1001147,0.09316928,0.107060134,False
5992,19976.11,True,0.10010576,0.14675373,0.053457797,False
4798,16394.11,True,0.100078344,0.13891533,0.06124136,False
1345,6035.11,True,0.100070775,0.08121641,0.11892513,False
5900,19700.11,True,0.100048825,0.14982647,0.050271183,False
3565,12695.11,True,0.1000461,0.06682096,0.13327125,False
2089,8267.11,False,0.10003665,-0.059699945,0.14037335,False
4012,14036.11,True,0.10003361,0.1861771,0.013890111,False
1360,6080.11,True,0.09998363,0.079668224,0.120299034,False
4785,16355.11,True,0.0999275,0.14557067,0.05428433,False
4193,14579.11,True,0.099920325,0.19695683,0.0028838261,False
5378,18134.11,False,0.099908404,0.14081204,-0.059004772,False
3054,11162.11,False,0.09985471,0.047194682,-0.15251473,False
4941,16823.11,True,0.09985252,0.16267926,0.037025776,False
236,2708.1099999999997,True,0.09985182,-0.16349047,-0.036213156,False
1633,6899.11,False,0.0998454,0.0030353388,-0.19665547,False
1395,6185.11,False,0.0998382,0.078355886,-0.121320516,False
2497,9491.11,True,0.09983532,0.15512109,0.044549562,False
3069,11207.11,True,0.09981747,0.088648774,0.110986166,False
5949,19847.11,False,0.09978406,0.18857369,-0.0109944325,False
139,2417.1099999999997,False,0.09977769,0.046475857,-0.15307952,False
4214,14642.11,False,0.099776894,0.089324705,-0.110229075,False
4442,15326.11,True,0.099773236,0.16016094,0.039385527,False
1928,7784.11,True,0.099737294,0.05747051,0.14200407,False
209,2627.1099999999997,False,0.09973726,-0.14308968,0.05638484,False
2596,9788.11,False,0.09969923,0.06990682,-0.12949164,False
1392,6176.11,False,0.099663824,0.100690566,-0.098637074,False
4225,14675.11,True,0.09963739,0.08066511,0.118609674,False
1501,6503.11,True,0.099619925,-0.028304908,-0.17093495,False
5657,18971.11,True,0.099618524,0.16168468,0.03755238,False
3785,13355.11,False,0.09961387,0.1855387,-0.013689041,False
4369,15107.11,True,0.09961258,-0.072988555,-0.1262366,False
809,4427.11,True,0.09961112,-0.0056059263,-0.19361632,False
4784,16352.11,False,0.099576265,0.121233344,-0.077919185,False
4096,14288.11,False,0.09955408,0.1307299,-0.068378255,False
5318,17954.11,True,0.099496655,0.12895401,0.0700393,False
4414,15242.11,False,0.09948207,0.025514305,-0.17344983,False
4683,16049.11,True,0.09946674,0.11345145,0.08548203,False
4243,14729.11,False,0.099447355,0.18069802,-0.01819668,False
940,4820.11,True,0.099435195,-0.008645039,-0.19022535,False
4277,14831.11,True,0.09941609,0.12906228,0.06976991,False
4022,14066.11,False,0.099412486,0.15212882,-0.04669615,False
2060,8180.11,True,0.099387504,-0.0061458442,-0.19262916,False
3417,12251.11,False,0.09938334,0.1703049,-0.02846179,False
5205,17615.11,True,0.09937722,0.14685318,0.051901262,False
5369,18107.11,True,0.09936072,0.15463437,0.044087067,False
1016,5048.11,True,0.09935673,-0.18670595,-0.012007518,False
5024,17072.11,True,0.09935198,0.19198084,0.006723126,False
1548,6644.11,False,0.09934809,0.020929828,-0.17776635,False
3430,12290.11,True,0.09933856,0.13736336,0.061313767,False
3599,12797.11,False,0.09932206,0.06954129,-0.12910283,False
5062,17186.11,False,0.09931475,0.16966897,-0.02896053,False
2718,10154.11,True,0.09924102,0.124564566,0.07391747,False
4968,16904.11,True,0.09920608,0.17881896,0.019593215,False
4642,15926.11,False,0.099200465,0.11973399,-0.07866694,False
1839,7517.11,False,0.09919685,-0.10082386,0.097569846,False
5698,19094.11,True,0.099175476,0.14717439,0.051176563,False
3055,11165.11,False,0.09914762,0.107565954,-0.090729274,False
3684,13052.11,False,0.099146195,0.17213066,-0.026161734,False
5684,19052.11,True,0.0991199,0.11010748,0.08813233,False
1578,6734.11,False,0.099047095,0.011227813,-0.18686637,False
3678,13034.11,True,0.099042654,0.11053837,0.087546945,False
2563,9689.11,False,0.09898906,0.16644593,-0.0315322,False
754,4262.11,True,0.09898629,0.12416387,0.07380871,False
1583,6749.11,True,0.098975,-0.0043502315,-0.19359978,False
1119,5357.11,True,0.09897454,0.052798394,0.14515069,False
2765,10295.11,True,0.09893039,-0.11365173,-0.08420904,False
1902,7706.11,True,0.09892525,0.09577725,0.10207324,False
4965,16895.11,False,0.09889697,0.18820137,-0.009592572,False
1990,7970.11,True,0.09888477,0.12271807,0.075051464,False
3769,13307.11,True,0.098820254,0.12856911,0.0690714,False
5692,19076.11,False,0.09881875,0.117650576,-0.079986915,False
3225,11675.11,True,0.0988158,0.16844976,0.029181842,False
1469,6407.11,True,0.09881498,-0.08951924,-0.108110726,False
3711,13133.11,True,0.09880649,-0.030691009,-0.16692197,False
5311,17933.11,True,0.09873466,0.12843895,0.069030374,False
925,4775.11,False,0.09873274,-0.04036624,0.15709923,False
4797,16391.11,True,0.09872762,0.14691147,0.050543774,False
4348,15044.11,True,0.09872119,-0.19553073,-0.0019116609,False
4988,16964.11,False,0.09858173,0.09397599,-0.10318748,False
3727,13181.11,True,0.09856354,0.1371161,0.060010977,False
5948,19844.11,True,0.098551095,0.14957124,0.04753094,False
65,2195.1099999999997,False,0.09851119,-0.17688051,0.020141864,False
1154,5462.11,True,0.098509,-0.019702278,-0.17731573,False
3036,11108.11,False,0.098504305,0.11488237,-0.08212623,False
5551,18653.11,False,0.098493114,0.11385015,-0.08313609,False
5176,17528.11,True,0.09847906,0.09815801,0.09880011,False
3689,13067.11,True,0.098460235,0.0807573,0.11616317,False
130,2390.1099999999997,True,0.098417416,-0.03176526,-0.16506957,False
3149,11447.11,True,0.09834091,-0.08017821,-0.116503626,False
2375,9125.11,True,0.09829247,0.0392106,0.15737434,False
4181,14543.11,False,0.098272786,0.097742684,-0.09880289,False
4396,15188.11,False,0.09825977,0.038465407,-0.15805413,False
1589,6767.11,True,0.09824256,-0.12374685,-0.07273827,False
675,4025.1099999999997,True,0.098229244,-0.10542421,-0.091034286,False
1315,5945.11,True,0.0981711,-0.07379877,-0.122543424,False
5894,19682.11,True,0.09816678,0.1669619,0.029371668,False
971,4913.11,True,0.09810342,0.10882296,0.087383874,False
5485,18455.11,True,0.098088466,0.16461709,0.031559844,False
380,3140.1099999999997,False,0.09808544,0.0025829582,-0.19358793,False
915,4745.11,True,0.09804988,-0.10463602,-0.09146373,False
2794,10382.11,False,0.09803854,0.02147593,-0.17460115,False
5400,18200.11,True,0.09803434,0.14892815,0.04714053,False
4609,15827.11,True,0.098032385,0.11639468,0.07967009,False
439,3317.1099999999997,True,0.09799728,-0.033634804,-0.16235974,False
3584,12752.11,True,0.09798595,0.11012605,0.08584586,False
5254,17762.11,False,0.09796177,0.121315785,-0.07460775,False
4246,14738.11,True,0.09795413,0.16899548,0.02691278,False
1127,5381.11,True,0.09795361,0.17927027,0.016636955,False
539,3617.1099999999997,False,0.09791699,0.121626526,-0.07420745,False
4259,14777.11,False,0.097881466,0.079153195,-0.11660974,False
5835,19505.11,False,0.09786644,0.16777235,-0.02796053,False
4849,16547.11,True,0.09784846,0.16913944,0.026557483,False
2282,8846.11,True,0.097815335,-0.12622502,-0.069405645,False
946,4838.11,False,0.09780652,0.001908512,-0.19370453,False
4127,14381.11,True,0.09778885,0.108924545,0.08665315,False
2891,10673.11,True,0.09775501,0.07200032,0.1235097,False
3598,12794.11,True,0.097745374,0.12994407,0.06554667,False
5307,17921.11,True,0.09769049,0.17558275,0.019798234,False
5833,19499.11,False,0.09768585,0.14539094,-0.04998076,False
5208,17624.11,True,0.097619504,0.16779305,0.027445955,False
4872,16616.11,False,0.09760325,0.09650245,-0.09870405,False
5218,17654.11,False,0.097589,0.080206685,-0.114971325,False
62,2186.1099999999997,True,0.097573414,-0.045479048,-0.14966778,False
1326,5978.11,False,0.09755139,0.035644673,-0.15945812,False
3100,11300.11,False,0.09751658,0.09536078,-0.09967238,False
5401,18203.11,False,0.09748366,0.17694312,-0.018024195,False
1612,6836.11,True,0.09745346,0.10554196,0.08936495,False
1827,7481.11,False,0.097439356,0.021225208,-0.1736535,False
2790,10370.11,True,0.097425625,0.14126329,0.053587954,False
1912,7736.11,True,0.09735232,0.08950041,0.105204225,False
3008,11024.11,False,0.097325034,0.13240433,-0.062245745,False
5641,18923.11,True,0.097313374,0.17461252,0.020014234,False
1494,6482.11,True,0.09729272,-0.1663726,-0.028212838,False
2257,8771.11,False,0.09728186,0.10430649,-0.09025723,False
3273,11819.11,False,0.0972646,0.07820321,-0.11632599,False
4976,16928.11,False,0.097261004,0.15133387,-0.04318814,False
4601,15803.11,True,0.09725298,0.15133281,0.04317315,False
4393,15179.11,False,0.09724274,-0.1516642,0.04282129,False
5584,18752.11,True,0.09720868,0.11137974,0.08303762,False
4184,14552.11,False,0.097206615,0.13530867,-0.059104558,False
4887,16661.11,False,0.097203,0.13348942,-0.06091658,False
2574,9722.11,False,0.09719099,0.002764127,-0.19161786,False
4126,14378.11,True,0.097158544,0.18619332,0.008123765,False
4017,14051.11,True,0.09715833,0.16060406,0.0337126,False
5946,19838.11,True,0.09712516,0.18724999,0.0070003285,False
4476,15428.11,False,0.09709644,0.17284471,-0.021348178,False
5445,18335.11,False,0.097080216,0.18798353,-0.0061769094,False
1637,6911.11,False,0.09707774,-0.062051184,0.1321043,False
2042,8126.11,True,0.09701492,-0.15565954,-0.038370296,False
5246,17738.11,True,0.09693384,0.15906276,0.03480493,False
4862,16586.11,True,0.096922085,0.15159127,0.042252894,False
832,4496.11,True,0.09692001,0.100062765,0.09377727,False
4182,14546.11,True,0.09690645,0.15115173,0.042661183,False
3136,11408.11,False,0.096888036,0.057693116,-0.13608295,False
976,4928.11,False,0.096874125,0.11178716,-0.08196109,False
2273,8819.11,True,0.09687228,0.08570765,0.108036906,False
4906,16718.11,False,0.096844256,0.109485835,-0.08420268,False
147,2441.1099999999997,True,0.09683935,-0.016250871,-0.17742784,False
3766,13298.11,True,0.0968231,0.10375467,0.089891516,False
5607,18821.11,False,0.096812546,0.09453111,-0.09909397,False
3675,13025.11,False,0.09680651,0.17968853,-0.013924499,False
1408,6224.11,True,0.09678859,-0.14970762,-0.043869574,False
5186,17558.11,False,0.09677066,0.13373925,-0.05980207,False
3258,11774.11,False,0.09676629,0.13104242,-0.062490165,False
5267,17801.11,True,0.09675541,0.1341301,0.059380706,False
4274,14822.11,True,0.09674661,0.17544553,0.018047698,False
708,4124.11,True,0.096715406,-0.049058255,-0.14437255,False
3128,11384.11,True,0.09670795,0.117767856,0.07564804,False
658,3974.1099999999997,True,0.09667283,-0.0209687,-0.17237696,False
3267,11801.11,False,0.096600756,0.14135873,-0.051842775,False
4815,16445.11,False,0.096574016,0.035574574,-0.15757346,False
5415,18245.11,True,0.096564665,0.1440696,0.049059734,False
3073,11219.11,True,0.096538775,-0.03533533,-0.15774222,False
5370,18110.11,False,0.09645124,0.12797995,-0.06492253,False
5854,19562.11,False,0.09644806,0.1904864,-0.0024097157,False
5913,19739.11,True,0.09643689,0.1249988,0.06787497,False
5846,19538.11,True,0.09643209,0.1394638,0.053400382,False
557,3671.1099999999997,False,0.09643178,0.05717636,-0.1356872,False
3593,12779.11,True,0.09641903,0.061882775,0.13095528,False
1772,7316.11,False,0.09637329,0.03225176,-0.16049482,False
101,2303.1099999999997,False,0.09635731,-0.16132084,0.031393785,False
3885,13655.11,True,0.096341856,0.16972154,0.02296217,False
1129,5387.11,True,0.09633588,0.15186031,0.04081145,False
2688,10064.11,True,0.09631784,-0.19225381,-0.00038186568,False
3297,11891.11,False,0.09627076,0.16789655,-0.024644976,False
1327,5981.11,True,0.096266076,-0.01777367,-0.17475848,False
2350,9050.11,True,0.09626384,0.17556906,0.01695863,False
3332,11996.11,False,0.09625257,0.1631182,-0.029386941,False
3311,11933.11,True,0.09625118,0.15396453,0.03853783,False
4191,14573.11,True,0.09622583,0.18922989,0.0032217584,False
1205,5615.11,True,0.096212976,-0.046306673,-0.14611928,False
4055,14165.11,True,0.09618776,0.18267533,0.009700193,False
3158,11474.11,True,0.09618026,0.06716945,0.12519108,False
4511,15533.11,False,0.096144155,0.15952884,-0.032759476,False
5396,18188.11,True,0.0961417,0.060793657,0.13148975,False
4079,14237.11,True,0.09609898,0.16426884,0.027929127,False
5327,17981.11,False,0.096096605,0.094259456,-0.09793376,False
3191,11573.11,True,0.09608473,-0.07895601,-0.11321345,False
4563,15689.11,False,0.096075945,0.116389565,-0.075762324,False
3220,11660.11,False,0.09606465,0.15047143,-0.04165786,False
3899,13697.11,False,0.096050546,0.09926933,-0.09283175,False
4431,15293.11,False,0.09602039,0.019703208,-0.17233758,False
2616,9848.11,True,0.0960179,0.07617075,0.11586505,False
4089,14267.11,False,0.095997706,0.12429981,-0.0676956,False
5715,19145.11,False,0.0959865,0.1529296,-0.03904339,False
4363,15089.11,False,0.095977366,-0.13298883,0.0589659,False
5858,19574.11,True,0.0959678,0.17077895,0.021156657,False
5882,19646.11,True,0.09595899,0.14671418,0.045203812,False
730,4190.11,True,0.09592742,0.11461807,0.07723677,False
690,4070.1099999999997,False,0.09592712,-0.13424991,0.057604328,False
1014,5042.11,True,0.09592702,-0.050191384,-0.14166266,False
4374,15122.11,True,0.095911354,-0.14503106,-0.046791635,False
2640,9920.11,True,0.09587945,-0.004136319,-0.18762258,False
3740,13220.11,False,0.09587065,0.16823922,-0.023502078,False
2892,10676.11,True,0.09584218,0.0716491,0.120035276,False
1005,5015.11,False,0.09583731,-0.034561075,0.15711354,False
4040,14120.11,False,0.095811695,0.13005748,-0.061565902,False
4177,14531.11,False,0.09579253,0.03510405,-0.15648101,False
5745,19235.11,True,0.09578614,0.14367457,0.047897715,False
5092,17276.11,False,0.09578172,0.113064446,-0.078499,False
5646,18938.11,False,0.09577589,0.13497987,-0.0565719,False
2107,8321.11,False,0.09576115,0.09620347,-0.09531883,False
4517,15551.11,True,0.09570395,0.09087541,0.100532494,False
15,2045.11,True,0.09567779,-0.07430603,-0.11704955,False
2517,9551.11,True,0.095608,0.120456964,0.07075904,False
2912,10736.11,False,0.09558439,0.099425316,-0.09174346,False
5232,17696.11,True,0.09557374,0.07910723,0.112040244,False
2425,9275.11,False,0.09548818,0.0053648655,-0.1856115,False
5880,19640.11,False,0.09547742,0.13410702,-0.05684781,False
3221,11663.11,False,0.09547462,0.13787797,-0.05307128,False
1890,7670.11,False,0.09543696,0.07807469,-0.11279923,False
5125,17375.11,False,0.095418416,0.16863263,-0.022204205,False
2740,10220.11,False,0.09538902,0.14769731,-0.04308073,False
4094,14282.11,False,0.09536938,0.118477434,-0.07226134,False
4370,15110.11,True,0.09536663,-0.073226824,-0.11750643,False
2523,9569.11,False,0.09534301,0.073181346,-0.11750468,False
1614,6842.11,True,0.09533709,0.0036988056,0.18697537,False
1445,6335.11,True,0.095329426,0.030018894,0.16063996,False
5071,17213.11,False,0.09530684,0.16825326,-0.022360435,False
5564,18692.11,False,0.09528445,0.16751184,-0.023057062,False
2312,8936.11,False,0.09526265,0.015134005,-0.17539129,False
3576,12728.11,True,0.09526022,0.11257692,0.07794351,False
3621,12863.11,False,0.095258,0.075951554,-0.11456445,False
3119,11357.11,False,0.0952034,0.0758589,-0.1145479,False
4921,16763.11,True,0.09517144,0.12641476,0.063928105,False
873,4619.11,True,0.09513726,-0.01240122,-0.1778733,False
5504,18512.11,False,0.09511921,0.14888135,-0.041357066,False
1818,7454.11,True,0.09510831,-0.04553485,-0.14468177,False
211,2633.1099999999997,True,0.095073946,-0.13941249,-0.050735403,False
4346,15038.11,False,0.09496145,-0.13372159,0.056201305,False
75,2225.1099999999997,True,0.094950795,-0.043202773,-0.14669882,False
4286,14858.11,False,0.09494856,0.15607625,-0.033820868,False
1640,6920.11,True,0.09488959,0.18743049,0.0023486963,False
593,3779.1099999999997,True,0.09487362,0.073797315,0.11594992,False
5343,18029.11,True,0.09481963,0.1731265,0.016512748,False
1236,5708.11,True,0.094806224,0.10950019,0.08011226,False
5446,18338.11,True,0.094721116,0.16700175,0.022440478,False
4033,14099.11,True,0.0946972,0.14901452,0.040379878,False
4560,15680.11,False,0.094661504,0.18423764,-0.0050853677,False
3634,12902.11,True,0.09462523,0.15265226,0.036598187,False
5112,17336.11,True,0.09459441,0.14778116,0.04140766,False
1134,5402.11,True,0.0945753,-0.120542355,-0.06860825,False
5787,19361.11,True,0.09452286,0.08235268,0.10669304,False
3910,13730.11,False,0.094513915,0.16926792,-0.019759905,False
3449,12347.11,True,0.09446766,0.16030498,0.028630342,False
3126,11378.11,True,0.09440407,0.040994007,0.14781414,False
3154,11462.11,True,0.0943629,-0.067971416,-0.120754376,False
5802,19406.11,True,0.09436054,0.16871451,0.02000657,False
728,4184.11,False,0.09434476,0.15627967,-0.032409843,False
5123,17369.11,True,0.09432447,0.17484489,0.013804054,False
5642,18926.11,True,0.09431227,0.16349404,0.025130516,False
4766,16298.11,False,0.09427941,0.0793298,-0.10922902,False
3483,12449.11,True,0.09426731,0.111546285,0.07698834,False
4960,16880.11,False,0.09423998,0.15080118,-0.03767877,False
5870,19610.11,False,0.09420594,0.15110596,-0.037305918,False
4823,16469.11,False,0.09420056,0.008789464,-0.17961165,False
3847,13541.11,False,0.09417896,-0.0992131,0.089144826,False
463,3389.1099999999997,False,0.0941718,0.016626297,-0.1717173,False
814,4442.11,True,0.09416354,-0.077475004,-0.11085208,False
5323,17969.11,False,0.09404457,0.13734269,-0.050746452,False
213,2639.1099999999997,True,0.09404123,-0.050744552,-0.13733791,False
2573,9719.11,False,0.09403415,0.06614973,-0.121918574,False
2217,8651.11,True,0.093975484,0.0034198673,0.18453111,False
454,3362.1099999999997,True,0.09388892,-0.12663174,-0.061146103,False
120,2360.1099999999997,False,0.09383118,-0.1798537,0.0078086746,False
3388,12164.11,False,0.093818195,0.15185249,-0.0357839,False
4099,14297.11,False,0.09381646,0.1750601,-0.01257283,False
3142,11426.11,False,0.09373123,0.09414259,-0.09331987,False
3802,13406.11,True,0.093717985,0.041482802,0.14595316,False
5762,19286.11,True,0.09367294,0.1084214,0.07892448,False
3765,13295.11,False,0.093650445,0.104979776,-0.082321115,False
2895,10685.11,True,0.09364842,0.10080654,0.086490296,False
2253,8759.11,False,0.09363282,0.085344985,-0.10192066,False
5707,19121.11,False,0.09358129,0.10963802,-0.077524565,False
1042,5126.11,True,0.09355709,-0.08416603,-0.10294815,False
5768,19304.11,False,0.093533434,0.12733632,-0.05973055,False
4603,15809.11,True,0.09352559,0.16407523,0.022975955,False
1899,7697.11,True,0.093523785,-0.011540603,-0.17550696,False
770,4310.11,True,0.09346109,-0.12789533,-0.059026852,False
564,3692.1099999999997,True,0.09342795,0.08248593,0.10436997,False
4763,16289.11,False,0.09342656,0.060862284,-0.12599084,False
3886,13658.11,True,0.093406394,0.14211538,0.044697404,False
3301,11903.11,True,0.09339024,0.16267481,0.024105676,False
2327,8981.11,False,0.09338826,0.02259518,-0.16418134,False
803,4409.11,False,0.09337499,0.1523755,-0.034374475,False
4078,14234.11,False,0.09334934,0.10234553,-0.08435315,False
4679,16037.11,True,0.093297765,0.080722034,0.1058735,False
1067,5201.11,True,0.09329158,-0.07772242,-0.10886074,False
1283,5849.11,False,0.09328905,0.13372988,-0.052848212,False
5094,17282.11,True,0.09322514,0.116793096,0.06965717,False
3666,12998.11,True,0.09319268,0.17286503,0.013520332,False
4129,14387.11,False,0.093186356,0.14876561,-0.0376071,False
378,3134.1099999999997,False,0.093177944,0.044826858,-0.14152904,False
5479,18437.11,True,0.09317276,0.15077484,0.035570674,False
5901,19703.11,True,0.093164176,0.13230793,0.054020412,False
5235,17705.11,True,0.09316288,0.18069166,0.0056341,False
4681,16043.11,False,0.09315789,0.14836596,-0.037949815,False
540,3620.1099999999997,False,0.09315306,0.040141575,-0.14616454,False
1446,6338.11,True,0.09314568,0.03342619,0.15286517,False
4826,16478.11,True,0.09313437,0.1304245,0.055844247,False
2174,8522.11,False,0.093111426,0.1251342,-0.061088644,False
5292,17876.11,False,0.093047604,0.120870925,-0.06522428,False
3475,12425.11,False,0.09299283,0.12043981,-0.065545835,False
4995,16985.11,False,0.092966825,0.16814525,-0.01778839,False
5474,18422.11,True,0.09296549,0.18410003,0.0018309555,False
3497,12491.11,True,0.092916,0.16446349,0.021368504,False
591,3773.1099999999997,True,0.09290707,-0.06889111,-0.11692304,False
4842,16526.11,False,0.09290353,0.15384889,-0.031958178,False
5970,19910.11,False,0.09290074,0.09499778,-0.09080369,False
1296,5888.11,True,0.09287852,-0.07251704,-0.113239996,False
4926,16778.11,False,0.09287748,0.09705378,-0.08870118,False
5469,18407.11,True,0.092750646,0.18155798,0.003943309,False
2206,8618.11,False,0.09274919,0.120883845,-0.06461455,False
4018,14054.11,False,0.092742786,0.18029724,-0.0051883305,False
1292,5876.11,True,0.092725165,-0.08474461,-0.10070572,False
1876,7628.11,True,0.0927214,0.12746674,0.057976067,False
4536,15608.11,False,0.09269847,0.03899146,-0.14640547,False
2120,8360.11,False,0.09269102,0.06836447,-0.117017575,False
4121,14363.11,False,0.09266875,0.16961648,-0.015721023,False
5183,17549.11,True,0.09266633,0.11443975,0.07089291,False
1784,7352.11,True,0.09265885,-0.05348743,-0.13183026,False
1881,7643.11,True,0.09264501,0.10712985,0.078160174,False
1993,7979.11,False,0.09260313,0.13315448,-0.052051783,False
1921,7763.11,True,0.092519924,-0.074693576,-0.110346265,False
2646,9938.11,False,0.0924968,0.1123605,-0.0726331,False
4498,15494.11,True,0.09248558,0.06395489,0.121016264,False
5666,18998.11,False,0.09246938,0.086484216,-0.09845454,False
2475,9425.11,False,0.09245507,0.16613339,-0.01877674,False
2867,10601.11,False,0.09245272,-0.076169685,0.10873575,False
1815,7445.11,False,0.09243142,0.034703564,-0.15015927,False
643,3929.1099999999997,False,0.09242824,0.16913638,-0.0157201,False
5181,17543.11,False,0.09241971,0.1501747,-0.034664705,False
4340,15020.11,True,0.092410095,0.10719174,0.07762845,False
198,2594.1099999999997,True,0.09238657,-0.08300577,-0.10176737,False
121,2363.1099999999997,False,0.09236114,-0.07657571,0.10814657,False
1580,6740.11,True,0.09235358,0.002691283,0.18201588,False
5669,19007.11,False,0.09231646,0.18395533,-0.0006775981,False
2812,10436.11,True,0.09231178,-0.04310648,-0.14151707,False
205,2615.1099999999997,True,0.09229711,-0.029876722,-0.15471749,False
566,3698.1099999999997,True,0.092274755,-0.055862423,-0.12868708,False
3733,13199.11,False,0.09227126,0.07710058,-0.10744194,False
3842,13526.11,False,0.09225125,0.015434378,-0.16906811,False
3481,12443.11,True,0.09224335,0.11529503,0.06919167,False
387,3161.1099999999997,False,0.09222864,-0.0374597,0.14699759,False
2184,8552.11,True,0.092225775,0.056232296,0.12821925,False
2605,9815.11,False,0.09222471,0.007501049,-0.17694837,False
4992,16976.11,True,0.092126444,0.14939135,0.03486153,False
4792,16376.11,True,0.09198795,0.17445306,0.009522841,False
2947,10841.11,False,0.09193115,0.029760372,-0.15410192,False
571,3713.1099999999997,True,0.0918435,-0.10577291,-0.0779141,False
5463,18389.11,False,0.0918062,0.1110539,-0.072558515,False
772,4316.11,True,0.09173173,-0.009314511,-0.17414895,False
2130,8390.11,False,0.09170154,0.082479045,-0.10092402,False
2928,10784.11,True,0.091701254,-0.17692445,-0.006478062,False
4608,15824.11,True,0.09169997,0.10205829,0.08134166,False
2557,9671.11,False,0.091684945,0.00427201,-0.17909788,False
783,4349.11,True,0.09168256,0.03906348,0.14430164,False
3782,13346.11,False,0.09165393,0.15701969,-0.026288174,False
4235,14705.11,True,0.091621414,0.03171516,0.15152767,False
2073,8219.11,True,0.09160839,0.06833302,0.11488376,False
2903,10709.11,True,0.0915935,0.14264718,0.040539812,False
3048,11144.11,True,0.0915754,-0.029999932,-0.15315087,False
5664,18992.11,False,0.09153939,0.06214465,-0.12093413,False
3960,13880.11,False,0.09150907,0.14096235,-0.042055786,False
2868,10604.11,False,0.09150647,-0.12340813,0.05960482,False
5796,19388.11,True,0.09149669,0.14831582,0.034677573,False
2461,9383.11,False,0.09143579,0.10552849,-0.07734309,False
5836,19508.11,True,0.091406606,0.15394846,0.028864753,False
5273,17819.11,True,0.0913976,0.097456396,0.08533881,False
762,4286.11,False,0.0913389,-0.0019563404,0.18072146,False
2518,9554.11,True,0.09131715,0.07332638,0.10930792,False
4775,16325.11,False,0.09131447,0.17217247,-0.0104564745,False
3234,11702.11,False,0.09130139,0.13353051,-0.049072266,False
802,4406.11,False,0.09129296,0.1319607,-0.050625216,False
1556,6668.11,False,0.09125669,0.09530364,-0.08720974,False
4501,15503.11,False,0.09119121,0.13396087,-0.048421543,False
308,2924.1099999999997,True,0.0911693,-0.041702755,-0.14063583,False
3101,11303.11,False,0.09110444,0.14950898,-0.032699898,False
4074,14222.11,True,0.09109042,0.14253268,0.039648157,False
844,4532.11,True,0.09108164,-0.112902746,-0.06926054,False
2429,9287.11,True,0.091030344,-0.063717045,-0.118343644,False
3452,12356.11,True,0.091028415,0.116372295,0.065684535,False
5891,19673.11,False,0.09102632,0.09153901,-0.09051363,False
2558,9674.11,False,0.091020875,0.047218997,-0.13482276,False
1782,7346.11,True,0.0909904,-0.027003156,-0.15497765,False
860,4580.11,False,0.0909836,-0.11999936,0.061967842,False
4341,15023.11,False,0.090945035,0.10083447,-0.0810556,False
3616,12848.11,False,0.090885766,-0.15868092,0.023090612,False
2522,9566.11,False,0.09087139,0.030916467,-0.15082632,False
379,3137.1099999999997,True,0.09082659,-0.011832901,-0.16982028,False
2607,9821.11,True,0.090817146,0.034838106,0.14679618,False
942,4826.11,False,0.090817064,-0.042601816,0.1390323,False
3495,12485.11,True,0.09080931,0.14261839,0.039000228,False
5499,18497.11,True,0.090768665,0.16780104,0.013736297,False
3872,13616.11,False,0.09074159,0.055662345,-0.12582083,False
4802,16406.11,True,0.09073815,0.17251594,0.008960356,False
1332,5996.11,False,0.09071652,0.054449882,-0.12698315,False
154,2462.1099999999997,False,0.09067925,0.14937526,-0.031983238,False
5427,18281.11,False,0.0906333,0.08094854,-0.10031807,False
3041,11123.11,True,0.09054779,0.097273104,0.08382248,False
4173,14519.11,True,0.09054313,-0.06410271,-0.11698355,False
1658,6974.11,True,0.09048248,0.06301222,0.11795274,False
2775,10325.11,False,0.09042686,0.11419996,-0.06665377,False
3958,13874.11,False,0.09042382,0.11341661,-0.06743103,False
5676,19028.11,False,0.0903571,0.1424186,-0.038295615,False
5778,19334.11,True,0.090347335,0.13548563,0.04520903,False
972,4916.11,True,0.09032713,0.17535117,0.0053030797,False
4365,15095.11,True,0.090314746,-0.082182325,-0.098447174,False
3163,11489.11,False,0.090298906,0.099725895,-0.080871925,False
2201,8603.11,False,0.0902979,0.08004118,-0.10055462,False
5747,19241.11,False,0.09028378,0.16585244,-0.014715127,False
5872,19616.11,False,0.09026594,0.16627179,-0.014260086,False
1943,7829.11,False,0.090252176,0.08466281,-0.09584155,False
1035,5105.11,True,0.09023802,0.13015868,0.05031736,False
2245,8735.11,True,0.090233505,0.17652866,0.003938347,False
4313,14939.11,False,0.09021348,0.1219807,-0.05844626,False
1566,6698.11,False,0.09014575,-0.037680723,0.14261079,False
5537,18611.11,False,0.09014384,0.17441757,-0.0058701024,False
4909,16727.11,False,0.090135574,0.11211799,-0.06815316,False
3178,11534.11,True,0.090133555,-0.109762974,-0.07050414,False
2803,10409.11,False,0.09009186,0.13525446,-0.04492927,False
4846,16538.11,True,0.090057135,0.07704757,0.1030667,False
442,3326.1099999999997,True,0.090054676,-0.12277312,-0.057336226,False
943,4829.11,True,0.0900338,-0.14160831,-0.03845929,False
3603,12809.11,True,0.09003256,0.09240359,0.08766154,False
3775,13325.11,True,0.090030104,0.09881161,0.081248604,False
161,2483.1099999999997,False,0.0900217,0.024927562,-0.15511584,False
5081,17243.11,True,0.08992455,0.15448877,0.02536033,False
2642,9926.11,False,0.0899231,0.04576304,-0.13408315,False
5074,17222.11,True,0.08983624,0.16345237,0.016220104,False
2804,10412.11,False,0.08982973,0.11868186,-0.06097759,False
786,4358.11,False,0.08980927,0.1472781,-0.032340437,False
3892,13676.11,True,0.08978181,0.14789434,0.03166929,False
5260,17780.11,True,0.08976407,0.10686056,0.07266758,False
700,4100.11,False,0.08975211,0.14246199,-0.037042223,False
3162,11486.11,True,0.08975128,0.13951181,0.03999075,False
3477,12431.11,False,0.08970364,0.09568126,-0.083726026,False
1049,5147.11,True,0.08961187,-0.013275878,-0.16594787,False
1013,5039.11,False,0.08951274,0.085526,-0.09349949,False
5448,18344.11,False,0.089485295,0.17586096,-0.0031096372,False
4886,16658.11,False,0.08943994,0.13944204,-0.03943784,False
2954,10862.11,False,0.089412645,0.15296094,-0.025864353,False
2013,8039.11,False,0.08940978,-0.06395719,0.114862375,False
1399,6197.11,True,0.08939884,0.026223611,0.15257406,False
1185,5555.11,True,0.089368835,-0.08609449,-0.09264318,False
3870,13610.11,True,0.0893122,-0.025107397,-0.15351701,False
3591,12773.11,True,0.08930945,0.1125477,0.06607119,False
2162,8486.11,False,0.089274466,-0.00906388,0.16948505,False
4464,15392.11,True,0.08926898,0.17782578,0.0007121814,False
1112,5336.11,True,0.089265436,0.1464189,0.032111965,False
5696,19088.11,False,0.08926228,0.15490073,-0.02362382,False
5414,18242.11,True,0.08922321,0.12685078,0.051595647,False
3223,11669.11,True,0.08918577,0.15437894,0.023992594,False
2655,9965.11,False,0.08916739,0.15775564,-0.020579124,False
2237,8711.11,False,0.08916449,0.14120708,-0.03712189,False
4709,16127.11,True,0.08914788,0.1559296,0.022366174,False
1390,6170.11,True,0.08909011,0.16983415,0.008346062,False
4834,16502.11,True,0.08906847,0.17555463,0.0025823107,False
3382,12146.11,True,0.08903122,0.1601133,0.017949132,False
4907,16721.11,False,0.08901622,0.1110575,-0.066974945,False
4359,15077.11,False,0.08901337,-0.14543886,0.03258787,False
3606,12818.11,True,0.08890231,0.07673385,0.10107078,False
1064,5192.11,True,0.08880123,-0.061826143,-0.11577631,False
2006,8018.11,False,0.088799626,-0.047925122,0.12967412,False
3020,11060.11,True,0.08877473,0.11174436,0.06580511,False
3196,11588.11,True,0.08873379,0.0746302,0.10283738,False
1810,7430.11,True,0.08872232,-0.066596985,-0.11084765,False
2046,8138.11,True,0.088711046,-0.04304598,-0.13437611,False
2154,8462.11,True,0.08869322,0.07153158,0.105854854,False
2274,8822.11,False,0.08869071,-0.011310421,0.166071,False
3129,11387.11,False,0.08862968,0.1519795,-0.025279848,False
1057,5171.11,True,0.08860588,-0.08362388,-0.09358789,False
4970,16910.11,False,0.08858222,0.09393975,-0.083224684,False
5154,17462.11,False,0.08856492,0.13455684,-0.042572994,False
4571,15713.11,True,0.08856297,0.16984652,0.0072794193,False
4788,16364.11,True,0.08855955,0.14828798,0.028831122,False
678,4034.1099999999997,False,0.088498965,0.1070817,-0.06991624,False
4305,14915.11,False,0.08845889,0.11504256,-0.06187522,False
4521,15563.11,True,0.088453874,0.13428578,0.042621974,False
2866,10598.11,False,0.08843982,-0.03823431,0.13864534,False
2260,8780.11,False,0.08838464,0.059899434,-0.11686986,False
466,3398.1099999999997,True,0.08833625,-0.03312595,-0.14354655,False
3420,12260.11,False,0.08831657,0.115377545,-0.06125559,False
3770,13310.11,True,0.08829876,0.1303012,0.046296313,False
1945,7835.11,False,0.08828646,0.12057117,-0.056001756,False
3973,13919.11,False,0.08824847,0.13603115,-0.040465783,False
4364,15092.11,True,0.088241056,-0.112054355,-0.06442776,False
4119,14357.11,False,0.0881785,0.09921064,-0.07714635,False
5361,18083.11,False,0.088122115,0.121796384,-0.054447852,False
1897,7691.11,True,0.08810694,0.14159714,0.034616742,False
3879,13637.11,False,0.08810675,0.115089126,-0.06112438,False
3195,11585.11,True,0.08805508,0.027355185,0.14875498,False
3536,12608.11,False,0.08805082,-0.15337183,0.02272981,False
2900,10700.11,True,0.088028386,0.16529575,0.01076102,False
4344,15032.11,False,0.08788117,-0.035078425,0.14068392,False
4426,15278.11,True,0.08787992,0.042531908,0.13322793,False
3608,12824.11,True,0.08787627,0.020010548,0.15574199,False
3575,12725.11,False,0.087870575,0.082707554,-0.0930336,False
4150,14450.11,True,0.08783568,0.017486481,0.15818487,False
2376,9128.11,True,0.08782924,0.0068629547,0.16879553,False
189,2567.1099999999997,True,0.08780287,0.022532998,0.15307274,False
2373,9119.11,True,0.08777644,0.096461974,0.0790909,False
4648,15944.11,True,0.08775693,0.17053956,0.004974306,False
2916,10748.11,True,0.08772373,0.08042683,0.09502064,False
3643,12929.11,False,0.0877089,0.120732434,-0.054685365,False
5335,18005.11,True,0.08769746,0.15387493,0.021519987,False
222,2666.1099999999997,True,0.08767587,0.07870725,0.09664449,False
5411,18233.11,True,0.08766112,0.17334525,0.0019769857,False
4791,16373.11,True,0.08764634,0.15613958,0.019153105,False
5464,18392.11,False,0.08763334,0.119683854,-0.05558282,False
2624,9872.11,False,0.08762312,0.06563434,-0.1096119,False
2780,10340.11,True,0.08761481,0.08964963,0.08557999,False
1929,7787.11,True,0.08757356,0.06023047,0.11491664,False
5921,19763.11,False,0.08755074,0.15659767,-0.018503804,False
4514,15542.11,True,0.08752595,0.14718458,0.027867317,False
5041,17123.11,False,0.087504014,0.1647682,-0.01023982,False
2715,10145.11,True,0.08747028,0.09297535,0.081965216,False
5687,19061.11,False,0.087439045,0.06542355,-0.10945455,False
3571,12713.11,True,0.08741725,0.15295489,0.021879608,False
1615,6845.11,True,0.08739844,-0.12809646,-0.046700418,False
2645,9935.11,False,0.087345555,0.09917663,-0.07551448,False
4195,14585.11,True,0.08734014,0.12484997,0.049830306,False
5611,18833.11,True,0.08734014,0.13756892,0.03711136,False
3756,13268.11,False,0.08733785,0.059801262,-0.11487444,False
2150,8450.11,False,0.087327614,0.018882273,-0.15577295,False
3219,11657.11,False,0.08731868,0.15819679,-0.016440574,False
5487,18461.11,True,0.08731208,0.16860618,0.0060179774,False
4814,16442.11,False,0.08728757,0.07022124,-0.1043539,False
766,4298.11,False,0.08727988,-0.007939145,0.16662061,False
3640,12920.11,False,0.087240875,0.12303442,-0.051447332,False
4841,16523.11,True,0.08717668,0.16581115,0.008542202,False
155,2465.1099999999997,False,0.08712709,0.13385913,-0.040395044,False
119,2357.1099999999997,False,0.08711463,-0.110711984,0.06351729,False
3457,12371.11,True,0.08711357,0.1585764,0.015650729,False
1997,7991.11,False,0.0870726,0.06705818,-0.10708702,False
5189,17567.11,False,0.08705905,0.15969346,-0.014424639,False
2236,8708.11,True,0.08703974,0.10363511,0.07044436,False
2588,9764.11,True,0.08703892,0.011390427,0.1626874,False
1704,7112.11,False,0.08703723,0.026902884,-0.14717157,False
4428,15284.11,True,0.08703403,0.060930744,0.11313733,False
4958,16874.11,True,0.0870132,0.16409312,0.0099332845,False
88,2264.1099999999997,True,0.087010786,-0.005356528,-0.16866505,False
5353,18059.11,False,0.0870079,0.03963625,-0.13437955,False
5230,17690.11,True,0.086997926,0.077203184,0.096792676,False
3287,11861.11,False,0.08698696,0.10561216,-0.06836175,False
2451,9353.11,False,0.08695599,0.031949867,-0.14196211,False
846,4538.11,False,0.08693391,0.045656092,-0.12821172,False
1425,6275.11,False,0.08690611,0.0047317836,-0.16908044,False
884,4652.11,False,0.08688799,-0.011692791,0.1620832,False
812,4436.11,True,0.08681063,-0.06833567,-0.1052856,False
3709,13127.11,True,0.08678913,-0.016965495,-0.15661277,False
351,3053.1099999999997,True,0.0867854,0.032158658,0.14141214,False
5549,18647.11,True,0.08678385,0.15832774,0.015239949,False
1391,6173.11,False,0.08676767,0.17085615,-0.0026792036,False
2499,9497.11,False,0.08675709,0.09833493,-0.07517925,False
5354,18062.11,False,0.08671829,0.038823977,-0.1346126,False
2772,10316.11,True,0.086661376,0.15821247,0.015110278,False
1321,5963.11,True,0.086648636,-0.030001571,-0.1432957,False
3909,13727.11,False,0.08664771,0.13476376,-0.038531665,False
4612,15836.11,False,0.086618766,0.07992051,-0.093317024,False
3587,12761.11,True,0.086617365,0.11528534,0.057949398,False
4852,16556.11,False,0.08660814,0.14542185,-0.027794432,False
3936,13808.11,True,0.08659385,0.10722758,0.06596013,False
5851,19553.11,True,0.08656003,0.16746993,0.0056501287,False
3268,11804.11,True,0.08652127,0.12431989,0.048722643,False
5168,17504.11,True,0.08651638,0.07089367,0.1021391,False
2420,9260.11,True,0.086500965,0.06305263,0.1099493,False
1967,7901.11,True,0.08649828,0.15858977,0.014406805,False
3425,12275.11,True,0.086481966,0.15800169,0.014962245,False
4753,16259.11,True,0.08645383,0.07854884,0.094358824,False
3661,12983.11,True,0.086443156,0.09529437,0.07759193,False
1529,6587.11,False,0.08642711,0.16262452,-0.010229698,False
5212,17636.11,True,0.08639577,0.13618323,0.036608316,False
2405,9215.11,False,0.08639425,0.012000343,-0.16078816,False
3818,13454.11,False,0.08637832,0.08906855,-0.083688095,False
5245,17735.11,True,0.086336866,0.1518547,0.020819036,False
3710,13130.11,True,0.08630008,-0.038237613,-0.13436255,False
1977,7931.11,True,0.08628391,-0.084230155,-0.08833765,False
2918,10754.11,True,0.08623938,0.052369066,0.1201097,False
5069,17207.11,False,0.08622883,0.10849469,-0.06396297,False
3356,12068.11,True,0.086220786,0.10843885,0.06400272,False
2815,10445.11,True,0.086176306,-0.1165963,-0.05575632,False
2745,10235.11,True,0.08615746,0.105524704,0.06679022,False
256,2768.1099999999997,False,0.08612415,-0.08740402,0.08484428,False
3779,13337.11,False,0.086116046,0.15219507,-0.020037033,False
309,2927.1099999999997,False,0.0861148,-0.09951162,0.07271798,False
2914,10742.11,False,0.08607416,0.10514136,-0.06700697,False
5726,19178.11,True,0.08603058,0.15771827,0.014342894,False
1817,7451.11,True,0.086019196,-0.021839613,-0.15019877,False
5308,17924.11,False,0.086017884,0.14617032,-0.025865454,False
5974,19922.11,False,0.086012155,0.12292949,-0.049094815,False
3240,11720.11,False,0.08599634,0.12267097,-0.049321707,False
5283,17849.11,True,0.08599278,0.12441189,0.047573674,False
219,2657.1099999999997,True,0.08597419,0.058788504,0.11315987,False
1511,6533.11,True,0.08596848,-0.071703345,-0.10023362,False
862,4586.11,False,0.08592304,-0.06663686,0.10520922,False
1065,5195.11,True,0.08590151,-0.13341306,-0.038389973,False
1717,7151.11,True,0.085892424,0.019451587,0.15233326,False
2614,9842.11,False,0.085868925,0.023528518,-0.14820933,False
4769,16307.11,False,0.0858497,0.12187008,-0.04982933,False
1186,5558.11,True,0.08584772,0.10675974,0.06493571,False
1713,7139.11,True,0.085836776,-0.056159314,-0.11551424,False
511,3533.1099999999997,True,0.0858289,-0.025135538,-0.14652227,False
2409,9227.11,True,0.08580518,-0.06944699,-0.102163374,False
1339,6017.11,False,0.08576831,0.1426263,-0.02891033,False
3542,12626.11,True,0.085734636,-0.103120245,-0.068349026,False
2149,8447.11,False,0.085727155,0.047024917,-0.1244294,False
395,3185.1099999999997,False,0.085721895,-0.1676752,0.0037685903,False
5905,19715.11,False,0.08571488,0.15910666,-0.012323094,False
4086,14258.11,True,0.08567724,0.13774396,0.033610515,False
4535,15605.11,False,0.085675485,0.0026857692,-0.1686652,False
3999,13997.11,True,0.08566807,0.11197662,0.059359528,False
4917,16751.11,False,0.085636914,0.09243442,-0.07883941,False
4730,16190.11,True,0.08559507,0.1431573,0.028032832,False
3827,13481.11,True,0.08559088,0.098591745,0.07259001,False
5234,17702.11,False,0.08557437,0.13259529,-0.03855346,False
1317,5951.11,False,0.08553663,-0.00459709,0.16647616,False
2485,9455.11,False,0.0854702,0.073187105,-0.0977533,False
4443,15329.11,False,0.085451394,0.124609254,-0.04629354,False
3713,13139.11,True,0.08544104,-0.010954116,-0.15992796,False
4789,16367.11,True,0.0854293,0.110542946,0.060315665,False
2621,9863.11,False,0.085393235,0.07759619,-0.09319029,False
5342,18026.11,True,0.08533542,0.12165563,0.049015213,False
5002,17006.11,False,0.08533302,0.16260755,-0.008058496,False
2161,8483.11,True,0.08532782,0.023264993,0.14739065,False
5007,17021.11,False,0.085315794,0.1620044,-0.008627184,False
4981,16943.11,True,0.085294664,0.115306966,0.055282366,False
5501,18503.11,False,0.085221134,0.15491877,-0.0155234905,False
1762,7286.11,True,0.08522081,-0.11892005,-0.051521566,False
2141,8423.11,False,0.085181184,0.07617114,-0.09419123,False
4584,15752.11,True,0.085129455,0.08597635,0.08428257,False
5358,18074.11,False,0.08512592,0.16937424,-0.00087761093,False
3615,12845.11,False,0.08509949,-0.16426471,0.0059342687,False
1678,7034.11,True,0.08503875,-0.072000176,-0.09807732,False
1509,6527.11,True,0.085020036,0.047003966,0.12303611,False
5955,19865.11,False,0.085003935,0.12596165,-0.044046223,False
1342,6026.11,True,0.084997,0.011867185,0.15812682,False
3209,11627.11,True,0.084899984,0.042932704,0.12686726,False
3732,13196.11,False,0.08487446,0.028582452,-0.14116646,False
5375,18125.11,True,0.08487203,0.12115207,0.048591986,False
2769,10307.11,False,0.0848409,0.03970829,-0.12997352,False
2252,8756.11,False,0.08483263,0.09511386,-0.0745514,False
4808,16424.11,True,0.084826775,0.120666474,0.04898708,False
4853,16559.11,False,0.08479412,0.14692257,-0.02266566,False
199,2597.1099999999997,True,0.08476976,-0.061486468,-0.10805306,False
2847,10541.11,False,0.084766544,0.15819667,-0.01133642,False
3040,11120.11,False,0.08475462,0.11709458,-0.05241467,False
3679,13037.11,True,0.084688365,0.14528133,0.024095403,False
3208,11624.11,True,0.08460426,0.07080197,0.098406546,False
3758,13274.11,False,0.08457807,0.046900988,-0.122255154,False
5767,19301.11,False,0.084557295,0.13497746,-0.034137122,False
4360,15080.11,True,0.08453221,-0.14792879,-0.021135623,False
5984,19952.11,False,0.08450658,0.14794943,-0.021063736,False
5904,19712.11,True,0.0844759,0.12644204,0.042509753,False
2063,8189.11,False,0.08446568,0.027303625,-0.14162774,False
3682,13046.11,True,0.08442098,0.1131043,0.055737663,False
2550,9650.11,True,0.08441903,-0.15432324,-0.014514825,False
5152,17456.11,True,0.084392674,0.14013034,0.028655013,False
3803,13409.11,True,0.0843226,0.05984585,0.108799346,False
3319,11957.11,True,0.08432169,0.08109493,0.087548465,False
2207,8621.11,False,0.08427404,0.119931765,-0.048616305,False
5838,19514.11,True,0.08426058,0.15715681,0.011364357,False
3561,12683.11,False,0.08424513,0.06620446,-0.102285795,False
5377,18131.11,True,0.08424058,0.11806523,0.05041593,False
5717,19151.11,True,0.08424002,0.109432936,0.05904711,False
5839,19517.11,False,0.08423917,0.1388626,-0.02961574,False
3355,12065.11,True,0.08422564,0.08803143,0.08041985,False
4513,15539.11,False,0.08421619,0.11898597,-0.04944642,False
3266,11798.11,True,0.084212184,0.14010558,0.02831879,False
5780,19340.11,False,0.084201634,0.16001791,-0.008385355,False
4522,15566.11,False,0.084191434,0.047861986,-0.12052088,False
5481,18443.11,False,0.084190294,0.16768484,-0.00069574866,False
5812,19436.11,True,0.084185824,0.0795644,0.08880725,False
4000,14000.11,True,0.08418226,0.10115396,0.067210555,False
5532,18596.11,False,0.0841608,0.10730365,-0.06101794,False
5550,18650.11,True,0.084148355,0.13363233,0.03466438,False
3680,13040.11,False,0.084144324,0.13844062,-0.029848024,False
2015,8045.11,True,0.08408778,-0.117010735,-0.051164832,False
2886,10658.11,True,0.08407293,0.06715151,0.100994356,False
1217,5651.11,False,0.08407073,-0.121657886,0.04648356,False
1225,5675.11,True,0.084043466,0.054124843,0.11396209,False
2587,9761.11,False,0.08403303,-0.009442014,0.15862404,False
1872,7616.11,True,0.084023796,-0.04624771,-0.121799886,False
5488,18464.11,False,0.084022455,0.14209755,-0.025947364,False
5039,17117.11,True,0.08400395,0.15764374,0.010364157,False
5852,19556.11,False,0.08399155,0.1552754,-0.012707699,False
5865,19595.11,True,0.08396532,0.15853915,0.009391484,False
2879,10637.11,True,0.08390901,0.16284719,0.0049708392,False
4894,16682.11,True,0.08390712,0.16190301,0.005911236,False
2325,8975.11,False,0.08390119,0.001710339,-0.16609204,False
2224,8672.11,False,0.0838955,0.056325704,-0.11146529,False
1374,6122.11,False,0.08389391,0.005761422,-0.1620264,False
5980,19940.11,True,0.08378273,0.1671363,0.0004291614,False
2953,10859.11,False,0.08378074,0.16161732,-0.0059441663,False
159,2477.1099999999997,False,0.0837225,0.047559045,-0.11988595,False
699,4097.11,False,0.08371861,0.021978786,-0.14545844,False
5124,17372.11,False,0.08371817,0.1464225,-0.021013843,False
5601,18803.11,True,0.0836681,0.16092458,0.0064116134,False
5141,17423.11,False,0.08366696,0.16626671,-0.0010672038,False
793,4379.11,False,0.08358377,-0.14708099,0.020086564,False
3951,13853.11,False,0.083572015,0.11180972,-0.0553343,False
4338,15014.11,False,0.08356954,0.12069049,-0.04644859,False
4083,14249.11,True,0.08343385,0.12029011,0.046577603,False
4940,16820.11,False,0.08338212,0.15240726,-0.014356992,False
3546,12638.11,True,0.083381474,0.031650215,0.13511273,False
3594,12782.11,False,0.08336148,0.08042516,-0.0862978,False
1631,6893.11,True,0.08331217,0.09649141,0.070132926,False
5925,19775.11,True,0.083289236,0.1404696,0.02610888,False
131,2393.1099999999997,True,0.083185785,0.013391485,0.15298009,False
2192,8576.11,False,0.083172396,0.009560008,-0.15678479,False
2,2006.11,True,0.0831685,-0.10970138,-0.056635614,False
4782,16346.11,False,0.08315736,0.07170167,-0.09461306,False
2021,8063.11,False,0.083140045,0.121026225,-0.045253865,False
4972,16916.11,False,0.0830369,0.08170606,-0.084367745,False
2428,9284.11,True,0.08301403,-0.057486456,-0.10854159,False
5888,19664.11,False,0.08299488,0.11305539,-0.05293437,False
5197,17591.11,True,0.08298811,0.13100354,0.034972683,False
2777,10331.11,True,0.08291252,-0.053622052,-0.11220299,False
833,4499.11,False,0.082878605,0.05371681,-0.1120404,False
2329,8987.11,False,0.08287818,-0.02935935,0.136397,False
1372,6116.11,True,0.082830384,0.06378301,0.10187776,False
4946,16838.11,False,0.08282795,0.14503591,-0.020619983,False
3589,12767.11,False,0.08282413,0.14108326,-0.024565011,False
1512,6536.11,True,0.08277875,-0.096503325,-0.06905417,False
5101,17303.11,False,0.08274209,0.143789,-0.021695182,False
5797,19391.11,False,0.08271873,0.13100316,-0.034434307,False
2585,9755.11,True,0.082681775,-0.0847319,-0.08063166,False
372,3116.1099999999997,False,0.08255997,-0.11941609,0.045703858,False
4623,15869.11,False,0.082497805,-0.026196696,0.13879892,False
5096,17288.11,True,0.082466595,0.13128953,0.033643663,False
144,2432.1099999999997,True,0.08239865,0.048313905,0.116483405,False
2755,10265.11,False,0.0823905,0.14765085,-0.017130159,False
1386,6158.11,False,0.082371235,0.15078808,-0.013954392,False
3533,12599.11,True,0.08235138,-0.016366905,-0.14833586,False
4778,16334.11,True,0.082324594,0.074123174,0.09052602,False
2737,10211.11,False,0.0823029,-0.024282062,0.14032373,False
4616,15848.11,True,0.08229543,0.09869119,0.065899685,False
1632,6896.11,False,0.08228552,0.030342301,-0.13422875,False
2746,10238.11,False,0.08225116,0.1561319,-0.00837043,False
854,4562.11,True,0.08222729,0.03646804,0.12798654,False
4057,14171.11,True,0.082192145,0.15465945,0.009724842,False
5871,19613.11,False,0.082077034,0.13942206,-0.024732007,False
5610,18830.11,False,0.08206034,0.12900329,-0.03511738,False
5951,19853.11,True,0.08205875,0.13434431,0.029773189,False
365,3095.1099999999997,False,0.08204552,-0.042305414,0.121785626,False
4962,16886.11,True,0.082006015,0.1480924,0.015919624,False
4722,16166.11,True,0.08193485,0.15357198,0.010297721,False
2950,10850.11,True,0.0818935,0.08573439,0.07805262,False
5658,18974.11,True,0.08187534,0.10795159,0.055799097,False
588,3764.1099999999997,True,0.081867985,-0.14224173,-0.021494236,False
4368,15104.11,True,0.08169763,-0.07628615,-0.0871091,False
2751,10253.11,False,0.081673265,0.15787303,-0.005473494,False
5362,18086.11,True,0.081673115,0.16218807,0.0011581632,False
800,4400.11,False,0.08166041,0.066983685,-0.09633714,False
1498,6494.11,False,0.08164637,0.040972974,-0.122319765,False
2471,9413.11,False,0.08161445,0.14938176,-0.013847143,False
1914,7742.11,True,0.08158967,-0.06308378,-0.10009555,False
2774,10322.11,False,0.08155497,0.14389876,-0.01921119,False
4484,15452.11,True,0.0815406,0.005329876,0.15775132,False
3595,12785.11,True,0.081540376,0.11515002,0.047930725,False
1301,5903.11,True,0.08153673,-0.1527784,-0.010295066,False
2129,8387.11,False,0.081527695,0.0067720492,-0.15628333,False
2145,8435.11,False,0.08151987,0.12333518,-0.03970456,False
3688,13064.11,True,0.08145461,0.103381716,0.059527505,False
1006,5018.11,True,0.081407204,-0.0914975,-0.07131691,False
148,2444.1099999999997,False,0.081375614,0.09201892,-0.07073231,False
5067,17201.11,False,0.0813669,0.14781356,-0.014920232,False
1927,7781.11,True,0.08121581,0.00495429,0.15747732,False
2660,9980.11,False,0.08119953,0.07466553,-0.087733515,False
5206,17618.11,True,0.081180826,0.08800529,0.07435637,False
5099,17297.11,False,0.08110132,0.11566556,-0.04653708,False
271,2813.1099999999997,True,0.081085615,-0.1011479,-0.061023336,False
2279,8837.11,True,0.081067935,-0.14115056,-0.020985309,False
5548,18644.11,False,0.081035994,0.13820975,-0.023862248,False
5472,18416.11,True,0.08097225,0.1600653,0.0018791939,False
2435,9305.11,False,0.08092361,0.10205157,-0.05979565,False
646,3938.1099999999997,True,0.08087074,-0.028486505,-0.13325498,False
4485,15455.11,False,0.08086903,-0.006607019,0.15513103,False
4136,14408.11,True,0.08085096,0.104342386,0.05735954,False
3464,12392.11,False,0.080761924,-0.021261716,0.14026213,False
1701,7103.11,True,0.080750756,-0.0372903,-0.12421121,False
1783,7349.11,True,0.08071707,-0.050036516,-0.11139763,False
5815,19445.11,True,0.08069897,0.13489261,0.026505318,False
2197,8591.11,True,0.08069845,0.13617063,0.025226282,False
3248,11744.11,False,0.080661386,0.12450436,-0.036818407,False
1835,7505.11,False,0.080660075,0.12307571,-0.03824444,False
3271,11813.11,True,0.08065617,0.15562534,0.005686996,False
5341,18023.11,False,0.08064463,0.14764881,-0.01364045,False
5693,19079.11,False,0.08056815,0.12305354,-0.038082764,False
4375,15125.11,True,0.08056386,-0.15567167,-0.0054560425,False
3049,11147.11,True,0.08056185,-0.08205318,-0.079070516,False
2656,9968.11,False,0.080474705,0.14021388,-0.02073553,False
4466,15398.11,False,0.080459565,0.14455712,-0.016362006,False
3828,13484.11,False,0.08044856,0.07173727,-0.089159854,False
210,2630.1099999999997,False,0.08043283,-0.13168769,0.029177982,False
4006,14018.11,False,0.08043008,0.13650408,-0.024356084,False
5425,18275.11,False,0.08040236,0.12977685,-0.03102787,False
4016,14048.11,False,0.08038682,0.15285768,-0.007915952,False
2238,8714.11,False,0.080353625,0.1303713,-0.030335948,False
919,4757.11,False,0.0803462,0.058813043,-0.10187934,False
4301,14903.11,False,0.08033551,0.07209486,-0.08857616,False
522,3566.1099999999997,True,0.080330595,0.08403819,0.076623,False
3699,13097.11,False,0.08032629,-0.15193917,0.008713413,False
1367,6101.11,False,0.08031584,0.12664486,-0.03398682,False
5302,17906.11,False,0.08029366,0.093049176,-0.06753815,False
2204,8612.11,False,0.08026309,0.14322743,-0.017298756,False
3501,12503.11,True,0.08024131,0.07820287,0.08227974,False
574,3722.1099999999997,True,0.08019196,-0.10609058,-0.05429334,False
3829,13487.11,False,0.08018862,0.12121612,-0.03916112,False
1329,5987.11,False,0.080161005,0.08866447,-0.071657546,False
1971,7913.11,False,0.08015599,0.15538594,-0.0049260384,False
5193,17579.11,False,0.08012932,0.15076318,-0.009495453,False
4713,16139.11,False,0.080124706,0.14223021,-0.018019201,False
3783,13349.11,True,0.080122285,0.15804754,0.002197032,False
4020,14060.11,True,0.08012115,0.15033358,0.0099087255,False
679,4037.1099999999997,False,0.08012092,0.0983144,-0.061927445,False
2481,9443.11,False,0.0801142,0.09862782,-0.061600585,False
5691,19073.11,False,0.08007407,0.100483865,-0.05966427,False
1510,6530.11,True,0.08006962,-0.027534552,-0.13260467,False
1901,7703.11,False,0.08006493,0.04520567,-0.114924185,False
1996,7988.11,False,0.08006226,0.04238424,-0.11774029,False
4132,14396.11,False,0.08004854,0.14960428,-0.010492805,False
223,2669.1099999999997,False,0.08001572,-0.08403833,0.0759931,False
4706,16118.11,True,0.07998838,0.07818207,0.081794694,False
4779,16337.11,True,0.07994985,0.07127992,0.088619776,False
2246,8738.11,False,0.07993876,0.1366593,-0.023218228,False
5754,19262.11,False,0.07992221,0.10266669,-0.05717772,False
1819,7457.11,True,0.07989049,-0.036224052,-0.12355693,False
1415,6245.11,True,0.07981852,-0.0019787562,-0.15765828,False
2955,10865.11,False,0.07980158,0.1578531,-0.0017500718,False
5874,19622.11,False,0.079793155,0.14816411,-0.0114222085,False
1377,6131.11,False,0.07977902,0.0032632286,-0.15629481,False
2143,8429.11,False,0.07977705,0.11948026,-0.040073827,False
3320,11960.11,True,0.07977557,0.15388288,0.005668266,False
2788,10364.11,False,0.07974671,0.09646579,-0.06302763,False
526,3578.1099999999997,False,0.0797445,-0.000793763,0.15869524,False
4176,14528.11,True,0.07974024,-0.01897778,-0.1405027,False
2191,8573.11,True,0.079740174,-0.018206684,-0.14127366,False
5776,19328.11,False,0.07973179,0.13153476,-0.027928825,False
516,3548.1099999999997,False,0.07972589,0.078886904,-0.08056489,False
1882,7646.11,True,0.07972169,0.13518432,0.024259062,False
4337,15011.11,False,0.07965894,0.13194874,-0.027369138,False
5131,17393.11,False,0.07965509,0.1049148,-0.054395374,False
4875,16625.11,True,0.07964645,0.07128174,0.08801116,False
3984,13952.11,False,0.07956579,0.11728895,-0.041842636,False
507,3521.1099999999997,True,0.0795276,-0.092133775,-0.06692143,False
5293,17879.11,False,0.07952442,0.15896408,-8.4762934e-05,False
5814,19442.11,True,0.07949012,0.114918396,0.044061843,False
5001,17003.11,False,0.079487145,0.11652501,-0.042449288,False
3735,13205.11,False,0.0794712,0.071955554,-0.086986855,False
5466,18398.11,False,0.079436906,0.13416366,-0.02471015,False
5553,18659.11,True,0.079428434,0.1453929,0.013463971,False
843,4529.11,False,0.07942027,-0.07127263,0.08756792,False
5492,18476.11,True,0.07941225,0.14006992,0.018754581,False
4486,15458.11,False,0.079403035,-0.03611545,0.122690625,False
1959,7877.11,True,0.079368055,-0.04453546,-0.11420065,False
3772,13316.11,True,0.07936766,0.06421865,0.09451667,False
1820,7460.11,False,0.07934866,0.026280237,-0.13241708,False
5813,19439.11,True,0.07932289,0.121598385,0.037047394,False
1565,6695.11,False,0.07930449,-0.05356204,0.10504693,False
3487,12461.11,True,0.079220735,0.104219265,0.054222204,False
4157,14471.11,False,0.07920009,0.044096455,-0.114303716,False
5511,18533.11,True,0.079199955,0.087671235,0.070728675,False
1761,7283.11,False,0.07916069,-0.06314341,0.09517797,False
5422,18266.11,True,0.07913549,0.1319403,0.02633068,False
3948,13844.11,False,0.079081446,0.07499623,-0.08316666,False
3985,13955.11,True,0.07906748,0.1119504,0.046184573,False
401,3203.1099999999997,True,0.07906065,0.032020804,0.1261005,False
440,3320.1099999999997,True,0.07905349,-0.0642971,-0.09380987,False
5437,18311.11,False,0.079036474,0.14672655,-0.011346402,False
3617,12851.11,True,0.07902736,-0.09920987,-0.05884486,False
3056,11168.11,False,0.07899661,0.13109715,-0.02689608,False
508,3524.1099999999997,True,0.07899289,0.012233156,0.14575262,False
1923,7769.11,True,0.07898289,-0.049725156,-0.10824063,False
2776,10328.11,False,0.07897411,0.041721866,-0.11622636,False
4502,15506.11,False,0.07889454,0.14375289,-0.0140361935,False
5930,19790.11,False,0.07882687,0.13229096,-0.025362778,False
1229,5687.11,True,0.07879394,-0.03188441,-0.12570348,False
4615,15845.11,False,0.07879305,0.11312744,-0.044458654,False
4295,14885.11,True,0.07879133,0.11101854,0.046564117,False
3431,12293.11,True,0.07867085,0.15484121,0.0025004935,False
3841,13523.11,True,0.07862374,-0.01008279,-0.14716469,False
5417,18251.11,True,0.07861506,0.11630071,0.040929414,False
1435,6305.11,False,0.078607135,-0.030801995,0.12641227,False
2897,10691.11,False,0.078591734,0.10088467,-0.056298796,False
1981,7943.11,True,0.07857978,-0.023208298,-0.13395126,False
2498,9494.11,False,0.07856325,0.14805247,-0.009074026,False
4224,14672.11,False,0.07854815,0.105348684,-0.05174761,False
5798,19394.11,True,0.0785455,0.11914772,0.037943292,False
3327,11981.11,True,0.07848519,0.13606963,0.020900762,False
4699,16097.11,True,0.07846781,-0.020920834,-0.13601479,False
437,3311.1099999999997,False,0.07844253,0.003960672,-0.15292439,False
4758,16274.11,True,0.0784334,0.035663147,0.12120365,False
3232,11696.11,True,0.0784316,0.14078063,0.016082572,False
4799,16397.11,False,0.07842588,0.088513166,-0.06833859,False
939,4817.11,True,0.0783862,-0.04057674,-0.11619567,False
2200,8600.11,True,0.07835071,0.11075224,0.04594918,False
4690,16070.11,False,0.078345165,-0.05980799,0.096882336,False
5227,17681.11,False,0.07831796,0.002467274,-0.15416865,False
3832,13496.11,False,0.078293025,0.13853511,-0.018050939,False
142,2426.1099999999997,False,0.0782919,0.09107082,-0.06551298,False
3095,11285.11,False,0.07826999,0.104811564,-0.05172842,False
3805,13415.11,False,0.078237794,0.14409,-0.012385598,False
5807,19421.11,True,0.078235775,0.09751648,0.058955073,False
460,3380.1099999999997,True,0.07823226,-0.107637875,-0.048826635,False
2599,9797.11,False,0.07822445,0.061181933,-0.095266975,False
2658,9974.11,False,0.07820928,0.14489825,-0.011520305,False
2311,8933.11,True,0.07820524,0.05174028,0.104670204,False
4222,14666.11,True,0.07810834,0.09844996,0.057766713,False
1852,7556.11,True,0.07800934,-0.044816427,-0.11120225,False
4607,15821.11,False,0.077984646,0.11894555,-0.037023738,False
4482,15446.11,False,0.07798427,0.12033139,-0.035637163,False
4455,15365.11,True,0.07793934,0.13068819,0.025190493,False
2904,10712.11,False,0.077908434,0.1295124,-0.02630447,False
464,3392.1099999999997,True,0.07787807,0.08099619,0.07475996,False
1586,6758.11,True,0.07784121,0.12727557,0.028406845,False
4855,16565.11,False,0.07782245,0.10730003,-0.048344873,False
795,4385.11,False,0.07781582,-0.1415251,0.014106536,False
4990,16970.11,True,0.07780103,0.1495401,0.0060619633,False
368,3104.1099999999997,True,0.07779151,0.03910248,0.11648054,False
4342,15026.11,True,0.0777664,0.029920734,0.12561207,False
5628,18884.11,True,0.07775978,0.12375562,0.031763945,False
5248,17744.11,False,0.07774101,0.14030758,-0.015174447,False
1994,7982.11,False,0.07766522,0.068081304,-0.08724913,False
3293,11879.11,True,0.07760874,0.14839125,0.00682624,False
4870,16610.11,True,0.07741124,0.13929243,0.01553005,False
4671,16013.11,True,0.077376105,0.12398424,0.030767966,False
589,3767.1099999999997,True,0.07736445,-0.08478825,-0.06994066,False
4617,15851.11,True,0.07736077,0.035290673,0.11943087,False
5686,19058.11,False,0.077309564,0.14478455,-0.009834572,False
3279,11837.11,False,0.07726857,0.11660568,-0.037931457,False
5944,19832.11,False,0.077217355,0.14801039,-0.006424321,False
4605,15815.11,False,0.077201486,0.094977625,-0.05942534,False
1552,6656.11,True,0.07716555,0.12015398,0.03417712,False
3767,13301.11,True,0.07716369,0.12137211,0.03295527,False
756,4268.11,True,0.0771534,-0.067671716,-0.086635076,False
3018,11054.11,False,0.07709029,0.044773553,-0.10940704,False
4873,16619.11,False,0.077052444,0.06739862,-0.086706266,False
52,2156.1099999999997,True,0.07704527,0.024459582,0.12963095,False
1755,7265.11,True,0.0770084,-0.034424223,-0.11959256,False
2634,9902.11,True,0.077008046,-0.08632049,-0.0676956,False
5785,19355.11,True,0.07698633,0.1053142,0.04865845,False
326,2978.1099999999997,True,0.076962955,0.10191615,0.052009765,False
2512,9536.11,False,0.076958336,0.074442685,-0.07947399,False
2761,10283.11,False,0.076955914,0.018535813,-0.13537602,False
1460,6380.11,False,0.076891065,-0.10920102,0.044581108,False
5271,17813.11,True,0.07687373,0.11538976,0.038357694,False
2450,9350.11,False,0.07678108,0.030242778,-0.12331938,False
4800,16400.11,False,0.07672443,0.13206163,-0.021387236,False
4863,16589.11,True,0.07659649,0.11175231,0.041440677,False
168,2504.1099999999997,False,0.07656011,-0.07151122,0.081608996,False
459,3377.1099999999997,True,0.07652634,-0.1126074,-0.040445272,False
5088,17264.11,False,0.07651204,0.12032482,-0.03269926,False
3848,13544.11,False,0.07650839,-0.07849504,0.07452173,False
2362,9086.11,True,0.07642786,0.07347001,0.07938571,False
5424,18272.11,False,0.0763146,0.07508733,-0.07754186,False
923,4769.11,False,0.076293275,0.06850562,-0.08408092,False
1976,7928.11,True,0.07623736,-0.040991846,-0.111482866,False
5447,18341.11,False,0.0762164,0.14275181,-0.00968098,False
4420,15260.11,True,0.07618499,0.025760928,0.12660904,False
4658,15974.11,True,0.076170936,0.14430939,0.008032482,False
970,4910.11,False,0.07610804,0.040352117,-0.111863956,False
3937,13811.11,True,0.07602917,0.02558882,0.12646951,False
4688,16064.11,True,0.075977914,0.0018943556,0.15006147,False
3820,13460.11,False,0.075924784,0.0789742,-0.07287537,False
5128,17384.11,True,0.07590101,0.13216463,0.019637395,False
1559,6677.11,False,0.0758637,0.12475539,-0.026972007,False
1605,6815.11,False,0.07580078,-0.13829587,0.013305685,False
301,2903.1099999999997,False,0.07579274,-0.06336639,0.088219084,False
2750,10250.11,True,0.07577495,0.14032467,0.011225241,False
1366,6098.11,False,0.07573447,0.14663745,-0.004831475,False
1572,6716.11,True,0.075726725,-0.019611996,-0.13184145,False
5873,19619.11,False,0.075678475,0.13317828,-0.018178672,False
4985,16955.11,True,0.07566096,0.046597436,0.10472448,False
734,4202.11,True,0.07562578,0.09733753,0.053914033,False
1238,5714.11,False,0.07555549,0.07149313,-0.07961786,False
5840,19520.11,True,0.07552456,0.10124989,0.049799234,False
2164,8492.11,True,0.07550616,0.06895664,0.08205567,False
5151,17453.11,True,0.075506024,0.13293947,0.018072577,False
3121,11363.11,False,0.07544498,0.118108906,-0.032781057,False
1877,7631.11,False,0.07542973,0.102825105,-0.048034355,False
5239,17717.11,True,0.07538825,0.061211973,0.08956453,False
2859,10577.11,True,0.075320356,0.05179929,0.09884142,False
575,3725.1099999999997,True,0.07531643,-0.07148246,-0.0791504,False
2716,10148.11,False,0.07528001,0.13707478,-0.013485232,False
4210,14630.11,True,0.07520286,0.12037381,0.030031912,False
5304,17912.11,False,0.07514548,0.11085836,-0.0394326,False
2908,10724.11,True,0.075144716,0.13114898,0.01914045,False
4844,16532.11,True,0.07511148,0.12200242,0.028220529,False
4630,15890.11,False,0.07503046,0.042223983,-0.10783693,False
5954,19862.11,False,0.07501149,0.14250995,-0.0075130244,False
390,3170.1099999999997,True,0.07499252,0.020943914,0.12904114,False
704,4112.11,True,0.07492197,0.0056896624,0.14415428,False
738,4214.11,False,0.07490204,0.101038404,-0.048765685,False
2056,8168.11,True,0.07485482,-0.11402233,-0.03568732,False
1269,5807.11,False,0.074830286,0.0018591976,-0.14780137,False
2778,10334.11,True,0.0748297,-0.05648957,-0.09316983,False
2492,9476.11,False,0.07478199,0.062323686,-0.08724029,False
3210,11630.11,False,0.07468544,0.05676342,-0.09260746,False
5609,18827.11,True,0.07463381,0.076726146,0.07254147,False
3586,12758.11,True,0.074553356,0.09682088,0.052285835,False
4004,14012.11,True,0.07452014,0.10782866,0.041211627,False
5975,19925.11,True,0.074442886,0.11469913,0.034186643,False
2758,10274.11,False,0.07441168,0.10919808,-0.039625283,False
3222,11666.11,False,0.07440166,0.11786279,-0.03094053,False
4032,14096.11,True,0.07438028,0.079575196,0.069185354,False
3192,11576.11,True,0.07436949,-0.07629599,-0.072443,False
5173,17519.11,False,0.07431573,0.112674005,-0.03595745,False
3024,11072.11,False,0.07429381,0.0902056,-0.05838201,False
4526,15578.11,True,0.07426681,0.033459503,0.11507413,False
3753,13259.11,False,0.07426025,0.096454605,-0.0520659,False
4963,16889.11,True,0.074232675,0.12052913,0.02793622,False
3233,11699.11,True,0.07421218,0.1187822,0.029642152,False
3931,13793.11,False,0.07419581,0.12081804,-0.027573578,False
218,2654.1099999999997,True,0.07415138,-0.06299156,-0.08531121,False
1796,7388.11,True,0.074150726,0.14132369,0.0069777677,False
1443,6329.11,True,0.07413861,-0.04270532,-0.105571896,False
2076,8228.11,True,0.07413828,-0.048065137,-0.10021141,False
206,2618.1099999999997,True,0.0741159,-0.09810291,-0.050128892,False
4148,14444.11,True,0.07404454,0.071950495,0.07613858,False
4920,16760.11,True,0.07403206,0.14543746,0.0026266517,False
5625,18875.11,True,0.07397764,0.14321275,0.0047425367,False
4561,15683.11,True,0.07395993,0.120889366,0.027030503,False
3730,13190.11,True,0.07394134,0.04447007,0.10341261,False
277,2831.1099999999997,True,0.07392692,0.020519787,0.12733404,False
4180,14540.11,False,0.073926106,0.08651752,-0.061334692,False
4656,15968.11,True,0.0739104,0.119895644,0.02792515,False
3067,11201.11,False,0.07383095,0.10203858,-0.04562332,False
2323,8969.11,True,0.07381345,0.07977531,0.0678516,False
3329,11987.11,True,0.07377795,0.12215413,0.025401765,False
2124,8372.11,True,0.0737571,0.08753702,0.059977178,False
3987,13961.11,True,0.07373865,0.13034452,0.017132772,False
3198,11594.11,True,0.07373145,0.10529973,0.04216318,False
5043,17129.11,False,0.07372783,0.14252001,-0.0049356585,False
735,4205.11,True,0.07372109,0.04610253,0.101339646,False
1291,5873.11,False,0.073697895,-0.054685306,0.09271048,False
3443,12329.11,False,0.073697224,0.0677875,-0.07960694,False
1745,7235.11,True,0.07366597,-0.109760456,-0.037571482,False
2101,8303.11,True,0.073615566,-0.015013257,-0.13221787,False
5539,18617.11,False,0.073605776,0.123976775,-0.02323478,False
2131,8393.11,False,0.07357688,0.11292808,-0.03422568,False
5805,19415.11,False,0.073431745,0.13976215,-0.0071013444,False
2127,8381.11,True,0.07341866,-0.049691018,-0.09714631,False
492,3476.1099999999997,False,0.07341671,-0.053535238,0.09329819,False
5284,17852.11,False,0.073412284,0.10128026,-0.045544315,False
4284,14852.11,True,0.07339106,0.12465674,0.022125378,False
5399,18197.11,False,0.07335529,0.13417758,-0.012532989,False
3125,11375.11,True,0.07331788,0.025961887,0.120673865,False
4473,15419.11,False,0.0733104,0.12641844,-0.020202352,False
116,2348.1099999999997,True,0.073300846,-0.09783636,-0.048765335,False
2146,8438.11,True,0.07329289,0.13874239,0.007843395,False
5773,19319.11,False,0.073287636,0.14497316,-0.0016021107,False
4915,16745.11,False,0.073261574,0.12646253,-0.02006062,False
179,2537.1099999999997,True,0.073197246,-0.10057667,-0.045817815,False
2411,9233.11,True,0.07317404,0.050341565,0.09600651,False
200,2600.1099999999997,True,0.07316981,-0.05087481,-0.09546481,False
3066,11198.11,False,0.07311166,0.12647103,-0.019752298,False
3570,12710.11,True,0.073102266,0.13534813,0.010856411,False
3881,13643.11,False,0.073090225,0.1336239,-0.012556552,False
8,2024.11,False,0.07308694,-0.033217296,0.11295658,False
3731,13193.11,False,0.07307786,0.053047013,-0.093108706,False
1333,5999.11,False,0.07304192,0.13638766,-0.0096961865,False
903,4709.11,False,0.07303865,0.026563551,-0.11951376,False
4606,15818.11,False,0.073037244,0.10176513,-0.044309355,False
722,4166.11,True,0.072985925,0.06213745,0.083834395,False
2190,8570.11,True,0.07296725,-0.015286894,-0.13064761,False
3642,12926.11,True,0.07292322,0.11627252,0.029573929,False
4731,16193.11,True,0.07291815,0.13634834,0.009487961,False
158,2474.1099999999997,True,0.07291406,-0.05969471,-0.0861334,False
1567,6701.11,False,0.07288422,-0.05726589,0.08850254,False
2045,8135.11,True,0.07285245,-0.09536116,-0.05034373,False
4708,16124.11,True,0.07281349,0.117152356,0.028474625,False
927,4781.11,True,0.07280421,-0.074525334,-0.0710831,False
4196,14588.11,True,0.072787516,0.1333932,0.012181834,False
118,2354.1099999999997,False,0.07277047,0.017139848,-0.12840109,False
5031,17093.11,True,0.07275914,0.08226123,0.06325704,False
5600,18800.11,False,0.07274631,0.124095246,-0.021397362,False
224,2672.1099999999997,False,0.07271846,-0.12117191,0.024265006,False
5724,19172.11,True,0.07269482,0.08720279,0.058186866,False
2281,8843.11,True,0.07261015,-0.14232706,-0.0028932358,False
4697,16091.11,True,0.072547,-0.007291758,-0.13780224,False
3354,12062.11,True,0.07252327,0.099732436,0.045314107,False
5996,19988.11,False,0.07252151,0.13041992,-0.014623085,False
750,4250.11,True,0.072455496,-0.115660034,-0.02925095,False
5817,19451.11,True,0.07238046,0.13545899,0.009301927,False
3070,11210.11,True,0.07234162,0.076294586,0.06838866,False
2452,9356.11,True,0.07233738,-0.017079795,-0.12759496,False
1157,5471.11,False,0.07232822,-0.08100752,0.06364892,False
5003,17009.11,False,0.07232788,0.12215703,-0.022498727,False
5398,18194.11,True,0.072298385,0.06320203,0.08139474,False
4003,14009.11,True,0.072132796,0.10832362,0.03594198,False
5940,19820.11,True,0.07212011,0.06001227,0.08422795,False
4881,16643.11,False,0.07199,0.12731074,-0.016669255,False
419,3257.1099999999997,True,0.07194385,-0.03844867,-0.10543902,False
2462,9386.11,False,0.0718988,0.06832711,-0.0754705,False
1980,7940.11,True,0.07185792,-0.06703814,-0.0766777,False
1268,5804.11,True,0.07185729,-0.0069752806,-0.1367393,False
4335,15005.11,True,0.071854904,0.12960143,0.0141083775,False
3768,13304.11,True,0.07183743,0.093247026,0.050427843,False
521,3563.1099999999997,True,0.07182587,-0.0067157983,-0.13693593,False
2810,10430.11,True,0.071805105,0.12443589,0.019174317,False
2443,9329.11,False,0.07169911,0.028519638,-0.114878595,False
5253,17759.11,False,0.07168031,0.1327275,-0.0106331175,False
270,2810.1099999999997,True,0.07166915,-0.034397636,-0.10894066,False
194,2582.1099999999997,True,0.071547434,-0.046698973,-0.0963959,False
1582,6746.11,True,0.0715463,-0.029508531,-0.11358408,False
1351,6053.11,True,0.07153019,-0.06317314,-0.07988724,False
3693,13079.11,True,0.07147305,0.010489849,0.13245624,False
2618,9854.11,False,0.07146767,0.096094616,-0.046840724,False
3736,13208.11,False,0.071429454,0.052198905,-0.090660006,False
1453,6359.11,True,0.07142785,-0.005014835,-0.13784087,False
4296,14888.11,True,0.07138231,0.13059224,0.012172365,False
377,3131.1099999999997,True,0.071283564,0.14018476,0.0023823753,False
3585,12755.11,True,0.07128083,0.11121859,0.031343073,False
5288,17864.11,False,0.07127775,0.09214006,-0.050415438,False
2106,8318.11,True,0.071244024,0.054144982,0.08834307,False
399,3197.1099999999997,False,0.07120614,0.11669102,-0.02572125,False
4760,16280.11,True,0.07106226,-0.02034661,-0.12177791,False
5816,19448.11,False,0.071039505,0.12783666,-0.01424235,False
3508,12524.11,False,0.07101048,0.12715515,-0.014865801,False
991,4973.11,False,0.07097894,0.036570046,-0.10538784,False
2861,10583.11,False,0.07094025,0.013255649,-0.12862484,False
5585,18755.11,True,0.07081085,0.1399586,0.0016630952,False
892,4676.11,True,0.07080865,0.022119742,0.11949755,False
1116,5348.11,False,0.07077848,0.1331101,-0.008446863,False
580,3740.1099999999997,False,0.070773065,-0.00691483,0.1346313,False
4453,15359.11,True,0.07072039,0.090600245,0.050840527,False
1471,6413.11,True,0.070686616,-0.026377564,-0.114995666,False
5410,18230.11,False,0.07063911,0.1396347,-0.001643528,False
2677,10031.11,True,0.07057263,0.13778451,0.0033607518,False
5097,17291.11,False,0.07056925,0.11396869,-0.027169798,False
5893,19679.11,False,0.0705429,0.10570929,-0.035376508,False
5305,17915.11,True,0.070527256,0.067056336,0.07399818,False
899,4697.11,True,0.07050274,0.12697358,0.014031896,False
2008,8024.11,True,0.07049877,0.11592286,0.025074681,False
2096,8288.11,True,0.07049241,0.016031206,0.12495361,False
1880,7640.11,False,0.07045944,0.108067356,-0.032851517,False
4213,14639.11,True,0.070397325,0.13865991,0.0021347392,False
2112,8336.11,False,0.07036087,0.09949571,-0.041226037,False
966,4898.11,False,0.07035868,-0.016677171,0.124040194,False
3339,12017.11,False,0.07034292,0.09767484,-0.043011006,False
1043,5129.11,True,0.0703375,-0.013171768,-0.12750323,False
5129,17387.11,False,0.07033178,0.091254726,-0.04940884,False
2735,10205.11,True,0.07032691,-0.11080351,-0.029850312,False
520,3560.1099999999997,True,0.07031068,-0.016273055,-0.12434831,False
4712,16136.11,False,0.070300646,0.13829619,-0.0023051084,False
2470,9410.11,True,0.07023467,0.07772776,0.062741585,False
2554,9662.11,True,0.07020701,-0.12146672,-0.01894729,False
5753,19259.11,False,0.070148714,0.11530398,-0.024993455,False
1978,7934.11,True,0.07002953,-0.086961456,-0.053097606,False
3548,12644.11,False,0.07001105,0.071063906,-0.068958186,False
2771,10313.11,True,0.06992462,0.11183253,0.02801672,False
3754,13262.11,False,0.06989595,0.100202955,-0.039588954,False
3343,12029.11,False,0.0698418,0.10026175,-0.03942186,False
2811,10433.11,False,0.06978203,0.074157715,-0.065406345,False
4135,14405.11,True,0.06975591,0.10338597,0.036125846,False
1436,6308.11,True,0.06973262,-0.12707439,-0.0123908585,False
47,2141.1099999999997,True,0.06970667,-0.059878793,-0.079534546,False
243,2729.1099999999997,False,0.06969604,-0.111939885,0.0274522,False
2434,9302.11,False,0.06968879,0.05938414,-0.07999344,False
4776,16328.11,True,0.069633335,0.091060355,0.048206314,False
4530,15590.11,True,0.06955798,0.05605157,0.083064385,False
108,2324.1099999999997,True,0.06950578,-0.11611243,-0.022899127,False
1410,6230.11,True,0.06941975,-0.11547426,-0.023365233,False
637,3911.1099999999997,False,0.06938884,0.040859386,-0.09791829,False
2090,8270.11,True,0.069382414,0.09364636,0.045118466,False
1115,5345.11,True,0.06935764,0.1271701,0.011545181,False
2521,9563.11,False,0.06931861,0.003351226,-0.13528599,False
5538,18614.11,False,0.0692934,0.111017205,-0.027569594,False
3801,13403.11,True,0.06927758,0.09639626,0.042158894,False
2911,10733.11,False,0.0692561,0.0697812,-0.06873099,False
4434,15302.11,True,0.06920044,0.06846684,0.06993403,False
4499,15497.11,True,0.06915569,0.076960765,0.061350618,False
5006,17018.11,True,0.069143064,0.12921692,0.009069208,False
3760,13280.11,True,0.069100596,0.05947018,0.07873101,False
4677,16031.11,True,0.069083914,0.05185409,0.08631374,False
1670,7010.11,False,0.069058806,-0.06411796,0.07399964,False
5286,17858.11,False,0.06901186,0.06118081,-0.076842904,False
3113,11339.11,False,0.06896748,0.03366112,-0.10427384,False
4790,16370.11,True,0.06896205,0.10073784,0.037186272,False
5729,19187.11,False,0.068960875,0.09020836,-0.04771339,False
1900,7700.11,False,0.06895778,0.023108788,-0.11480678,False
876,4628.11,False,0.068771765,0.05996103,-0.07758249,False
3336,12008.11,True,0.0686495,0.054705553,0.082593456,False
4409,15227.11,True,0.068567954,0.05618088,0.08095503,False
3569,12707.11,True,0.06853263,0.1237851,0.013280158,False
604,3812.1099999999997,True,0.0683889,-0.050173778,-0.08660402,False
4093,14279.11,True,0.068328805,0.061363738,0.07529387,False
4154,14462.11,True,0.06832034,0.088466205,0.048174478,False
1198,5594.11,True,0.068296865,-0.07243117,-0.06416257,False
2725,10175.11,True,0.06826356,-0.09640862,-0.0401185,False
1639,6917.11,False,0.06825268,0.0059702145,-0.13053516,False
4880,16640.11,False,0.06821895,0.11979544,-0.016642455,False
3728,13184.11,True,0.06818564,0.09921988,0.0371514,False
2170,8510.11,True,0.0681347,0.09025896,0.04601044,False
5606,18818.11,False,0.06809398,0.057597753,-0.0785902,False
3851,13553.11,True,0.0680908,-0.11425019,-0.021931408,False
4515,15545.11,True,0.068068065,0.10243542,0.03370071,False
902,4706.11,True,0.06806306,-0.090368666,-0.045757454,False
977,4931.11,False,0.068057165,0.053633064,-0.08248126,False
5929,19787.11,False,0.06805316,0.120475404,-0.015630927,False
667,4001.1099999999997,False,0.068044886,-0.007598644,0.12849113,False
4178,14534.11,False,0.0680387,0.009575843,-0.12650156,False
4155,14465.11,True,0.06789391,0.029611684,0.10617613,False
1255,5765.11,True,0.06786845,-0.12515691,-0.01057999,False
2622,9866.11,False,0.06775513,0.07545979,-0.06005048,False
2147,8441.11,False,0.06774393,0.08816713,-0.04732073,False
811,4433.11,True,0.06768549,-0.0143028,-0.12106819,False
5224,17672.11,False,0.06768257,0.036184464,-0.09918068,False
143,2429.1099999999997,False,0.067614146,0.06536661,-0.06986168,False
741,4223.11,False,0.06759903,0.04759175,-0.08760631,False
5672,19016.11,False,0.0675921,0.11948779,-0.015696408,False
4234,14702.11,True,0.06758265,0.11001479,0.025150523,False
928,4784.11,False,0.067517556,0.004893291,-0.13014182,False
2012,8036.11,False,0.067424394,-0.055104967,0.079743825,False
2589,9767.11,True,0.06741871,0.07882449,0.05601293,False
900,4700.11,False,0.06739598,-0.0742618,0.06053016,False
3644,12932.11,False,0.06737754,0.08750912,-0.04724595,False
532,3596.1099999999997,False,0.067373544,-0.042115882,0.09263121,False
4416,15248.11,True,0.067357704,0.030351732,0.10436367,False
5214,17642.11,False,0.06733316,0.04922691,-0.08543941,False
3025,11075.11,False,0.06732674,0.09103108,-0.043622397,False
3612,12836.11,False,0.0672649,-0.1284306,0.0060991943,False
537,3611.1099999999997,True,0.06721228,-0.07700013,-0.057424426,False
5423,18269.11,True,0.067201816,0.11396264,0.02044099,False
1486,6458.11,False,0.067160316,0.072239585,-0.062081043,False
4777,16331.11,True,0.06713586,0.0651312,0.06914052,False
1838,7514.11,True,0.067110494,-0.06248251,-0.07173848,False
2188,8564.11,False,0.0670811,-0.049410593,0.084751606,False
4174,14522.11,False,0.067027256,0.030220691,-0.10383382,False
5685,19055.11,True,0.067025,0.1296807,0.00436931,False
640,3920.1099999999997,True,0.06700308,-0.012469002,-0.12153715,False
3466,12398.11,True,0.06698026,-0.023776207,-0.110184304,False
1904,7712.11,True,0.066925794,0.008469873,0.12538171,False
2075,8225.11,False,0.06691885,0.038568873,-0.09526882,False
3407,12221.11,False,0.06689626,0.12434404,-0.009448472,False
2080,8240.11,True,0.06688587,-0.027858332,-0.10591342,False
5030,17090.11,True,0.0668667,0.0783317,0.055401705,False
3641,12923.11,True,0.066863015,0.12281793,0.010908099,False
420,3260.1099999999997,False,0.06685723,0.007159032,-0.12655543,False
3424,12272.11,True,0.06677568,0.115285784,0.018265577,False
3115,11345.11,False,0.06670868,0.031104578,-0.10231278,False
2894,10682.11,True,0.06667761,0.10378964,0.029565573,False
747,4241.11,False,0.06665464,0.07471498,-0.05859429,False
2509,9527.11,True,0.06663517,0.078180745,0.055089593,False
2808,10424.11,True,0.0666237,0.10580218,0.027445234,False
801,4403.11,False,0.06660493,0.09584002,-0.03736983,False
2005,8015.11,False,0.06658695,-0.062666446,0.07050745,False
2334,9002.11,True,0.066575564,-0.01719888,-0.11595225,False
5213,17639.11,True,0.066491194,0.12572053,0.0072618607,False
1797,7391.11,False,0.0664497,0.11775327,-0.015146144,False
901,4703.11,False,0.06643016,-0.118653245,0.014207075,False
83,2249.1099999999997,True,0.06640822,-0.085160576,-0.047655854,False
3752,13256.11,False,0.066382155,0.11878909,-0.013975217,False
2284,8852.11,False,0.06636852,-0.082100786,0.05063626,False
1227,5681.11,False,0.06634061,-0.064741746,0.06793947,False
4916,16748.11,True,0.06626911,0.09133557,0.04120264,False
2508,9524.11,False,0.06626514,0.07921484,-0.053315446,False
1502,6506.11,True,0.06625235,0.043788023,0.08871667,False
5171,17513.11,False,0.06623698,0.11255727,-0.019916685,False
3197,11591.11,False,0.066220045,0.08984967,-0.042590417,False
5139,17417.11,True,0.066218995,0.09736044,0.035077546,False
3118,11354.11,False,0.06617682,0.032127775,-0.10022586,False
4695,16085.11,True,0.06616329,-0.015437627,-0.11688895,False
2617,9851.11,True,0.06613375,0.08060005,0.051667448,False
2679,10037.11,False,0.066083245,0.093521304,-0.03864518,False
1008,5024.11,True,0.066067725,0.060508188,0.07162727,False
4308,14924.11,False,0.06606052,0.11713673,-0.014984307,False
2549,9647.11,True,0.06602477,-0.11532185,-0.01672769,False
2816,10448.11,True,0.06601324,-0.07176137,-0.060265105,False
2798,10394.11,False,0.065936506,0.10879207,-0.023080938,False
2261,8783.11,False,0.0659242,0.09699495,-0.03485344,False
594,3782.1099999999997,False,0.065853804,-0.04314277,0.088564835,False
3515,12545.11,False,0.065819025,0.13001785,-0.0016202033,False
3164,11492.11,False,0.06571725,0.068303145,-0.06313136,False
3692,13076.11,True,0.06565319,0.0019431364,0.12936324,False
3422,12266.11,True,0.06564615,0.062396195,0.06889611,False
5928,19784.11,False,0.06564482,0.11772367,-0.013565977,False
614,3842.1099999999997,False,0.065540686,-0.082718655,0.048362724,False
4702,16106.11,True,0.06547468,0.06779887,0.063150495,False
3007,11021.11,False,0.06542876,0.12667638,-0.00418115,False
2430,9290.11,False,0.06542136,0.025759973,-0.105082735,False
1989,7967.11,False,0.06541512,0.062484037,-0.06834621,False
2276,8828.11,False,0.06540762,-0.013913787,0.11690146,False
2946,10838.11,False,0.06540504,0.0055947844,-0.12521529,False
5914,19742.11,True,0.065397926,0.10127167,0.029524185,False
4520,15560.11,False,0.06537047,0.08463371,-0.046107225,False
3390,12170.11,False,0.06535274,0.1272067,-0.0034987826,False
5220,17660.11,False,0.06534135,0.10327828,-0.027404422,False
4529,15587.11,True,0.06533351,0.01705811,0.11360891,False
4825,16475.11,False,0.06531955,0.07552572,-0.055113386,False
1611,6833.11,False,0.065221556,0.07260334,-0.057839777,False
2787,10361.11,False,0.06520591,0.06420137,-0.06621045,False
5228,17684.11,False,0.0651979,0.038670354,-0.09172544,False
1715,7145.11,True,0.06516133,-0.036334477,-0.093988195,False
1388,6164.11,False,0.06511771,0.021854544,-0.10838088,False
5159,17477.11,True,0.06508655,0.12272023,0.0074528754,False
4171,14513.11,False,0.06506994,-0.055240367,0.074899524,False
3626,12878.11,False,0.06501605,0.12639005,-0.0036420452,False
493,3479.1099999999997,True,0.065008946,-0.105794854,-0.024223043,False
3545,12635.11,True,0.06500262,0.023360569,0.106644675,False
366,3098.1099999999997,True,0.06496978,-0.019209469,-0.11073009,False
5876,19628.11,False,0.064934306,0.09840277,-0.03146584,False
2824,10472.11,False,0.0648904,0.056378007,-0.07340279,False
1341,6023.11,True,0.06485476,-0.059518673,-0.070190854,False
5811,19433.11,True,0.06480153,0.056098964,0.0735041,False
2680,10040.11,False,0.06477825,0.063314505,-0.06624201,False
5345,18035.11,False,0.06472845,0.12343477,-0.006022125,False
1340,6020.11,True,0.064726636,-0.04274306,-0.086710215,False
4984,16952.11,False,0.064720914,0.058272906,-0.07116893,False
5356,18068.11,True,0.06467951,0.07474459,0.054614432,False
2292,8876.11,True,0.06464894,-0.04783594,-0.081461936,False
2256,8768.11,True,0.064625755,0.0665842,0.06266732,False
1466,6398.11,False,0.06456002,0.053784903,-0.07533513,False
3559,12677.11,True,0.06455202,0.07583947,0.053264562,False
1076,5228.11,True,0.06451276,-0.086160414,-0.042865098,False
2074,8222.11,True,0.064465314,0.06966225,0.059268385,False
3148,11444.11,True,0.0643893,-0.03503096,-0.09374764,False
3694,13082.11,False,0.06437251,-0.037525285,0.09121973,False
1919,7757.11,True,0.06429516,0.016943613,0.1116467,False
489,3467.1099999999997,True,0.0642165,-0.08600339,-0.04242961,False
3494,12482.11,False,0.06418963,0.11099069,-0.017388575,False
3022,11066.11,False,0.06414113,0.11944126,-0.008841006,False
1503,6509.11,True,0.06407778,0.11152503,0.016630532,False
3344,12032.11,True,0.06405572,0.090270236,0.0378412,False
5720,19160.11,False,0.06405559,0.119116046,-0.008995146,False
2374,9122.11,True,0.06405002,0.0678902,0.060209844,False
2003,8009.11,True,0.06404072,0.051010128,0.07707131,False
4631,15893.11,True,0.064014435,0.0125111425,0.11551773,False
5636,18908.11,False,0.06401118,0.1259046,-0.0021177493,False
91,2273.1099999999997,False,0.06394377,-0.09852066,0.029366896,False
2796,10388.11,False,0.06393678,0.036016762,-0.09185679,False
4610,15830.11,False,0.063893355,0.086054906,-0.041731805,False
1590,6770.11,False,0.06388469,-0.12400012,0.0037692664,False
112,2336.1099999999997,True,0.06386715,-0.11628295,-0.011451363,False
3774,13322.11,False,0.06376766,0.03952958,-0.08800573,False
1664,6992.11,False,0.06372786,-0.039427932,0.0880278,False
5877,19631.11,False,0.063694894,0.08157442,-0.04581537,False
5674,19022.11,False,0.06367317,0.06346343,-0.06388292,False
109,2327.1099999999997,True,0.06365969,-0.052888885,-0.074430496,False
2467,9401.11,True,0.063628525,0.035962697,0.09129435,False
2454,9362.11,False,0.063513085,0.015237508,-0.11178867,False
3698,13094.11,False,0.063478395,-0.106524795,0.020431995,False
2840,10520.11,True,0.06342285,-0.054586265,-0.07225943,False
4830,16490.11,False,0.06341304,0.11104593,-0.015780158,False
4908,16724.11,False,0.06335331,0.12276969,-0.003936918,False
1869,7607.11,True,0.06324975,0.11968092,0.0068185804,False
5889,19667.11,True,0.06324636,0.11724412,0.009248608,False
2062,8186.11,False,0.063220635,0.073713645,-0.052727625,False
5272,17816.11,False,0.063220404,0.0991776,-0.027263213,False
1389,6167.11,False,0.063158296,0.103927605,-0.022388987,False
4807,16421.11,False,0.06315277,0.119856626,-0.0064489054,False
4516,15548.11,True,0.0631472,0.07662415,0.049670253,False
5259,17777.11,False,0.06310124,0.11516269,-0.011039788,False
107,2321.1099999999997,False,0.06289365,-0.095563225,0.030224076,False
266,2798.1099999999997,False,0.06287868,-0.10003114,0.025726233,False
1746,7238.11,False,0.06282574,-0.084627494,0.04102398,False
1513,6539.11,True,0.06278424,-0.06219699,-0.063371494,False
1488,6464.11,False,0.06276974,0.006816147,-0.11872334,False
2766,10298.11,False,0.06256463,-0.07793257,0.047196694,False
1228,5684.11,True,0.06252903,-0.044668894,-0.080389164,False
1574,6722.11,False,0.062490687,0.06847138,-0.056509998,False
2491,9473.11,False,0.06241806,0.06602726,-0.058808852,False
3738,13214.11,False,0.062386364,0.07534283,-0.0494299,False
2910,10730.11,False,0.062336914,0.07457435,-0.05009948,False
5644,18932.11,True,0.062317114,0.11943645,0.005197781,False
280,2840.1099999999997,False,0.062250234,-0.084750846,0.039749622,False
5216,17648.11,False,0.06206603,0.08336021,-0.04077185,False
2905,10715.11,True,0.06203204,0.11143687,0.012627205,False
2507,9521.11,False,0.061828986,0.06879344,-0.054864533,False
5665,18995.11,False,0.061804496,0.077164486,-0.046444505,False
666,3998.1099999999997,True,0.06172422,0.067998946,0.055449493,False
5478,18434.11,True,0.061666816,0.12013846,0.0031951747,False
1798,7394.11,True,0.06160882,0.102436446,0.020781197,False
4160,14480.11,True,0.061572906,-0.006239734,-0.11690608,False
1922,7766.11,True,0.061568983,-0.043698773,-0.07943919,False
196,2588.1099999999997,False,0.061529934,-0.03182331,0.09123656,False
4091,14273.11,False,0.061436687,0.10734135,-0.015532024,False
4172,14516.11,True,0.06143213,-0.030087546,-0.092776716,False
4422,15266.11,True,0.06142641,-0.0035163157,-0.1193365,False
2316,8948.11,True,0.061409112,0.024861537,0.09795669,False
1568,6704.11,True,0.061408415,-0.03503308,-0.08778375,False
290,2870.1099999999997,False,0.061365966,-0.10730829,0.015423641,False
4424,15272.11,True,0.0613335,-0.0038932567,-0.11877374,False
5196,17588.11,True,0.061280318,0.096348196,0.026212435,False
2615,9845.11,True,0.06126929,0.07933405,0.043204527,False
4626,15878.11,False,0.061250214,0.008295221,-0.114205204,False
3071,11213.11,False,0.061241917,0.0409203,-0.08156353,False
207,2621.1099999999997,False,0.06123975,-0.106362715,0.016116781,False
4847,16541.11,True,0.06123063,0.11512752,0.0073337397,False
652,3956.1099999999997,True,0.061128687,-0.057064287,-0.06519309,False
240,2720.1099999999997,False,0.06109731,0.03603673,-0.08615789,False
2741,10223.11,False,0.061088033,0.10206584,-0.02011023,False
4092,14276.11,False,0.061064914,0.06876217,-0.053367663,False
156,2468.1099999999997,False,0.06105092,0.03151753,-0.090584315,False
3835,13505.11,False,0.060992263,0.121764086,-0.00022043956,False
4824,16472.11,True,0.060984775,0.05683795,0.065131605,False
1375,6125.11,False,0.060873218,0.060288202,-0.061458237,False
2915,10745.11,True,0.060870852,0.06701055,0.054731153,False
2453,9359.11,True,0.06078088,0.014565205,0.10699655,False
3889,13667.11,True,0.060742654,0.081827834,0.039657474,False
4417,15251.11,True,0.060742017,0.008441708,0.113042325,False
819,4457.11,True,0.060741097,-0.050566148,-0.07091604,False
4611,15833.11,False,0.0606727,0.11707569,-0.00426971,False
2002,8006.11,False,0.06065749,0.11463937,-0.0066756113,False
1058,5174.11,True,0.060582016,0.023576548,0.09758748,False
3860,13580.11,False,0.06052782,-0.090798736,0.030256903,False
2123,8369.11,True,0.060505506,0.05331094,0.06770007,False
217,2651.1099999999997,True,0.06048937,-0.05691382,-0.06406492,False
861,4583.11,False,0.06047424,-0.045408364,0.07554012,False
1979,7937.11,True,0.06046035,-0.07833834,-0.042582363,False
2639,9917.11,False,0.06043472,-0.017644385,0.10322506,False
63,2189.1099999999997,False,0.060407657,-0.077565655,0.04324966,False
3941,13823.11,False,0.060400315,0.09373831,-0.027062317,False
3795,13385.11,True,0.06038668,0.10807898,0.012694377,False
3690,13070.11,True,0.060292847,0.03739268,0.08319301,False
1068,5204.11,True,0.06027946,-0.055102166,-0.06545675,False
2789,10367.11,True,0.06027005,0.10188305,0.01865705,False
2406,9218.11,False,0.06020984,0.017306753,-0.10311293,False
5325,17975.11,False,0.060203772,0.116385885,-0.0040216562,False
2160,8480.11,True,0.060143717,0.03475844,0.08552899,False
1879,7637.11,False,0.060135387,0.038162146,-0.08210863,False
5098,17294.11,False,0.060127668,0.07734413,-0.04291121,False
229,2687.1099999999997,False,0.06012041,0.032446183,-0.08779464,False
1287,5861.11,False,0.06001424,-0.08034825,0.039680224,False
5247,17741.11,False,0.059978228,0.10213225,-0.017824203,False
5667,19001.11,False,0.059955973,0.10196426,-0.01794769,False
1816,7448.11,False,0.0599276,0.0056140586,-0.114241146,False
4302,14906.11,False,0.059894405,0.06753976,-0.052249048,False
4629,15887.11,True,0.059869416,0.02767722,0.09206162,False
2644,9932.11,True,0.05985384,0.068939194,0.050768487,False
1247,5741.11,True,0.059827916,0.0042868587,0.11536898,False
3646,12938.11,True,0.059776537,0.06832316,0.051229913,False
1426,6278.11,True,0.059739027,-0.0054255337,-0.11405252,False
2148,8444.11,False,0.059708934,0.068043165,-0.051374704,False
3660,12980.11,False,0.059609506,0.10895327,-0.010265746,False
1398,6194.11,False,0.059607048,0.058651704,-0.06056239,False
4317,14951.11,True,0.05960083,0.06755015,0.051651504,False
25,2075.1099999999997,True,0.059579715,0.059627034,0.0595324,False
2436,9308.11,False,0.059577662,0.082931876,-0.03622345,False
1534,6602.11,False,0.059561,-0.017831683,0.101290315,False
1254,5762.11,True,0.059555747,-0.084212236,-0.03489926,False
2597,9791.11,False,0.05944266,0.04157283,-0.07731249,False
745,4235.11,True,0.059414066,0.094122425,0.024705706,False
490,3470.1099999999997,False,0.05936817,-0.062135857,0.056600485,False
4472,15416.11,False,0.059262816,0.109143935,-0.009381698,False
1587,6761.11,False,0.059258863,0.020574383,-0.09794334,False
5530,18590.11,False,0.059236787,0.08705276,-0.031420812,False
1066,5198.11,False,0.059127606,-0.10096985,0.017285358,False
4827,16481.11,False,0.059121452,0.07001046,-0.04823244,False
1448,6344.11,True,0.05908676,0.021207852,0.09696566,False
1738,7214.11,True,0.059084557,0.076340616,0.041828495,False
3448,12344.11,True,0.059048794,0.111584164,0.0065134214,False
441,3323.1099999999997,True,0.059006575,-0.08760425,-0.030408906,False
755,4265.11,True,0.058994263,-0.008637481,-0.10935105,False
5804,19412.11,True,0.058941584,0.10187185,0.016011322,False
1757,7271.11,False,0.05884704,-0.11353678,0.0041572996,False
392,3176.1099999999997,False,0.05882369,-0.09424136,0.023406023,False
5979,19937.11,True,0.058783736,0.099219024,0.018348448,False
1044,5132.11,False,0.05876685,0.07469198,-0.042841718,False
5221,17663.11,False,0.058687545,0.053280655,-0.06409443,False
5721,19163.11,True,0.058651213,0.09500317,0.02229925,False
5755,19265.11,False,0.058598768,0.1109607,-0.006236833,False
4151,14453.11,True,0.058584675,0.047238678,0.06993067,False
721,4163.11,False,0.05857697,0.051874448,-0.0652795,False
1702,7106.11,False,0.058567062,0.0072943354,-0.10983979,False
2225,8675.11,True,0.058558393,0.10812152,0.008995262,False
2259,8777.11,False,0.058540404,0.051264253,-0.06581656,False
2165,8495.11,True,0.05851721,0.104775384,0.012259036,False
422,3266.1099999999997,True,0.058422778,-0.07627608,-0.040569477,False
1485,6455.11,False,0.05831628,0.012026022,-0.10460654,False
2890,10670.11,True,0.058298334,0.06634278,0.05025389,False
4009,14027.11,True,0.05829221,0.077806346,0.038778078,False
2029,8087.11,True,0.058289286,-0.0952577,-0.021320874,False
1712,7136.11,True,0.058284167,-0.09262928,-0.02393905,False
4400,15200.11,False,0.05823406,0.017589556,-0.09887856,False
4781,16343.11,False,0.058108,0.10809592,-0.008120078,False
4209,14627.11,True,0.05805079,0.07195437,0.04414721,False
5845,19535.11,False,0.058020674,0.11558269,-0.00045865655,False
4232,14696.11,True,0.05800748,0.09196926,0.024045702,False
1416,6248.11,True,0.05796384,-0.00080251246,-0.11512517,False
2556,9668.11,True,0.057926707,-0.0025598952,-0.11329352,False
5675,19025.11,False,0.057908807,0.06638856,-0.04942905,False
3199,11597.11,False,0.057845633,0.0846477,-0.031043567,False
4888,16664.11,True,0.057824254,0.1040032,0.011645312,False
975,4925.11,True,0.05780838,0.08122071,0.034396052,False
2821,10463.11,True,0.05777684,0.051220663,0.064333014,False
2494,9482.11,False,0.057775833,0.03969583,-0.075855836,False
2759,10277.11,True,0.057698324,0.054705806,0.060690846,False
4048,14144.11,False,0.05769804,0.07762042,-0.03777566,False
534,3602.1099999999997,True,0.057532445,0.053339735,0.061725155,False
448,3344.1099999999997,True,0.057485007,-0.023170792,-0.09179922,False
276,2828.1099999999997,True,0.05745126,0.05763597,0.05726655,False
4707,16121.11,True,0.057435244,0.08910229,0.025768202,False
2825,10475.11,False,0.057420682,0.0025326612,-0.1123087,False
1077,5231.11,True,0.057409063,-0.05477388,-0.060044248,False
3217,11651.11,True,0.05734272,0.049794227,0.06489121,False
2121,8363.11,False,0.05731819,0.04994697,-0.064689405,False
2887,10661.11,True,0.057286166,0.065993324,0.048579007,False
4041,14123.11,False,0.057283558,0.06271082,-0.051856298,False
3838,13514.11,True,0.057255395,0.047526043,0.06698475,False
841,4523.11,False,0.05713948,-0.0756805,0.03859845,False
3819,13457.11,False,0.05712287,0.093734905,-0.020510834,False
1926,7778.11,False,0.057100125,-0.095601924,0.018598327,False
845,4535.11,False,0.057015765,0.0035480994,-0.11048343,False
947,4841.11,False,0.057014044,0.08386255,-0.030165536,False
2874,10622.11,True,0.056995835,-0.022089193,-0.09190248,False
4500,15500.11,True,0.05682365,0.09146671,0.022180583,False
2635,9905.11,False,0.056718983,-0.054333244,0.059104722,False
5892,19676.11,True,0.05667601,0.10504568,0.008306341,False
3547,12641.11,True,0.056649484,0.03303251,0.08026645,False
5033,17099.11,False,0.056616515,0.112535335,-0.00069769303,False
2214,8642.11,False,0.056572042,0.010189917,-0.10295417,False
1135,5405.11,False,0.056539968,-0.037844107,0.07523583,False
3720,13160.11,False,0.05649982,0.11276917,-0.00023047205,False
715,4145.11,False,0.056465328,-0.0052152793,0.107715376,False
887,4661.11,True,0.05639199,-0.060451854,-0.052332133,False
2071,8213.11,False,0.05632427,0.028386978,-0.08426156,False
2158,8474.11,False,0.056225214,0.084577575,-0.027872851,False
5971,19913.11,False,0.05619528,0.081922665,-0.030467894,False
807,4421.11,True,0.056135375,-0.030218245,-0.08205251,False
3170,11510.11,True,0.055933908,-0.03187203,-0.07999579,False
1107,5321.11,True,0.05587588,-0.09568691,-0.016064847,False
4090,14270.11,True,0.055873826,0.06847236,0.043275286,False
4578,15734.11,False,0.055847004,0.033706907,-0.077987105,False
4633,15899.11,False,0.05581996,0.03994456,-0.07169536,False
2496,9488.11,False,0.055721793,0.10924462,-0.0021989625,False
4625,15875.11,False,0.05569514,-0.031946253,0.07944402,False
3026,11078.11,True,0.055623136,0.06365263,0.047593646,False
1591,6773.11,False,0.05554481,-0.10705079,0.0040388247,False
961,4883.11,False,0.05544691,-0.05235999,0.058533832,False
5969,19907.11,False,0.05544224,0.10837273,-0.002511745,False
2028,8084.11,False,0.0554314,-0.04195901,0.06890379,False
208,2624.1099999999997,False,0.055430893,-0.09509698,0.0157648,False
1199,5597.11,True,0.0554258,0.0007540692,0.110097535,False
4258,14774.11,True,0.055369023,0.10969695,0.0010411013,False
1634,6902.11,False,0.05531435,0.025133817,-0.08549488,False
2841,10523.11,False,0.05528733,-0.053140104,0.057434563,False
938,4814.11,False,0.055235386,0.042533446,-0.06793733,False
3316,11948.11,True,0.055216286,0.0969299,0.013502674,False
3611,12833.11,False,0.05514174,-0.10387069,0.006412791,False
4761,16283.11,True,0.055088338,-0.012701804,-0.09747487,False
765,4295.11,True,0.055080224,-0.03931299,-0.07084746,False
5285,17855.11,True,0.055079643,0.08056131,0.029597977,False
2194,8582.11,False,0.054886475,0.086429305,-0.023343649,False
4410,15230.11,True,0.05485525,-0.056727957,-0.052982543,False
5700,19100.11,False,0.054840997,0.10372998,-0.0059520146,False
5138,17414.11,True,0.054733332,0.0954475,0.014019164,False
2729,10187.11,True,0.05461797,-0.066140346,-0.043095596,False
2984,10952.11,False,0.054569278,0.09596854,-0.013170017,False
785,4355.11,False,0.054545924,0.0378543,-0.07123755,False
2490,9470.11,False,0.054537874,0.0571283,-0.05194745,False
674,4022.1099999999997,True,0.054469544,0.02792515,0.08101394,False
2202,8606.11,False,0.054418124,0.07606881,-0.032767437,False
162,2486.1099999999997,True,0.0543892,0.0929549,0.015823508,False
2948,10844.11,False,0.054369107,0.04553693,-0.06320128,False
1954,7862.11,True,0.054288387,0.0051190304,0.10345774,False
5303,17909.11,False,0.05424325,0.06934915,-0.039137356,False
1620,6860.11,False,0.054173704,0.037275508,-0.0710719,False
1069,5207.11,True,0.054117974,-0.0014371048,-0.10679884,False
1306,5918.11,True,0.0541141,0.051667422,0.056560777,False
1032,5096.11,True,0.05407685,-0.043838765,-0.06431494,False
778,4334.11,False,0.05406975,0.081139386,-0.027000118,False
1579,6737.11,True,0.054031875,0.012060714,0.09600303,False
5604,18812.11,True,0.0539524,0.09606248,0.011842317,False
2014,8042.11,True,0.05391819,-0.058598466,-0.04923791,False
1925,7775.11,True,0.053887703,-0.0727408,-0.0350346,False
3174,11522.11,False,0.05383261,-0.03692226,0.07074296,False
5355,18065.11,False,0.05381783,0.1058103,-0.0018253621,False
3563,12689.11,False,0.05377289,0.06747479,-0.040070992,False
2441,9323.11,True,0.053772066,0.062253617,0.045290515,False
4401,15203.11,False,0.05373528,0.05298506,-0.0544855,False
3509,12527.11,False,0.053602554,0.0933434,-0.013861708,False
3516,12548.11,True,0.053568907,0.089823395,0.017314415,False
842,4526.11,True,0.053424224,0.015144015,0.091704436,False
4854,16562.11,False,0.05334455,0.06685111,-0.039837994,False
2335,9005.11,False,0.0533292,0.025359217,-0.081299186,False
3168,11504.11,True,0.05325718,0.016479291,0.090035066,False
4780,16340.11,True,0.053211175,0.08498443,0.02143792,False
2258,8774.11,False,0.0531848,0.098180994,-0.008188604,False
5229,17687.11,True,0.05316451,-0.017494986,-0.08883403,False
2449,9347.11,True,0.053053737,0.04960516,0.056502316,False
2661,9983.11,True,0.053022183,0.03942174,0.06662262,False
3117,11351.11,False,0.05299258,0.060524818,-0.04546034,False
1870,7610.11,False,0.052980278,0.045175537,-0.060785018,False
3194,11582.11,False,0.052972265,-0.017551294,0.08839323,False
4534,15602.11,False,0.052898664,0.019810863,-0.085986465,False
1130,5390.11,False,0.052875817,-0.056916498,0.04883514,False
3249,11747.11,True,0.05281697,0.10116394,0.004469996,False
4161,14483.11,True,0.052808344,-0.06479598,-0.04082071,False
635,3905.1099999999997,False,0.052775245,0.0051228073,-0.10042768,False
5508,18524.11,False,0.05276178,0.08508107,-0.02044249,False
3338,12014.11,False,0.052747443,0.044670746,-0.060824137,False
4300,14900.11,True,0.052715726,0.035507653,0.069923796,False
2072,8216.11,True,0.052619323,0.04231612,0.06292253,False
5198,17594.11,True,0.05254399,0.030412924,0.07467506,False
1253,5759.11,True,0.05249514,-0.08375019,-0.021240095,False
402,3206.1099999999997,True,0.052486688,0.009293871,0.09567951,False
4403,15209.11,True,0.052451234,0.10140784,0.0034946292,False
1040,5120.11,True,0.052427195,-0.0030061712,-0.10184822,False
4622,15866.11,False,0.052379858,-0.011072907,0.09368681,False
1029,5087.11,True,0.052368663,0.07663681,0.028100517,False
1407,6221.11,True,0.05236262,-0.0898728,-0.014852445,False
3175,11525.11,False,0.052350387,-0.039920945,0.06477983,False
2797,10391.11,False,0.052311387,0.048823062,-0.05579971,False
584,3752.1099999999997,True,0.05231055,0.09541933,0.009201769,False
3,2009.11,False,0.052289452,-0.0140676275,0.09051128,False
225,2675.1099999999997,False,0.052267183,-0.08919096,0.015343403,False
1535,6605.11,False,0.052258812,-0.027226599,0.07729103,False
5095,17285.11,False,0.052251674,0.07782616,-0.02667719,False
2157,8471.11,True,0.05217579,0.06859023,0.035761353,False
4179,14537.11,True,0.052154228,0.044061754,0.060246702,False
3846,13538.11,True,0.052147,-0.050218735,-0.054075267,False
3825,13475.11,True,0.052119173,0.065336004,0.03890234,False
2442,9326.11,False,0.052114386,0.0022229785,-0.102005795,False
5756,19268.11,True,0.052049182,0.08731901,0.016779358,False
1667,7001.11,False,0.051999744,0.027568484,-0.076431006,False
2255,8765.11,True,0.05192585,0.037266955,0.06658474,False
3476,12428.11,True,0.051910426,0.09472741,0.009093441,False
2004,8012.11,False,0.05190443,-0.0023725193,0.10143634,False
195,2585.1099999999997,False,0.05186952,0.02671222,-0.077026814,False
214,2642.1099999999997,True,0.051787056,0.097122036,0.0064520757,False
1308,5924.11,True,0.05169125,0.040678415,0.06270409,False
2125,8375.11,True,0.05162459,0.05178864,0.05146054,False
3592,12776.11,True,0.051598523,0.061911263,0.041285783,False
5257,17771.11,False,0.05159303,0.07604726,-0.027138809,False
2336,9008.11,True,0.051575918,0.030511195,0.07264064,False
773,4319.11,False,0.05146349,0.057717793,-0.045209184,False
2330,8990.11,False,0.051451016,-0.024878904,0.07802313,False
1920,7760.11,True,0.05143149,-0.054257315,-0.04860566,False
4063,14189.11,True,0.051344458,0.06458836,0.038100556,False
110,2330.1099999999997,False,0.05118252,-0.013790213,0.08857483,False
4158,14474.11,True,0.051152844,0.004848629,0.09745706,False
2998,10994.11,False,0.050953366,0.07073024,-0.031176493,False
3098,11294.11,False,0.05090873,0.04390556,-0.057911903,False
645,3935.1099999999997,True,0.05087296,0.10171237,3.3549386e-05,False
1995,7985.11,False,0.050814938,0.082832575,-0.018797303,False
4783,16349.11,False,0.050747,0.09700818,-0.004485818,False
2623,9869.11,False,0.050725833,0.043903507,-0.05754816,False
1837,7511.11,True,0.05066448,-0.011732832,-0.08959613,False
4105,14315.11,False,0.0506056,0.09755628,-0.003654923,False
3215,11645.11,False,0.050437257,0.0071950937,-0.09367942,False
1718,7154.11,False,0.05038434,-0.057142187,0.04362649,False
1246,5738.11,True,0.050383862,-0.09148305,-0.009284676,False
1284,5852.11,False,0.050306562,0.028267696,-0.07234543,False
824,4472.11,True,0.05023587,-0.07061447,-0.029857272,False
2361,9083.11,True,0.05007065,0.07485785,0.025283448,False
4394,15182.11,False,0.04992772,-0.006874065,0.092981376,False
1352,6056.11,True,0.049899384,-0.023300435,-0.07649833,False
2598,9794.11,True,0.04984798,0.034539938,0.06515602,False
875,4625.11,True,0.04969528,0.096080475,0.003310086,False
2986,10958.11,True,0.049694978,0.06568075,0.03370921,False
2296,8888.11,True,0.04967645,-0.031115768,-0.06823713,False
655,3965.1099999999997,True,0.049663123,-0.016182743,-0.0831435,False
3939,13817.11,False,0.04964058,0.0578124,-0.04146876,False
1200,5600.11,True,0.04959012,0.031552777,0.06762746,False
853,4559.11,False,0.04952979,0.066511855,-0.032547727,False
3200,11600.11,False,0.049468115,0.06661882,-0.032317407,False
89,2267.1099999999997,False,0.049452253,0.001912825,-0.09699168,False
4128,14384.11,False,0.04932441,0.089302525,-0.009346293,False
1179,5537.11,False,0.049320787,-0.004172246,0.09446933,False
5270,17810.11,False,0.04931179,0.09179271,-0.0068308692,False
1319,5957.11,False,0.04925391,0.017456874,-0.08105095,False
973,4919.11,False,0.049211614,0.060350485,-0.038072746,False
633,3899.1099999999997,True,0.04916799,-0.018283557,-0.08005242,False
3734,13202.11,False,0.049128667,0.039537355,-0.058719978,False
4497,15491.11,False,0.048895765,0.06986085,-0.027930679,False
4581,15743.11,True,0.048851054,0.030270338,0.06743177,False
3143,11429.11,False,0.048840318,0.039241638,-0.058438998,False
4483,15449.11,True,0.048707273,0.019374425,0.07804012,False
3165,11495.11,True,0.048681065,0.056823563,0.04053857,False
889,4667.11,False,0.048643623,0.02490495,-0.07238229,False
5535,18605.11,False,0.04860419,0.057135515,-0.040072866,False
5204,17612.11,True,0.048587874,0.05853728,0.038638465,False
3737,13211.11,True,0.048467297,0.08912452,0.007810068,False
820,4460.11,True,0.048456434,-0.09087628,-0.0060365847,False
5978,19934.11,True,0.04837352,0.087401636,0.009345406,False
3207,11621.11,False,0.048354838,0.09500513,-0.0017045427,False
3849,13547.11,True,0.04830078,-0.053331878,-0.04326968,False
579,3737.1099999999997,False,0.04824642,0.059659127,-0.03683371,False
2331,8993.11,True,0.04814118,0.0069267796,0.08935558,False
4423,15269.11,False,0.048133537,0.04782968,-0.048437394,False
303,2909.1099999999997,False,0.0481234,0.039567523,-0.05667928,False
3193,11579.11,True,0.048058674,-0.056925118,-0.039192226,False
709,4127.11,False,0.047978453,0.030260986,-0.06569592,False
1855,7565.11,True,0.04793778,0.024628052,0.07124751,False
369,3107.1099999999997,True,0.0478561,-0.02088302,-0.07482918,False
913,4739.11,False,0.047820058,-0.09473283,0.00090728374,False
3719,13157.11,False,0.047792606,0.0602229,-0.035362314,False
2985,10955.11,False,0.047756698,0.052828025,-0.04268537,False
719,4157.11,True,0.047738973,-0.05789975,-0.037578195,False
2717,10151.11,False,0.047714416,0.089261696,-0.006167139,False
533,3599.1099999999997,False,0.047656223,-0.029105777,0.06620667,False
2027,8081.11,False,0.04759994,0.045326978,-0.0498729,False
1046,5138.11,False,0.047553513,0.008417914,-0.086689115,False
978,4934.11,False,0.047323167,0.016868707,-0.07777763,False
2681,10043.11,False,0.047273863,0.009023079,-0.08552465,False
5217,17651.11,False,0.04726087,0.09390705,-0.000614686,False
345,3035.1099999999997,False,0.04715273,-0.026172966,0.0681325,False
4856,16568.11,False,0.047118872,0.06691511,-0.027322631,False
2315,8945.11,False,0.047088444,0.034707367,-0.059469525,False
2290,8870.11,True,0.04704431,-0.0326117,-0.06147692,False
3534,12602.11,True,0.04698859,-0.08793773,-0.0060394537,False
3659,12977.11,False,0.04694771,0.07641728,-0.017478134,False
4133,14399.11,True,0.04691002,0.083961286,0.009858755,False
965,4895.11,True,0.04674194,0.021825643,0.07165824,False
1799,7397.11,False,0.046719108,0.024918936,-0.06851928,False
3858,13574.11,True,0.046677865,-0.06349603,-0.0298597,False
2860,10580.11,False,0.04661539,0.038163885,-0.05506689,False
2943,10829.11,True,0.046503663,0.05048454,0.042522784,False
44,2132.1099999999997,False,0.04649664,-0.019567914,0.07342537,False
1411,6233.11,False,0.046463143,0.09008249,-0.0028437986,False
950,4850.11,True,0.046373922,0.07549618,0.017251663,False
4524,15572.11,False,0.046355285,0.061234992,-0.031475574,False
3607,12821.11,True,0.046252746,0.023474557,0.06903093,False
1721,7163.11,False,0.046133105,-0.075326085,0.016940126,False
558,3674.1099999999997,False,0.046105433,0.018496616,-0.07371425,False
2001,8003.11,False,0.046076726,0.06616474,-0.025988713,False
3218,11654.11,False,0.04606431,0.09053631,-0.0015923099,False
1768,7304.11,False,0.04603412,0.014877285,-0.07719096,False
3202,11606.11,True,0.04595762,0.030124802,0.06179044,False
4104,14312.11,True,0.045952052,0.05223883,0.03966527,False
2889,10667.11,True,0.0459006,0.054351903,0.037449297,False
5605,18815.11,False,0.045830656,0.091329634,-0.00033167753,False
1699,7097.11,False,0.04580407,-0.04075952,0.05084862,False
4408,15224.11,False,0.045763604,0.036624722,-0.054902483,False
2731,10193.11,True,0.045698397,0.00859062,0.08280618,False
3757,13271.11,False,0.04567511,0.024954049,-0.06639617,False
3950,13850.11,True,0.04553635,0.048342854,0.042729847,False
948,4844.11,True,0.045521304,0.054580286,0.036462326,False
2333,8999.11,True,0.04547108,-0.045519233,-0.045422923,False
5100,17300.11,False,0.04541325,0.08222575,-0.008600746,False
2293,8879.11,True,0.04541251,-0.00068607385,-0.09013895,False
1581,6743.11,False,0.045222383,-0.030860001,0.059584763,False
5032,17096.11,False,0.045133967,0.07746497,-0.012802967,False
3618,12854.11,True,0.045131404,-0.07454641,-0.015716396,False
5603,18809.11,True,0.04498203,0.074400455,0.015563609,False
1697,7091.11,False,0.044960555,0.011627897,-0.07829321,False
3564,12692.11,True,0.04493863,0.06483636,0.0250409,False
1270,5810.11,False,0.044880543,0.0042013573,-0.085559726,False
2126,8378.11,True,0.04480324,0.034841273,0.054765206,False
2888,10664.11,True,0.044769235,0.06362376,0.025914703,False
465,3395.1099999999997,False,0.04476507,0.0720801,-0.017450038,False
1742,7226.11,False,0.04472091,-0.080602616,0.008839205,False
5258,17774.11,False,0.044665877,0.08905098,-0.00028077213,False
1770,7310.11,True,0.044583615,-0.050218843,-0.038948387,False
3068,11204.11,True,0.044433903,0.07525019,0.01361761,False
1045,5135.11,False,0.0444321,0.032244924,-0.056619275,False
269,2807.1099999999997,False,0.044389404,0.0040079094,-0.0847709,False
3620,12860.11,True,0.044366233,0.06950486,0.019227607,False
5786,19358.11,True,0.044320133,0.0645449,0.024095364,False
318,2954.1099999999997,False,0.044302244,0.05596533,-0.032639157,False
4621,15863.11,True,0.044178687,-0.053700056,-0.034657314,False
431,3293.1099999999997,True,0.04416684,0.031046422,0.057287257,False
2713,10139.11,True,0.044148523,0.030506061,0.057790983,False
1856,7568.11,True,0.04411164,-0.037901673,-0.05032161,False
343,3029.1099999999997,True,0.044032466,0.038895234,0.049169697,False
9,2027.11,False,0.04393819,0.068697974,-0.019178407,False
2171,8513.11,False,0.04393199,0.079649575,-0.008214406,False
2317,8951.11,True,0.043727748,0.050850045,0.03660545,False
1545,6635.11,False,0.043683816,-0.068261266,0.019106368,False
2555,9665.11,True,0.043661356,-0.049298164,-0.03802455,False
1041,5123.11,True,0.043643672,-0.05934238,-0.027944963,False
926,4778.11,False,0.043624945,-0.050703656,0.036546234,False
4432,15296.11,False,0.0435763,0.046663456,-0.04048914,False
922,4766.11,False,0.043474074,0.064114146,-0.022834003,False
5841,19523.11,True,0.043189146,0.05996144,0.026416855,False
2495,9485.11,False,0.043093897,0.062466145,-0.02372165,False
1405,6215.11,False,0.042998556,0.08256624,-0.003430873,False
4430,15290.11,False,0.04298262,0.020940656,-0.065024585,False
2909,10727.11,True,0.04294094,0.081532374,0.0043495093,False
4693,16079.11,True,0.04276482,-0.044715624,-0.04081402,False
535,3605.1099999999997,True,0.042749275,0.02617663,0.059321918,False
636,3908.1099999999997,False,0.042742677,0.055385605,-0.030099751,False
2286,8858.11,False,0.04259092,-0.035185985,0.049995854,False
1447,6341.11,True,0.042559735,0.016316375,0.068803094,False
2767,10301.11,True,0.042535685,-0.048165035,-0.03690634,False
896,4688.11,False,0.042466916,0.03942594,-0.045507897,False
1318,5954.11,True,0.042276908,0.023978712,0.0605751,False
1079,5237.11,True,0.042272028,-0.052081957,-0.032462098,False
1047,5141.11,True,0.042214766,-0.00018952141,-0.08424001,False
3691,13073.11,True,0.042179443,0.014553305,0.069805585,False
1706,7118.11,False,0.04207298,-0.032697927,0.05144804,False
2733,10199.11,False,0.042029887,-0.062817626,0.021242151,False
4729,16187.11,False,0.041913725,0.07982506,-0.004002394,False
627,3881.1099999999997,True,0.041826613,-0.046173554,-0.037479673,False
2151,8453.11,False,0.041794837,0.03558275,-0.048006922,False
4523,15569.11,True,0.041769356,0.07743004,0.0061086747,False
1635,6905.11,True,0.041682508,0.035087608,0.048277408,False
2893,10679.11,True,0.041679572,0.07167221,0.011686938,False
5533,18599.11,True,0.041657384,0.079732895,0.0035818764,False
1230,5690.11,False,0.041639928,0.07124751,-0.012032345,False
1955,7865.11,True,0.041532926,-0.064844936,-0.018220916,False
409,3227.1099999999997,False,0.041491546,0.028224148,-0.054758944,False
1434,6302.11,False,0.04143587,0.043040168,-0.039831575,False
3201,11603.11,True,0.04136663,0.052156407,0.030576847,False
963,4889.11,True,0.041346256,0.04063024,0.04206227,False
3718,13154.11,False,0.041238457,0.016559292,-0.065917626,False
2216,8648.11,True,0.0411966,0.06696509,0.015428115,False
680,4040.1099999999997,False,0.04118026,-0.049441613,0.03291891,False
4692,16076.11,True,0.041125257,-0.06682328,-0.015427232,False
151,2453.1099999999997,False,0.041111663,0.023316123,-0.058907207,False
1915,7745.11,False,0.04107005,-0.049726106,0.032414,False
146,2438.1099999999997,True,0.040953517,-0.07462211,-0.007284922,False
1873,7619.11,False,0.040886763,0.0007345641,-0.08103896,False
2128,8384.11,True,0.040706612,-0.02003019,-0.06138303,False
125,2375.1099999999997,False,0.04069776,-0.035662938,0.04573258,False
3874,13622.11,False,0.040654987,-0.052956853,0.028353123,False
2730,10190.11,True,0.04065384,-0.017194632,-0.06411305,False
421,3263.1099999999997,False,0.040643748,-0.013599329,0.06768817,False
69,2207.1099999999997,False,0.040588956,-0.08091628,0.00026163345,False
4874,16622.11,True,0.04058001,0.0554986,0.025661416,False
763,4289.11,True,0.04050967,0.029662285,0.051357057,False
1031,5093.11,True,0.040393453,-0.021288509,-0.059498396,False
1473,6419.11,False,0.040363472,-0.06545222,0.015274724,False
152,2456.1099999999997,True,0.04031574,-0.036603928,-0.044027552,False
714,4142.11,True,0.04029513,-0.013562705,-0.06702756,False
1700,7100.11,True,0.0402906,-0.072609365,-0.007971836,False
565,3695.1099999999997,True,0.040271476,0.06066737,0.01987558,False
1514,6542.11,False,0.04016262,-0.015984192,0.064341046,False
3840,13520.11,False,0.04009192,0.019755315,-0.060428526,False
1307,5921.11,False,0.040058233,0.06566923,-0.014447231,False
4411,15233.11,False,0.0399499,0.034795538,-0.04510426,False
576,3728.1099999999997,True,0.039944775,0.0003020742,0.079587474,False
2818,10454.11,True,0.03992827,0.0037951204,0.07606142,False
1688,7064.11,False,0.03992717,0.047417223,-0.032437112,False
2925,10775.11,True,0.0398529,0.046976227,0.03272957,False
1353,6059.11,False,0.039837144,0.055028006,-0.02464628,False
1373,6119.11,True,0.039553545,-0.007590334,-0.07151676,False
4518,15554.11,False,0.039392933,0.06668857,-0.012097303,False
3900,13700.11,False,0.039351076,0.05168147,-0.027020682,False
5731,19193.11,False,0.03931032,0.05657543,-0.022045216,False
2020,8060.11,False,0.039177902,0.033334795,-0.045021012,False
920,4760.11,True,0.038799204,-0.010184067,-0.06741434,False
2865,10595.11,False,0.03861132,-0.010762808,0.06645983,False
2823,10469.11,False,0.03846764,0.07015401,-0.006781267,False
1932,7796.11,True,0.038442347,-0.04801982,-0.028864874,False
1854,7562.11,False,0.03835503,-0.0055297865,0.07118028,False
1285,5855.11,False,0.038313486,-0.036695004,0.039931968,False
3360,12080.11,False,0.038242936,0.0750412,-0.0014446758,False
184,2552.1099999999997,True,0.038196165,-0.03597051,-0.04042182,False
344,3032.1099999999997,False,0.038113877,0.02665721,-0.049570546,False
974,4922.11,False,0.038099486,0.020736368,-0.055462606,False
2061,8183.11,False,0.038084,0.06764318,-0.0085248165,False
2991,10973.11,False,0.03806457,0.040330097,-0.035799038,False
1756,7268.11,False,0.03779378,-0.06887123,0.00671633,False
3467,12401.11,False,0.03779306,0.044026725,-0.031559393,False
2426,9278.11,True,0.03761532,-0.03628295,-0.038947694,False
264,2792.1099999999997,False,0.037559453,-0.05113961,0.023979295,False
2019,8057.11,False,0.037526757,-0.07444009,0.00061342306,False
2049,8147.11,True,0.037479226,-0.047539037,-0.027419414,False
4533,15599.11,False,0.03743997,0.0048571196,-0.070022814,False
3203,11609.11,False,0.037415426,0.06948395,-0.005346905,False
2669,10007.11,False,0.037407592,0.06343269,-0.011382494,False
2510,9530.11,True,0.037313435,0.05122058,0.023406288,False
2739,10217.11,False,0.037275437,0.07032403,-0.004226842,False
3019,11057.11,False,0.037274495,0.074494794,-5.4199038e-05,False
328,2984.1099999999997,True,0.03727276,-0.02895571,-0.04558981,False
2586,9758.11,True,0.03725928,-0.04644057,-0.028077992,False
848,4544.11,False,0.03719744,-0.0036521473,0.070742734,False
124,2372.1099999999997,True,0.03715082,0.06631093,0.007990711,False
4527,15581.11,True,0.037140254,0.01900836,0.055272147,False
1487,6461.11,True,0.037044596,0.05403355,0.020055642,False
1836,7508.11,False,0.036970038,0.06421006,-0.009730016,False
279,2837.1099999999997,False,0.03681361,0.016657095,-0.05697012,False
3543,12629.11,True,0.036777925,-0.061087456,-0.012468392,False
2153,8459.11,True,0.036718156,0.06228496,0.011151352,False
2493,9479.11,False,0.036423393,0.03647405,-0.03637274,False
2254,8762.11,True,0.036421575,0.05204207,0.020801079,False
1137,5411.11,False,0.0363322,0.041755237,-0.030909164,False
4762,16286.11,False,0.03633128,0.024650466,-0.048012093,False
958,4874.11,True,0.03631264,-0.063273616,-0.00935166,False
4,2012.11,True,0.036275014,0.02419613,0.048353903,False
5219,17657.11,True,0.036077365,0.042531062,0.02962367,False
3116,11348.11,False,0.03605082,0.04414144,-0.027960192,False
2820,10460.11,False,0.03587079,0.067695305,-0.004046275,False
1248,5744.11,True,0.035855323,0.06630184,0.00540881,False
3096,11288.11,True,0.03584503,0.03643762,0.03525244,False
4624,15872.11,False,0.03578446,-0.009924143,0.06164478,False
362,3086.1099999999997,True,0.035782732,0.035282377,0.03628309,False
1252,5756.11,False,0.035722554,-0.05337352,0.018071584,False
742,4226.11,False,0.035695966,-0.010244385,0.061147545,False
2734,10202.11,False,0.035542626,-0.066905715,0.0041795406,False
2319,8957.11,True,0.035349138,0.058576167,0.012122112,False
230,2690.1099999999997,False,0.035348244,-0.03287094,0.037825547,False
1560,6680.11,False,0.035257254,0.017131044,-0.053383462,False
411,3233.1099999999997,False,0.035191603,0.019202564,-0.051180646,False
989,4967.11,False,0.035127502,0.005438146,-0.064816855,False
874,4622.11,True,0.03457251,0.04818323,0.020961788,False
2318,8954.11,True,0.034551986,0.053348687,0.015755283,False
941,4823.11,True,0.034532808,0.04441223,0.024653386,False
3421,12263.11,True,0.034524865,0.04685227,0.022197459,False
2289,8867.11,False,0.034478642,0.006523906,-0.062433377,False
3544,12632.11,False,0.034421008,-0.032471884,0.036370132,False
3337,12011.11,False,0.0343933,0.027766293,-0.041020308,False
1573,6719.11,False,0.034218878,0.028067095,-0.04037066,False
453,3359.1099999999997,True,0.03421353,-0.022615068,-0.045811996,False
2606,9818.11,False,0.03419809,0.029519547,-0.038876638,False
3839,13517.11,True,0.034182265,0.021967676,0.04639685,False
3901,13703.11,False,0.034102622,0.06665901,-0.0015462354,False
550,3650.1099999999997,True,0.034083106,-0.047512725,-0.020653486,False
851,4553.11,False,0.033983637,0.0027560415,-0.06521123,False
774,4322.11,False,0.033863954,-0.055063225,0.012664684,False
1933,7799.11,False,0.033667848,-0.047355827,0.019979866,False
5222,17666.11,False,0.033601347,0.051099904,-0.016102789,False
1125,5375.11,False,0.0335766,-0.0045424635,0.06261074,False
2155,8465.11,True,0.03336519,0.06645967,0.00027070747,False
2732,10196.11,True,0.033324853,-0.05946952,-0.007180184,False
784,4352.11,False,0.033282693,0.035740618,-0.030824767,False
2163,8489.11,True,0.033261765,0.006944354,0.059579175,False
2936,10808.11,True,0.03323534,0.029371558,0.037099127,False
4703,16109.11,True,0.03295412,0.019757487,0.046150755,False
2427,9281.11,True,0.032937713,-0.031133017,-0.034742408,False
2511,9533.11,False,0.03290872,0.05195284,-0.013864597,False
3156,11468.11,False,0.03288299,-0.0071641826,0.058601793,False
1931,7793.11,True,0.032773037,-0.04871722,-0.016828852,False
1452,6356.11,True,0.032584786,0.054378517,0.01079106,False
3177,11531.11,False,0.03248222,-0.05677603,0.008188412,False
2519,9557.11,False,0.03232068,0.06386665,-0.0007747003,False
1121,5363.11,True,0.032293957,-0.019342601,-0.045245312,False
1682,7046.11,True,0.032273106,-0.025621157,-0.03892506,False
2949,10847.11,False,0.032065157,0.058204845,-0.0059254714,False
3074,11222.11,True,0.03199985,-0.018696537,-0.045303162,False
757,4271.11,True,0.031976342,-0.015011085,-0.048941597,False
4583,15749.11,True,0.031779204,0.053419925,0.01013848,False
2048,8144.11,False,0.031713765,-0.022668162,0.040759366,False
410,3230.1099999999997,True,0.031469606,0.026617773,0.03632144,False
258,2774.1099999999997,False,0.03141731,-0.050354715,0.012479905,False
412,3236.1099999999997,True,0.031198882,-0.028963244,-0.03343452,False
716,4148.11,True,0.030517213,0.0049423976,0.056092028,False
3157,11471.11,True,0.03046325,0.028806873,0.032119628,False
1078,5234.11,True,0.030423775,-0.00883182,-0.05201573,False
2288,8864.11,True,0.03041073,0.024076708,0.03674475,False
2102,8306.11,False,0.030361852,-0.035219822,0.025503881,False
990,4970.11,False,0.030279089,0.059912156,-0.0006460204,False
157,2471.1099999999997,False,0.030202411,-0.027001359,0.033403464,False
1122,5366.11,True,0.030147493,-0.02813746,-0.032157525,False
3465,12395.11,False,0.030072143,-0.007908325,0.05223596,False
3144,11432.11,False,0.030018944,0.02003791,-0.039999977,False
601,3803.1099999999997,False,0.03000798,-0.04752815,0.01248781,False
3875,13625.11,True,0.030001562,-0.042332783,-0.017670343,False
3857,13571.11,True,0.029929142,0.0118720755,0.04798621,False
764,4292.11,True,0.029827261,-0.012470193,-0.04718433,False
2392,9176.11,False,0.029721567,-0.033450168,0.025992967,False
3871,13613.11,False,0.029711805,0.024650687,-0.03477292,False
4620,15860.11,True,0.029429888,-0.030477898,-0.028381879,False
2287,8861.11,True,0.029400826,-0.041115846,-0.017685803,False
3112,11336.11,True,0.02931309,0.04868384,0.009942338,False
799,4397.11,False,0.02922349,0.010939862,-0.04750712,False
3761,13283.11,False,0.029172335,0.029895095,-0.028449574,False
3619,12857.11,False,0.028999604,-0.02724767,0.030751541,False
510,3530.1099999999997,True,0.028916894,0.048095666,0.00973812,False
718,4154.11,True,0.028896073,-0.05422657,-0.0035655745,False
2738,10214.11,True,0.028766181,0.012120555,0.045411807,False
2152,8456.11,True,0.028706094,0.04757337,0.009838819,False
949,4847.11,False,0.028689012,0.028415926,-0.028962096,False
1444,6332.11,False,0.028653223,-0.009433771,0.047872674,False
3714,13142.11,False,0.028495273,-0.023642324,0.03334822,False
2182,8546.11,False,0.028491322,0.020878779,-0.036103863,False
3861,13583.11,True,0.028484218,-0.036286585,-0.02068185,False
921,4763.11,True,0.02847362,0.036900796,0.02004644,False
337,3011.1099999999997,True,0.028456118,-0.007948896,-0.04896334,False
536,3608.1099999999997,True,0.028173383,-0.033131167,-0.0232156,False
1203,5609.11,True,0.028059343,-0.007800065,-0.04831862,False
389,3167.1099999999997,False,0.027985282,0.0212377,-0.034732863,False
2391,9173.11,False,0.027956154,-0.016695024,0.039217282,False
4705,16115.11,True,0.027871434,0.0342938,0.021449065,False
3173,11519.11,False,0.02780873,-0.0145721445,0.041045316,False
3844,13532.11,True,0.027761266,-0.009493889,-0.04602864,False
3843,13529.11,True,0.027694572,-0.007791596,-0.047597546,False
4619,15857.11,False,0.027548008,-0.03499059,0.020105427,False
4829,16487.11,True,0.027487522,0.050942305,0.0040327385,False
302,2906.1099999999997,True,0.027422968,0.030222181,0.024623755,False
1716,7148.11,False,0.027406413,-0.007898798,0.04691403,False
2186,8558.11,True,0.027165275,-0.009099496,-0.045231055,False
1053,5159.11,False,0.026952177,-0.028049972,0.025854383,False
2786,10358.11,True,0.026938964,-0.0049612434,-0.048916683,False
5199,17597.11,True,0.026933875,0.032538623,0.021329125,False
2047,8141.11,True,0.026705446,-0.005149268,-0.048261624,False
145,2435.1099999999997,False,0.026628377,-0.019325621,0.033931132,False
4531,15593.11,False,0.026511695,-0.0074629877,0.045560405,False
2643,9929.11,False,0.026440613,0.050299875,-0.0025813486,False
3097,11291.11,True,0.026365269,0.042725828,0.010004712,False
1274,5822.11,False,0.02616578,0.026045268,-0.026286293,False
4525,15575.11,True,0.025938474,0.039715983,0.012160966,False
2295,8885.11,False,0.02584338,-0.030272337,0.021414423,False
1898,7694.11,False,0.025740452,0.02768844,-0.023792464,False
4159,14477.11,False,0.025729625,-0.04225889,0.009200361,False
2817,10451.11,False,0.025526393,-0.009095229,0.041957557,False
1120,5360.11,False,0.025342494,-0.01744871,0.03323628,False
1251,5753.11,True,0.025254855,-0.010225405,-0.040284306,False
2760,10280.11,False,0.024931313,0.0068940273,-0.0429686,False
1698,7094.11,False,0.024927134,0.01659479,-0.033259477,False
173,2519.1099999999997,False,0.024910871,-0.02667691,0.023144832,False
761,4283.11,True,0.024701595,-0.019284723,-0.03011847,False
1719,7157.11,False,0.024605755,-0.013947637,0.035263874,False
1668,7004.11,True,0.024173161,0.018422991,0.029923331,False
2332,8996.11,True,0.024171503,0.0034137897,0.044929218,False
1048,5144.11,True,0.024071679,0.030790968,0.017352391,False
2433,9299.11,True,0.023995748,0.04494838,0.003043116,False
895,4685.11,False,0.023939017,-0.00851167,0.039366364,False
2097,8291.11,False,0.023730403,-0.028828695,0.01863211,False
3759,13277.11,False,0.023729775,0.033499308,-0.013960243,False
358,3074.1099999999997,True,0.023699109,0.019431958,0.02796626,False
2187,8561.11,True,0.023678461,0.010338302,0.03701862,False
4580,15740.11,True,0.02367577,0.011105883,0.036245655,False
2819,10457.11,True,0.023540717,0.040599946,0.006481487,False
319,2957.1099999999997,True,0.023359131,-0.021975718,-0.024742544,False
1350,6050.11,False,0.023163982,-0.014600573,0.031727392,False
3876,13628.11,True,0.02300387,0.024098871,0.02190887,False
4698,16094.11,True,0.022715047,-0.0010533402,-0.044376753,False
964,4892.11,True,0.022677943,-0.016341869,-0.029014017,False
2389,9167.11,False,0.022496002,-0.017148547,0.027843457,False
1288,5864.11,False,0.022464074,-0.0062530763,0.038675074,False
2779,10337.11,True,0.02244083,-0.014019371,-0.03086229,False
2610,9830.11,False,0.022419946,0.04460463,-0.0002352644,False
1271,5813.11,False,0.022371624,0.020914925,-0.023828324,False
400,3200.1099999999997,True,0.02218017,-0.041731667,-0.002628672,False
641,3923.1099999999997,True,0.022154989,0.01633527,0.027974708,False
2862,10586.11,False,0.022038504,0.008908353,-0.035168655,False
3155,11465.11,False,0.021944368,-0.039680477,0.0042082598,False
4696,16088.11,True,0.02124419,-0.01669328,-0.025795102,False
4412,15236.11,False,0.02115471,-0.036694717,0.005614702,False
1267,5801.11,True,0.021088481,-0.016146744,-0.026030216,False
2668,10004.11,False,0.021026367,0.03684233,-0.005210402,False
2864,10592.11,False,0.020727582,-0.040101454,0.0013537126,False
813,4439.11,False,0.020522688,-0.031940315,0.009105058,False
2410,9230.11,False,0.02052065,-0.023260377,0.017780922,False
1472,6416.11,True,0.0204609,-0.026548367,-0.014373435,False
1030,5090.11,False,0.020334138,-0.029210847,0.011457427,False
648,3944.1099999999997,True,0.020298453,0.03791694,0.0026799669,False
2724,10172.11,True,0.020246523,0.030036122,0.010456922,False
1406,6218.11,True,0.020212684,-0.017231485,-0.023193885,False
4701,16103.11,True,0.02009536,-0.0074825482,-0.03270817,False
962,4886.11,False,0.02003106,0.003648182,-0.036413938,False
2328,8984.11,False,0.01984888,0.017518047,-0.022179712,False
3171,11513.11,True,0.019844616,-0.011682467,-0.028006766,False
2215,8645.11,True,0.01982057,0.03591638,0.003724758,False
2822,10466.11,False,0.019765118,0.037985757,-0.0015444806,False
4343,15029.11,False,0.019452501,-0.0076355417,0.03126946,False
3717,13151.11,False,0.019069519,0.01364045,-0.02449859,False
1102,5306.11,True,0.019054338,0.007745811,0.030362867,False
717,4151.11,True,0.018894223,-0.01547625,-0.022312198,False
1930,7790.11,False,0.0187706,0.03395302,-0.0035881805,False
0,2000.11,False,0.018701628,-0.03432729,0.0030759636,False
713,4139.11,False,0.01794707,0.018284114,-0.017610028,False
1136,5408.11,False,0.017873473,0.019362202,-0.016384743,False
220,2660.1099999999997,False,0.017793216,0.0052303844,-0.030356046,False
1376,6128.11,False,0.017349623,0.019008096,-0.01569115,False
2520,9560.11,False,0.01734129,0.004009257,-0.030673323,False
1196,5588.11,True,0.017310861,-0.030212482,-0.00440924,False
2795,10385.11,False,0.017277109,0.01666451,-0.017889706,False
1669,7007.11,False,0.017180419,-0.010613677,0.023747161,False
483,3449.1099999999997,True,0.017155873,0.020890772,0.013420974,False
4429,15287.11,True,0.017004322,-0.0045453385,-0.029463308,False
1544,6632.11,True,0.016783616,0.028677389,0.004889842,False
2340,9020.11,True,0.016555876,0.030625599,0.0024861526,False
1853,7559.11,False,0.016386585,0.027549673,-0.0052234964,False
1913,7739.11,False,0.016271414,-0.028107943,0.004434886,False
4532,15596.11,True,0.01626672,0.0044327276,0.028100714,False
3172,11516.11,False,0.016230298,-0.005015948,0.027444648,False
3716,13148.11,False,0.016166864,-0.011416342,0.020917386,False
2945,10835.11,False,0.016037596,0.0050519607,-0.027023232,False
367,3101.1099999999997,False,0.015907986,0.003349,-0.028466972,False
3176,11528.11,False,0.01573139,-0.03135808,0.000104700295,False
1216,5648.11,False,0.015559562,-0.0006595992,0.030459523,False
4759,16277.11,True,0.015294049,-0.0072186464,-0.023369452,False
3715,13145.11,True,0.015107391,0.004820115,0.025394669,False
924,4772.11,True,0.015090489,0.022811448,0.0073695295,False
1201,5603.11,True,0.014796481,0.013504335,0.016088625,False
2291,8873.11,True,0.014710089,-0.0289888,-0.0004313796,False
90,2270.1099999999997,True,0.014148394,-0.0052711964,-0.02302559,False
668,4004.1099999999997,False,0.014129605,0.006822855,-0.021436354,False
2189,8567.11,False,0.014120168,-0.018163042,0.010077294,False
2432,9296.11,True,0.014108564,0.022953946,0.0052631814,False
573,3719.1099999999997,False,0.013996754,0.009308895,-0.018684613,False
3938,13814.11,False,0.013548076,0.00097315194,-0.026123,False
3147,11441.11,True,0.013410615,-0.0068761064,-0.019945122,False
4618,15854.11,False,0.013147987,0.01951204,-0.0067839334,False
3169,11507.11,False,0.013140783,-0.0123723075,0.013909258,False
2863,10589.11,True,0.012964221,-0.010752255,-0.015176187,False
1202,5606.11,False,0.012176513,-0.01149625,0.012856776,False
3145,11435.11,False,0.01194975,0.003539622,-0.020359877,False
2431,9293.11,False,0.01169863,0.008983383,-0.014413876,False
375,3125.1099999999997,True,0.0116810575,0.013356093,0.010006023,False
592,3776.1099999999997,False,0.0113231465,0.011789944,-0.010856348,False
3146,11438.11,True,0.010881533,0.020899907,0.00086315983,False
1705,7115.11,True,0.010768278,-0.0030981088,-0.018438445,False
3216,11648.11,False,0.010355365,0.014182948,-0.0065277833,False
4700,16100.11,False,0.010182194,0.01881479,-0.0015496006,False
4694,16082.11,False,0.009297385,-0.016713565,0.0018812044,False
1034,5102.11,False,0.008555243,-0.0027917752,0.01431871,False
538,3614.1099999999997,True,0.008437587,-0.00073351915,-0.016141655,False
2944,10832.11,False,0.008310861,0.0031326083,-0.013489113,False
164,2492.1099999999997,True,0.008052296,0.0036443104,0.012460281,False
4627,15881.11,True,0.00790013,0.0013824222,0.014417838,False
4395,15185.11,False,0.007758668,-0.008982421,0.0065349154,False
967,4901.11,False,0.006765535,0.0109906765,-0.0025403935,False
712,4136.11,True,0.006599579,-0.009497449,-0.0037017087,False
2390,9170.11,False,0.006354466,-0.0046054027,0.00810353,False
255,2765.1099999999997,True,0.0062218076,-0.00012761644,-0.012315999,False
4487,15461.11,False,0.0060463357,-0.0032046076,0.008888064,False
2844,10532.11,False,0.0059646387,-0.004465026,0.007464251,False
1769,7307.11,False,0.0054427073,-0.00038177997,0.010503635,False
482,3446.1099999999997,True,0.005166728,-0.0018989176,-0.008434539,False
1720,7160.11,True,0.0046287915,-0.0063691624,-0.0028884201,False
4156,14468.11,False,0.0042564133,0.002024796,-0.006488031,False
2294,8882.11,False,0.00063246826,0.00014437469,-0.0011205619,False
