site,species,drug,n,n_direncli,direnc_orani,n_tur_toplam,eksiklik_orani
DRIAMS-A,Escherichia coli,Ertapenem,4983,35.0,0.0070238811960666265,7320,0.31926229508196724
DRIAMS-A,Escherichia coli,Ceftriaxone,4961,1086.0,0.21890747833098165,7320,0.3222677595628415
DRIAMS-A,Escherichia coli,Colistin,4930,18.0,0.0036511156186612576,7320,0.32650273224043713
DRIAMS-A,Escherichia coli,Meropenem,4928,3.0,0.0006087662337662338,7320,0.326775956284153
DRIAMS-A,Escherichia coli,Imipenem,4923,5.0,0.0010156408693885843,7320,0.32745901639344266
DRIAMS-A,Escherichia coli,Ciprofloxacin,4911,1466.0,0.29851354103034006,7320,0.3290983606557377
DRIAMS-A,Escherichia coli,Cefepime,4890,839.0,0.17157464212678936,7320,0.3319672131147541
DRIAMS-A,Escherichia coli,Cotrimoxazole,4888,1595.0,0.3263093289689034,7320,0.33224043715846996
DRIAMS-A,Escherichia coli,Tobramycin,4876,636.0,0.13043478260869565,7320,0.333879781420765
DRIAMS-A,Escherichia coli,Ampicillin-Amoxicillin,4866,2913.0,0.5986436498150431,7320,0.3352459016393443
DRIAMS-A,Escherichia coli,Amikacin,4858,331.0,0.06813503499382462,7320,0.3363387978142076
DRIAMS-A,Escherichia coli,Levofloxacin,4858,1443.0,0.29703581720872785,7320,0.3363387978142076
DRIAMS-A,Escherichia coli,Amoxicillin-Clavulanic acid,4826,1177.0,0.24388727724823872,7320,0.34071038251366115
DRIAMS-A,Escherichia coli,Ceftazidime,4822,871.0,0.18063044379925342,7320,0.3412568306010929
DRIAMS-A,Escherichia coli,Piperacillin-Tazobactam,4799,350.0,0.07293186080433424,7320,0.34439890710382515
DRIAMS-A,Staphylococcus epidermidis,Vancomycin,4777,2.0,0.0004186728072011723,9387,0.49110471929263877
DRIAMS-A,Staphylococcus epidermidis,Daptomycin,4761,3.0,0.000630119722747322,9387,0.4928092042186002
DRIAMS-A,Staphylococcus epidermidis,Rifampicin,4758,436.0,0.09163514081546868,9387,0.49312879514221797
DRIAMS-A,Staphylococcus epidermidis,Ciprofloxacin,4679,2687.0,0.5742680059841847,9387,0.5015446894641525
DRIAMS-A,Staphylococcus epidermidis,Oxacillin,4664,3324.0,0.7126929674099486,9387,0.5031426440822414
DRIAMS-A,Staphylococcus epidermidis,Fusidic acid,4589,2407.0,0.5245151449117454,9387,0.5111324171726856
DRIAMS-A,Staphylococcus epidermidis,Cotrimoxazole,4545,1565.0,0.34433443344334436,9387,0.5158197507190796
DRIAMS-A,Staphylococcus epidermidis,Linezolid,4407,2.0,0.0004538234626730202,9387,0.530520933205497
DRIAMS-A,Staphylococcus epidermidis,Ampicillin-Amoxicillin,4371,4344.0,0.9938229238160604,9387,0.5343560242889103
DRIAMS-A,Staphylococcus epidermidis,Penicillin,4371,4344.0,0.9938229238160604,9387,0.5343560242889103
DRIAMS-A,Staphylococcus epidermidis,Tigecycline,4365,14.0,0.0032073310423825887,9387,0.5349952061361457
DRIAMS-A,Staphylococcus epidermidis,Amoxicillin-Clavulanic acid,4262,3006.0,0.7053026748005631,9387,0.5459678278470225
DRIAMS-A,Staphylococcus epidermidis,Cefazolin,4261,3006.0,0.7054681999530626,9387,0.546074358154895
DRIAMS-A,Staphylococcus epidermidis,Cefepime,4261,3006.0,0.7054681999530626,9387,0.546074358154895
DRIAMS-A,Staphylococcus epidermidis,Ceftriaxone,4261,3006.0,0.7054681999530626,9387,0.546074358154895
DRIAMS-A,Staphylococcus epidermidis,Cefuroxime,4261,3006.0,0.7054681999530626,9387,0.546074358154895
DRIAMS-A,Staphylococcus epidermidis,Imipenem,4261,3006.0,0.7054681999530626,9387,0.546074358154895
DRIAMS-A,Staphylococcus epidermidis,Meropenem,4261,3006.0,0.7054681999530626,9387,0.546074358154895
DRIAMS-A,Staphylococcus epidermidis,Piperacillin-Tazobactam,4261,3006.0,0.7054681999530626,9387,0.546074358154895
DRIAMS-A,Staphylococcus epidermidis,Erythromycin,4232,2591.0,0.6122400756143668,9387,0.5491637370832001
DRIAMS-A,Staphylococcus epidermidis,Gentamicin,4221,1863.0,0.44136460554371004,9387,0.5503355704697986
DRIAMS-A,Staphylococcus epidermidis,Clindamycin,4192,2125.0,0.5069179389312977,9387,0.5534249493981038
DRIAMS-A,Staphylococcus epidermidis,Tetracycline,4132,2329.0,0.563649564375605,9387,0.5598167678704591
DRIAMS-A,Staphylococcus aureus,Vancomycin,3791,0.0,0.0,6994,0.4579639691163855
DRIAMS-A,Staphylococcus aureus,Oxacillin,3790,726.0,0.19155672823218997,6994,0.4581069488132685
DRIAMS-A,Staphylococcus aureus,Daptomycin,3780,30.0,0.007936507936507936,6994,0.4595367457820989
DRIAMS-A,Staphylococcus aureus,Rifampicin,3774,39.0,0.010333863275039745,6994,0.46039462396339714
DRIAMS-A,Staphylococcus aureus,Fusidic acid,3766,253.0,0.06718003186404674,6994,0.46153846153846156
DRIAMS-A,Staphylococcus aureus,Ciprofloxacin,3757,616.0,0.16396060686718125,6994,0.4628252788104089
DRIAMS-A,Staphylococcus aureus,Cotrimoxazole,3741,140.0,0.03742314889067094,6994,0.46511295396053765
DRIAMS-A,Staphylococcus aureus,Meropenem,3643,712.0,0.19544331594839418,6994,0.4791249642550758
DRIAMS-A,Staphylococcus aureus,Amoxicillin-Clavulanic acid,3640,712.0,0.1956043956043956,6994,0.4795539033457249
DRIAMS-A,Staphylococcus aureus,Cefazolin,3640,712.0,0.1956043956043956,6994,0.4795539033457249
DRIAMS-A,Staphylococcus aureus,Cefepime,3640,712.0,0.1956043956043956,6994,0.4795539033457249
DRIAMS-A,Staphylococcus aureus,Ceftriaxone,3640,712.0,0.1956043956043956,6994,0.4795539033457249
DRIAMS-A,Staphylococcus aureus,Cefuroxime,3640,712.0,0.1956043956043956,6994,0.4795539033457249
DRIAMS-A,Staphylococcus aureus,Imipenem,3640,712.0,0.1956043956043956,6994,0.4795539033457249
DRIAMS-A,Staphylococcus aureus,Piperacillin-Tazobactam,3640,712.0,0.1956043956043956,6994,0.4795539033457249
DRIAMS-A,Staphylococcus aureus,Tigecycline,3640,1.0,0.0002747252747252747,6994,0.4795539033457249
DRIAMS-A,Staphylococcus aureus,Linezolid,3639,0.0,0.0,6994,0.47969688304260794
DRIAMS-A,Staphylococcus aureus,Mupirocin,3633,16.0,0.004404073768235618,6994,0.48055476122390617
DRIAMS-A,Staphylococcus aureus,Gentamicin,3629,104.0,0.028658032515844586,6994,0.4811266800114383
DRIAMS-A,Staphylococcus aureus,Teicoplanin,3629,4.0,0.0011022320198401765,6994,0.4811266800114383
DRIAMS-A,Staphylococcus aureus,Tetracycline,3609,272.0,0.07536713771127736,6994,0.4839862739490992
DRIAMS-A,Staphylococcus aureus,Erythromycin,3598,650.0,0.18065591995553085,6994,0.48555905061481275
DRIAMS-A,Staphylococcus aureus,Clindamycin,3575,519.0,0.14517482517482516,6994,0.48884758364312264
DRIAMS-A,Staphylococcus aureus,Ampicillin-Amoxicillin,3556,2614.0,0.7350956130483689,6994,0.4915641978839005
DRIAMS-A,Staphylococcus aureus,Penicillin,3553,2611.0,0.7348719392063046,6994,0.4919931369745496
DRIAMS-A,Pseudomonas aeruginosa,Colistin,3234,33.0,0.01020408163265306,4852,0.33347073371805436
DRIAMS-A,Pseudomonas aeruginosa,Tobramycin,3231,250.0,0.0773754255648406,4852,0.33408903544929924
DRIAMS-A,Pseudomonas aeruginosa,Meropenem,3183,503.0,0.15802701853597234,4852,0.34398186314921686
DRIAMS-A,Pseudomonas aeruginosa,Ciprofloxacin,3153,645.0,0.20456707897240722,4852,0.3501648804616653
DRIAMS-A,Pseudomonas aeruginosa,Piperacillin-Tazobactam,3152,598.0,0.18972081218274112,4852,0.35037098103874686
DRIAMS-A,Pseudomonas aeruginosa,Cefepime,3088,550.0,0.17810880829015543,4852,0.3635614179719703
DRIAMS-A,Klebsiella pneumoniae,Ceftriaxone,2860,449.0,0.156993006993007,3921,0.27059423616424383
DRIAMS-A,Klebsiella pneumoniae,Ertapenem,2859,79.0,0.027632039174536552,3921,0.27084927314460594
DRIAMS-A,Klebsiella pneumoniae,Ampicillin-Amoxicillin,2856,2856.0,1.0,3921,0.2716143840856924
DRIAMS-A,Klebsiella pneumoniae,Meropenem,2855,61.0,0.02136602451838879,3921,0.2718694210660546
DRIAMS-A,Klebsiella pneumoniae,Colistin,2854,13.0,0.004555010511562719,3921,0.2721244580464167
DRIAMS-A,Klebsiella pneumoniae,Cotrimoxazole,2854,606.0,0.212333566923616,3921,0.2721244580464167
DRIAMS-A,Klebsiella pneumoniae,Imipenem,2847,43.0,0.01510361784334387,3921,0.27390971690895183
DRIAMS-A,Klebsiella pneumoniae,Tobramycin,2846,319.0,0.11208713984539705,3921,0.27416475388931394
DRIAMS-A,Klebsiella pneumoniae,Amoxicillin-Clavulanic acid,2840,537.0,0.18908450704225352,3921,0.2756949757714868
DRIAMS-A,Klebsiella pneumoniae,Cefepime,2839,362.0,0.12750968650933428,3921,0.27595001275184905
DRIAMS-A,Klebsiella pneumoniae,Ciprofloxacin,2838,513.0,0.18076109936575052,3921,0.27620504973221116
DRIAMS-A,Klebsiella pneumoniae,Ceftazidime,2832,430.0,0.1518361581920904,3921,0.27773527161438405
DRIAMS-A,Klebsiella pneumoniae,Amikacin,2830,129.0,0.04558303886925795,3921,0.2782453455751084
DRIAMS-A,Klebsiella pneumoniae,Levofloxacin,2830,509.0,0.17985865724381625,3921,0.2782453455751084
DRIAMS-A,Klebsiella pneumoniae,Piperacillin-Tazobactam,2759,404.0,0.14642986589343965,3921,0.29635297118082127
DRIAMS-A,Pseudomonas aeruginosa,Ceftazidime,2459,232.0,0.09434729564863766,4852,0.4931986809563067
DRIAMS-A,Pseudomonas aeruginosa,Imipenem,2377,339.0,0.1426167437946992,4852,0.5100989282769992
DRIAMS-A,Pseudomonas aeruginosa,Amikacin,2372,164.0,0.06913996627318718,4852,0.5111294311624073
DRIAMS-A,Pseudomonas aeruginosa,Levofloxacin,2356,325.0,0.13794567062818336,4852,0.5144270403957132
DRIAMS-A,Escherichia coli,Cefpodoxime,2075,874.0,0.42120481927710846,7320,0.7165300546448088
DRIAMS-A,Klebsiella pneumoniae,Cefpodoxime,1826,236.0,0.12924424972617743,3921,0.5343024738587094
DRIAMS-A,Klebsiella pneumoniae,Norfloxacin,1814,285.0,0.15711135611907387,3921,0.5373629176230553
DRIAMS-A,Klebsiella pneumoniae,Fosfomycin-Trometamol,1809,461.0,0.25483692647871753,3921,0.5386381025248661
DRIAMS-A,Escherichia coli,Fosfomycin-Trometamol,1499,34.0,0.02268178785857238,7320,0.7952185792349726
DRIAMS-A,Escherichia coli,Nitrofurantoin,1498,16.0,0.010680907877169559,7320,0.7953551912568306
DRIAMS-A,Escherichia coli,Norfloxacin,1488,390.0,0.2620967741935484,7320,0.7967213114754098
DRIAMS-A,Enterobacter cloacae,Ciprofloxacin,1265,71.0,0.05612648221343874,1987,0.36336185203824867
DRIAMS-A,Enterobacter cloacae,Imipenem,1261,3.0,0.0023790642347343376,1987,0.36537493709109214
DRIAMS-A,Enterobacter cloacae,Amoxicillin-Clavulanic acid,1260,1260.0,1.0,1987,0.36587820835430296
DRIAMS-A,Enterobacter cloacae,Amikacin,1257,17.0,0.013524264120922832,1987,0.3673880221439356
DRIAMS-A,Enterobacter cloacae,Ampicillin-Amoxicillin,1257,1257.0,1.0,1987,0.3673880221439356
DRIAMS-A,Enterobacter cloacae,Colistin,1257,25.0,0.01988862370723946,1987,0.3673880221439356
DRIAMS-A,Enterobacter cloacae,Cotrimoxazole,1257,102.0,0.081145584725537,1987,0.3673880221439356
DRIAMS-A,Enterobacter cloacae,Tobramycin,1257,60.0,0.0477326968973747,1987,0.3673880221439356
DRIAMS-A,Enterobacter cloacae,Levofloxacin,1256,71.0,0.05652866242038217,1987,0.36789129340714644
DRIAMS-A,Enterobacter cloacae,Meropenem,1252,3.0,0.0023961661341853034,1987,0.3699043784599899
DRIAMS-A,Enterobacter cloacae,Ceftriaxone,1249,366.0,0.2930344275420336,1987,0.3714141922496226
DRIAMS-A,Enterobacter cloacae,Ertapenem,1249,116.0,0.09287429943955164,1987,0.3714141922496226
DRIAMS-A,Enterobacter cloacae,Cefepime,1241,154.0,0.12409347300564061,1987,0.37544036235530953
DRIAMS-A,Enterobacter cloacae,Ceftazidime,1234,352.0,0.2852512155591572,1987,0.37896326119778556
DRIAMS-A,Enterobacter cloacae,Piperacillin-Tazobactam,1223,312.0,0.25511038430089944,1987,0.3844992450931052
DRIAMS-A,Enterococcus faecium,Vancomycin,1183,96.0,0.08114961961115807,1751,0.32438606510565393
DRIAMS-A,Enterococcus faecium,Imipenem,1164,1098.0,0.9432989690721649,1751,0.33523700742432894
DRIAMS-A,Enterococcus faecium,Levofloxacin,1133,920.0,0.8120035304501324,1751,0.3529411764705882
DRIAMS-A,Enterococcus faecium,Tigecycline,1128,0.0,0.0,1751,0.3557966876070817
DRIAMS-A,Enterococcus faecium,Linezolid,1124,2.0,0.0017793594306049821,1751,0.3580810965162764
DRIAMS-A,Enterococcus faecium,Teicoplanin,1124,25.0,0.02224199288256228,1751,0.3580810965162764
DRIAMS-A,Enterococcus faecium,Ampicillin-Amoxicillin,1112,1052.0,0.9460431654676259,1751,0.36493432324386066
DRIAMS-A,Proteus mirabilis,Ceftriaxone,915,36.0,0.03934426229508197,2094,0.5630372492836676
DRIAMS-A,Proteus mirabilis,Cotrimoxazole,915,266.0,0.2907103825136612,2094,0.5630372492836676
DRIAMS-A,Proteus mirabilis,Ertapenem,915,2.0,0.002185792349726776,2094,0.5630372492836676
DRIAMS-A,Proteus mirabilis,Meropenem,914,2.0,0.002188183807439825,2094,0.5635148042024833
DRIAMS-A,Proteus mirabilis,Amoxicillin-Clavulanic acid,913,76.0,0.0832420591456736,2094,0.563992359121299
DRIAMS-A,Proteus mirabilis,Ciprofloxacin,913,114.0,0.1248630887185104,2094,0.563992359121299
DRIAMS-A,Proteus mirabilis,Ampicillin-Amoxicillin,912,255.0,0.27960526315789475,2094,0.5644699140401146
DRIAMS-A,Proteus mirabilis,Colistin,912,912.0,1.0,2094,0.5644699140401146
DRIAMS-A,Proteus mirabilis,Tobramycin,912,70.0,0.07675438596491228,2094,0.5644699140401146
DRIAMS-A,Proteus mirabilis,Cefepime,911,19.0,0.020856201975850714,2094,0.5649474689589302
DRIAMS-A,Proteus mirabilis,Piperacillin-Tazobactam,911,1.0,0.0010976948408342481,2094,0.5649474689589302
DRIAMS-A,Proteus mirabilis,Ceftazidime,909,19.0,0.020902090209020903,2094,0.5659025787965616
DRIAMS-A,Proteus mirabilis,Levofloxacin,908,113.0,0.12444933920704845,2094,0.5663801337153773
DRIAMS-A,Proteus mirabilis,Amikacin,903,22.0,0.024363233665559248,2094,0.5687679083094556
DRIAMS-A,Serratia marcescens,Ceftriaxone,863,30.0,0.03476245654692932,1219,0.2920426579163249
DRIAMS-A,Serratia marcescens,Ampicillin-Amoxicillin,862,862.0,1.0,1219,0.2928630024610336
DRIAMS-A,Serratia marcescens,Cefepime,862,4.0,0.004640371229698376,1219,0.2928630024610336
DRIAMS-A,Serratia marcescens,Colistin,862,862.0,1.0,1219,0.2928630024610336
DRIAMS-A,Serratia marcescens,Piperacillin-Tazobactam,862,23.0,0.02668213457076566,1219,0.2928630024610336
DRIAMS-A,Serratia marcescens,Amoxicillin-Clavulanic acid,860,860.0,1.0,1219,0.2945036915504512
DRIAMS-A,Serratia marcescens,Ciprofloxacin,860,40.0,0.046511627906976744,1219,0.2945036915504512
DRIAMS-A,Serratia marcescens,Ertapenem,860,2.0,0.002325581395348837,1219,0.2945036915504512
DRIAMS-A,Serratia marcescens,Levofloxacin,860,41.0,0.047674418604651166,1219,0.2945036915504512
DRIAMS-A,Serratia marcescens,Meropenem,860,0.0,0.0,1219,0.2945036915504512
DRIAMS-A,Serratia marcescens,Ceftazidime,859,30.0,0.034924330616996506,1219,0.29532403609516
DRIAMS-A,Serratia marcescens,Amikacin,857,171.0,0.19953325554259044,1219,0.2969647251845775
DRIAMS-A,Serratia marcescens,Cotrimoxazole,856,0.0,0.0,1219,0.2977850697292863
DRIAMS-A,Serratia marcescens,Imipenem,856,5.0,0.005841121495327103,1219,0.2977850697292863
DRIAMS-A,Serratia marcescens,Tobramycin,855,169.0,0.1976608187134503,1219,0.2986054142739951
DRIAMS-A,Enterococcus faecalis,Imipenem,790,12.0,0.015189873417721518,4418,0.8211860570393843
DRIAMS-A,Enterococcus faecalis,Vancomycin,785,1.0,0.0012738853503184713,4418,0.8223177908555908
DRIAMS-A,Proteus mirabilis,Imipenem,778,567.0,0.7287917737789203,2094,0.6284622731614136
DRIAMS-A,Enterococcus faecalis,Levofloxacin,770,75.0,0.09740259740259741,4418,0.82571299230421
DRIAMS-A,Enterococcus faecalis,Ampicillin-Amoxicillin,765,3.0,0.00392156862745098,4418,0.8268447261204165
DRIAMS-A,Enterococcus faecalis,Tigecycline,765,0.0,0.0,4418,0.8268447261204165
DRIAMS-A,Enterococcus faecalis,Linezolid,763,10.0,0.01310615989515072,4418,0.8272974196468991
DRIAMS-A,Pseudomonas aeruginosa,Aztreonam,763,551.0,0.7221494102228048,4852,0.8427452596867271
DRIAMS-A,Enterococcus faecalis,Teicoplanin,757,0.0,0.0,4418,0.8286555002263467
DRIAMS-A,Staphylococcus hominis,Rifampicin,717,12.0,0.016736401673640166,1313,0.45392231530845395
DRIAMS-A,Staphylococcus hominis,Vancomycin,717,0.0,0.0,1313,0.45392231530845395
DRIAMS-A,Klebsiella oxytoca,Ciprofloxacin,715,5.0,0.006993006993006993,1088,0.3428308823529411
DRIAMS-A,Staphylococcus hominis,Daptomycin,715,0.0,0.0,1313,0.4554455445544554
DRIAMS-A,Klebsiella oxytoca,Ceftriaxone,714,50.0,0.0700280112044818,1088,0.34375
DRIAMS-A,Klebsiella oxytoca,Levofloxacin,714,5.0,0.0070028011204481795,1088,0.34375
DRIAMS-A,Klebsiella oxytoca,Amoxicillin-Clavulanic acid,713,76.0,0.10659186535764376,1088,0.3446691176470589
DRIAMS-A,Klebsiella oxytoca,Ertapenem,713,0.0,0.0,1088,0.3446691176470589
DRIAMS-A,Klebsiella oxytoca,Imipenem,713,0.0,0.0,1088,0.3446691176470589
DRIAMS-A,Klebsiella oxytoca,Meropenem,713,0.0,0.0,1088,0.3446691176470589
DRIAMS-A,Klebsiella oxytoca,Amikacin,712,1.0,0.0014044943820224719,1088,0.34558823529411764
DRIAMS-A,Klebsiella oxytoca,Ampicillin-Amoxicillin,712,712.0,1.0,1088,0.34558823529411764
DRIAMS-A,Klebsiella oxytoca,Cotrimoxazole,712,19.0,0.026685393258426966,1088,0.34558823529411764
DRIAMS-A,Klebsiella oxytoca,Tobramycin,712,1.0,0.0014044943820224719,1088,0.34558823529411764
DRIAMS-A,Klebsiella oxytoca,Cefepime,711,5.0,0.007032348804500703,1088,0.3465073529411765
DRIAMS-A,Klebsiella oxytoca,Colistin,710,5.0,0.007042253521126761,1088,0.3474264705882353
DRIAMS-A,Klebsiella oxytoca,Ceftazidime,709,7.0,0.009873060648801129,1088,0.34834558823529416
DRIAMS-A,Staphylococcus hominis,Ampicillin-Amoxicillin,709,707.0,0.997179125528914,1313,0.46001523229246
DRIAMS-A,Staphylococcus hominis,Linezolid,709,0.0,0.0,1313,0.46001523229246
DRIAMS-A,Staphylococcus hominis,Penicillin,709,707.0,0.997179125528914,1313,0.46001523229246
DRIAMS-A,Staphylococcus hominis,Cotrimoxazole,707,40.0,0.056577086280056574,1313,0.46153846153846156
DRIAMS-A,Staphylococcus hominis,Ciprofloxacin,700,91.0,0.13,1313,0.4668697638994669
DRIAMS-A,Staphylococcus hominis,Tigecycline,700,0.0,0.0,1313,0.4668697638994669
DRIAMS-A,Klebsiella oxytoca,Piperacillin-Tazobactam,692,61.0,0.08815028901734104,1088,0.36397058823529416
DRIAMS-A,Staphylococcus hominis,Fusidic acid,692,345.0,0.4985549132947977,1313,0.47296268088347293
DRIAMS-A,Staphylococcus hominis,Clindamycin,685,194.0,0.2832116788321168,1313,0.47829398324447825
DRIAMS-A,Staphylococcus hominis,Erythromycin,685,387.0,0.564963503649635,1313,0.47829398324447825
DRIAMS-A,Staphylococcus hominis,Oxacillin,685,225.0,0.3284671532846715,1313,0.47829398324447825
DRIAMS-A,Staphylococcus hominis,Gentamicin,683,66.0,0.09663250366032211,1313,0.4798172124904798
DRIAMS-A,Staphylococcus hominis,Tetracycline,670,228.0,0.3402985074626866,1313,0.4897182025894897
DRIAMS-A,Staphylococcus hominis,Amoxicillin-Clavulanic acid,668,223.0,0.3338323353293413,1313,0.4912414318354913
DRIAMS-A,Staphylococcus hominis,Cefazolin,668,223.0,0.3338323353293413,1313,0.4912414318354913
DRIAMS-A,Staphylococcus hominis,Cefepime,668,223.0,0.3338323353293413,1313,0.4912414318354913
DRIAMS-A,Staphylococcus hominis,Ceftriaxone,668,223.0,0.3338323353293413,1313,0.4912414318354913
DRIAMS-A,Staphylococcus hominis,Cefuroxime,668,223.0,0.3338323353293413,1313,0.4912414318354913
DRIAMS-A,Staphylococcus hominis,Imipenem,668,223.0,0.3338323353293413,1313,0.4912414318354913
DRIAMS-A,Staphylococcus hominis,Meropenem,668,223.0,0.3338323353293413,1313,0.4912414318354913
DRIAMS-A,Staphylococcus hominis,Piperacillin-Tazobactam,668,223.0,0.3338323353293413,1313,0.4912414318354913
DRIAMS-A,Klebsiella variicola,Amikacin,559,0.0,0.0,763,0.2673656618610747
DRIAMS-A,Klebsiella variicola,Ampicillin-Amoxicillin,559,559.0,1.0,763,0.2673656618610747
DRIAMS-A,Klebsiella variicola,Cefepime,559,8.0,0.014311270125223614,763,0.2673656618610747
DRIAMS-A,Klebsiella variicola,Ceftazidime,559,10.0,0.017889087656529516,763,0.2673656618610747
DRIAMS-A,Klebsiella variicola,Ceftriaxone,559,11.0,0.01967799642218247,763,0.2673656618610747
DRIAMS-A,Klebsiella variicola,Ciprofloxacin,559,20.0,0.03577817531305903,763,0.2673656618610747
DRIAMS-A,Klebsiella variicola,Colistin,559,1.0,0.0017889087656529517,763,0.2673656618610747
DRIAMS-A,Klebsiella variicola,Cotrimoxazole,559,25.0,0.044722719141323794,763,0.2673656618610747
DRIAMS-A,Klebsiella variicola,Ertapenem,559,1.0,0.0017889087656529517,763,0.2673656618610747
DRIAMS-A,Klebsiella variicola,Imipenem,559,0.0,0.0,763,0.2673656618610747
DRIAMS-A,Klebsiella variicola,Levofloxacin,559,20.0,0.03577817531305903,763,0.2673656618610747
DRIAMS-A,Klebsiella variicola,Meropenem,559,0.0,0.0,763,0.2673656618610747
DRIAMS-A,Klebsiella variicola,Tobramycin,559,0.0,0.0,763,0.2673656618610747
DRIAMS-A,Klebsiella variicola,Amoxicillin-Clavulanic acid,553,27.0,0.048824593128390596,763,0.27522935779816515
DRIAMS-A,Klebsiella variicola,Piperacillin-Tazobactam,549,10.0,0.018214936247723135,763,0.2804718217562254
DRIAMS-A,Staphylococcus epidermidis,Teicoplanin,488,118.0,0.24180327868852458,9387,0.9480132097581762
DRIAMS-A,Proteus mirabilis,Cefpodoxime,470,23.0,0.04893617021276596,2094,0.775549188156638
DRIAMS-A,Citrobacter koseri,Amikacin,469,3.0,0.006396588486140725,680,0.31029411764705883
DRIAMS-A,Citrobacter koseri,Ampicillin-Amoxicillin,469,469.0,1.0,680,0.31029411764705883
DRIAMS-A,Citrobacter koseri,Cefepime,469,8.0,0.017057569296375266,680,0.31029411764705883
DRIAMS-A,Citrobacter koseri,Ceftazidime,469,8.0,0.017057569296375266,680,0.31029411764705883
DRIAMS-A,Citrobacter koseri,Ceftriaxone,469,8.0,0.017057569296375266,680,0.31029411764705883
DRIAMS-A,Citrobacter koseri,Ciprofloxacin,469,8.0,0.017057569296375266,680,0.31029411764705883
DRIAMS-A,Citrobacter koseri,Colistin,469,0.0,0.0,680,0.31029411764705883
DRIAMS-A,Citrobacter koseri,Ertapenem,469,0.0,0.0,680,0.31029411764705883
DRIAMS-A,Citrobacter koseri,Imipenem,469,0.0,0.0,680,0.31029411764705883
DRIAMS-A,Citrobacter koseri,Levofloxacin,469,8.0,0.017057569296375266,680,0.31029411764705883
DRIAMS-A,Citrobacter koseri,Meropenem,469,0.0,0.0,680,0.31029411764705883
DRIAMS-A,Citrobacter koseri,Tobramycin,469,3.0,0.006396588486140725,680,0.31029411764705883
DRIAMS-A,Citrobacter koseri,Cotrimoxazole,467,13.0,0.027837259100642397,680,0.31323529411764706
DRIAMS-A,Proteus mirabilis,Fosfomycin-Trometamol,465,88.0,0.18924731182795698,2094,0.7779369627507163
DRIAMS-A,Enterococcus faecium,Nitrofurantoin,464,358.0,0.771551724137931,1751,0.7350085665334094
DRIAMS-A,Proteus mirabilis,Norfloxacin,461,71.0,0.1540130151843818,2094,0.779847182425979
DRIAMS-A,Citrobacter koseri,Amoxicillin-Clavulanic acid,458,16.0,0.034934497816593885,680,0.32647058823529407
DRIAMS-A,Citrobacter koseri,Piperacillin-Tazobactam,452,12.0,0.02654867256637168,680,0.33529411764705885
DRIAMS-A,Enterobacter cloacae,Cefpodoxime,450,450.0,1.0,1987,0.7735279315551082
DRIAMS-A,Enterobacter cloacae,Fosfomycin-Trometamol,443,242.0,0.54627539503386,1987,0.7770508303975843
DRIAMS-A,Enterobacter cloacae,Norfloxacin,443,42.0,0.09480812641083522,1987,0.7770508303975843
DRIAMS-A,Stenotrophomonas maltophilia,Cotrimoxazole,414,16.0,0.03864734299516908,660,0.3727272727272727
DRIAMS-A,Citrobacter freundii,Cefepime,407,11.0,0.02702702702702703,980,0.5846938775510204
DRIAMS-A,Citrobacter freundii,Ciprofloxacin,407,17.0,0.04176904176904177,980,0.5846938775510204
DRIAMS-A,Citrobacter freundii,Ertapenem,407,2.0,0.004914004914004914,980,0.5846938775510204
DRIAMS-A,Citrobacter freundii,Cotrimoxazole,406,30.0,0.07389162561576355,980,0.5857142857142856
DRIAMS-A,Citrobacter freundii,Colistin,405,12.0,0.02962962962962963,980,0.5867346938775511
DRIAMS-A,Citrobacter freundii,Ceftriaxone,404,133.0,0.3292079207920792,980,0.5877551020408163
DRIAMS-A,Citrobacter freundii,Amikacin,395,24.0,0.060759493670886074,980,0.596938775510204
DRIAMS-A,Citrobacter freundii,Imipenem,395,4.0,0.010126582278481013,980,0.596938775510204
DRIAMS-A,Citrobacter freundii,Tobramycin,395,30.0,0.0759493670886076,980,0.596938775510204
DRIAMS-A,Citrobacter freundii,Ampicillin-Amoxicillin,394,394.0,1.0,980,0.5979591836734695
DRIAMS-A,Citrobacter freundii,Meropenem,394,2.0,0.005076142131979695,980,0.5979591836734695
DRIAMS-A,Citrobacter freundii,Levofloxacin,393,17.0,0.043256997455470736,980,0.5989795918367347
DRIAMS-A,Citrobacter freundii,Amoxicillin-Clavulanic acid,392,391.0,0.9974489795918368,980,0.6
DRIAMS-A,Citrobacter freundii,Ceftazidime,390,122.0,0.3128205128205128,980,0.6020408163265306
DRIAMS-A,Citrobacter freundii,Piperacillin-Tazobactam,390,121.0,0.31025641025641026,980,0.6020408163265306
DRIAMS-A,Staphylococcus capitis,Ciprofloxacin,365,21.0,0.057534246575342465,794,0.5403022670025188
DRIAMS-A,Staphylococcus capitis,Daptomycin,365,15.0,0.0410958904109589,794,0.5403022670025188
DRIAMS-A,Staphylococcus capitis,Fusidic acid,365,46.0,0.12602739726027398,794,0.5403022670025188
DRIAMS-A,Staphylococcus capitis,Oxacillin,365,73.0,0.2,794,0.5403022670025188
DRIAMS-A,Staphylococcus capitis,Rifampicin,365,3.0,0.00821917808219178,794,0.5403022670025188
DRIAMS-A,Staphylococcus capitis,Vancomycin,365,0.0,0.0,794,0.5403022670025188
DRIAMS-A,Staphylococcus capitis,Cotrimoxazole,364,13.0,0.03571428571428571,794,0.5415617128463477
DRIAMS-A,Haemophilus influenzae,Penicillin,360,141.0,0.39166666666666666,779,0.5378690629011553
DRIAMS-A,Enterococcus faecium,Daptomycin,357,14.0,0.0392156862745098,1751,0.7961165048543689
DRIAMS-A,Klebsiella variicola,Fosfomycin-Trometamol,356,76.0,0.21348314606741572,763,0.5334207077326343
DRIAMS-A,Klebsiella variicola,Norfloxacin,356,13.0,0.03651685393258427,763,0.5334207077326343
DRIAMS-A,Klebsiella variicola,Cefpodoxime,354,7.0,0.01977401129943503,763,0.5360419397116645
DRIAMS-A,Morganella morganii,Amoxicillin-Clavulanic acid,349,349.0,1.0,1092,0.6804029304029304
DRIAMS-A,Morganella morganii,Cefepime,349,3.0,0.008595988538681949,1092,0.6804029304029304
DRIAMS-A,Morganella morganii,Ciprofloxacin,349,32.0,0.09169054441260745,1092,0.6804029304029304
DRIAMS-A,Morganella morganii,Ertapenem,349,2.0,0.0057306590257879654,1092,0.6804029304029304
DRIAMS-A,Morganella morganii,Cotrimoxazole,348,37.0,0.10632183908045977,1092,0.6813186813186813
DRIAMS-A,Haemophilus influenzae,Cefuroxime,347,159.0,0.45821325648414984,779,0.5545571245186136
DRIAMS-A,Morganella morganii,Ceftriaxone,347,54.0,0.15561959654178675,1092,0.6822344322344323
DRIAMS-A,Morganella morganii,Amikacin,345,19.0,0.05507246376811594,1092,0.6840659340659341
DRIAMS-A,Morganella morganii,Ampicillin-Amoxicillin,345,345.0,1.0,1092,0.6840659340659341
DRIAMS-A,Morganella morganii,Ceftazidime,345,60.0,0.17391304347826086,1092,0.6840659340659341
DRIAMS-A,Morganella morganii,Colistin,345,345.0,1.0,1092,0.6840659340659341
DRIAMS-A,Morganella morganii,Tobramycin,345,24.0,0.06956521739130435,1092,0.6840659340659341
DRIAMS-A,Morganella morganii,Levofloxacin,343,30.0,0.08746355685131195,1092,0.6858974358974359
DRIAMS-A,Morganella morganii,Piperacillin-Tazobactam,343,9.0,0.026239067055393587,1092,0.6858974358974359
DRIAMS-A,Morganella morganii,Meropenem,330,0.0,0.0,1092,0.6978021978021978
DRIAMS-A,Klebsiella oxytoca,Cefpodoxime,328,24.0,0.07317073170731707,1088,0.6985294117647058
DRIAMS-A,Staphylococcus capitis,Erythromycin,328,36.0,0.10975609756097561,794,0.5869017632241813
DRIAMS-A,Klebsiella oxytoca,Norfloxacin,327,4.0,0.012232415902140673,1088,0.6994485294117647
DRIAMS-A,Klebsiella oxytoca,Fosfomycin-Trometamol,325,102.0,0.31384615384615383,1088,0.7012867647058824
DRIAMS-A,Staphylococcus capitis,Tigecycline,323,0.0,0.0,794,0.593198992443325
DRIAMS-A,Staphylococcus capitis,Amoxicillin-Clavulanic acid,322,60.0,0.18633540372670807,794,0.5944584382871536
DRIAMS-A,Staphylococcus capitis,Cefazolin,322,60.0,0.18633540372670807,794,0.5944584382871536
DRIAMS-A,Staphylococcus capitis,Cefepime,322,60.0,0.18633540372670807,794,0.5944584382871536
DRIAMS-A,Staphylococcus capitis,Ceftriaxone,322,60.0,0.18633540372670807,794,0.5944584382871536
DRIAMS-A,Staphylococcus capitis,Cefuroxime,322,60.0,0.18633540372670807,794,0.5944584382871536
DRIAMS-A,Staphylococcus capitis,Imipenem,322,60.0,0.18633540372670807,794,0.5944584382871536
DRIAMS-A,Staphylococcus capitis,Meropenem,322,60.0,0.18633540372670807,794,0.5944584382871536
DRIAMS-A,Staphylococcus capitis,Piperacillin-Tazobactam,322,60.0,0.18633540372670807,794,0.5944584382871536
DRIAMS-A,Proteus vulgaris,Amikacin,321,4.0,0.012461059190031152,493,0.34888438133874244
DRIAMS-A,Proteus vulgaris,Ampicillin-Amoxicillin,321,321.0,1.0,493,0.34888438133874244
DRIAMS-A,Proteus vulgaris,Ciprofloxacin,321,1.0,0.003115264797507788,493,0.34888438133874244
DRIAMS-A,Proteus vulgaris,Colistin,321,321.0,1.0,493,0.34888438133874244
DRIAMS-A,Proteus vulgaris,Cotrimoxazole,321,24.0,0.07476635514018691,493,0.34888438133874244
DRIAMS-A,Proteus vulgaris,Ertapenem,321,0.0,0.0,493,0.34888438133874244
DRIAMS-A,Proteus vulgaris,Levofloxacin,321,1.0,0.003115264797507788,493,0.34888438133874244
DRIAMS-A,Proteus vulgaris,Meropenem,321,0.0,0.0,493,0.34888438133874244
DRIAMS-A,Proteus vulgaris,Tobramycin,321,4.0,0.012461059190031152,493,0.34888438133874244
DRIAMS-A,Proteus vulgaris,Amoxicillin-Clavulanic acid,320,24.0,0.075,493,0.3509127789046653
DRIAMS-A,Proteus vulgaris,Ceftazidime,320,4.0,0.0125,493,0.3509127789046653
DRIAMS-A,Proteus vulgaris,Ceftriaxone,320,6.0,0.01875,493,0.3509127789046653
DRIAMS-A,Proteus vulgaris,Cefepime,319,3.0,0.009404388714733543,493,0.3529411764705882
DRIAMS-A,Staphylococcus capitis,Gentamicin,319,21.0,0.06583072100313479,794,0.5982367758186398
DRIAMS-A,Staphylococcus capitis,Linezolid,319,0.0,0.0,794,0.5982367758186398
DRIAMS-A,Staphylococcus capitis,Ampicillin-Amoxicillin,318,316.0,0.9937106918238994,794,0.5994962216624685
DRIAMS-A,Staphylococcus capitis,Clindamycin,318,41.0,0.1289308176100629,794,0.5994962216624685
DRIAMS-A,Staphylococcus capitis,Penicillin,318,316.0,0.9937106918238994,794,0.5994962216624685
DRIAMS-A,Staphylococcus capitis,Tetracycline,318,45.0,0.14150943396226415,794,0.5994962216624685
DRIAMS-A,Proteus vulgaris,Piperacillin-Tazobactam,317,0.0,0.0,493,0.35699797160243407
DRIAMS-A,Staphylococcus capitis,Teicoplanin,317,0.0,0.0,794,0.6007556675062973
DRIAMS-A,Staphylococcus lugdunensis,Oxacillin,313,9.0,0.02875399361022364,626,0.5
DRIAMS-A,Staphylococcus lugdunensis,Ciprofloxacin,311,8.0,0.02572347266881029,626,0.5031948881789137
DRIAMS-A,Staphylococcus lugdunensis,Cotrimoxazole,311,1.0,0.003215434083601286,626,0.5031948881789137
DRIAMS-A,Staphylococcus lugdunensis,Daptomycin,311,0.0,0.0,626,0.5031948881789137
DRIAMS-A,Staphylococcus lugdunensis,Fusidic acid,311,8.0,0.02572347266881029,626,0.5031948881789137
DRIAMS-A,Staphylococcus lugdunensis,Rifampicin,311,0.0,0.0,626,0.5031948881789137
DRIAMS-A,Staphylococcus lugdunensis,Vancomycin,311,0.0,0.0,626,0.5031948881789137
DRIAMS-A,Staphylococcus lugdunensis,Clindamycin,305,41.0,0.13442622950819672,626,0.5127795527156549
DRIAMS-A,Staphylococcus lugdunensis,Penicillin,303,118.0,0.38943894389438943,626,0.5159744408945687
DRIAMS-A,Campylobacter jejuni,Ciprofloxacin,299,159.0,0.5317725752508361,378,0.20899470899470896
DRIAMS-A,Campylobacter jejuni,Erythromycin,299,9.0,0.030100334448160536,378,0.20899470899470896
DRIAMS-A,Staphylococcus lugdunensis,Amoxicillin-Clavulanic acid,298,9.0,0.030201342281879196,626,0.523961661341853
DRIAMS-A,Staphylococcus lugdunensis,Cefazolin,298,9.0,0.030201342281879196,626,0.523961661341853
DRIAMS-A,Staphylococcus lugdunensis,Cefepime,298,9.0,0.030201342281879196,626,0.523961661341853
DRIAMS-A,Staphylococcus lugdunensis,Ceftriaxone,298,9.0,0.030201342281879196,626,0.523961661341853
DRIAMS-A,Staphylococcus lugdunensis,Cefuroxime,298,9.0,0.030201342281879196,626,0.523961661341853
DRIAMS-A,Staphylococcus lugdunensis,Erythromycin,298,33.0,0.11073825503355705,626,0.523961661341853
DRIAMS-A,Staphylococcus lugdunensis,Imipenem,298,9.0,0.030201342281879196,626,0.523961661341853
DRIAMS-A,Staphylococcus lugdunensis,Meropenem,298,9.0,0.030201342281879196,626,0.523961661341853
DRIAMS-A,Staphylococcus lugdunensis,Piperacillin-Tazobactam,298,9.0,0.030201342281879196,626,0.523961661341853
DRIAMS-A,Staphylococcus lugdunensis,Tigecycline,298,0.0,0.0,626,0.523961661341853
DRIAMS-A,Staphylococcus lugdunensis,Ampicillin-Amoxicillin,297,118.0,0.39730639730639733,626,0.5255591054313099
DRIAMS-A,Staphylococcus lugdunensis,Gentamicin,297,0.0,0.0,626,0.5255591054313099
DRIAMS-A,Staphylococcus lugdunensis,Linezolid,297,0.0,0.0,626,0.5255591054313099
DRIAMS-A,Staphylococcus lugdunensis,Teicoplanin,297,0.0,0.0,626,0.5255591054313099
DRIAMS-A,Staphylococcus lugdunensis,Tetracycline,297,15.0,0.050505050505050504,626,0.5255591054313099
DRIAMS-A,Morganella morganii,Imipenem,294,199.0,0.6768707482993197,1092,0.7307692307692308
DRIAMS-A,Candida albicans,5-Fluorocytosine,292,4.0,0.0136986301369863,2481,0.8823055219669488
DRIAMS-A,Candida albicans,Caspofungin,292,17.0,0.05821917808219178,2481,0.8823055219669488
DRIAMS-A,Candida albicans,Amphotericin B,290,0.0,0.0,2481,0.8831116485288191
DRIAMS-A,Candida albicans,Micafungin,290,24.0,0.08275862068965517,2481,0.8831116485288191
DRIAMS-A,Candida albicans,Anidulafungin,287,75.0,0.2613240418118467,2481,0.8843208383716243
DRIAMS-A,Candida albicans,Voriconazole,286,9.0,0.03146853146853147,2481,0.8847239016525594
DRIAMS-A,Candida albicans,Fluconazole,283,12.0,0.04240282685512368,2481,0.8859330914953648
DRIAMS-A,Candida albicans,Itraconazole,283,39.0,0.13780918727915195,2481,0.8859330914953648
DRIAMS-A,Candida albicans,Posaconazole,282,13.0,0.04609929078014184,2481,0.8863361547762999
DRIAMS-A,Citrobacter koseri,Cefpodoxime,281,44.0,0.15658362989323843,680,0.586764705882353
DRIAMS-A,Citrobacter koseri,Fosfomycin-Trometamol,281,3.0,0.010676156583629894,680,0.586764705882353
DRIAMS-A,Citrobacter koseri,Norfloxacin,281,5.0,0.017793594306049824,680,0.586764705882353
DRIAMS-A,Enterococcus faecium,Gentamicin_high_level,273,86.0,0.315018315018315,1751,0.8440890919474586
DRIAMS-A,Streptococcus pneumoniae,Penicillin_with_other_infections,256,44.0,0.171875,426,0.39906103286384975
DRIAMS-A,Streptococcus pneumoniae,Penicillin_with_pneumonia,256,11.0,0.04296875,426,0.39906103286384975
DRIAMS-A,Streptococcus pneumoniae,Clarithromycin,255,44.0,0.17254901960784313,426,0.4014084507042254
DRIAMS-A,Streptococcus pneumoniae,Penicillin_with_meningitis,255,50.0,0.19607843137254902,426,0.4014084507042254
DRIAMS-A,Proteus vulgaris,Imipenem,241,208.0,0.8630705394190872,493,0.511156186612576
DRIAMS-A,Streptococcus pneumoniae,Oxacillin,236,50.0,0.211864406779661,426,0.4460093896713615
DRIAMS-A,Staphylococcus haemolyticus,Ciprofloxacin,234,142.0,0.6068376068376068,1145,0.7956331877729258
DRIAMS-A,Staphylococcus haemolyticus,Vancomycin,234,0.0,0.0,1145,0.7956331877729258
DRIAMS-A,Staphylococcus haemolyticus,Daptomycin,231,0.0,0.0,1145,0.7982532751091703
DRIAMS-A,Staphylococcus haemolyticus,Erythromycin,231,177.0,0.7662337662337663,1145,0.7982532751091703
DRIAMS-A,Staphylococcus haemolyticus,Rifampicin,231,18.0,0.07792207792207792,1145,0.7982532751091703
DRIAMS-A,Staphylococcus haemolyticus,Cotrimoxazole,230,118.0,0.5130434782608696,1145,0.7991266375545851
DRIAMS-A,Staphylococcus haemolyticus,Fusidic acid,230,55.0,0.2391304347826087,1145,0.7991266375545851
DRIAMS-A,Staphylococcus haemolyticus,Oxacillin,229,156.0,0.6812227074235808,1145,0.8
DRIAMS-A,Staphylococcus haemolyticus,Tigecycline,228,6.0,0.02631578947368421,1145,0.8008733624454148
DRIAMS-A,Staphylococcus haemolyticus,Clindamycin,226,126.0,0.5575221238938053,1145,0.8026200873362446
DRIAMS-A,Staphylococcus haemolyticus,Linezolid,226,0.0,0.0,1145,0.8026200873362446
DRIAMS-A,Staphylococcus haemolyticus,Penicillin,226,223.0,0.9867256637168141,1145,0.8026200873362446
DRIAMS-A,Staphylococcus haemolyticus,Tetracycline,226,91.0,0.4026548672566372,1145,0.8026200873362446
DRIAMS-A,Staphylococcus haemolyticus,Amoxicillin-Clavulanic acid,225,151.0,0.6711111111111111,1145,0.8034934497816594
DRIAMS-A,Staphylococcus haemolyticus,Cefazolin,225,151.0,0.6711111111111111,1145,0.8034934497816594
DRIAMS-A,Staphylococcus haemolyticus,Cefepime,225,151.0,0.6711111111111111,1145,0.8034934497816594
DRIAMS-A,Staphylococcus haemolyticus,Ceftriaxone,225,151.0,0.6711111111111111,1145,0.8034934497816594
DRIAMS-A,Staphylococcus haemolyticus,Cefuroxime,225,151.0,0.6711111111111111,1145,0.8034934497816594
DRIAMS-A,Staphylococcus haemolyticus,Imipenem,225,151.0,0.6711111111111111,1145,0.8034934497816594
DRIAMS-A,Staphylococcus haemolyticus,Meropenem,225,151.0,0.6711111111111111,1145,0.8034934497816594
DRIAMS-A,Staphylococcus haemolyticus,Piperacillin-Tazobactam,225,151.0,0.6711111111111111,1145,0.8034934497816594
DRIAMS-A,Staphylococcus haemolyticus,Ampicillin-Amoxicillin,223,220.0,0.9865470852017937,1145,0.8052401746724891
DRIAMS-A,Staphylococcus haemolyticus,Teicoplanin,222,48.0,0.21621621621621623,1145,0.8061135371179039
DRIAMS-A,Staphylococcus haemolyticus,Gentamicin,217,132.0,0.6082949308755761,1145,0.8104803493449781
DRIAMS-A,Streptococcus oralis,Vancomycin,214,0.0,0.0,929,0.7696447793326158
DRIAMS-A,Streptococcus pneumoniae,Levofloxacin,214,0.0,0.0,426,0.4976525821596244
DRIAMS-A,Streptococcus oralis,Penicillin,201,16.0,0.07960199004975124,929,0.7836383207750269
DRIAMS-A,Citrobacter freundii,Cefpodoxime,197,197.0,1.0,980,0.7989795918367347
DRIAMS-A,Citrobacter freundii,Fosfomycin-Trometamol,197,0.0,0.0,980,0.7989795918367347
DRIAMS-A,Citrobacter freundii,Norfloxacin,197,11.0,0.05583756345177665,980,0.7989795918367347
DRIAMS-A,Candida glabrata,Amphotericin B,176,0.0,0.0,842,0.7909738717339667
DRIAMS-A,Candida glabrata,5-Fluorocytosine,174,0.0,0.0,842,0.7933491686460807
DRIAMS-A,Candida glabrata,Fluconazole,174,174.0,1.0,842,0.7933491686460807
DRIAMS-A,Candida glabrata,Micafungin,174,6.0,0.034482758620689655,842,0.7933491686460807
DRIAMS-A,Candida glabrata,Anidulafungin,173,9.0,0.05202312138728324,842,0.7945368171021377
DRIAMS-A,Candida glabrata,Itraconazole,172,155.0,0.9011627906976745,842,0.7957244655581948
DRIAMS-A,Candida glabrata,Caspofungin,171,6.0,0.03508771929824561,842,0.7969121140142518
DRIAMS-A,Streptococcus pyogenes,Penicillin,163,0.0,0.0,883,0.8154020385050963
DRIAMS-A,Streptococcus pyogenes,Clindamycin,162,14.0,0.08641975308641975,883,0.8165345413363534
DRIAMS-A,Streptococcus pyogenes,Levofloxacin,161,4.0,0.024844720496894408,883,0.8176670441676104
DRIAMS-A,Streptococcus agalactiae,Clindamycin,156,51.0,0.3269230769230769,2714,0.9425202652910832
DRIAMS-A,Enterococcus faecalis,Gentamicin_high_level,152,12.0,0.07894736842105263,4418,0.9655952919873246
DRIAMS-A,Streptococcus agalactiae,Penicillin,147,0.0,0.0,2714,0.9458364038319823
DRIAMS-A,Proteus vulgaris,Cefpodoxime,140,11.0,0.07857142857142857,493,0.7160243407707911
DRIAMS-A,Proteus vulgaris,Fosfomycin-Trometamol,140,10.0,0.07142857142857142,493,0.7160243407707911
DRIAMS-A,Proteus vulgaris,Norfloxacin,140,0.0,0.0,493,0.7160243407707911
DRIAMS-A,Streptococcus agalactiae,Levofloxacin,138,44.0,0.3188405797101449,2714,0.9491525423728814
DRIAMS-A,Streptococcus dysgalactiae,Levofloxacin,138,6.0,0.043478260869565216,585,0.764102564102564
DRIAMS-A,Streptococcus dysgalactiae,Penicillin,135,0.0,0.0,585,0.7692307692307692
DRIAMS-A,Staphylococcus saprophyticus,Ciprofloxacin,134,0.0,0.0,150,0.10666666666666669
DRIAMS-A,Staphylococcus saprophyticus,Cotrimoxazole,134,1.0,0.007462686567164179,150,0.10666666666666669
DRIAMS-A,Staphylococcus saprophyticus,Daptomycin,134,0.0,0.0,150,0.10666666666666669
DRIAMS-A,Staphylococcus saprophyticus,Fusidic acid,134,130.0,0.9701492537313433,150,0.10666666666666669
DRIAMS-A,Staphylococcus saprophyticus,Rifampicin,134,0.0,0.0,150,0.10666666666666669
DRIAMS-A,Staphylococcus saprophyticus,Vancomycin,134,0.0,0.0,150,0.10666666666666669
DRIAMS-A,Corynebacterium tuberculostearicum,Ciprofloxacin,133,109.0,0.8195488721804511,578,0.7698961937716263
DRIAMS-A,Corynebacterium tuberculostearicum,Vancomycin,133,0.0,0.0,578,0.7698961937716263
DRIAMS-A,Streptococcus dysgalactiae,Clindamycin,133,15.0,0.11278195488721804,585,0.7726495726495727
DRIAMS-A,Streptococcus mitis,Vancomycin,132,0.0,0.0,666,0.8018018018018018
DRIAMS-A,Staphylococcus saprophyticus,Ampicillin-Amoxicillin,131,131.0,1.0,150,0.1266666666666667
DRIAMS-A,Staphylococcus saprophyticus,Gentamicin,131,0.0,0.0,150,0.1266666666666667
DRIAMS-A,Staphylococcus saprophyticus,Oxacillin,131,6.0,0.04580152671755725,150,0.1266666666666667
DRIAMS-A,Staphylococcus saprophyticus,Penicillin,131,131.0,1.0,150,0.1266666666666667
DRIAMS-A,Staphylococcus saprophyticus,Teicoplanin,131,0.0,0.0,150,0.1266666666666667
DRIAMS-A,Staphylococcus saprophyticus,Tetracycline,131,8.0,0.061068702290076333,150,0.1266666666666667
DRIAMS-A,Staphylococcus saprophyticus,Tigecycline,131,0.0,0.0,150,0.1266666666666667
DRIAMS-A,Corynebacterium tuberculostearicum,Penicillin,130,100.0,0.7692307692307693,578,0.7750865051903114
DRIAMS-A,Staphylococcus saprophyticus,Erythromycin,130,56.0,0.4307692307692308,150,0.1333333333333333
DRIAMS-A,Staphylococcus saprophyticus,Linezolid,130,0.0,0.0,150,0.1333333333333333
DRIAMS-A,Staphylococcus saprophyticus,Clindamycin,129,16.0,0.12403100775193798,150,0.14
DRIAMS-A,Corynebacterium tuberculostearicum,Ceftriaxone,128,97.0,0.7578125,578,0.7785467128027681
DRIAMS-A,Staphylococcus saprophyticus,Amoxicillin-Clavulanic acid,128,5.0,0.0390625,150,0.1466666666666666
DRIAMS-A,Staphylococcus saprophyticus,Cefazolin,128,5.0,0.0390625,150,0.1466666666666666
DRIAMS-A,Staphylococcus saprophyticus,Cefepime,128,5.0,0.0390625,150,0.1466666666666666
DRIAMS-A,Staphylococcus saprophyticus,Ceftriaxone,128,5.0,0.0390625,150,0.1466666666666666
DRIAMS-A,Staphylococcus saprophyticus,Cefuroxime,128,5.0,0.0390625,150,0.1466666666666666
DRIAMS-A,Staphylococcus saprophyticus,Imipenem,128,5.0,0.0390625,150,0.1466666666666666
DRIAMS-A,Staphylococcus saprophyticus,Meropenem,128,5.0,0.0390625,150,0.1466666666666666
DRIAMS-A,Staphylococcus saprophyticus,Piperacillin-Tazobactam,128,5.0,0.0390625,150,0.1466666666666666
DRIAMS-A,Serratia marcescens,Cefpodoxime,126,126.0,1.0,1219,0.896636587366694
DRIAMS-A,Serratia marcescens,Fosfomycin-Trometamol,126,25.0,0.1984126984126984,1219,0.896636587366694
DRIAMS-A,Serratia marcescens,Norfloxacin,126,6.0,0.047619047619047616,1219,0.896636587366694
DRIAMS-A,Streptococcus mitis,Penicillin,125,26.0,0.208,666,0.8123123123123124
DRIAMS-A,Corynebacterium tuberculostearicum,Meropenem,122,84.0,0.6885245901639344,578,0.7889273356401384
DRIAMS-A,Morganella morganii,Cefpodoxime,122,120.0,0.9836065573770492,1092,0.8882783882783882
DRIAMS-A,Morganella morganii,Fosfomycin-Trometamol,122,122.0,1.0,1092,0.8882783882783882
DRIAMS-A,Morganella morganii,Norfloxacin,122,15.0,0.12295081967213115,1092,0.8882783882783882
DRIAMS-A,Corynebacterium tuberculostearicum,Erythromycin,119,113.0,0.9495798319327731,578,0.7941176470588236
DRIAMS-A,Enterobacter asburiae,Amikacin,115,0.0,0.0,204,0.4362745098039216
DRIAMS-A,Enterobacter asburiae,Amoxicillin-Clavulanic acid,115,115.0,1.0,204,0.4362745098039216
DRIAMS-A,Enterobacter asburiae,Ampicillin-Amoxicillin,115,115.0,1.0,204,0.4362745098039216
DRIAMS-A,Enterobacter asburiae,Ceftazidime,115,39.0,0.3391304347826087,204,0.4362745098039216
DRIAMS-A,Enterobacter asburiae,Ceftriaxone,115,43.0,0.3739130434782609,204,0.4362745098039216
DRIAMS-A,Enterobacter asburiae,Ciprofloxacin,115,7.0,0.06086956521739131,204,0.4362745098039216
DRIAMS-A,Enterobacter asburiae,Cotrimoxazole,115,0.0,0.0,204,0.4362745098039216
DRIAMS-A,Enterobacter asburiae,Tobramycin,115,2.0,0.017391304347826087,204,0.4362745098039216
DRIAMS-A,Achromobacter xylosoxidans,Cotrimoxazole,114,16.0,0.14035087719298245,174,0.3448275862068966
DRIAMS-A,Achromobacter xylosoxidans,Meropenem,114,32.0,0.2807017543859649,174,0.3448275862068966
DRIAMS-A,Achromobacter xylosoxidans,Piperacillin-Tazobactam,114,6.0,0.05263157894736842,174,0.3448275862068966
DRIAMS-A,Enterobacter asburiae,Ertapenem,114,9.0,0.07894736842105263,204,0.4411764705882353
DRIAMS-A,Enterobacter asburiae,Imipenem,114,6.0,0.05263157894736842,204,0.4411764705882353
DRIAMS-A,Enterobacter asburiae,Levofloxacin,114,7.0,0.06140350877192982,204,0.4411764705882353
DRIAMS-A,Enterobacter asburiae,Piperacillin-Tazobactam,114,41.0,0.35964912280701755,204,0.4411764705882353
DRIAMS-A,Enterobacter asburiae,Cefepime,113,5.0,0.04424778761061947,204,0.446078431372549
DRIAMS-A,Achromobacter xylosoxidans,Ciprofloxacin,112,103.0,0.9196428571428571,174,0.3563218390804598
DRIAMS-A,Enterobacter asburiae,Colistin,112,15.0,0.13392857142857142,204,0.4509803921568627
DRIAMS-A,Micrococcus luteus,Clindamycin,112,17.0,0.15178571428571427,225,0.5022222222222222
DRIAMS-A,Micrococcus luteus,Vancomycin,112,0.0,0.0,225,0.5022222222222222
DRIAMS-A,MIX!Klebsiella pneumoniae,Amoxicillin-Clavulanic acid,111,29.0,0.26126126126126126,162,0.31481481481481477
DRIAMS-A,MIX!Klebsiella pneumoniae,Cefepime,111,25.0,0.22522522522522523,162,0.31481481481481477
DRIAMS-A,MIX!Klebsiella pneumoniae,Ceftriaxone,111,25.0,0.22522522522522523,162,0.31481481481481477
DRIAMS-A,MIX!Klebsiella pneumoniae,Ciprofloxacin,111,20.0,0.18018018018018017,162,0.31481481481481477
DRIAMS-A,MIX!Klebsiella pneumoniae,Cotrimoxazole,111,26.0,0.23423423423423423,162,0.31481481481481477
DRIAMS-A,Micrococcus luteus,Erythromycin,111,45.0,0.40540540540540543,225,0.5066666666666666
DRIAMS-A,Achromobacter xylosoxidans,Cefepime,110,108.0,0.9818181818181818,174,0.367816091954023
DRIAMS-A,Enterobacter asburiae,Meropenem,110,0.0,0.0,204,0.4607843137254902
DRIAMS-A,MIX!Klebsiella pneumoniae,Colistin,110,0.0,0.0,162,0.32098765432098764
DRIAMS-A,MIX!Klebsiella pneumoniae,Ertapenem,110,1.0,0.00909090909090909,162,0.32098765432098764
DRIAMS-A,Streptococcus anginosus,Vancomycin,110,0.0,0.0,1868,0.9411134903640257
DRIAMS-A,MIX!Klebsiella pneumoniae,Ampicillin-Amoxicillin,109,109.0,1.0,162,0.3271604938271605
DRIAMS-A,MIX!Klebsiella pneumoniae,Levofloxacin,109,20.0,0.1834862385321101,162,0.3271604938271605
DRIAMS-A,MIX!Klebsiella pneumoniae,Meropenem,109,1.0,0.009174311926605505,162,0.3271604938271605
DRIAMS-A,MIX!Klebsiella pneumoniae,Tobramycin,109,18.0,0.1651376146788991,162,0.3271604938271605
DRIAMS-A,MIX!Klebsiella pneumoniae,Amikacin,108,7.0,0.06481481481481481,162,0.33333333333333337
DRIAMS-A,MIX!Klebsiella pneumoniae,Imipenem,108,0.0,0.0,162,0.33333333333333337
DRIAMS-A,Corynebacterium tuberculostearicum,Gentamicin,107,26.0,0.24299065420560748,578,0.814878892733564
DRIAMS-A,Enterobacter aerogenes,Amikacin,107,1.0,0.009345794392523364,660,0.8378787878787879
DRIAMS-A,Enterobacter aerogenes,Amoxicillin-Clavulanic acid,107,107.0,1.0,660,0.8378787878787879
DRIAMS-A,Enterobacter aerogenes,Ampicillin-Amoxicillin,107,107.0,1.0,660,0.8378787878787879
DRIAMS-A,Enterobacter aerogenes,Cefepime,107,5.0,0.04672897196261682,660,0.8378787878787879
DRIAMS-A,Enterobacter aerogenes,Ceftazidime,107,34.0,0.3177570093457944,660,0.8378787878787879
DRIAMS-A,Enterobacter aerogenes,Ceftriaxone,107,37.0,0.34579439252336447,660,0.8378787878787879
DRIAMS-A,Enterobacter aerogenes,Ciprofloxacin,107,5.0,0.04672897196261682,660,0.8378787878787879
DRIAMS-A,Enterobacter aerogenes,Colistin,107,1.0,0.009345794392523364,660,0.8378787878787879
DRIAMS-A,Enterobacter aerogenes,Cotrimoxazole,107,4.0,0.037383177570093455,660,0.8378787878787879
DRIAMS-A,Enterobacter aerogenes,Ertapenem,107,3.0,0.028037383177570093,660,0.8378787878787879
DRIAMS-A,Enterobacter aerogenes,Imipenem,107,5.0,0.04672897196261682,660,0.8378787878787879
DRIAMS-A,Enterobacter aerogenes,Piperacillin-Tazobactam,107,40.0,0.37383177570093457,660,0.8378787878787879
DRIAMS-A,Enterobacter aerogenes,Tobramycin,107,1.0,0.009345794392523364,660,0.8378787878787879
DRIAMS-A,MIX!Klebsiella pneumoniae,Ceftazidime,107,22.0,0.205607476635514,162,0.3395061728395061
DRIAMS-A,Enterobacter aerogenes,Meropenem,106,2.0,0.018867924528301886,660,0.8393939393939394
DRIAMS-A,Enterobacter aerogenes,Levofloxacin,105,5.0,0.047619047619047616,660,0.8409090909090909
DRIAMS-A,Micrococcus luteus,Penicillin,105,18.0,0.17142857142857143,225,0.5333333333333333
DRIAMS-A,MIX!Klebsiella pneumoniae,Piperacillin-Tazobactam,103,21.0,0.20388349514563106,162,0.3641975308641975
DRIAMS-A,Streptococcus anginosus,Penicillin,102,0.0,0.0,1868,0.9453961456102784
DRIAMS-A,MIX!Enterobacter cloacae,Cefepime,100,10.0,0.1,162,0.3827160493827161
DRIAMS-A,MIX!Enterobacter cloacae,Ciprofloxacin,100,4.0,0.04,162,0.3827160493827161
DRIAMS-A,MIX!Enterobacter cloacae,Ertapenem,100,8.0,0.08,162,0.3827160493827161
DRIAMS-A,MIX!Enterobacter cloacae,Imipenem,100,1.0,0.01,162,0.3827160493827161
DRIAMS-A,MIX!Enterobacter cloacae,Amikacin,99,2.0,0.020202020202020204,162,0.38888888888888884
DRIAMS-A,MIX!Enterobacter cloacae,Amoxicillin-Clavulanic acid,99,99.0,1.0,162,0.38888888888888884
DRIAMS-A,MIX!Enterobacter cloacae,Ampicillin-Amoxicillin,99,99.0,1.0,162,0.38888888888888884
DRIAMS-A,MIX!Enterobacter cloacae,Colistin,99,1.0,0.010101010101010102,162,0.38888888888888884
DRIAMS-A,MIX!Enterobacter cloacae,Cotrimoxazole,99,11.0,0.1111111111111111,162,0.38888888888888884
DRIAMS-A,MIX!Enterobacter cloacae,Levofloxacin,99,4.0,0.04040404040404041,162,0.38888888888888884
DRIAMS-A,MIX!Enterobacter cloacae,Meropenem,99,0.0,0.0,162,0.38888888888888884
DRIAMS-A,MIX!Enterobacter cloacae,Piperacillin-Tazobactam,99,18.0,0.18181818181818182,162,0.38888888888888884
DRIAMS-A,MIX!Enterobacter cloacae,Tobramycin,99,7.0,0.0707070707070707,162,0.38888888888888884
DRIAMS-A,MIX!Enterobacter cloacae,Ceftriaxone,98,22.0,0.22448979591836735,162,0.3950617283950617
DRIAMS-A,MIX!Enterobacter cloacae,Ceftazidime,97,22.0,0.2268041237113402,162,0.4012345679012346
DRIAMS-A,Staphylococcus caprae,Ciprofloxacin,94,3.0,0.031914893617021274,200,0.53
DRIAMS-A,Staphylococcus caprae,Cotrimoxazole,94,0.0,0.0,200,0.53
DRIAMS-A,Staphylococcus caprae,Daptomycin,94,1.0,0.010638297872340425,200,0.53
DRIAMS-A,Staphylococcus caprae,Fusidic acid,94,37.0,0.39361702127659576,200,0.53
DRIAMS-A,Staphylococcus caprae,Oxacillin,94,1.0,0.010638297872340425,200,0.53
DRIAMS-A,Staphylococcus caprae,Rifampicin,94,0.0,0.0,200,0.53
DRIAMS-A,Staphylococcus caprae,Vancomycin,94,0.0,0.0,200,0.53
DRIAMS-A,Streptococcus parasanguinis,Vancomycin,93,0.0,0.0,385,0.7584415584415585
DRIAMS-A,Enterococcus faecium,Amoxicillin,91,64.0,0.7032967032967034,1751,0.9480296973158195
DRIAMS-A,Staphylococcus warneri,Amoxicillin-Clavulanic acid,88,6.0,0.06818181818181818,222,0.6036036036036037
DRIAMS-A,Staphylococcus warneri,Ampicillin-Amoxicillin,88,86.0,0.9772727272727273,222,0.6036036036036037
DRIAMS-A,Staphylococcus warneri,Cefazolin,88,6.0,0.06818181818181818,222,0.6036036036036037
DRIAMS-A,Staphylococcus warneri,Cefepime,88,6.0,0.06818181818181818,222,0.6036036036036037
DRIAMS-A,Staphylococcus warneri,Ceftriaxone,88,6.0,0.06818181818181818,222,0.6036036036036037
DRIAMS-A,Staphylococcus warneri,Cefuroxime,88,6.0,0.06818181818181818,222,0.6036036036036037
DRIAMS-A,Staphylococcus warneri,Ciprofloxacin,88,0.0,0.0,222,0.6036036036036037
DRIAMS-A,Staphylococcus warneri,Cotrimoxazole,88,0.0,0.0,222,0.6036036036036037
DRIAMS-A,Staphylococcus warneri,Daptomycin,88,4.0,0.045454545454545456,222,0.6036036036036037
DRIAMS-A,Staphylococcus warneri,Erythromycin,88,30.0,0.3409090909090909,222,0.6036036036036037
DRIAMS-A,Staphylococcus warneri,Fusidic acid,88,12.0,0.13636363636363635,222,0.6036036036036037
DRIAMS-A,Staphylococcus warneri,Gentamicin,88,2.0,0.022727272727272728,222,0.6036036036036037
DRIAMS-A,Staphylococcus warneri,Imipenem,88,6.0,0.06818181818181818,222,0.6036036036036037
DRIAMS-A,Staphylococcus warneri,Linezolid,88,0.0,0.0,222,0.6036036036036037
DRIAMS-A,Staphylococcus warneri,Meropenem,88,6.0,0.06818181818181818,222,0.6036036036036037
DRIAMS-A,Staphylococcus warneri,Oxacillin,88,6.0,0.06818181818181818,222,0.6036036036036037
DRIAMS-A,Staphylococcus warneri,Penicillin,88,86.0,0.9772727272727273,222,0.6036036036036037
DRIAMS-A,Staphylococcus warneri,Piperacillin-Tazobactam,88,6.0,0.06818181818181818,222,0.6036036036036037
DRIAMS-A,Staphylococcus warneri,Rifampicin,88,0.0,0.0,222,0.6036036036036037
DRIAMS-A,Staphylococcus warneri,Tetracycline,88,6.0,0.06818181818181818,222,0.6036036036036037
DRIAMS-A,Staphylococcus warneri,Tigecycline,88,0.0,0.0,222,0.6036036036036037
DRIAMS-A,Staphylococcus warneri,Vancomycin,88,0.0,0.0,222,0.6036036036036037
DRIAMS-A,Staphylococcus warneri,Teicoplanin,87,18.0,0.20689655172413793,222,0.6081081081081081
DRIAMS-A,Stenotrophomonas maltophilia,Levofloxacin,87,18.0,0.20689655172413793,660,0.8681818181818182
DRIAMS-A,Staphylococcus caprae,Ampicillin-Amoxicillin,86,82.0,0.9534883720930233,200,0.5700000000000001
DRIAMS-A,Staphylococcus caprae,Clindamycin,86,4.0,0.046511627906976744,200,0.5700000000000001
DRIAMS-A,Staphylococcus caprae,Erythromycin,86,12.0,0.13953488372093023,200,0.5700000000000001
DRIAMS-A,Staphylococcus caprae,Gentamicin,86,1.0,0.011627906976744186,200,0.5700000000000001
DRIAMS-A,Staphylococcus caprae,Linezolid,86,0.0,0.0,200,0.5700000000000001
DRIAMS-A,Staphylococcus caprae,Penicillin,86,82.0,0.9534883720930233,200,0.5700000000000001
DRIAMS-A,Staphylococcus warneri,Clindamycin,86,7.0,0.08139534883720931,222,0.6126126126126126
DRIAMS-A,Staphylococcus epidermidis,Mupirocin,84,4.0,0.047619047619047616,9387,0.9910514541387024
DRIAMS-A,Haemophilus parainfluenzae,Penicillin,83,78.0,0.9397590361445783,736,0.8872282608695652
DRIAMS-A,Hafnia alvei,Amikacin,82,0.0,0.0,288,0.7152777777777778
DRIAMS-A,Hafnia alvei,Amoxicillin-Clavulanic acid,82,82.0,1.0,288,0.7152777777777778
DRIAMS-A,Hafnia alvei,Ampicillin-Amoxicillin,82,82.0,1.0,288,0.7152777777777778
DRIAMS-A,Hafnia alvei,Cefepime,82,7.0,0.08536585365853659,288,0.7152777777777778
DRIAMS-A,Hafnia alvei,Ceftriaxone,82,21.0,0.25609756097560976,288,0.7152777777777778
DRIAMS-A,Hafnia alvei,Ciprofloxacin,82,0.0,0.0,288,0.7152777777777778
DRIAMS-A,Hafnia alvei,Cotrimoxazole,82,0.0,0.0,288,0.7152777777777778
DRIAMS-A,Hafnia alvei,Ertapenem,82,7.0,0.08536585365853659,288,0.7152777777777778
DRIAMS-A,Hafnia alvei,Imipenem,82,0.0,0.0,288,0.7152777777777778
DRIAMS-A,Hafnia alvei,Meropenem,82,4.0,0.04878048780487805,288,0.7152777777777778
DRIAMS-A,Hafnia alvei,Piperacillin-Tazobactam,82,67.0,0.8170731707317073,288,0.7152777777777778
DRIAMS-A,Hafnia alvei,Tobramycin,82,0.0,0.0,288,0.7152777777777778
DRIAMS-A,Staphylococcus caprae,Teicoplanin,82,0.0,0.0,200,0.5900000000000001
DRIAMS-A,Hafnia alvei,Colistin,81,73.0,0.9012345679012346,288,0.71875
DRIAMS-A,Pseudomonas aeruginosa,Ceftolozane-Tazobactam,81,12.0,0.14814814814814814,4852,0.9833058532563891
DRIAMS-A,Staphylococcus caprae,Amoxicillin-Clavulanic acid,81,1.0,0.012345679012345678,200,0.595
DRIAMS-A,Staphylococcus caprae,Cefazolin,81,1.0,0.012345679012345678,200,0.595
DRIAMS-A,Staphylococcus caprae,Cefepime,81,1.0,0.012345679012345678,200,0.595
DRIAMS-A,Staphylococcus caprae,Ceftriaxone,81,1.0,0.012345679012345678,200,0.595
DRIAMS-A,Staphylococcus caprae,Cefuroxime,81,1.0,0.012345679012345678,200,0.595
DRIAMS-A,Staphylococcus caprae,Imipenem,81,1.0,0.012345679012345678,200,0.595
DRIAMS-A,Staphylococcus caprae,Meropenem,81,1.0,0.012345679012345678,200,0.595
DRIAMS-A,Staphylococcus caprae,Piperacillin-Tazobactam,81,1.0,0.012345679012345678,200,0.595
DRIAMS-A,Staphylococcus caprae,Tigecycline,81,0.0,0.0,200,0.595
DRIAMS-A,Hafnia alvei,Ceftazidime,80,33.0,0.4125,288,0.7222222222222222
DRIAMS-A,Hafnia alvei,Levofloxacin,79,0.0,0.0,288,0.7256944444444444
DRIAMS-A,Streptococcus parasanguinis,Penicillin,79,35.0,0.4430379746835443,385,0.7948051948051948
DRIAMS-A,Staphylococcus caprae,Tetracycline,77,0.0,0.0,200,0.615
DRIAMS-A,Streptococcus oralis,Clindamycin,77,34.0,0.44155844155844154,929,0.9171151776103337
DRIAMS-A,Haemophilus influenzae,Amoxicillin-Clavulanic acid,75,22.0,0.29333333333333333,779,0.9037227214377407
DRIAMS-A,Streptococcus constellatus,Penicillin,75,3.0,0.04,810,0.9074074074074074
DRIAMS-A,Staphylococcus hominis,Teicoplanin,73,5.0,0.0684931506849315,1313,0.9444021325209444
DRIAMS-A,Haemophilus influenzae,Ceftriaxone,72,5.0,0.06944444444444445,779,0.9075738125802311
DRIAMS-A,Haemophilus influenzae,Levofloxacin,72,1.0,0.013888888888888888,779,0.9075738125802311
DRIAMS-A,Haemophilus influenzae,Meropenem_without_meningitis,72,5.0,0.06944444444444445,779,0.9075738125802311
DRIAMS-A,Haemophilus parainfluenzae,Cefuroxime,72,37.0,0.5138888888888888,736,0.9021739130434783
DRIAMS-A,Staphylococcus pettenkoferi,Ciprofloxacin,72,8.0,0.1111111111111111,101,0.28712871287128716
DRIAMS-A,Staphylococcus pettenkoferi,Cotrimoxazole,72,0.0,0.0,101,0.28712871287128716
DRIAMS-A,Staphylococcus pettenkoferi,Daptomycin,72,14.0,0.19444444444444445,101,0.28712871287128716
DRIAMS-A,Staphylococcus pettenkoferi,Rifampicin,72,0.0,0.0,101,0.28712871287128716
DRIAMS-A,Staphylococcus pettenkoferi,Vancomycin,72,0.0,0.0,101,0.28712871287128716
DRIAMS-A,Haemophilus influenzae,Meropenem_with_meningitis,70,14.0,0.2,779,0.9101412066752247
DRIAMS-A,MIX!Haemophilus influenzae,Penicillin,70,21.0,0.3,135,0.4814814814814815
DRIAMS-A,Staphylococcus pettenkoferi,Fusidic acid,70,16.0,0.22857142857142856,101,0.306930693069307
DRIAMS-A,Staphylococcus pettenkoferi,Oxacillin,69,12.0,0.17391304347826086,101,0.3168316831683168
DRIAMS-A,Streptococcus intermedius,Vancomycin,69,0.0,0.0,377,0.8169761273209549
DRIAMS-A,Acinetobacter pittii,Ciprofloxacin,68,6.0,0.08823529411764706,151,0.5496688741721854
DRIAMS-A,Acinetobacter pittii,Cotrimoxazole,68,0.0,0.0,151,0.5496688741721854
DRIAMS-A,Acinetobacter pittii,Meropenem,68,0.0,0.0,151,0.5496688741721854
DRIAMS-A,Enterococcus avium,Imipenem,68,1.0,0.014705882352941176,118,0.423728813559322
DRIAMS-A,Enterococcus avium,Vancomycin,68,0.0,0.0,118,0.423728813559322
DRIAMS-A,Streptococcus constellatus,Vancomycin,68,0.0,0.0,810,0.9160493827160494
DRIAMS-A,Acinetobacter pittii,Cefepime,67,5.0,0.07462686567164178,151,0.5562913907284768
DRIAMS-A,Neisseria gonorrhoeae,Azithromycin,67,6.0,0.08955223880597014,79,0.15189873417721522
DRIAMS-A,Acinetobacter pittii,Colistin,66,0.0,0.0,151,0.5629139072847682
DRIAMS-A,Enterococcus faecalis,Daptomycin,66,0.0,0.0,4418,0.9850611136260752
DRIAMS-A,Streptococcus intermedius,Penicillin,66,0.0,0.0,377,0.8249336870026525
DRIAMS-A,Streptococcus pneumoniae,Ceftriaxone,66,10.0,0.15151515151515152,426,0.8450704225352113
DRIAMS-A,Acinetobacter pittii,Amikacin,65,0.0,0.0,151,0.5695364238410596
DRIAMS-A,Acinetobacter pittii,Ceftriaxone,65,65.0,1.0,151,0.5695364238410596
DRIAMS-A,Acinetobacter pittii,Imipenem,65,0.0,0.0,151,0.5695364238410596
DRIAMS-A,Acinetobacter pittii,Levofloxacin,65,6.0,0.09230769230769231,151,0.5695364238410596
DRIAMS-A,Acinetobacter pittii,Piperacillin-Tazobactam,65,6.0,0.09230769230769231,151,0.5695364238410596
DRIAMS-A,Acinetobacter pittii,Tobramycin,65,0.0,0.0,151,0.5695364238410596
DRIAMS-A,Candida parapsilosis,5-Fluorocytosine,65,0.0,0.0,296,0.7804054054054054
DRIAMS-A,Candida parapsilosis,Amphotericin B,65,0.0,0.0,296,0.7804054054054054
DRIAMS-A,Candida parapsilosis,Anidulafungin,65,65.0,1.0,296,0.7804054054054054
DRIAMS-A,Candida parapsilosis,Caspofungin,65,9.0,0.13846153846153847,296,0.7804054054054054
DRIAMS-A,Candida parapsilosis,Fluconazole,65,7.0,0.1076923076923077,296,0.7804054054054054
DRIAMS-A,Candida parapsilosis,Itraconazole,65,0.0,0.0,296,0.7804054054054054
DRIAMS-A,Candida parapsilosis,Micafungin,65,65.0,1.0,296,0.7804054054054054
DRIAMS-A,Candida parapsilosis,Posaconazole,65,0.0,0.0,296,0.7804054054054054
DRIAMS-A,Candida parapsilosis,Voriconazole,65,0.0,0.0,296,0.7804054054054054
DRIAMS-A,MIX!Haemophilus influenzae,Cefuroxime,65,32.0,0.49230769230769234,135,0.5185185185185186
DRIAMS-A,Staphylococcus pettenkoferi,Amoxicillin-Clavulanic acid,65,12.0,0.18461538461538463,101,0.3564356435643564
DRIAMS-A,Staphylococcus pettenkoferi,Ampicillin-Amoxicillin,65,65.0,1.0,101,0.3564356435643564
DRIAMS-A,Staphylococcus pettenkoferi,Cefazolin,65,12.0,0.18461538461538463,101,0.3564356435643564
DRIAMS-A,Staphylococcus pettenkoferi,Cefepime,65,12.0,0.18461538461538463,101,0.3564356435643564
DRIAMS-A,Staphylococcus pettenkoferi,Ceftriaxone,65,12.0,0.18461538461538463,101,0.3564356435643564
DRIAMS-A,Staphylococcus pettenkoferi,Cefuroxime,65,12.0,0.18461538461538463,101,0.3564356435643564
DRIAMS-A,Staphylococcus pettenkoferi,Clindamycin,65,44.0,0.676923076923077,101,0.3564356435643564
DRIAMS-A,Staphylococcus pettenkoferi,Erythromycin,65,12.0,0.18461538461538463,101,0.3564356435643564
DRIAMS-A,Staphylococcus pettenkoferi,Gentamicin,65,0.0,0.0,101,0.3564356435643564
DRIAMS-A,Staphylococcus pettenkoferi,Imipenem,65,12.0,0.18461538461538463,101,0.3564356435643564
DRIAMS-A,Staphylococcus pettenkoferi,Linezolid,65,0.0,0.0,101,0.3564356435643564
DRIAMS-A,Staphylococcus pettenkoferi,Meropenem,65,12.0,0.18461538461538463,101,0.3564356435643564
DRIAMS-A,Staphylococcus pettenkoferi,Penicillin,65,65.0,1.0,101,0.3564356435643564
DRIAMS-A,Staphylococcus pettenkoferi,Piperacillin-Tazobactam,65,12.0,0.18461538461538463,101,0.3564356435643564
DRIAMS-A,Staphylococcus pettenkoferi,Tetracycline,65,6.0,0.09230769230769231,101,0.3564356435643564
DRIAMS-A,Staphylococcus pettenkoferi,Tigecycline,65,0.0,0.0,101,0.3564356435643564
DRIAMS-A,Streptococcus oralis,Penicillin_with_endokarditis,65,25.0,0.38461538461538464,929,0.9300322927879441
DRIAMS-A,Streptococcus oralis,Penicillin_without_endokarditis,65,24.0,0.36923076923076925,929,0.9300322927879441
DRIAMS-A,Acinetobacter pittii,Ceftazidime,64,19.0,0.296875,151,0.576158940397351
DRIAMS-A,MIX!Klebsiella pneumoniae,Cefpodoxime,64,8.0,0.125,162,0.6049382716049383
DRIAMS-A,MIX!Klebsiella pneumoniae,Norfloxacin,64,4.0,0.0625,162,0.6049382716049383
DRIAMS-A,MIX!Klebsiella pneumoniae,Fosfomycin-Trometamol,63,20.0,0.31746031746031744,162,0.6111111111111112
DRIAMS-A,Neisseria gonorrhoeae,Cefixime,63,3.0,0.047619047619047616,79,0.20253164556962022
DRIAMS-A,Neisseria gonorrhoeae,Ceftriaxone,63,0.0,0.0,79,0.20253164556962022
DRIAMS-A,Neisseria gonorrhoeae,Ciprofloxacin,63,41.0,0.6507936507936508,79,0.20253164556962022
DRIAMS-A,Providencia rettgeri,Amikacin,63,0.0,0.0,191,0.6701570680628273
DRIAMS-A,Providencia rettgeri,Amoxicillin-Clavulanic acid,63,63.0,1.0,191,0.6701570680628273
DRIAMS-A,Providencia rettgeri,Ampicillin-Amoxicillin,63,63.0,1.0,191,0.6701570680628273
DRIAMS-A,Providencia rettgeri,Cefepime,63,0.0,0.0,191,0.6701570680628273
DRIAMS-A,Providencia rettgeri,Ceftazidime,63,0.0,0.0,191,0.6701570680628273
DRIAMS-A,Providencia rettgeri,Ceftriaxone,63,1.0,0.015873015873015872,191,0.6701570680628273
DRIAMS-A,Providencia rettgeri,Ciprofloxacin,63,5.0,0.07936507936507936,191,0.6701570680628273
DRIAMS-A,Providencia rettgeri,Colistin,63,63.0,1.0,191,0.6701570680628273
DRIAMS-A,Providencia rettgeri,Cotrimoxazole,63,1.0,0.015873015873015872,191,0.6701570680628273
DRIAMS-A,Providencia rettgeri,Ertapenem,63,0.0,0.0,191,0.6701570680628273
DRIAMS-A,Providencia rettgeri,Meropenem,63,0.0,0.0,191,0.6701570680628273
DRIAMS-A,Providencia rettgeri,Piperacillin-Tazobactam,63,4.0,0.06349206349206349,191,0.6701570680628273
DRIAMS-A,Providencia rettgeri,Tobramycin,63,2.0,0.031746031746031744,191,0.6701570680628273
DRIAMS-A,Providencia rettgeri,Imipenem,62,37.0,0.5967741935483871,191,0.675392670157068
DRIAMS-A,Providencia rettgeri,Levofloxacin,62,5.0,0.08064516129032258,191,0.675392670157068
DRIAMS-A,Staphylococcus pettenkoferi,Teicoplanin,62,0.0,0.0,101,0.38613861386138615
DRIAMS-A,Finegoldia magna,Clindamycin,61,26.0,0.4262295081967213,769,0.9206762028608583
DRIAMS-A,Streptococcus sanguinis,Vancomycin,61,0.0,0.0,136,0.5514705882352942
DRIAMS-A,Streptococcus parasanguinis,Clindamycin,60,2.0,0.03333333333333333,385,0.8441558441558441
DRIAMS-A,Enterococcus avium,Tigecycline,57,0.0,0.0,118,0.5169491525423728
DRIAMS-A,Corynebacterium amycolatum,Ciprofloxacin,56,44.0,0.7857142857142857,397,0.8589420654911839
DRIAMS-A,Corynebacterium amycolatum,Penicillin,56,46.0,0.8214285714285714,397,0.8589420654911839
DRIAMS-A,Corynebacterium amycolatum,Vancomycin,56,0.0,0.0,397,0.8589420654911839
DRIAMS-A,Haemophilus influenzae,Amoxicillin,56,24.0,0.42857142857142855,779,0.9281129653401797
DRIAMS-A,Streptococcus parasanguinis,Penicillin_with_endokarditis,56,56.0,1.0,385,0.8545454545454545
DRIAMS-A,Streptococcus parasanguinis,Penicillin_without_endokarditis,56,42.0,0.75,385,0.8545454545454545
DRIAMS-A,Streptococcus pneumoniae,Meropenem_with_meningitis,56,11.0,0.19642857142857142,426,0.8685446009389671
DRIAMS-A,Streptococcus pneumoniae,Meropenem_with_pneumonia,56,0.0,0.0,426,0.8685446009389671
DRIAMS-A,Streptococcus sanguinis,Penicillin,56,8.0,0.14285714285714285,136,0.5882352941176471
DRIAMS-A,Corynebacterium amycolatum,Ceftriaxone,55,21.0,0.38181818181818183,397,0.8614609571788413
DRIAMS-A,Haemophilus influenzae,Chloramphenicol,55,0.0,0.0,779,0.9293966623876765
DRIAMS-A,Haemophilus influenzae,Quinolones,55,0.0,0.0,779,0.9293966623876765
DRIAMS-A,Campylobacter coli,Ciprofloxacin,54,31.0,0.5740740740740741,71,0.23943661971830987
DRIAMS-A,Campylobacter coli,Erythromycin,54,20.0,0.37037037037037035,71,0.23943661971830987
DRIAMS-A,Enterococcus avium,Ampicillin-Amoxicillin,54,2.0,0.037037037037037035,118,0.5423728813559322
DRIAMS-A,Enterococcus avium,Levofloxacin,54,0.0,0.0,118,0.5423728813559322
DRIAMS-A,Enterococcus avium,Linezolid,54,0.0,0.0,118,0.5423728813559322
DRIAMS-A,Enterococcus avium,Teicoplanin,54,0.0,0.0,118,0.5423728813559322
DRIAMS-A,Enterococcus faecalis,Nitrofurantoin,54,2.0,0.037037037037037035,4418,0.9877772747849706
DRIAMS-A,Streptococcus oralis,Ceftriaxone,54,19.0,0.35185185185185186,929,0.9418729817007535
DRIAMS-A,Streptococcus parasanguinis,Meropenem,54,0.0,0.0,385,0.8597402597402597
DRIAMS-A,Corynebacterium amycolatum,Meropenem,53,23.0,0.4339622641509434,397,0.8664987405541562
DRIAMS-A,Enterobacter ludwigii,Amikacin,53,0.0,0.0,93,0.4301075268817204
DRIAMS-A,Enterobacter ludwigii,Amoxicillin-Clavulanic acid,53,53.0,1.0,93,0.4301075268817204
DRIAMS-A,Enterobacter ludwigii,Ampicillin-Amoxicillin,53,53.0,1.0,93,0.4301075268817204
DRIAMS-A,Enterobacter ludwigii,Cefepime,53,0.0,0.0,93,0.4301075268817204
DRIAMS-A,Enterobacter ludwigii,Ceftazidime,53,9.0,0.16981132075471697,93,0.4301075268817204
DRIAMS-A,Enterobacter ludwigii,Ceftriaxone,53,8.0,0.1509433962264151,93,0.4301075268817204
DRIAMS-A,Enterobacter ludwigii,Ciprofloxacin,53,3.0,0.05660377358490566,93,0.4301075268817204
DRIAMS-A,Enterobacter ludwigii,Colistin,53,0.0,0.0,93,0.4301075268817204
DRIAMS-A,Enterobacter ludwigii,Cotrimoxazole,53,3.0,0.05660377358490566,93,0.4301075268817204
DRIAMS-A,Enterobacter ludwigii,Ertapenem,53,2.0,0.03773584905660377,93,0.4301075268817204
DRIAMS-A,Enterobacter ludwigii,Imipenem,53,0.0,0.0,93,0.4301075268817204
DRIAMS-A,Enterobacter ludwigii,Levofloxacin,53,3.0,0.05660377358490566,93,0.4301075268817204
DRIAMS-A,Enterobacter ludwigii,Meropenem,53,0.0,0.0,93,0.4301075268817204
DRIAMS-A,Enterobacter ludwigii,Tobramycin,53,2.0,0.03773584905660377,93,0.4301075268817204
DRIAMS-A,Corynebacterium amycolatum,Erythromycin,52,41.0,0.7884615384615384,397,0.8690176322418136
DRIAMS-A,Enterococcus faecalis,Amoxicillin,52,7.0,0.1346153846153846,4418,0.9882299683114532
DRIAMS-A,Staphylococcus cohnii,Ciprofloxacin,52,0.0,0.0,132,0.6060606060606061
DRIAMS-A,Staphylococcus cohnii,Cotrimoxazole,52,0.0,0.0,132,0.6060606060606061
DRIAMS-A,Staphylococcus cohnii,Daptomycin,52,0.0,0.0,132,0.6060606060606061
DRIAMS-A,Staphylococcus cohnii,Fusidic acid,52,46.0,0.8846153846153846,132,0.6060606060606061
DRIAMS-A,Staphylococcus cohnii,Rifampicin,52,22.0,0.4230769230769231,132,0.6060606060606061
DRIAMS-A,Staphylococcus cohnii,Vancomycin,52,0.0,0.0,132,0.6060606060606061
DRIAMS-A,Streptococcus parasanguinis,Ceftriaxone,52,26.0,0.5,385,0.8649350649350649
DRIAMS-A,Corynebacterium amycolatum,Gentamicin,51,18.0,0.35294117647058826,397,0.871536523929471
DRIAMS-A,Enterobacter ludwigii,Piperacillin-Tazobactam,51,7.0,0.13725490196078433,93,0.4516129032258065
DRIAMS-A,Streptococcus oralis,Meropenem,51,4.0,0.0784313725490196,929,0.9451022604951561
DRIAMS-A,Candida tropicalis,5-Fluorocytosine,50,7.0,0.14,221,0.7737556561085973
DRIAMS-A,Candida tropicalis,Amphotericin B,50,0.0,0.0,221,0.7737556561085973
DRIAMS-A,Candida tropicalis,Anidulafungin,50,32.0,0.64,221,0.7737556561085973
DRIAMS-A,Candida tropicalis,Caspofungin,50,0.0,0.0,221,0.7737556561085973
DRIAMS-A,Candida tropicalis,Micafungin,50,0.0,0.0,221,0.7737556561085973
DRIAMS-A,Candida tropicalis,Fluconazole,49,27.0,0.5510204081632653,221,0.7782805429864253
DRIAMS-A,Citrobacter braakii,Amikacin,49,0.0,0.0,95,0.4842105263157894
DRIAMS-A,Citrobacter braakii,Cefepime,49,1.0,0.02040816326530612,95,0.4842105263157894
DRIAMS-A,Citrobacter braakii,Ceftazidime,49,7.0,0.14285714285714285,95,0.4842105263157894
DRIAMS-A,Citrobacter braakii,Ceftriaxone,49,7.0,0.14285714285714285,95,0.4842105263157894
DRIAMS-A,Citrobacter braakii,Ciprofloxacin,49,3.0,0.061224489795918366,95,0.4842105263157894
DRIAMS-A,Citrobacter braakii,Colistin,49,0.0,0.0,95,0.4842105263157894
DRIAMS-A,Citrobacter braakii,Cotrimoxazole,49,5.0,0.10204081632653061,95,0.4842105263157894
DRIAMS-A,Citrobacter braakii,Ertapenem,49,0.0,0.0,95,0.4842105263157894
DRIAMS-A,Citrobacter braakii,Imipenem,49,0.0,0.0,95,0.4842105263157894
DRIAMS-A,Citrobacter braakii,Meropenem,49,0.0,0.0,95,0.4842105263157894
DRIAMS-A,Citrobacter braakii,Piperacillin-Tazobactam,49,7.0,0.14285714285714285,95,0.4842105263157894
DRIAMS-A,Citrobacter braakii,Tobramycin,49,1.0,0.02040816326530612,95,0.4842105263157894
DRIAMS-A,Staphylococcus cohnii,Oxacillin,49,9.0,0.1836734693877551,132,0.6287878787878788
DRIAMS-A,Bacillus cereus,Vancomycin,48,1.0,0.020833333333333332,149,0.6778523489932886
DRIAMS-A,Bacillus cereus,Clindamycin,47,24.0,0.5106382978723404,149,0.6845637583892618
DRIAMS-A,Bacillus cereus,Levofloxacin,47,0.0,0.0,149,0.6845637583892618
DRIAMS-A,Bacillus cereus,Penicillin,47,47.0,1.0,149,0.6845637583892618
DRIAMS-A,Citrobacter braakii,Amoxicillin-Clavulanic acid,47,47.0,1.0,95,0.5052631578947369
DRIAMS-A,Citrobacter braakii,Ampicillin-Amoxicillin,47,47.0,1.0,95,0.5052631578947369
DRIAMS-A,Citrobacter braakii,Levofloxacin,47,3.0,0.06382978723404255,95,0.5052631578947369
DRIAMS-A,Escherichia coli,Amoxicillin-Clavulanic acid_uncomplicated_HWI,47,1.0,0.02127659574468085,7320,0.9935792349726776
DRIAMS-A,Haemophilus parainfluenzae,Levofloxacin,47,10.0,0.2127659574468085,736,0.936141304347826
DRIAMS-A,Dermabacter hominis,Ceftriaxone,46,28.0,0.6086956521739131,266,0.8270676691729324
DRIAMS-A,Dermabacter hominis,Vancomycin,46,0.0,0.0,266,0.8270676691729324
DRIAMS-A,Enterobacter asburiae,Cefpodoxime,46,46.0,1.0,204,0.7745098039215687
DRIAMS-A,Enterobacter asburiae,Fosfomycin-Trometamol,46,34.0,0.7391304347826086,204,0.7745098039215687
DRIAMS-A,Staphylococcus cohnii,Erythromycin,46,21.0,0.45652173913043476,132,0.6515151515151515
DRIAMS-A,Enterobacter asburiae,Norfloxacin,45,7.0,0.15555555555555556,204,0.7794117647058824
DRIAMS-A,Haemophilus parainfluenzae,Amoxicillin-Clavulanic acid,45,8.0,0.17777777777777778,736,0.938858695652174
DRIAMS-A,Dermabacter hominis,Penicillin,44,39.0,0.8863636363636364,266,0.8345864661654135
DRIAMS-A,MIX!Stenotrophomonas maltophilia,Cotrimoxazole,44,0.0,0.0,85,0.48235294117647054
DRIAMS-A,Propionibacterium acnes,Clindamycin,44,0.0,0.0,2837,0.9844906591469863
DRIAMS-A,Streptococcus gordonii,Vancomycin,44,0.0,0.0,136,0.6764705882352942
DRIAMS-A,Candida tropicalis,Itraconazole,43,21.0,0.4883720930232558,221,0.8054298642533937
DRIAMS-A,Candida tropicalis,Posaconazole,43,35.0,0.813953488372093,221,0.8054298642533937
DRIAMS-A,Candida tropicalis,Voriconazole,43,17.0,0.3953488372093023,221,0.8054298642533937
DRIAMS-A,Pseudomonas aeruginosa,Ceftazidime-Avibactam,43,8.0,0.18604651162790697,4852,0.9911376751854906
DRIAMS-A,Streptococcus oralis,Gentamicin_high_level,43,0.0,0.0,929,0.9537136706135629
DRIAMS-A,Acinetobacter baumannii,Colistin,42,0.0,0.0,98,0.5714285714285714
DRIAMS-A,Haemophilus parainfluenzae,Ceftriaxone,42,0.0,0.0,736,0.9429347826086957
DRIAMS-A,Propionibacterium acnes,Ceftriaxone,42,0.0,0.0,2837,0.9851956291857596
DRIAMS-A,Enterobacter kobei,Amikacin,41,2.0,0.04878048780487805,60,0.31666666666666665
DRIAMS-A,Enterobacter kobei,Amoxicillin-Clavulanic acid,41,41.0,1.0,60,0.31666666666666665
DRIAMS-A,Enterobacter kobei,Ampicillin-Amoxicillin,41,41.0,1.0,60,0.31666666666666665
DRIAMS-A,Enterobacter kobei,Cefepime,41,0.0,0.0,60,0.31666666666666665
DRIAMS-A,Enterobacter kobei,Ceftazidime,41,13.0,0.3170731707317073,60,0.31666666666666665
DRIAMS-A,Enterobacter kobei,Ceftriaxone,41,13.0,0.3170731707317073,60,0.31666666666666665
DRIAMS-A,Enterobacter kobei,Ciprofloxacin,41,2.0,0.04878048780487805,60,0.31666666666666665
DRIAMS-A,Enterobacter kobei,Cotrimoxazole,41,0.0,0.0,60,0.31666666666666665
DRIAMS-A,Enterobacter kobei,Ertapenem,41,4.0,0.0975609756097561,60,0.31666666666666665
DRIAMS-A,Enterobacter kobei,Imipenem,41,1.0,0.024390243902439025,60,0.31666666666666665
DRIAMS-A,Enterobacter kobei,Levofloxacin,41,2.0,0.04878048780487805,60,0.31666666666666665
DRIAMS-A,Enterobacter kobei,Piperacillin-Tazobactam,41,13.0,0.3170731707317073,60,0.31666666666666665
DRIAMS-A,Enterobacter kobei,Tobramycin,41,2.0,0.04878048780487805,60,0.31666666666666665
DRIAMS-A,Lactobacillus rhamnosus,Penicillin,41,1.0,0.024390243902439025,554,0.9259927797833936
DRIAMS-A,Propionibacterium acnes,Levofloxacin,41,0.0,0.0,2837,0.9855481142051463
DRIAMS-A,Staphylococcus cohnii,Amoxicillin-Clavulanic acid,41,9.0,0.21951219512195122,132,0.6893939393939394
DRIAMS-A,Staphylococcus cohnii,Ampicillin-Amoxicillin,41,40.0,0.975609756097561,132,0.6893939393939394
DRIAMS-A,Staphylococcus cohnii,Cefazolin,41,9.0,0.21951219512195122,132,0.6893939393939394
DRIAMS-A,Staphylococcus cohnii,Cefepime,41,9.0,0.21951219512195122,132,0.6893939393939394
DRIAMS-A,Staphylococcus cohnii,Ceftriaxone,41,9.0,0.21951219512195122,132,0.6893939393939394
DRIAMS-A,Staphylococcus cohnii,Cefuroxime,41,9.0,0.21951219512195122,132,0.6893939393939394
DRIAMS-A,Staphylococcus cohnii,Clindamycin,41,32.0,0.7804878048780488,132,0.6893939393939394
DRIAMS-A,Staphylococcus cohnii,Gentamicin,41,0.0,0.0,132,0.6893939393939394
DRIAMS-A,Staphylococcus cohnii,Imipenem,41,9.0,0.21951219512195122,132,0.6893939393939394
DRIAMS-A,Staphylococcus cohnii,Linezolid,41,0.0,0.0,132,0.6893939393939394
DRIAMS-A,Staphylococcus cohnii,Meropenem,41,9.0,0.21951219512195122,132,0.6893939393939394
DRIAMS-A,Staphylococcus cohnii,Penicillin,41,40.0,0.975609756097561,132,0.6893939393939394
DRIAMS-A,Staphylococcus cohnii,Piperacillin-Tazobactam,41,9.0,0.21951219512195122,132,0.6893939393939394
DRIAMS-A,Staphylococcus cohnii,Teicoplanin,41,0.0,0.0,132,0.6893939393939394
DRIAMS-A,Staphylococcus cohnii,Tetracycline,41,10.0,0.24390243902439024,132,0.6893939393939394
DRIAMS-A,Staphylococcus cohnii,Tigecycline,41,0.0,0.0,132,0.6893939393939394
DRIAMS-A,Actinotignum schaalii,Amoxicillin,40,0.0,0.0,555,0.9279279279279279
DRIAMS-A,Dermabacter hominis,Ciprofloxacin,40,34.0,0.85,266,0.849624060150376
DRIAMS-A,Dermabacter hominis,Erythromycin,40,37.0,0.925,266,0.849624060150376
DRIAMS-A,Dermabacter hominis,Meropenem,40,22.0,0.55,266,0.849624060150376
DRIAMS-A,Enterobacter kobei,Colistin,40,0.0,0.0,60,0.33333333333333337
DRIAMS-A,Enterococcus faecalis,Gentamicin,40,4.0,0.1,4418,0.9909461294703485
DRIAMS-A,Haemophilus parainfluenzae,Meropenem_with_meningitis,40,0.0,0.0,736,0.9456521739130435
DRIAMS-A,Haemophilus parainfluenzae,Meropenem_without_meningitis,40,0.0,0.0,736,0.9456521739130435
DRIAMS-A,Streptococcus mitis,Ceftriaxone,40,14.0,0.35,666,0.93993993993994
DRIAMS-A,Acinetobacter baumannii,Meropenem,39,15.0,0.38461538461538464,98,0.6020408163265306
DRIAMS-A,Actinomyces odontolyticus,Clindamycin,39,5.0,0.1282051282051282,363,0.8925619834710744
DRIAMS-A,Enterobacter kobei,Meropenem,39,0.0,0.0,60,0.35
DRIAMS-A,Haemophilus influenzae,Cotrimoxazole,39,3.0,0.07692307692307693,779,0.9499358151476252
DRIAMS-A,Propionibacterium acnes,Rifampicin,39,0.0,0.0,2837,0.9862530842439197
DRIAMS-A,Streptococcus gordonii,Penicillin,39,0.0,0.0,136,0.7132352941176471
DRIAMS-A,Streptococcus mitis,Penicillin_with_endokarditis,39,30.0,0.7692307692307693,666,0.9414414414414415
DRIAMS-A,Streptococcus mitis,Penicillin_without_endokarditis,39,26.0,0.6666666666666666,666,0.9414414414414415
DRIAMS-A,Acinetobacter baumannii,Amikacin,38,10.0,0.2631578947368421,98,0.6122448979591837
DRIAMS-A,Acinetobacter baumannii,Cefepime,38,15.0,0.39473684210526316,98,0.6122448979591837
DRIAMS-A,Acinetobacter baumannii,Ceftazidime,38,15.0,0.39473684210526316,98,0.6122448979591837
DRIAMS-A,Acinetobacter baumannii,Ceftriaxone,38,38.0,1.0,98,0.6122448979591837
DRIAMS-A,Acinetobacter baumannii,Ciprofloxacin,38,16.0,0.42105263157894735,98,0.6122448979591837
DRIAMS-A,Acinetobacter baumannii,Levofloxacin,38,16.0,0.42105263157894735,98,0.6122448979591837
DRIAMS-A,Acinetobacter baumannii,Piperacillin-Tazobactam,38,15.0,0.39473684210526316,98,0.6122448979591837
DRIAMS-A,Dermabacter hominis,Gentamicin,38,19.0,0.5,266,0.8571428571428572
DRIAMS-A,Enterobacter aerogenes,Cefpodoxime,38,36.0,0.9473684210526315,660,0.9424242424242424
DRIAMS-A,Enterobacter aerogenes,Fosfomycin-Trometamol,38,9.0,0.23684210526315788,660,0.9424242424242424
DRIAMS-A,Acinetobacter baumannii,Cotrimoxazole,37,13.0,0.35135135135135137,98,0.6224489795918368
DRIAMS-A,Acinetobacter baumannii,Tobramycin,37,9.0,0.24324324324324326,98,0.6224489795918368
DRIAMS-A,Actinotignum schaalii,Ceftriaxone,37,0.0,0.0,555,0.9333333333333333
DRIAMS-A,Aerococcus sanguinicola,Levofloxacin,37,17.0,0.4594594594594595,64,0.421875
DRIAMS-A,Bacteroides fragilis,Metronidazole,37,0.0,0.0,427,0.9133489461358314
DRIAMS-A,Pseudomonas aeruginosa,Fosfomycin,37,28.0,0.7567567567567568,4852,0.9923742786479802
DRIAMS-A,Staphylococcus epidermidis,Doxycycline,37,3.0,0.08108108108108109,9387,0.9960583786087142
DRIAMS-A,Streptococcus mitis,Clindamycin,37,7.0,0.1891891891891892,666,0.9444444444444444
DRIAMS-A,Streptococcus mitis,Meropenem,37,3.0,0.08108108108108109,666,0.9444444444444444
DRIAMS-A,Streptococcus pneumoniae,Cotrimoxazole,37,0.0,0.0,426,0.9131455399061033
DRIAMS-A,Acinetobacter baumannii,Imipenem,36,11.0,0.3055555555555556,98,0.6326530612244898
DRIAMS-A,Actinomyces odontolyticus,Amoxicillin-Clavulanic acid,36,0.0,0.0,363,0.9008264462809917
DRIAMS-A,Aggregatibacter aphrophilus,Amoxicillin-Clavulanic acid,36,0.0,0.0,191,0.8115183246073299
DRIAMS-A,Enterobacter aerogenes,Norfloxacin,36,0.0,0.0,660,0.9454545454545454
DRIAMS-A,Haemophilus parainfluenzae,Amoxicillin,36,8.0,0.2222222222222222,736,0.9510869565217391
DRIAMS-A,Pasteurella multocida,Ceftriaxone,36,0.0,0.0,52,0.3076923076923077
DRIAMS-A,Pasteurella multocida,Levofloxacin,36,0.0,0.0,52,0.3076923076923077
DRIAMS-A,Aggregatibacter aphrophilus,Ampicillin-Amoxicillin,35,0.0,0.0,191,0.8167539267015707
DRIAMS-A,Aggregatibacter aphrophilus,Ceftriaxone,35,0.0,0.0,191,0.8167539267015707
DRIAMS-A,Aggregatibacter aphrophilus,Ciprofloxacin,35,0.0,0.0,191,0.8167539267015707
DRIAMS-A,Bacteroides fragilis,Amoxicillin-Clavulanic acid,35,6.0,0.17142857142857143,427,0.9180327868852459
DRIAMS-A,Providencia rettgeri,Norfloxacin,35,5.0,0.14285714285714285,191,0.8167539267015707
DRIAMS-A,Pseudomonas monteilii,Ciprofloxacin,35,1.0,0.02857142857142857,50,0.30000000000000004
DRIAMS-A,Actinomyces neuii,Clindamycin,34,2.0,0.058823529411764705,320,0.89375
DRIAMS-A,Actinomyces odontolyticus,Imipenem,34,0.0,0.0,363,0.9063360881542699
DRIAMS-A,Aerococcus sanguinicola,Penicillin,34,0.0,0.0,64,0.46875
DRIAMS-A,MIX!Pseudomonas aeruginosa,Meropenem,34,3.0,0.08823529411764706,56,0.3928571428571429
DRIAMS-A,MIX!Pseudomonas aeruginosa,Piperacillin-Tazobactam,34,4.0,0.11764705882352941,56,0.3928571428571429
DRIAMS-A,MIX!Pseudomonas aeruginosa,Tobramycin,34,2.0,0.058823529411764705,56,0.3928571428571429
DRIAMS-A,Pasteurella multocida,Amoxicillin,34,0.0,0.0,52,0.34615384615384615
DRIAMS-A,Streptococcus mitis,Gentamicin_high_level,34,0.0,0.0,666,0.948948948948949
DRIAMS-A,Streptococcus salivarius,Vancomycin,34,0.0,0.0,288,0.8819444444444444
DRIAMS-A,Aerococcus sanguinicola,Cotrimoxazole,33,18.0,0.5454545454545454,64,0.484375
DRIAMS-A,Finegoldia magna,Penicillin,33,0.0,0.0,769,0.9570871261378413
DRIAMS-A,MIX!Pseudomonas aeruginosa,Ciprofloxacin,33,6.0,0.18181818181818182,56,0.4107142857142857
DRIAMS-A,MIX!Pseudomonas aeruginosa,Colistin,33,0.0,0.0,56,0.4107142857142857
DRIAMS-A,Pseudomonas aeruginosa,Ceftobiprole,33,30.0,0.9090909090909091,4852,0.9931986809563067
DRIAMS-A,Rothia mucilaginosa,Penicillin,33,20.0,0.6060606060606061,351,0.905982905982906
DRIAMS-A,Rothia mucilaginosa,Vancomycin,33,0.0,0.0,351,0.905982905982906
DRIAMS-A,Streptococcus parasanguinis,Gentamicin_high_level,33,0.0,0.0,385,0.9142857142857143
DRIAMS-A,Streptococcus pneumoniae,Vancomycin,33,0.0,0.0,426,0.9225352112676056
DRIAMS-A,Streptococcus vestibularis,Penicillin,33,14.0,0.42424242424242425,445,0.9258426966292135
DRIAMS-A,Streptococcus vestibularis,Vancomycin,33,0.0,0.0,445,0.9258426966292135
DRIAMS-A,Actinotignum schaalii,Levofloxacin,32,30.0,0.9375,555,0.9423423423423424
DRIAMS-A,Corynebacterium aurimucosum,Ciprofloxacin,32,15.0,0.46875,149,0.785234899328859
DRIAMS-A,Corynebacterium aurimucosum,Vancomycin,32,0.0,0.0,149,0.785234899328859
DRIAMS-A,MIX!Acinetobacter pittii,Ciprofloxacin,32,2.0,0.0625,71,0.5492957746478873
DRIAMS-A,MIX!Acinetobacter pittii,Colistin,32,0.0,0.0,71,0.5492957746478873
DRIAMS-A,MIX!Acinetobacter pittii,Cotrimoxazole,32,0.0,0.0,71,0.5492957746478873
DRIAMS-A,MIX!Acinetobacter pittii,Meropenem,32,0.0,0.0,71,0.5492957746478873
DRIAMS-A,MIX!Escherichia coli,Ampicillin-Amoxicillin,32,20.0,0.625,61,0.47540983606557374
DRIAMS-A,MIX!Escherichia coli,Ceftriaxone,32,6.0,0.1875,61,0.47540983606557374
DRIAMS-A,MIX!Escherichia coli,Ciprofloxacin,32,6.0,0.1875,61,0.47540983606557374
DRIAMS-A,MIX!Escherichia coli,Colistin,32,0.0,0.0,61,0.47540983606557374
DRIAMS-A,MIX!Escherichia coli,Imipenem,32,0.0,0.0,61,0.47540983606557374
DRIAMS-A,MIX!Escherichia coli,Levofloxacin,32,6.0,0.1875,61,0.47540983606557374
DRIAMS-A,MIX!Escherichia coli,Meropenem,32,0.0,0.0,61,0.47540983606557374
DRIAMS-A,MIX!Pseudomonas aeruginosa,Cefepime,32,3.0,0.09375,56,0.4285714285714286
DRIAMS-A,MIX!Staphylococcus aureus,Ampicillin-Amoxicillin,32,22.0,0.6875,71,0.5492957746478873
DRIAMS-A,MIX!Staphylococcus aureus,Cotrimoxazole,32,1.0,0.03125,71,0.5492957746478873
DRIAMS-A,MIX!Staphylococcus aureus,Daptomycin,32,0.0,0.0,71,0.5492957746478873
DRIAMS-A,MIX!Staphylococcus aureus,Fusidic acid,32,1.0,0.03125,71,0.5492957746478873
DRIAMS-A,MIX!Staphylococcus aureus,Linezolid,32,0.0,0.0,71,0.5492957746478873
DRIAMS-A,MIX!Staphylococcus aureus,Penicillin,32,22.0,0.6875,71,0.5492957746478873
DRIAMS-A,MIX!Staphylococcus aureus,Rifampicin,32,0.0,0.0,71,0.5492957746478873
DRIAMS-A,MIX!Staphylococcus aureus,Teicoplanin,32,1.0,0.03125,71,0.5492957746478873
DRIAMS-A,MIX!Staphylococcus aureus,Tigecycline,32,0.0,0.0,71,0.5492957746478873
DRIAMS-A,MIX!Staphylococcus aureus,Vancomycin,32,0.0,0.0,71,0.5492957746478873
DRIAMS-A,Pseudomonas monteilii,Cefepime,32,0.0,0.0,50,0.36
DRIAMS-A,Pseudomonas monteilii,Tobramycin,32,0.0,0.0,50,0.36
DRIAMS-A,Streptococcus gallolyticus,Vancomycin,32,0.0,0.0,135,0.762962962962963
DRIAMS-A,Streptococcus oralis,Levofloxacin,32,4.0,0.125,929,0.9655543595263725
DRIAMS-A,Streptococcus salivarius,Penicillin,32,5.0,0.15625,288,0.8888888888888888
DRIAMS-A,Corynebacterium aurimucosum,Ceftriaxone,31,27.0,0.8709677419354839,149,0.7919463087248322
DRIAMS-A,Corynebacterium aurimucosum,Erythromycin,31,23.0,0.7419354838709677,149,0.7919463087248322
DRIAMS-A,Corynebacterium aurimucosum,Meropenem,31,0.0,0.0,149,0.7919463087248322
DRIAMS-A,Corynebacterium aurimucosum,Penicillin,31,30.0,0.967741935483871,149,0.7919463087248322
DRIAMS-A,MIX!Acinetobacter pittii,Amikacin,31,0.0,0.0,71,0.5633802816901409
DRIAMS-A,MIX!Acinetobacter pittii,Cefepime,31,0.0,0.0,71,0.5633802816901409
DRIAMS-A,MIX!Acinetobacter pittii,Ceftriaxone,31,31.0,1.0,71,0.5633802816901409
DRIAMS-A,MIX!Acinetobacter pittii,Imipenem,31,0.0,0.0,71,0.5633802816901409
DRIAMS-A,MIX!Acinetobacter pittii,Levofloxacin,31,2.0,0.06451612903225806,71,0.5633802816901409
DRIAMS-A,MIX!Acinetobacter pittii,Tobramycin,31,0.0,0.0,71,0.5633802816901409
DRIAMS-A,MIX!Escherichia coli,Amikacin,31,2.0,0.06451612903225806,61,0.4918032786885246
DRIAMS-A,MIX!Escherichia coli,Amoxicillin-Clavulanic acid,31,9.0,0.2903225806451613,61,0.4918032786885246
DRIAMS-A,MIX!Escherichia coli,Ertapenem,31,0.0,0.0,61,0.4918032786885246
DRIAMS-A,MIX!Escherichia coli,Tobramycin,31,3.0,0.0967741935483871,61,0.4918032786885246
DRIAMS-A,MIX!Staphylococcus aureus,Amoxicillin-Clavulanic acid,31,5.0,0.16129032258064516,71,0.5633802816901409
DRIAMS-A,MIX!Staphylococcus aureus,Cefazolin,31,5.0,0.16129032258064516,71,0.5633802816901409
DRIAMS-A,MIX!Staphylococcus aureus,Cefepime,31,5.0,0.16129032258064516,71,0.5633802816901409
DRIAMS-A,MIX!Staphylococcus aureus,Ceftriaxone,31,5.0,0.16129032258064516,71,0.5633802816901409
DRIAMS-A,MIX!Staphylococcus aureus,Cefuroxime,31,5.0,0.16129032258064516,71,0.5633802816901409
DRIAMS-A,MIX!Staphylococcus aureus,Ciprofloxacin,31,4.0,0.12903225806451613,71,0.5633802816901409
DRIAMS-A,MIX!Staphylococcus aureus,Imipenem,31,5.0,0.16129032258064516,71,0.5633802816901409
DRIAMS-A,MIX!Staphylococcus aureus,Meropenem,31,5.0,0.16129032258064516,71,0.5633802816901409
DRIAMS-A,MIX!Staphylococcus aureus,Mupirocin,31,0.0,0.0,71,0.5633802816901409
DRIAMS-A,MIX!Staphylococcus aureus,Oxacillin,31,5.0,0.16129032258064516,71,0.5633802816901409
DRIAMS-A,MIX!Staphylococcus aureus,Piperacillin-Tazobactam,31,5.0,0.16129032258064516,71,0.5633802816901409
DRIAMS-A,MIX!Staphylococcus aureus,Tetracycline,31,3.0,0.0967741935483871,71,0.5633802816901409
DRIAMS-A,Pasteurella multocida,Cotrimoxazole,31,0.0,0.0,52,0.40384615384615385
DRIAMS-A,Providencia rettgeri,Cefpodoxime,31,1.0,0.03225806451612903,191,0.837696335078534
DRIAMS-A,Providencia rettgeri,Fosfomycin-Trometamol,31,6.0,0.1935483870967742,191,0.837696335078534
DRIAMS-A,Staphylococcus simulans,Ciprofloxacin,31,0.0,0.0,160,0.80625
DRIAMS-A,Staphylococcus simulans,Clindamycin,31,9.0,0.2903225806451613,160,0.80625
DRIAMS-A,Staphylococcus simulans,Daptomycin,31,0.0,0.0,160,0.80625
DRIAMS-A,Staphylococcus simulans,Meropenem,31,1.0,0.03225806451612903,160,0.80625
DRIAMS-A,Staphylococcus simulans,Oxacillin,31,1.0,0.03225806451612903,160,0.80625
DRIAMS-A,Staphylococcus simulans,Piperacillin-Tazobactam,31,1.0,0.03225806451612903,160,0.80625
DRIAMS-A,Staphylococcus simulans,Vancomycin,31,0.0,0.0,160,0.80625
DRIAMS-A,Trueperella bernardiae,Ciprofloxacin,31,22.0,0.7096774193548387,86,0.6395348837209303
DRIAMS-A,Corynebacterium aurimucosum,Gentamicin,30,1.0,0.03333333333333333,149,0.7986577181208054
DRIAMS-A,MIX!Acinetobacter pittii,Piperacillin-Tazobactam,30,5.0,0.16666666666666666,71,0.5774647887323944
DRIAMS-A,MIX!Enterobacter cloacae,Cefpodoxime,30,30.0,1.0,162,0.8148148148148149
DRIAMS-A,MIX!Enterobacter cloacae,Fosfomycin-Trometamol,30,15.0,0.5,162,0.8148148148148149
DRIAMS-A,MIX!Enterobacter cloacae,Norfloxacin,30,0.0,0.0,162,0.8148148148148149
DRIAMS-A,MIX!Escherichia coli,Cefepime,30,2.0,0.06666666666666667,61,0.5081967213114754
DRIAMS-A,MIX!Escherichia coli,Ceftazidime,30,4.0,0.13333333333333333,61,0.5081967213114754
DRIAMS-A,MIX!Escherichia coli,Cotrimoxazole,30,12.0,0.4,61,0.5081967213114754
DRIAMS-A,MIX!Pseudomonas aeruginosa,Ceftazidime,30,1.0,0.03333333333333333,56,0.4642857142857143
DRIAMS-A,MIX!Staphylococcus aureus,Erythromycin,30,2.0,0.06666666666666667,71,0.5774647887323944
DRIAMS-A,MIX!Staphylococcus aureus,Gentamicin,30,2.0,0.06666666666666667,71,0.5774647887323944
DRIAMS-A,Staphylococcus simulans,Amoxicillin-Clavulanic acid,30,1.0,0.03333333333333333,160,0.8125
DRIAMS-A,Staphylococcus simulans,Ampicillin-Amoxicillin,30,29.0,0.9666666666666667,160,0.8125
DRIAMS-A,Staphylococcus simulans,Cefazolin,30,1.0,0.03333333333333333,160,0.8125
DRIAMS-A,Staphylococcus simulans,Cefepime,30,1.0,0.03333333333333333,160,0.8125
DRIAMS-A,Staphylococcus simulans,Ceftriaxone,30,1.0,0.03333333333333333,160,0.8125
DRIAMS-A,Staphylococcus simulans,Cefuroxime,30,1.0,0.03333333333333333,160,0.8125
DRIAMS-A,Staphylococcus simulans,Cotrimoxazole,30,0.0,0.0,160,0.8125
DRIAMS-A,Staphylococcus simulans,Erythromycin,30,9.0,0.3,160,0.8125
DRIAMS-A,Staphylococcus simulans,Fusidic acid,30,0.0,0.0,160,0.8125
DRIAMS-A,Staphylococcus simulans,Gentamicin,30,0.0,0.0,160,0.8125
DRIAMS-A,Staphylococcus simulans,Imipenem,30,1.0,0.03333333333333333,160,0.8125
DRIAMS-A,Staphylococcus simulans,Linezolid,30,0.0,0.0,160,0.8125
DRIAMS-A,Staphylococcus simulans,Penicillin,30,29.0,0.9666666666666667,160,0.8125
DRIAMS-A,Staphylococcus simulans,Rifampicin,30,0.0,0.0,160,0.8125
DRIAMS-A,Staphylococcus simulans,Tetracycline,30,0.0,0.0,160,0.8125
DRIAMS-A,Staphylococcus simulans,Tigecycline,30,0.0,0.0,160,0.8125
DRIAMS-A,Stenotrophomonas maltophilia,Ceftazidime,30,17.0,0.5666666666666667,660,0.9545454545454546
DRIAMS-A,Actinomyces neuii,Amoxicillin-Clavulanic acid,29,0.0,0.0,320,0.909375
DRIAMS-A,Candida dubliniensis,5-Fluorocytosine,29,0.0,0.0,217,0.8663594470046083
DRIAMS-A,Candida dubliniensis,Anidulafungin,29,0.0,0.0,217,0.8663594470046083
DRIAMS-A,Candida dubliniensis,Caspofungin,29,0.0,0.0,217,0.8663594470046083
DRIAMS-A,Candida dubliniensis,Fluconazole,29,2.0,0.06896551724137931,217,0.8663594470046083
DRIAMS-A,Candida dubliniensis,Itraconazole,29,2.0,0.06896551724137931,217,0.8663594470046083
DRIAMS-A,Candida dubliniensis,Micafungin,29,0.0,0.0,217,0.8663594470046083
DRIAMS-A,MIX!Acinetobacter baumannii,Amikacin,29,10.0,0.3448275862068966,55,0.4727272727272728
DRIAMS-A,MIX!Acinetobacter baumannii,Cefepime,29,10.0,0.3448275862068966,55,0.4727272727272728
DRIAMS-A,MIX!Acinetobacter baumannii,Ceftazidime,29,12.0,0.41379310344827586,55,0.4727272727272728
DRIAMS-A,MIX!Acinetobacter baumannii,Ceftriaxone,29,29.0,1.0,55,0.4727272727272728
DRIAMS-A,MIX!Acinetobacter baumannii,Ciprofloxacin,29,13.0,0.4482758620689655,55,0.4727272727272728
DRIAMS-A,MIX!Acinetobacter baumannii,Colistin,29,0.0,0.0,55,0.4727272727272728
DRIAMS-A,MIX!Acinetobacter baumannii,Cotrimoxazole,29,11.0,0.3793103448275862,55,0.4727272727272728
DRIAMS-A,MIX!Acinetobacter baumannii,Levofloxacin,29,13.0,0.4482758620689655,55,0.4727272727272728
DRIAMS-A,MIX!Acinetobacter baumannii,Meropenem,29,10.0,0.3448275862068966,55,0.4727272727272728
DRIAMS-A,MIX!Acinetobacter baumannii,Piperacillin-Tazobactam,29,13.0,0.4482758620689655,55,0.4727272727272728
DRIAMS-A,MIX!Acinetobacter baumannii,Tobramycin,29,9.0,0.3103448275862069,55,0.4727272727272728
DRIAMS-A,MIX!Acinetobacter pittii,Ceftazidime,29,8.0,0.27586206896551724,71,0.5915492957746479
DRIAMS-A,MIX!Escherichia coli,Piperacillin-Tazobactam,29,5.0,0.1724137931034483,61,0.5245901639344263
DRIAMS-A,MIX!Staphylococcus aureus,Clindamycin,29,1.0,0.034482758620689655,71,0.5915492957746479
DRIAMS-A,Staphylococcus simulans,Teicoplanin,29,0.0,0.0,160,0.81875
DRIAMS-A,Trueperella bernardiae,Penicillin,29,4.0,0.13793103448275862,86,0.6627906976744187
DRIAMS-A,MIX!Pseudomonas aeruginosa,Amikacin,28,0.0,0.0,56,0.5
DRIAMS-A,Streptococcus pneumoniae,Penicillin,28,4.0,0.14285714285714285,426,0.9342723004694835
DRIAMS-A,Bacteroides fragilis,Piperacillin-Tazobactam,27,2.0,0.07407407407407407,427,0.936768149882904
DRIAMS-A,Candida dubliniensis,Voriconazole,27,0.0,0.0,217,0.8755760368663594
DRIAMS-A,Enterococcus faecium,Gentamicin,27,8.0,0.2962962962962963,1751,0.9845802398629354
DRIAMS-A,Lactobacillus rhamnosus,Clindamycin,27,0.0,0.0,554,0.9512635379061372
DRIAMS-A,MIX!Acinetobacter baumannii,Imipenem,27,7.0,0.25925925925925924,55,0.509090909090909
DRIAMS-A,MIX!Enterococcus faecium,Levofloxacin,27,19.0,0.7037037037037037,49,0.44897959183673475
DRIAMS-A,MIX!Enterococcus faecium,Vancomycin,27,3.0,0.1111111111111111,49,0.44897959183673475
DRIAMS-A,MIX!Pseudomonas aeruginosa,Imipenem,27,1.0,0.037037037037037035,56,0.5178571428571428
DRIAMS-A,MIX!Pseudomonas aeruginosa,Levofloxacin,27,3.0,0.1111111111111111,56,0.5178571428571428
DRIAMS-A,Propionibacterium acnes,Penicillin,27,0.0,0.0,2837,0.9904829044765597
DRIAMS-A,Streptococcus anginosus,Clindamycin,27,11.0,0.4074074074074074,1868,0.9855460385438972
DRIAMS-A,Streptococcus salivarius_ssp_thermophilus,Penicillin,27,0.0,0.0,48,0.4375
DRIAMS-A,Streptococcus salivarius_ssp_thermophilus,Vancomycin,27,0.0,0.0,48,0.4375
DRIAMS-A,Trueperella bernardiae,Ceftriaxone,27,0.0,0.0,86,0.686046511627907
DRIAMS-A,Trueperella bernardiae,Erythromycin,27,5.0,0.18518518518518517,86,0.686046511627907
DRIAMS-A,Trueperella bernardiae,Gentamicin,27,0.0,0.0,86,0.686046511627907
DRIAMS-A,Trueperella bernardiae,Meropenem,27,0.0,0.0,86,0.686046511627907
DRIAMS-A,Trueperella bernardiae,Vancomycin,27,0.0,0.0,86,0.686046511627907
DRIAMS-A,Acinetobacter junii,Ciprofloxacin,26,0.0,0.0,47,0.44680851063829785
DRIAMS-A,Acinetobacter junii,Cotrimoxazole,26,4.0,0.15384615384615385,47,0.44680851063829785
DRIAMS-A,Acinetobacter junii,Meropenem,26,0.0,0.0,47,0.44680851063829785
DRIAMS-A,Actinomyces neuii,Imipenem,26,0.0,0.0,320,0.91875
DRIAMS-A,Enterococcus avium,Gentamicin_high_level,26,1.0,0.038461538461538464,118,0.7796610169491526
DRIAMS-A,Lactobacillus rhamnosus,Vancomycin,26,26.0,1.0,554,0.9530685920577617
DRIAMS-A,MIX!Enterococcus faecium,Linezolid,26,0.0,0.0,49,0.4693877551020408
DRIAMS-A,MIX!Enterococcus faecium,Teicoplanin,26,1.0,0.038461538461538464,49,0.4693877551020408
DRIAMS-A,MIX!Enterococcus faecium,Tigecycline,26,0.0,0.0,49,0.4693877551020408
DRIAMS-A,Pseudomonas monteilii,Imipenem,26,0.0,0.0,50,0.48
DRIAMS-A,Pseudomonas monteilii,Meropenem,26,16.0,0.6153846153846154,50,0.48
DRIAMS-A,Pseudomonas monteilii,Piperacillin-Tazobactam,26,7.0,0.2692307692307692,50,0.48
DRIAMS-A,Finegoldia magna,Erythromycin,25,13.0,0.52,769,0.9674902470741222
DRIAMS-A,MIX!Staphylococcus epidermidis,Ciprofloxacin,25,13.0,0.52,91,0.7252747252747253
DRIAMS-A,MIX!Staphylococcus epidermidis,Daptomycin,25,0.0,0.0,91,0.7252747252747253
DRIAMS-A,MIX!Staphylococcus epidermidis,Rifampicin,25,0.0,0.0,91,0.7252747252747253
DRIAMS-A,MIX!Staphylococcus epidermidis,Vancomycin,25,0.0,0.0,91,0.7252747252747253
DRIAMS-A,Parvimonas micra,Clindamycin,25,0.0,0.0,396,0.9368686868686869
DRIAMS-A,Pseudomonas monteilii,Amikacin,25,0.0,0.0,50,0.5
DRIAMS-A,Pseudomonas monteilii,Ceftazidime,25,1.0,0.04,50,0.5
DRIAMS-A,Pseudomonas monteilii,Levofloxacin,25,0.0,0.0,50,0.5
DRIAMS-A,Pseudomonas stutzeri,Cefepime,25,0.0,0.0,31,0.19354838709677424
DRIAMS-A,Pseudomonas stutzeri,Ciprofloxacin,25,0.0,0.0,31,0.19354838709677424
DRIAMS-A,Pseudomonas stutzeri,Colistin,25,0.0,0.0,31,0.19354838709677424
DRIAMS-A,Pseudomonas stutzeri,Meropenem,25,0.0,0.0,31,0.19354838709677424
DRIAMS-A,Pseudomonas stutzeri,Piperacillin-Tazobactam,25,4.0,0.16,31,0.19354838709677424
DRIAMS-A,Pseudomonas stutzeri,Tobramycin,25,0.0,0.0,31,0.19354838709677424
DRIAMS-A,Saccharomyces cerevisiae,Caspofungin,25,0.0,0.0,165,0.8484848484848485
DRIAMS-A,Saccharomyces cerevisiae,Fluconazole,25,14.0,0.56,165,0.8484848484848485
DRIAMS-A,Saccharomyces cerevisiae,Itraconazole,25,13.0,0.52,165,0.8484848484848485
DRIAMS-A,Saccharomyces cerevisiae,Voriconazole,25,0.0,0.0,165,0.8484848484848485
DRIAMS-A,Staphylococcus epidermidis,Minocycline,25,0.0,0.0,9387,0.9973367423031853
DRIAMS-A,Streptococcus intermedius,Clindamycin,25,5.0,0.2,377,0.9336870026525199
DRIAMS-A,Acinetobacter ursingii,Ciprofloxacin,24,0.0,0.0,78,0.6923076923076923
DRIAMS-A,Acinetobacter ursingii,Cotrimoxazole,24,11.0,0.4583333333333333,78,0.6923076923076923
DRIAMS-A,Acinetobacter ursingii,Meropenem,24,0.0,0.0,78,0.6923076923076923
DRIAMS-A,Aerococcus urinae,Penicillin,24,0.0,0.0,546,0.9560439560439561
DRIAMS-A,Corynebacterium glucuronolyticum,Ceftriaxone,24,10.0,0.4166666666666667,92,0.7391304347826086
DRIAMS-A,Corynebacterium glucuronolyticum,Ciprofloxacin,24,6.0,0.25,92,0.7391304347826086
DRIAMS-A,Corynebacterium glucuronolyticum,Penicillin,24,7.0,0.2916666666666667,92,0.7391304347826086
DRIAMS-A,Corynebacterium glucuronolyticum,Vancomycin,24,0.0,0.0,92,0.7391304347826086
DRIAMS-A,Corynebacterium jeikeium,Ceftriaxone,24,24.0,1.0,86,0.7209302325581395
DRIAMS-A,Corynebacterium jeikeium,Ciprofloxacin,24,21.0,0.875,86,0.7209302325581395
DRIAMS-A,Corynebacterium jeikeium,Penicillin,24,17.0,0.7083333333333334,86,0.7209302325581395
DRIAMS-A,Corynebacterium jeikeium,Vancomycin,24,0.0,0.0,86,0.7209302325581395
DRIAMS-A,MIX!Staphylococcus epidermidis,Cotrimoxazole,24,4.0,0.16666666666666666,91,0.7362637362637363
DRIAMS-A,MIX!Staphylococcus epidermidis,Oxacillin,24,16.0,0.6666666666666666,91,0.7362637362637363
DRIAMS-A,Serratia ureilytica,Amoxicillin-Clavulanic acid,24,24.0,1.0,41,0.41463414634146345
DRIAMS-A,Serratia ureilytica,Ampicillin-Amoxicillin,24,24.0,1.0,41,0.41463414634146345
DRIAMS-A,Serratia ureilytica,Cefepime,24,1.0,0.041666666666666664,41,0.41463414634146345
DRIAMS-A,Serratia ureilytica,Ceftazidime,24,2.0,0.08333333333333333,41,0.41463414634146345
DRIAMS-A,Serratia ureilytica,Ceftriaxone,24,2.0,0.08333333333333333,41,0.41463414634146345
DRIAMS-A,Serratia ureilytica,Ciprofloxacin,24,1.0,0.041666666666666664,41,0.41463414634146345
DRIAMS-A,Serratia ureilytica,Colistin,24,24.0,1.0,41,0.41463414634146345
DRIAMS-A,Serratia ureilytica,Cotrimoxazole,24,0.0,0.0,41,0.41463414634146345
DRIAMS-A,Serratia ureilytica,Levofloxacin,24,1.0,0.041666666666666664,41,0.41463414634146345
DRIAMS-A,Serratia ureilytica,Piperacillin-Tazobactam,24,2.0,0.08333333333333333,41,0.41463414634146345
DRIAMS-A,Staphylococcus epidermidis,Ceftarolin,24,0.0,0.0,9387,0.9974432726110578
DRIAMS-A,Streptococcus gallolyticus,Penicillin,24,0.0,0.0,135,0.8222222222222222
DRIAMS-A,Streptococcus sanguinis,Clindamycin,24,6.0,0.25,136,0.8235294117647058
DRIAMS-A,Actinotignum sanguinis,Amoxicillin,23,0.0,0.0,78,0.7051282051282051
DRIAMS-A,Actinotignum sanguinis,Levofloxacin,23,18.0,0.782608695652174,78,0.7051282051282051
DRIAMS-A,Aerococcus urinae,Levofloxacin,23,5.0,0.21739130434782608,546,0.9578754578754579
DRIAMS-A,Corynebacterium striatum,Ceftriaxone,23,21.0,0.9130434782608695,191,0.8795811518324608
DRIAMS-A,Corynebacterium striatum,Ciprofloxacin,23,6.0,0.2608695652173913,191,0.8795811518324608
DRIAMS-A,Corynebacterium striatum,Penicillin,23,19.0,0.8260869565217391,191,0.8795811518324608
DRIAMS-A,Corynebacterium striatum,Vancomycin,23,0.0,0.0,191,0.8795811518324608
DRIAMS-A,Corynebacterium tuberculostearicum,Daptomycin,23,0.0,0.0,578,0.9602076124567474
DRIAMS-A,Eikenella corrodens,Amoxicillin-Clavulanic acid,23,0.0,0.0,250,0.908
DRIAMS-A,Enterococcus avium,Amoxicillin,23,0.0,0.0,118,0.8050847457627118
DRIAMS-A,Finegoldia magna,Moxifloxacin,23,8.0,0.34782608695652173,769,0.9700910273081924
DRIAMS-A,Haemophilus parainfluenzae,Cotrimoxazole,23,6.0,0.2608695652173913,736,0.96875
DRIAMS-A,MIX!Enterococcus faecium,Imipenem,23,22.0,0.9565217391304348,49,0.5306122448979591
DRIAMS-A,MIX!Staphylococcus epidermidis,Fusidic acid,23,7.0,0.30434782608695654,91,0.7472527472527473
DRIAMS-A,Pseudomonas monteilii,Colistin,23,0.0,0.0,50,0.54
DRIAMS-A,Serratia liquefaciens,Amikacin,23,0.0,0.0,37,0.3783783783783784
DRIAMS-A,Serratia liquefaciens,Amoxicillin-Clavulanic acid,23,23.0,1.0,37,0.3783783783783784
DRIAMS-A,Serratia liquefaciens,Ampicillin-Amoxicillin,23,23.0,1.0,37,0.3783783783783784
DRIAMS-A,Serratia liquefaciens,Cefepime,23,0.0,0.0,37,0.3783783783783784
DRIAMS-A,Serratia liquefaciens,Ceftazidime,23,0.0,0.0,37,0.3783783783783784
DRIAMS-A,Serratia liquefaciens,Ceftriaxone,23,3.0,0.13043478260869565,37,0.3783783783783784
DRIAMS-A,Serratia liquefaciens,Ciprofloxacin,23,0.0,0.0,37,0.3783783783783784
DRIAMS-A,Serratia liquefaciens,Colistin,23,23.0,1.0,37,0.3783783783783784
DRIAMS-A,Serratia liquefaciens,Cotrimoxazole,23,0.0,0.0,37,0.3783783783783784
DRIAMS-A,Serratia liquefaciens,Ertapenem,23,0.0,0.0,37,0.3783783783783784
DRIAMS-A,Serratia liquefaciens,Imipenem,23,3.0,0.13043478260869565,37,0.3783783783783784
DRIAMS-A,Serratia liquefaciens,Levofloxacin,23,0.0,0.0,37,0.3783783783783784
DRIAMS-A,Serratia liquefaciens,Meropenem,23,0.0,0.0,37,0.3783783783783784
DRIAMS-A,Serratia liquefaciens,Piperacillin-Tazobactam,23,3.0,0.13043478260869565,37,0.3783783783783784
DRIAMS-A,Serratia liquefaciens,Tobramycin,23,0.0,0.0,37,0.3783783783783784
DRIAMS-A,Serratia ureilytica,Ertapenem,23,1.0,0.043478260869565216,41,0.4390243902439024
DRIAMS-A,Serratia ureilytica,Imipenem,23,0.0,0.0,41,0.4390243902439024
DRIAMS-A,Serratia ureilytica,Meropenem,23,0.0,0.0,41,0.4390243902439024
DRIAMS-A,Staphylococcus aureus,Cefoxitin_screen,23,0.0,0.0,6994,0.99671146697169
DRIAMS-A,Streptococcus sanguinis,Penicillin_with_endokarditis,23,16.0,0.6956521739130435,136,0.8308823529411764
DRIAMS-A,Actinotignum sanguinis,Ceftriaxone,22,3.0,0.13636363636363635,78,0.717948717948718
DRIAMS-A,MIX!Staphylococcus epidermidis,Ampicillin-Amoxicillin,22,22.0,1.0,91,0.7582417582417582
DRIAMS-A,MIX!Staphylococcus epidermidis,Clindamycin,22,11.0,0.5,91,0.7582417582417582
DRIAMS-A,MIX!Staphylococcus epidermidis,Gentamicin,22,5.0,0.22727272727272727,91,0.7582417582417582
DRIAMS-A,MIX!Staphylococcus epidermidis,Linezolid,22,0.0,0.0,91,0.7582417582417582
DRIAMS-A,MIX!Staphylococcus epidermidis,Penicillin,22,22.0,1.0,91,0.7582417582417582
DRIAMS-A,MIX!Staphylococcus epidermidis,Tetracycline,22,11.0,0.5,91,0.7582417582417582
DRIAMS-A,MIX!Staphylococcus epidermidis,Tigecycline,22,0.0,0.0,91,0.7582417582417582
DRIAMS-A,Proteus hauseri,Amoxicillin-Clavulanic acid,22,6.0,0.2727272727272727,53,0.5849056603773585
DRIAMS-A,Proteus hauseri,Ampicillin-Amoxicillin,22,22.0,1.0,53,0.5849056603773585
DRIAMS-A,Proteus hauseri,Cefepime,22,1.0,0.045454545454545456,53,0.5849056603773585
DRIAMS-A,Proteus hauseri,Ciprofloxacin,22,0.0,0.0,53,0.5849056603773585
DRIAMS-A,Proteus hauseri,Colistin,22,22.0,1.0,53,0.5849056603773585
DRIAMS-A,Proteus hauseri,Cotrimoxazole,22,2.0,0.09090909090909091,53,0.5849056603773585
DRIAMS-A,Proteus hauseri,Ertapenem,22,0.0,0.0,53,0.5849056603773585
DRIAMS-A,Proteus hauseri,Levofloxacin,22,0.0,0.0,53,0.5849056603773585
DRIAMS-A,Proteus hauseri,Meropenem,22,0.0,0.0,53,0.5849056603773585
DRIAMS-A,Proteus hauseri,Piperacillin-Tazobactam,22,0.0,0.0,53,0.5849056603773585
DRIAMS-A,Pseudomonas stutzeri,Aztreonam,22,0.0,0.0,31,0.29032258064516125
DRIAMS-A,Saccharomyces cerevisiae,5-Fluorocytosine,22,0.0,0.0,165,0.8666666666666667
DRIAMS-A,Saccharomyces cerevisiae,Anidulafungin,22,0.0,0.0,165,0.8666666666666667
DRIAMS-A,Saccharomyces cerevisiae,Micafungin,22,0.0,0.0,165,0.8666666666666667
DRIAMS-A,Serratia ureilytica,Amikacin,22,5.0,0.22727272727272727,41,0.46341463414634143
DRIAMS-A,Serratia ureilytica,Tobramycin,22,5.0,0.22727272727272727,41,0.46341463414634143
DRIAMS-A,Staphylococcus auricularis,Ciprofloxacin,22,0.0,0.0,82,0.7317073170731707
DRIAMS-A,Staphylococcus auricularis,Cotrimoxazole,22,0.0,0.0,82,0.7317073170731707
DRIAMS-A,Staphylococcus auricularis,Daptomycin,22,0.0,0.0,82,0.7317073170731707
DRIAMS-A,Staphylococcus auricularis,Fusidic acid,22,0.0,0.0,82,0.7317073170731707
DRIAMS-A,Staphylococcus auricularis,Oxacillin,22,0.0,0.0,82,0.7317073170731707
DRIAMS-A,Staphylococcus auricularis,Rifampicin,22,0.0,0.0,82,0.7317073170731707
DRIAMS-A,Staphylococcus auricularis,Vancomycin,22,0.0,0.0,82,0.7317073170731707
DRIAMS-A,Streptococcus constellatus,Clindamycin,22,8.0,0.36363636363636365,810,0.9728395061728395
DRIAMS-A,Streptococcus oralis,Amoxicillin,22,4.0,0.18181818181818182,929,0.976318622174381
DRIAMS-A,Finegoldia magna,Amoxicillin,21,0.0,0.0,769,0.9726918075422627
DRIAMS-A,MIX!Enterococcus faecium,Ampicillin-Amoxicillin,21,20.0,0.9523809523809523,49,0.5714285714285714
DRIAMS-A,MIX!Staphylococcus epidermidis,Amoxicillin-Clavulanic acid,21,14.0,0.6666666666666666,91,0.7692307692307692
DRIAMS-A,MIX!Staphylococcus epidermidis,Cefazolin,21,14.0,0.6666666666666666,91,0.7692307692307692
DRIAMS-A,MIX!Staphylococcus epidermidis,Cefepime,21,14.0,0.6666666666666666,91,0.7692307692307692
DRIAMS-A,MIX!Staphylococcus epidermidis,Ceftriaxone,21,14.0,0.6666666666666666,91,0.7692307692307692
DRIAMS-A,MIX!Staphylococcus epidermidis,Cefuroxime,21,14.0,0.6666666666666666,91,0.7692307692307692
DRIAMS-A,MIX!Staphylococcus epidermidis,Erythromycin,21,13.0,0.6190476190476191,91,0.7692307692307692
DRIAMS-A,MIX!Staphylococcus epidermidis,Imipenem,21,14.0,0.6666666666666666,91,0.7692307692307692
DRIAMS-A,MIX!Staphylococcus epidermidis,Meropenem,21,14.0,0.6666666666666666,91,0.7692307692307692
DRIAMS-A,MIX!Staphylococcus epidermidis,Piperacillin-Tazobactam,21,14.0,0.6666666666666666,91,0.7692307692307692
DRIAMS-A,Staphylococcus auricularis,Amoxicillin-Clavulanic acid,21,0.0,0.0,82,0.7439024390243902
DRIAMS-A,Staphylococcus auricularis,Cefazolin,21,0.0,0.0,82,0.7439024390243902
DRIAMS-A,Staphylococcus auricularis,Cefepime,21,0.0,0.0,82,0.7439024390243902
DRIAMS-A,Staphylococcus auricularis,Ceftriaxone,21,0.0,0.0,82,0.7439024390243902
DRIAMS-A,Staphylococcus auricularis,Cefuroxime,21,0.0,0.0,82,0.7439024390243902
DRIAMS-A,Staphylococcus auricularis,Erythromycin,21,3.0,0.14285714285714285,82,0.7439024390243902
DRIAMS-A,Staphylococcus auricularis,Imipenem,21,0.0,0.0,82,0.7439024390243902
DRIAMS-A,Staphylococcus auricularis,Meropenem,21,0.0,0.0,82,0.7439024390243902
DRIAMS-A,Staphylococcus auricularis,Piperacillin-Tazobactam,21,0.0,0.0,82,0.7439024390243902
DRIAMS-A,Staphylococcus auricularis,Tigecycline,21,0.0,0.0,82,0.7439024390243902
DRIAMS-A,Acinetobacter ursingii,Colistin,20,0.0,0.0,78,0.7435897435897436
DRIAMS-A,Actinomyces oris,Clindamycin,20,0.0,0.0,80,0.75
DRIAMS-A,Corynebacterium glucuronolyticum,Erythromycin,20,19.0,0.95,92,0.782608695652174
DRIAMS-A,Corynebacterium glucuronolyticum,Meropenem,20,0.0,0.0,92,0.782608695652174
DRIAMS-A,Corynebacterium striatum,Erythromycin,20,11.0,0.55,191,0.8952879581151832
DRIAMS-A,Corynebacterium striatum,Meropenem,20,5.0,0.25,191,0.8952879581151832
DRIAMS-A,Eikenella corrodens,Ciprofloxacin,20,0.0,0.0,250,0.92
DRIAMS-A,MIX!Serratia marcescens,Amoxicillin-Clavulanic acid,20,20.0,1.0,28,0.2857142857142857
DRIAMS-A,MIX!Serratia marcescens,Ampicillin-Amoxicillin,20,20.0,1.0,28,0.2857142857142857
DRIAMS-A,MIX!Serratia marcescens,Cefepime,20,0.0,0.0,28,0.2857142857142857
DRIAMS-A,MIX!Serratia marcescens,Ceftazidime,20,0.0,0.0,28,0.2857142857142857
DRIAMS-A,MIX!Serratia marcescens,Ceftriaxone,20,0.0,0.0,28,0.2857142857142857
DRIAMS-A,MIX!Serratia marcescens,Ciprofloxacin,20,0.0,0.0,28,0.2857142857142857
DRIAMS-A,MIX!Serratia marcescens,Colistin,20,20.0,1.0,28,0.2857142857142857
DRIAMS-A,MIX!Serratia marcescens,Cotrimoxazole,20,0.0,0.0,28,0.2857142857142857
DRIAMS-A,MIX!Serratia marcescens,Ertapenem,20,0.0,0.0,28,0.2857142857142857
DRIAMS-A,MIX!Serratia marcescens,Imipenem,20,0.0,0.0,28,0.2857142857142857
DRIAMS-A,MIX!Serratia marcescens,Levofloxacin,20,0.0,0.0,28,0.2857142857142857
DRIAMS-A,MIX!Serratia marcescens,Meropenem,20,0.0,0.0,28,0.2857142857142857
DRIAMS-A,MIX!Serratia marcescens,Piperacillin-Tazobactam,20,0.0,0.0,28,0.2857142857142857
DRIAMS-A,Peptoniphilus harei,Clindamycin,20,5.0,0.25,202,0.900990099009901
DRIAMS-A,Proteus hauseri,Amikacin,20,0.0,0.0,53,0.6226415094339622
DRIAMS-A,Proteus hauseri,Ceftazidime,20,2.0,0.1,53,0.6226415094339622
DRIAMS-A,Proteus hauseri,Ceftriaxone,20,3.0,0.15,53,0.6226415094339622
DRIAMS-A,Proteus hauseri,Tobramycin,20,0.0,0.0,53,0.6226415094339622
DRIAMS-A,Streptococcus sanguinis,Ceftriaxone,20,1.0,0.05,136,0.8529411764705882
DRIAMS-A,Streptococcus sanguinis,Meropenem,20,0.0,0.0,136,0.8529411764705882
DRIAMS-A,Streptococcus sanguinis,Penicillin_without_endokarditis,20,13.0,0.65,136,0.8529411764705882
DRIAMS-A,Acinetobacter junii,Colistin,19,0.0,0.0,47,0.5957446808510638
DRIAMS-A,Aerococcus urinae,Cotrimoxazole,19,18.0,0.9473684210526315,546,0.9652014652014652
DRIAMS-A,Bacteroides fragilis,Moxifloxacin,19,1.0,0.05263157894736842,427,0.955503512880562
DRIAMS-A,Eikenella corrodens,Ampicillin-Amoxicillin,19,0.0,0.0,250,0.924
DRIAMS-A,Enterobacter ludwigii,Cefpodoxime,19,19.0,1.0,93,0.7956989247311828
DRIAMS-A,Enterobacter ludwigii,Fosfomycin-Trometamol,19,19.0,1.0,93,0.7956989247311828
DRIAMS-A,Enterobacter ludwigii,Norfloxacin,19,3.0,0.15789473684210525,93,0.7956989247311828
DRIAMS-A,Granulicatella adiacens,Ceftriaxone,19,0.0,0.0,105,0.819047619047619
DRIAMS-A,MIX!Achromobacter xylosoxidans,Ciprofloxacin,19,17.0,0.8947368421052632,30,0.3666666666666667
DRIAMS-A,MIX!Achromobacter xylosoxidans,Meropenem,19,7.0,0.3684210526315789,30,0.3666666666666667
DRIAMS-A,MIX!Achromobacter xylosoxidans,Piperacillin-Tazobactam,19,0.0,0.0,30,0.3666666666666667
DRIAMS-A,Proteus hauseri,Imipenem,19,8.0,0.42105263157894735,53,0.6415094339622642
DRIAMS-A,Staphylococcus aureus,Aminoglycosides,19,3.0,0.15789473684210525,6994,0.9972833857592222
DRIAMS-A,Staphylococcus aureus,Chloramphenicol,19,0.0,0.0,6994,0.9972833857592222
DRIAMS-A,Staphylococcus aureus,Quinolones,19,2.0,0.10526315789473684,6994,0.9972833857592222
DRIAMS-A,Staphylococcus epidermidis,Ceftobiprole,19,0.0,0.0,9387,0.9979759241504208
DRIAMS-A,Staphylococcus schleiferi,Ciprofloxacin,19,1.0,0.05263157894736842,38,0.5
DRIAMS-A,Staphylococcus schleiferi,Cotrimoxazole,19,0.0,0.0,38,0.5
DRIAMS-A,Staphylococcus schleiferi,Daptomycin,19,0.0,0.0,38,0.5
DRIAMS-A,Staphylococcus schleiferi,Fusidic acid,19,0.0,0.0,38,0.5
DRIAMS-A,Staphylococcus schleiferi,Oxacillin,19,0.0,0.0,38,0.5
DRIAMS-A,Staphylococcus schleiferi,Rifampicin,19,0.0,0.0,38,0.5
DRIAMS-A,Staphylococcus schleiferi,Vancomycin,19,0.0,0.0,38,0.5
DRIAMS-A,Streptococcus cristatus,Penicillin,19,0.0,0.0,34,0.4411764705882353
DRIAMS-A,Streptococcus cristatus,Vancomycin,19,0.0,0.0,34,0.4411764705882353
DRIAMS-A,Streptococcus gordonii,Penicillin_with_endokarditis,19,3.0,0.15789473684210525,136,0.8602941176470589
DRIAMS-A,Streptococcus gordonii,Penicillin_without_endokarditis,19,0.0,0.0,136,0.8602941176470589
DRIAMS-A,Turicella otitidis,Ceftriaxone,19,0.0,0.0,92,0.7934782608695652
DRIAMS-A,Achromobacter insolitus,Cotrimoxazole,18,7.0,0.3888888888888889,23,0.21739130434782605
DRIAMS-A,Achromobacter insolitus,Meropenem,18,0.0,0.0,23,0.21739130434782605
DRIAMS-A,Achromobacter insolitus,Piperacillin-Tazobactam,18,0.0,0.0,23,0.21739130434782605
DRIAMS-A,Citrobacter braakii,Cefpodoxime,18,18.0,1.0,95,0.8105263157894737
DRIAMS-A,Citrobacter braakii,Fosfomycin-Trometamol,18,0.0,0.0,95,0.8105263157894737
DRIAMS-A,Citrobacter braakii,Norfloxacin,18,2.0,0.1111111111111111,95,0.8105263157894737
DRIAMS-A,Clostridium difficile,Metronidazole,18,0.0,0.0,385,0.9532467532467532
DRIAMS-A,Clostridium difficile,Vancomycin,18,0.0,0.0,385,0.9532467532467532
DRIAMS-A,Corynebacterium afermentans,Ceftriaxone,18,5.0,0.2777777777777778,32,0.4375
DRIAMS-A,Corynebacterium afermentans,Ciprofloxacin,18,2.0,0.1111111111111111,32,0.4375
DRIAMS-A,Corynebacterium afermentans,Erythromycin,18,16.0,0.8888888888888888,32,0.4375
DRIAMS-A,Corynebacterium afermentans,Gentamicin,18,0.0,0.0,32,0.4375
DRIAMS-A,Corynebacterium afermentans,Meropenem,18,2.0,0.1111111111111111,32,0.4375
DRIAMS-A,Corynebacterium afermentans,Penicillin,18,18.0,1.0,32,0.4375
DRIAMS-A,Corynebacterium afermentans,Vancomycin,18,0.0,0.0,32,0.4375
DRIAMS-A,Corynebacterium simulans,Ceftriaxone,18,10.0,0.5555555555555556,147,0.8775510204081632
DRIAMS-A,Corynebacterium simulans,Ciprofloxacin,18,11.0,0.6111111111111112,147,0.8775510204081632
DRIAMS-A,Corynebacterium simulans,Penicillin,18,11.0,0.6111111111111112,147,0.8775510204081632
DRIAMS-A,Corynebacterium simulans,Vancomycin,18,0.0,0.0,147,0.8775510204081632
DRIAMS-A,Eikenella corrodens,Ceftriaxone,18,0.0,0.0,250,0.928
DRIAMS-A,Finegoldia magna,Levofloxacin,18,6.0,0.3333333333333333,769,0.976592977893368
DRIAMS-A,Granulicatella adiacens,Penicillin,18,6.0,0.3333333333333333,105,0.8285714285714285
DRIAMS-A,MIX!Achromobacter xylosoxidans,Cefepime,18,18.0,1.0,30,0.4
DRIAMS-A,MIX!Enterobacter asburiae,Amoxicillin-Clavulanic acid,18,18.0,1.0,34,0.47058823529411764
DRIAMS-A,MIX!Enterobacter asburiae,Cefepime,18,0.0,0.0,34,0.47058823529411764
DRIAMS-A,MIX!Enterobacter asburiae,Ceftriaxone,18,3.0,0.16666666666666666,34,0.47058823529411764
DRIAMS-A,MIX!Enterobacter asburiae,Ciprofloxacin,18,0.0,0.0,34,0.47058823529411764
DRIAMS-A,MIX!Enterobacter asburiae,Ertapenem,18,1.0,0.05555555555555555,34,0.47058823529411764
DRIAMS-A,MIX!Enterobacter asburiae,Piperacillin-Tazobactam,18,3.0,0.16666666666666666,34,0.47058823529411764
DRIAMS-A,MIX!Serratia marcescens,Amikacin,18,1.0,0.05555555555555555,28,0.3571428571428571
DRIAMS-A,MIX!Serratia marcescens,Tobramycin,18,1.0,0.05555555555555555,28,0.3571428571428571
DRIAMS-A,Sphingomonas paucimobilis,Cefepime,18,17.0,0.9444444444444444,26,0.3076923076923077
DRIAMS-A,Sphingomonas paucimobilis,Ciprofloxacin,18,1.0,0.05555555555555555,26,0.3076923076923077
DRIAMS-A,Sphingomonas paucimobilis,Cotrimoxazole,18,0.0,0.0,26,0.3076923076923077
DRIAMS-A,Sphingomonas paucimobilis,Meropenem,18,0.0,0.0,26,0.3076923076923077
DRIAMS-A,Sphingomonas paucimobilis,Piperacillin-Tazobactam,18,17.0,0.9444444444444444,26,0.3076923076923077
DRIAMS-A,Staphylococcus pseudintermedius,Ciprofloxacin,18,0.0,0.0,33,0.4545454545454546
DRIAMS-A,Staphylococcus pseudintermedius,Cotrimoxazole,18,0.0,0.0,33,0.4545454545454546
DRIAMS-A,Staphylococcus pseudintermedius,Daptomycin,18,0.0,0.0,33,0.4545454545454546
DRIAMS-A,Staphylococcus pseudintermedius,Fusidic acid,18,0.0,0.0,33,0.4545454545454546
DRIAMS-A,Staphylococcus pseudintermedius,Oxacillin,18,0.0,0.0,33,0.4545454545454546
DRIAMS-A,Staphylococcus pseudintermedius,Rifampicin,18,0.0,0.0,33,0.4545454545454546
DRIAMS-A,Staphylococcus xylosus,Amoxicillin-Clavulanic acid,18,0.0,0.0,31,0.4193548387096774
DRIAMS-A,Staphylococcus xylosus,Ampicillin-Amoxicillin,18,18.0,1.0,31,0.4193548387096774
DRIAMS-A,Staphylococcus xylosus,Cefazolin,18,0.0,0.0,31,0.4193548387096774
DRIAMS-A,Staphylococcus xylosus,Cefepime,18,0.0,0.0,31,0.4193548387096774
DRIAMS-A,Staphylococcus xylosus,Ceftriaxone,18,0.0,0.0,31,0.4193548387096774
DRIAMS-A,Staphylococcus xylosus,Cefuroxime,18,0.0,0.0,31,0.4193548387096774
DRIAMS-A,Staphylococcus xylosus,Ciprofloxacin,18,1.0,0.05555555555555555,31,0.4193548387096774
DRIAMS-A,Staphylococcus xylosus,Clindamycin,18,7.0,0.3888888888888889,31,0.4193548387096774
DRIAMS-A,Staphylococcus xylosus,Cotrimoxazole,18,0.0,0.0,31,0.4193548387096774
DRIAMS-A,Staphylococcus xylosus,Daptomycin,18,0.0,0.0,31,0.4193548387096774
DRIAMS-A,Staphylococcus xylosus,Erythromycin,18,1.0,0.05555555555555555,31,0.4193548387096774
DRIAMS-A,Staphylococcus xylosus,Fusidic acid,18,18.0,1.0,31,0.4193548387096774
DRIAMS-A,Staphylococcus xylosus,Gentamicin,18,0.0,0.0,31,0.4193548387096774
DRIAMS-A,Staphylococcus xylosus,Imipenem,18,0.0,0.0,31,0.4193548387096774
DRIAMS-A,Staphylococcus xylosus,Linezolid,18,0.0,0.0,31,0.4193548387096774
DRIAMS-A,Staphylococcus xylosus,Meropenem,18,0.0,0.0,31,0.4193548387096774
DRIAMS-A,Staphylococcus xylosus,Oxacillin,18,0.0,0.0,31,0.4193548387096774
DRIAMS-A,Staphylococcus xylosus,Penicillin,18,18.0,1.0,31,0.4193548387096774
DRIAMS-A,Staphylococcus xylosus,Piperacillin-Tazobactam,18,0.0,0.0,31,0.4193548387096774
DRIAMS-A,Staphylococcus xylosus,Rifampicin,18,0.0,0.0,31,0.4193548387096774
DRIAMS-A,Staphylococcus xylosus,Teicoplanin,18,0.0,0.0,31,0.4193548387096774
DRIAMS-A,Staphylococcus xylosus,Tetracycline,18,2.0,0.1111111111111111,31,0.4193548387096774
DRIAMS-A,Staphylococcus xylosus,Tigecycline,18,0.0,0.0,31,0.4193548387096774
DRIAMS-A,Staphylococcus xylosus,Vancomycin,18,0.0,0.0,31,0.4193548387096774
DRIAMS-A,Turicella otitidis,Ciprofloxacin,18,4.0,0.2222222222222222,92,0.8043478260869565
DRIAMS-A,Turicella otitidis,Penicillin,18,0.0,0.0,92,0.8043478260869565
DRIAMS-A,Turicella otitidis,Vancomycin,18,0.0,0.0,92,0.8043478260869565
DRIAMS-A,Actinomyces oris,Amoxicillin-Clavulanic acid,17,0.0,0.0,80,0.7875
DRIAMS-A,Bacillus pumilus,Clindamycin,17,16.0,0.9411764705882353,44,0.6136363636363636
DRIAMS-A,Bacillus pumilus,Levofloxacin,17,0.0,0.0,44,0.6136363636363636
DRIAMS-A,Bacillus pumilus,Penicillin,17,0.0,0.0,44,0.6136363636363636
DRIAMS-A,Bacillus pumilus,Vancomycin,17,0.0,0.0,44,0.6136363636363636
DRIAMS-A,Enterococcus hirae,Imipenem,17,0.0,0.0,25,0.31999999999999995
DRIAMS-A,Enterococcus hirae,Vancomycin,17,0.0,0.0,25,0.31999999999999995
DRIAMS-A,Finegoldia magna,Amoxicillin-Clavulanic acid,17,0.0,0.0,769,0.9778933680104032
DRIAMS-A,Granulicatella adiacens,Vancomycin,17,0.0,0.0,105,0.8380952380952381
DRIAMS-A,MIX!Achromobacter xylosoxidans,Cotrimoxazole,17,1.0,0.058823529411764705,30,0.43333333333333335
DRIAMS-A,MIX!Enterobacter asburiae,Amikacin,17,0.0,0.0,34,0.5
DRIAMS-A,MIX!Enterobacter asburiae,Ampicillin-Amoxicillin,17,17.0,1.0,34,0.5
DRIAMS-A,MIX!Enterobacter asburiae,Ceftazidime,17,3.0,0.17647058823529413,34,0.5
DRIAMS-A,MIX!Enterobacter asburiae,Colistin,17,0.0,0.0,34,0.5
DRIAMS-A,MIX!Enterobacter asburiae,Cotrimoxazole,17,0.0,0.0,34,0.5
DRIAMS-A,MIX!Enterobacter asburiae,Imipenem,17,1.0,0.058823529411764705,34,0.5
DRIAMS-A,MIX!Enterobacter asburiae,Meropenem,17,0.0,0.0,34,0.5
DRIAMS-A,MIX!Enterobacter asburiae,Tobramycin,17,0.0,0.0,34,0.5
DRIAMS-A,Micrococcus luteus,Teicoplanin,17,0.0,0.0,225,0.9244444444444444
DRIAMS-A,Parvimonas micra,Penicillin,17,0.0,0.0,396,0.9570707070707071
DRIAMS-A,Providencia stuartii,Amoxicillin-Clavulanic acid,17,15.0,0.8823529411764706,52,0.6730769230769231
DRIAMS-A,Providencia stuartii,Ampicillin-Amoxicillin,17,17.0,1.0,52,0.6730769230769231
DRIAMS-A,Providencia stuartii,Cefepime,17,4.0,0.23529411764705882,52,0.6730769230769231
DRIAMS-A,Providencia stuartii,Ceftazidime,17,4.0,0.23529411764705882,52,0.6730769230769231
DRIAMS-A,Providencia stuartii,Ceftriaxone,17,4.0,0.23529411764705882,52,0.6730769230769231
DRIAMS-A,Providencia stuartii,Ciprofloxacin,17,4.0,0.23529411764705882,52,0.6730769230769231
DRIAMS-A,Providencia stuartii,Colistin,17,17.0,1.0,52,0.6730769230769231
DRIAMS-A,Providencia stuartii,Cotrimoxazole,17,1.0,0.058823529411764705,52,0.6730769230769231
DRIAMS-A,Providencia stuartii,Levofloxacin,17,4.0,0.23529411764705882,52,0.6730769230769231
DRIAMS-A,Providencia stuartii,Piperacillin-Tazobactam,17,1.0,0.058823529411764705,52,0.6730769230769231
DRIAMS-A,Providencia stuartii,Tobramycin,17,17.0,1.0,52,0.6730769230769231
DRIAMS-A,Staphylococcus epidermidis,Chloramphenicol,17,0.0,0.0,9387,0.998188984766166
DRIAMS-A,Staphylococcus epidermidis,Quinolones,17,2.0,0.11764705882352941,9387,0.998188984766166
DRIAMS-A,Staphylococcus pseudintermedius,Vancomycin,17,0.0,0.0,33,0.48484848484848486
DRIAMS-A,Streptococcus gordonii,Ceftriaxone,17,0.0,0.0,136,0.875
DRIAMS-A,Streptococcus gordonii,Clindamycin,17,1.0,0.058823529411764705,136,0.875
DRIAMS-A,Streptococcus sanguinis,Gentamicin_high_level,17,0.0,0.0,136,0.875
DRIAMS-A,Achromobacter insolitus,Cefepime,16,15.0,0.9375,23,0.30434782608695654
DRIAMS-A,Achromobacter insolitus,Ciprofloxacin,16,8.0,0.5,23,0.30434782608695654
DRIAMS-A,Actinomyces neuii,Amoxicillin,16,0.0,0.0,320,0.95
DRIAMS-A,Arcobacter butzleri,Ciprofloxacin,16,0.0,0.0,33,0.5151515151515151
DRIAMS-A,Arcobacter butzleri,Erythromycin,16,7.0,0.4375,33,0.5151515151515151
DRIAMS-A,Corynebacterium simulans,Erythromycin,16,11.0,0.6875,147,0.891156462585034
DRIAMS-A,Corynebacterium simulans,Meropenem,16,0.0,0.0,147,0.891156462585034
DRIAMS-A,Corynebacterium striatum,Gentamicin,16,5.0,0.3125,191,0.9162303664921466
DRIAMS-A,MIX!Enterobacter asburiae,Levofloxacin,16,0.0,0.0,34,0.5294117647058824
DRIAMS-A,MIX!Haemophilus parainfluenzae,Penicillin,16,16.0,1.0,276,0.9420289855072463
DRIAMS-A,Staphylococcus auricularis,Ampicillin-Amoxicillin,16,16.0,1.0,82,0.8048780487804879
DRIAMS-A,Staphylococcus auricularis,Clindamycin,16,0.0,0.0,82,0.8048780487804879
DRIAMS-A,Staphylococcus auricularis,Gentamicin,16,0.0,0.0,82,0.8048780487804879
DRIAMS-A,Staphylococcus auricularis,Linezolid,16,0.0,0.0,82,0.8048780487804879
DRIAMS-A,Staphylococcus auricularis,Penicillin,16,16.0,1.0,82,0.8048780487804879
DRIAMS-A,Staphylococcus auricularis,Teicoplanin,16,0.0,0.0,82,0.8048780487804879
DRIAMS-A,Staphylococcus auricularis,Tetracycline,16,0.0,0.0,82,0.8048780487804879
DRIAMS-A,Streptococcus gallolyticus,Penicillin_with_endokarditis,16,4.0,0.25,135,0.8814814814814815
DRIAMS-A,Streptococcus lutetiensis,Penicillin,16,0.0,0.0,30,0.4666666666666667
DRIAMS-A,Streptococcus lutetiensis,Vancomycin,16,0.0,0.0,30,0.4666666666666667
DRIAMS-A,Actinomyces oris,Imipenem,15,0.0,0.0,80,0.8125
DRIAMS-A,Aerococcus urinae,Ceftriaxone,15,0.0,0.0,546,0.9725274725274725
DRIAMS-A,Campylobacter coli,Clindamycin,15,15.0,1.0,71,0.7887323943661972
DRIAMS-A,Campylobacter coli,Tetracycline,15,15.0,1.0,71,0.7887323943661972
DRIAMS-A,Corynebacterium jeikeium,Erythromycin,15,15.0,1.0,86,0.8255813953488372
DRIAMS-A,Corynebacterium jeikeium,Meropenem,15,12.0,0.8,86,0.8255813953488372
DRIAMS-A,Enterococcus faecium,Cotrimoxazole,15,12.0,0.8,1751,0.9914334665905197
DRIAMS-A,Haemophilus influenzae,Ampicillin-Amoxicillin,15,7.0,0.4666666666666667,779,0.9807445442875481
DRIAMS-A,Lactobacillus paracasei,Penicillin,15,0.0,0.0,220,0.9318181818181819
DRIAMS-A,Lactobacillus rhamnosus,Ampicillin-Amoxicillin,15,0.0,0.0,554,0.9729241877256317
DRIAMS-A,Lactobacillus rhamnosus,Moxifloxacin,15,0.0,0.0,554,0.9729241877256317
DRIAMS-A,MIX!Haemophilus parainfluenzae,Cefuroxime,15,8.0,0.5333333333333333,276,0.9456521739130435
DRIAMS-A,Pantoea agglomerans,Amoxicillin-Clavulanic acid,15,0.0,0.0,29,0.48275862068965514
DRIAMS-A,Pantoea agglomerans,Cefepime,15,0.0,0.0,29,0.48275862068965514
DRIAMS-A,Pantoea agglomerans,Ceftriaxone,15,0.0,0.0,29,0.48275862068965514
DRIAMS-A,Pantoea agglomerans,Ciprofloxacin,15,0.0,0.0,29,0.48275862068965514
DRIAMS-A,Pantoea agglomerans,Ertapenem,15,0.0,0.0,29,0.48275862068965514
DRIAMS-A,Pantoea agglomerans,Piperacillin-Tazobactam,15,0.0,0.0,29,0.48275862068965514
DRIAMS-A,Parvimonas micra,Moxifloxacin,15,2.0,0.13333333333333333,396,0.9621212121212122
DRIAMS-A,Salmonella spp,Amikacin,15,15.0,1.0,72,0.7916666666666666
DRIAMS-A,Salmonella spp,Amoxicillin-Clavulanic acid,15,0.0,0.0,72,0.7916666666666666
DRIAMS-A,Salmonella spp,Ampicillin-Amoxicillin,15,2.0,0.13333333333333333,72,0.7916666666666666
DRIAMS-A,Salmonella spp,Cefepime,15,0.0,0.0,72,0.7916666666666666
DRIAMS-A,Salmonella spp,Ceftazidime,15,0.0,0.0,72,0.7916666666666666
DRIAMS-A,Salmonella spp,Ceftriaxone,15,0.0,0.0,72,0.7916666666666666
DRIAMS-A,Salmonella spp,Ciprofloxacin,15,4.0,0.26666666666666666,72,0.7916666666666666
DRIAMS-A,Salmonella spp,Colistin,15,0.0,0.0,72,0.7916666666666666
DRIAMS-A,Salmonella spp,Cotrimoxazole,15,0.0,0.0,72,0.7916666666666666
DRIAMS-A,Salmonella spp,Ertapenem,15,0.0,0.0,72,0.7916666666666666
DRIAMS-A,Salmonella spp,Imipenem,15,0.0,0.0,72,0.7916666666666666
DRIAMS-A,Salmonella spp,Meropenem,15,0.0,0.0,72,0.7916666666666666
DRIAMS-A,Salmonella spp,Piperacillin-Tazobactam,15,0.0,0.0,72,0.7916666666666666
DRIAMS-A,Salmonella spp,Tobramycin,15,15.0,1.0,72,0.7916666666666666
DRIAMS-A,Staphylococcus epidermidis,Aminoglycosides,15,4.0,0.26666666666666666,9387,0.9984020453819111
DRIAMS-A,Staphylococcus schleiferi,Amoxicillin-Clavulanic acid,15,0.0,0.0,38,0.6052631578947368
DRIAMS-A,Staphylococcus schleiferi,Ampicillin-Amoxicillin,15,15.0,1.0,38,0.6052631578947368
DRIAMS-A,Staphylococcus schleiferi,Cefazolin,15,0.0,0.0,38,0.6052631578947368
DRIAMS-A,Staphylococcus schleiferi,Cefepime,15,0.0,0.0,38,0.6052631578947368
DRIAMS-A,Staphylococcus schleiferi,Ceftriaxone,15,0.0,0.0,38,0.6052631578947368
DRIAMS-A,Staphylococcus schleiferi,Cefuroxime,15,0.0,0.0,38,0.6052631578947368
DRIAMS-A,Staphylococcus schleiferi,Clindamycin,15,1.0,0.06666666666666667,38,0.6052631578947368
DRIAMS-A,Staphylococcus schleiferi,Erythromycin,15,0.0,0.0,38,0.6052631578947368
DRIAMS-A,Staphylococcus schleiferi,Gentamicin,15,0.0,0.0,38,0.6052631578947368
DRIAMS-A,Staphylococcus schleiferi,Imipenem,15,0.0,0.0,38,0.6052631578947368
DRIAMS-A,Staphylococcus schleiferi,Linezolid,15,0.0,0.0,38,0.6052631578947368
DRIAMS-A,Staphylococcus schleiferi,Meropenem,15,0.0,0.0,38,0.6052631578947368
DRIAMS-A,Staphylococcus schleiferi,Penicillin,15,15.0,1.0,38,0.6052631578947368
DRIAMS-A,Staphylococcus schleiferi,Piperacillin-Tazobactam,15,0.0,0.0,38,0.6052631578947368
DRIAMS-A,Staphylococcus schleiferi,Teicoplanin,15,0.0,0.0,38,0.6052631578947368
DRIAMS-A,Staphylococcus schleiferi,Tetracycline,15,0.0,0.0,38,0.6052631578947368
DRIAMS-A,Staphylococcus schleiferi,Tigecycline,15,0.0,0.0,38,0.6052631578947368
DRIAMS-A,Streptococcus anginosus,Amoxicillin,15,0.0,0.0,1868,0.9919700214132763
DRIAMS-A,Streptococcus anginosus,Levofloxacin,15,0.0,0.0,1868,0.9919700214132763
DRIAMS-A,Streptococcus anginosus,Moxifloxacin,15,4.0,0.26666666666666666,1868,0.9919700214132763
DRIAMS-A,Streptococcus constellatus,Penicillin_with_endokarditis,15,3.0,0.2,810,0.9814814814814815
DRIAMS-A,Streptococcus constellatus,Penicillin_without_endokarditis,15,0.0,0.0,810,0.9814814814814815
DRIAMS-A,Streptococcus gallolyticus,Ceftriaxone,15,0.0,0.0,135,0.8888888888888888
DRIAMS-A,Streptococcus vestibularis,Clindamycin,15,14.0,0.9333333333333333,445,0.9662921348314607
DRIAMS-A,Acinetobacter ursingii,Piperacillin-Tazobactam,14,3.0,0.21428571428571427,78,0.8205128205128205
DRIAMS-A,Citrobacter freundii,Amoxicillin-Clavulanic acid_uncomplicated_HWI,14,10.0,0.7142857142857143,980,0.9857142857142858
DRIAMS-A,Clostridium perfringens,Clindamycin,14,0.0,0.0,76,0.8157894736842105
DRIAMS-A,Corynebacterium jeikeium,Gentamicin,14,1.0,0.07142857142857142,86,0.8372093023255813
DRIAMS-A,Corynebacterium macginleyi,Aminoglycosides,14,0.0,0.0,24,0.41666666666666663
DRIAMS-A,Corynebacterium macginleyi,Chloramphenicol,14,0.0,0.0,24,0.41666666666666663
DRIAMS-A,Corynebacterium macginleyi,Quinolones,14,0.0,0.0,24,0.41666666666666663
DRIAMS-A,Corynebacterium simulans,Gentamicin,14,4.0,0.2857142857142857,147,0.9047619047619048
DRIAMS-A,Escherichia coli,Aminoglycosides,14,2.0,0.14285714285714285,7320,0.9980874316939891
DRIAMS-A,Escherichia coli,Chloramphenicol,14,0.0,0.0,7320,0.9980874316939891
DRIAMS-A,Escherichia coli,Quinolones,14,0.0,0.0,7320,0.9980874316939891
DRIAMS-A,Lactobacillus rhamnosus,Ceftriaxone,14,14.0,1.0,554,0.9747292418772563
DRIAMS-A,MIX!Enterococcus faecalis,Ampicillin-Amoxicillin,14,1.0,0.07142857142857142,126,0.8888888888888888
DRIAMS-A,MIX!Enterococcus faecalis,Imipenem,14,1.0,0.07142857142857142,126,0.8888888888888888
DRIAMS-A,MIX!Enterococcus faecalis,Levofloxacin,14,2.0,0.14285714285714285,126,0.8888888888888888
DRIAMS-A,MIX!Enterococcus faecalis,Linezolid,14,0.0,0.0,126,0.8888888888888888
DRIAMS-A,MIX!Enterococcus faecalis,Teicoplanin,14,0.0,0.0,126,0.8888888888888888
DRIAMS-A,MIX!Enterococcus faecalis,Tigecycline,14,0.0,0.0,126,0.8888888888888888
DRIAMS-A,MIX!Enterococcus faecalis,Vancomycin,14,0.0,0.0,126,0.8888888888888888
DRIAMS-A,MIX!Haemophilus parainfluenzae,Amoxicillin-Clavulanic acid,14,4.0,0.2857142857142857,276,0.9492753623188406
DRIAMS-A,Parvimonas micra,Ceftriaxone,14,0.0,0.0,396,0.9646464646464646
DRIAMS-A,Providencia stuartii,Amikacin,14,3.0,0.21428571428571427,52,0.7307692307692308
DRIAMS-A,Providencia stuartii,Ertapenem,14,1.0,0.07142857142857142,52,0.7307692307692308
DRIAMS-A,Providencia stuartii,Imipenem,14,13.0,0.9285714285714286,52,0.7307692307692308
DRIAMS-A,Providencia stuartii,Meropenem,14,1.0,0.07142857142857142,52,0.7307692307692308
DRIAMS-A,Staphylococcus capitis,Mupirocin,14,3.0,0.21428571428571427,794,0.982367758186398
DRIAMS-A,Staphylococcus epidermidis,Fosfomycin,14,5.0,0.35714285714285715,9387,0.9985085756897838
DRIAMS-A,Streptococcus anginosus,Penicillin_without_endokarditis,14,0.0,0.0,1868,0.9925053533190579
DRIAMS-A,Streptococcus canis,Clindamycin,14,1.0,0.07142857142857142,60,0.7666666666666666
DRIAMS-A,Streptococcus canis,Levofloxacin,14,1.0,0.07142857142857142,60,0.7666666666666666
DRIAMS-A,Streptococcus canis,Penicillin,14,0.0,0.0,60,0.7666666666666666
DRIAMS-A,Streptococcus constellatus,Levofloxacin,14,1.0,0.07142857142857142,810,0.9827160493827161
DRIAMS-A,Streptococcus gallolyticus,Clindamycin,14,3.0,0.21428571428571427,135,0.8962962962962963
DRIAMS-A,Streptococcus gallolyticus,Meropenem,14,0.0,0.0,135,0.8962962962962963
DRIAMS-A,Streptococcus vestibularis,Ceftriaxone,14,0.0,0.0,445,0.9685393258426966
DRIAMS-A,Streptococcus vestibularis,Meropenem,14,0.0,0.0,445,0.9685393258426966
DRIAMS-A,Streptococcus vestibularis,Penicillin_with_endokarditis,14,5.0,0.35714285714285715,445,0.9685393258426966
DRIAMS-A,Streptococcus vestibularis,Penicillin_without_endokarditis,14,5.0,0.35714285714285715,445,0.9685393258426966
DRIAMS-A,Acinetobacter junii,Cefepime,13,0.0,0.0,47,0.7234042553191489
DRIAMS-A,Burkholderia vietnamiensis,Cotrimoxazole,13,0.0,0.0,13,0.0
DRIAMS-A,Citrobacter amalonaticus,Amikacin,13,0.0,0.0,94,0.8617021276595744
DRIAMS-A,Citrobacter amalonaticus,Amoxicillin-Clavulanic acid,13,0.0,0.0,94,0.8617021276595744
DRIAMS-A,Citrobacter amalonaticus,Ampicillin-Amoxicillin,13,13.0,1.0,94,0.8617021276595744
DRIAMS-A,Citrobacter amalonaticus,Cefepime,13,0.0,0.0,94,0.8617021276595744
DRIAMS-A,Citrobacter amalonaticus,Ceftazidime,13,0.0,0.0,94,0.8617021276595744
DRIAMS-A,Citrobacter amalonaticus,Ceftriaxone,13,0.0,0.0,94,0.8617021276595744
DRIAMS-A,Citrobacter amalonaticus,Ciprofloxacin,13,1.0,0.07692307692307693,94,0.8617021276595744
DRIAMS-A,Citrobacter amalonaticus,Colistin,13,0.0,0.0,94,0.8617021276595744
DRIAMS-A,Citrobacter amalonaticus,Cotrimoxazole,13,1.0,0.07692307692307693,94,0.8617021276595744
DRIAMS-A,Citrobacter amalonaticus,Ertapenem,13,0.0,0.0,94,0.8617021276595744
DRIAMS-A,Citrobacter amalonaticus,Imipenem,13,0.0,0.0,94,0.8617021276595744
DRIAMS-A,Citrobacter amalonaticus,Levofloxacin,13,1.0,0.07692307692307693,94,0.8617021276595744
DRIAMS-A,Citrobacter amalonaticus,Meropenem,13,0.0,0.0,94,0.8617021276595744
DRIAMS-A,Citrobacter amalonaticus,Piperacillin-Tazobactam,13,0.0,0.0,94,0.8617021276595744
DRIAMS-A,Citrobacter amalonaticus,Tobramycin,13,0.0,0.0,94,0.8617021276595744
DRIAMS-A,Clostridium perfringens,Metronidazole,13,0.0,0.0,76,0.8289473684210527
DRIAMS-A,Enterococcus casseliflavus,Ampicillin-Amoxicillin,13,0.0,0.0,20,0.35
DRIAMS-A,Enterococcus casseliflavus,Imipenem,13,0.0,0.0,20,0.35
DRIAMS-A,Enterococcus casseliflavus,Levofloxacin,13,2.0,0.15384615384615385,20,0.35
DRIAMS-A,Enterococcus casseliflavus,Linezolid,13,0.0,0.0,20,0.35
DRIAMS-A,Enterococcus casseliflavus,Teicoplanin,13,0.0,0.0,20,0.35
DRIAMS-A,Enterococcus casseliflavus,Tigecycline,13,0.0,0.0,20,0.35
DRIAMS-A,Enterococcus casseliflavus,Vancomycin,13,13.0,1.0,20,0.35
DRIAMS-A,Escherichia coli,Aztreonam,13,2.0,0.15384615384615385,7320,0.9982240437158469
DRIAMS-A,Haemophilus parainfluenzae,Ampicillin-Amoxicillin,13,9.0,0.6923076923076923,736,0.9823369565217391
DRIAMS-A,Hafnia alvei,Cefpodoxime,13,13.0,1.0,288,0.9548611111111112
DRIAMS-A,Hafnia alvei,Fosfomycin-Trometamol,13,12.0,0.9230769230769231,288,0.9548611111111112
DRIAMS-A,Hafnia alvei,Norfloxacin,13,0.0,0.0,288,0.9548611111111112
DRIAMS-A,MIX!Escherichia coli,Cefpodoxime,13,4.0,0.3076923076923077,61,0.7868852459016393
DRIAMS-A,MIX!Staphylococcus lugdunensis,Ciprofloxacin,13,0.0,0.0,28,0.5357142857142857
DRIAMS-A,MIX!Staphylococcus lugdunensis,Clindamycin,13,1.0,0.07692307692307693,28,0.5357142857142857
DRIAMS-A,MIX!Staphylococcus lugdunensis,Cotrimoxazole,13,0.0,0.0,28,0.5357142857142857
DRIAMS-A,MIX!Staphylococcus lugdunensis,Daptomycin,13,0.0,0.0,28,0.5357142857142857
DRIAMS-A,MIX!Staphylococcus lugdunensis,Fusidic acid,13,1.0,0.07692307692307693,28,0.5357142857142857
DRIAMS-A,MIX!Staphylococcus lugdunensis,Oxacillin,13,0.0,0.0,28,0.5357142857142857
DRIAMS-A,MIX!Staphylococcus lugdunensis,Rifampicin,13,0.0,0.0,28,0.5357142857142857
DRIAMS-A,MIX!Staphylococcus lugdunensis,Vancomycin,13,0.0,0.0,28,0.5357142857142857
DRIAMS-A,Pantoea agglomerans,Amikacin,13,0.0,0.0,29,0.5517241379310345
DRIAMS-A,Pantoea agglomerans,Ampicillin-Amoxicillin,13,0.0,0.0,29,0.5517241379310345
DRIAMS-A,Pantoea agglomerans,Ceftazidime,13,0.0,0.0,29,0.5517241379310345
DRIAMS-A,Pantoea agglomerans,Colistin,13,0.0,0.0,29,0.5517241379310345
DRIAMS-A,Pantoea agglomerans,Cotrimoxazole,13,0.0,0.0,29,0.5517241379310345
DRIAMS-A,Pantoea agglomerans,Imipenem,13,0.0,0.0,29,0.5517241379310345
DRIAMS-A,Pantoea agglomerans,Levofloxacin,13,0.0,0.0,29,0.5517241379310345
DRIAMS-A,Pantoea agglomerans,Meropenem,13,0.0,0.0,29,0.5517241379310345
DRIAMS-A,Pantoea agglomerans,Tobramycin,13,0.0,0.0,29,0.5517241379310345
DRIAMS-A,Pseudomonas aeruginosa,Gentamicin,13,2.0,0.15384615384615385,4852,0.997320692497939
DRIAMS-A,Staphylococcus epidermidis,Cefoxitin_screen,13,4.0,0.3076923076923077,9387,0.9986151059976563
DRIAMS-A,Staphylococcus haemolyticus,Mupirocin,13,0.0,0.0,1145,0.988646288209607
DRIAMS-A,Streptococcus anginosus,Ceftriaxone,13,0.0,0.0,1868,0.9930406852248393
DRIAMS-A,Streptococcus anginosus,Penicillin_with_endokarditis,13,0.0,0.0,1868,0.9930406852248393
DRIAMS-A,Streptococcus gallolyticus,Penicillin_without_endokarditis,13,0.0,0.0,135,0.9037037037037037
DRIAMS-A,Streptococcus intermedius,Penicillin_with_endokarditis,13,2.0,0.15384615384615385,377,0.9655172413793104
DRIAMS-A,Streptococcus intermedius,Penicillin_without_endokarditis,13,0.0,0.0,377,0.9655172413793104
DRIAMS-A,Streptococcus mitis,Levofloxacin,13,0.0,0.0,666,0.9804804804804805
DRIAMS-A,Streptococcus parasanguinis,Levofloxacin,13,6.0,0.46153846153846156,385,0.9662337662337662
DRIAMS-A,Actinomyces turicensis,Clindamycin,12,0.0,0.0,363,0.9669421487603306
DRIAMS-A,Anaerococcus vaginalis,Clindamycin,12,3.0,0.25,132,0.9090909090909091
DRIAMS-A,Bacteroides fragilis,Penicillin,12,12.0,1.0,427,0.9718969555035128
DRIAMS-A,Clostridium perfringens,Penicillin,12,0.0,0.0,76,0.8421052631578947
DRIAMS-A,Enterobacter kobei,Cefpodoxime,12,12.0,1.0,60,0.8
DRIAMS-A,Enterobacter kobei,Fosfomycin-Trometamol,12,6.0,0.5,60,0.8
DRIAMS-A,Enterobacter kobei,Norfloxacin,12,2.0,0.16666666666666666,60,0.8
DRIAMS-A,Enterococcus raffinosus,Ampicillin-Amoxicillin,12,12.0,1.0,16,0.25
DRIAMS-A,Enterococcus raffinosus,Levofloxacin,12,0.0,0.0,16,0.25
DRIAMS-A,Enterococcus raffinosus,Linezolid,12,0.0,0.0,16,0.25
DRIAMS-A,Enterococcus raffinosus,Teicoplanin,12,0.0,0.0,16,0.25
DRIAMS-A,Enterococcus raffinosus,Tigecycline,12,0.0,0.0,16,0.25
DRIAMS-A,Enterococcus raffinosus,Vancomycin,12,0.0,0.0,16,0.25
DRIAMS-A,Klebsiella pneumoniae,Tigecycline,12,5.0,0.4166666666666667,3921,0.9969395562356542
DRIAMS-A,Lactobacillus paracasei,Vancomycin,12,12.0,1.0,220,0.9454545454545454
DRIAMS-A,MIX!Achromobacter insolitus,Cefepime,12,12.0,1.0,13,0.07692307692307687
DRIAMS-A,MIX!Achromobacter insolitus,Ciprofloxacin,12,8.0,0.6666666666666666,13,0.07692307692307687
DRIAMS-A,MIX!Achromobacter insolitus,Cotrimoxazole,12,8.0,0.6666666666666666,13,0.07692307692307687
DRIAMS-A,MIX!Achromobacter insolitus,Meropenem,12,0.0,0.0,13,0.07692307692307687
DRIAMS-A,MIX!Achromobacter insolitus,Piperacillin-Tazobactam,12,0.0,0.0,13,0.07692307692307687
DRIAMS-A,MIX!Haemophilus parainfluenzae,Levofloxacin,12,4.0,0.3333333333333333,276,0.9565217391304348
DRIAMS-A,MIX!Staphylococcus lugdunensis,Amoxicillin-Clavulanic acid,12,0.0,0.0,28,0.5714285714285714
DRIAMS-A,MIX!Staphylococcus lugdunensis,Ampicillin-Amoxicillin,12,6.0,0.5,28,0.5714285714285714
DRIAMS-A,MIX!Staphylococcus lugdunensis,Cefazolin,12,0.0,0.0,28,0.5714285714285714
DRIAMS-A,MIX!Staphylococcus lugdunensis,Cefepime,12,0.0,0.0,28,0.5714285714285714
DRIAMS-A,MIX!Staphylococcus lugdunensis,Ceftriaxone,12,0.0,0.0,28,0.5714285714285714
DRIAMS-A,MIX!Staphylococcus lugdunensis,Cefuroxime,12,0.0,0.0,28,0.5714285714285714
DRIAMS-A,MIX!Staphylococcus lugdunensis,Erythromycin,12,0.0,0.0,28,0.5714285714285714
DRIAMS-A,MIX!Staphylococcus lugdunensis,Gentamicin,12,0.0,0.0,28,0.5714285714285714
DRIAMS-A,MIX!Staphylococcus lugdunensis,Imipenem,12,0.0,0.0,28,0.5714285714285714
DRIAMS-A,MIX!Staphylococcus lugdunensis,Linezolid,12,0.0,0.0,28,0.5714285714285714
DRIAMS-A,MIX!Staphylococcus lugdunensis,Meropenem,12,0.0,0.0,28,0.5714285714285714
DRIAMS-A,MIX!Staphylococcus lugdunensis,Penicillin,12,6.0,0.5,28,0.5714285714285714
DRIAMS-A,MIX!Staphylococcus lugdunensis,Piperacillin-Tazobactam,12,0.0,0.0,28,0.5714285714285714
DRIAMS-A,MIX!Staphylococcus lugdunensis,Teicoplanin,12,0.0,0.0,28,0.5714285714285714
DRIAMS-A,MIX!Staphylococcus lugdunensis,Tetracycline,12,0.0,0.0,28,0.5714285714285714
DRIAMS-A,MIX!Staphylococcus lugdunensis,Tigecycline,12,0.0,0.0,28,0.5714285714285714
DRIAMS-A,Parvimonas micra,Amoxicillin-Clavulanic acid,12,0.0,0.0,396,0.9696969696969697
DRIAMS-A,Parvimonas micra,Metronidazole,12,0.0,0.0,396,0.9696969696969697
DRIAMS-A,Rothia mucilaginosa,Teicoplanin,12,0.0,0.0,351,0.9658119658119658
DRIAMS-A,Staphylococcus aureus,Teicoplanin_GRD,12,2.0,0.16666666666666666,6994,0.9982842436374035
DRIAMS-A,Staphylococcus aureus,Vancomycin_GRD,12,0.0,0.0,6994,0.9982842436374035
DRIAMS-A,Staphylococcus pseudintermedius,Amoxicillin-Clavulanic acid,12,0.0,0.0,33,0.6363636363636364
DRIAMS-A,Staphylococcus pseudintermedius,Ampicillin-Amoxicillin,12,11.0,0.9166666666666666,33,0.6363636363636364
DRIAMS-A,Staphylococcus pseudintermedius,Cefazolin,12,0.0,0.0,33,0.6363636363636364
DRIAMS-A,Staphylococcus pseudintermedius,Cefepime,12,0.0,0.0,33,0.6363636363636364
DRIAMS-A,Staphylococcus pseudintermedius,Ceftriaxone,12,0.0,0.0,33,0.6363636363636364
DRIAMS-A,Staphylococcus pseudintermedius,Cefuroxime,12,0.0,0.0,33,0.6363636363636364
DRIAMS-A,Staphylococcus pseudintermedius,Clindamycin,12,2.0,0.16666666666666666,33,0.6363636363636364
DRIAMS-A,Staphylococcus pseudintermedius,Erythromycin,12,2.0,0.16666666666666666,33,0.6363636363636364
DRIAMS-A,Staphylococcus pseudintermedius,Gentamicin,12,0.0,0.0,33,0.6363636363636364
DRIAMS-A,Staphylococcus pseudintermedius,Imipenem,12,0.0,0.0,33,0.6363636363636364
DRIAMS-A,Staphylococcus pseudintermedius,Linezolid,12,0.0,0.0,33,0.6363636363636364
DRIAMS-A,Staphylococcus pseudintermedius,Meropenem,12,0.0,0.0,33,0.6363636363636364
DRIAMS-A,Staphylococcus pseudintermedius,Penicillin,12,11.0,0.9166666666666666,33,0.6363636363636364
DRIAMS-A,Staphylococcus pseudintermedius,Piperacillin-Tazobactam,12,0.0,0.0,33,0.6363636363636364
DRIAMS-A,Staphylococcus pseudintermedius,Tetracycline,12,2.0,0.16666666666666666,33,0.6363636363636364
DRIAMS-A,Staphylococcus pseudintermedius,Tigecycline,12,0.0,0.0,33,0.6363636363636364
DRIAMS-A,Staphylococcus saprophyticus,Fosfomycin-Trometamol,12,12.0,1.0,150,0.92
DRIAMS-A,Streptococcus gallolyticus,Gentamicin_high_level,12,0.0,0.0,135,0.9111111111111111
DRIAMS-A,Streptococcus parasanguinis,Gentamicin,12,0.0,0.0,385,0.9688311688311688
DRIAMS-A,Streptococcus pneumoniae,Penicillin_with_endokarditis,12,4.0,0.3333333333333333,426,0.971830985915493
DRIAMS-A,Streptococcus pneumoniae,Penicillin_without_endokarditis,12,3.0,0.25,426,0.971830985915493
DRIAMS-A,Streptococcus salivarius,Penicillin_with_endokarditis,12,9.0,0.75,288,0.9583333333333334
DRIAMS-A,Streptococcus salivarius,Penicillin_without_endokarditis,12,7.0,0.5833333333333334,288,0.9583333333333334
DRIAMS-A,Acinetobacter junii,Ceftazidime,11,0.0,0.0,47,0.7659574468085106
DRIAMS-A,Bergeyella zoohelcum,Cefepime,11,0.0,0.0,14,0.2142857142857143
DRIAMS-A,Bergeyella zoohelcum,Ciprofloxacin,11,0.0,0.0,14,0.2142857142857143
DRIAMS-A,Bergeyella zoohelcum,Meropenem,11,0.0,0.0,14,0.2142857142857143
DRIAMS-A,Bergeyella zoohelcum,Piperacillin-Tazobactam,11,0.0,0.0,14,0.2142857142857143
DRIAMS-A,Burkholderia vietnamiensis,Ceftazidime,11,0.0,0.0,13,0.15384615384615385
DRIAMS-A,Burkholderia vietnamiensis,Levofloxacin,11,2.0,0.18181818181818182,13,0.15384615384615385
DRIAMS-A,Burkholderia vietnamiensis,Meropenem,11,0.0,0.0,13,0.15384615384615385
DRIAMS-A,Candida krusei,5-Fluorocytosine,11,11.0,1.0,120,0.9083333333333333
DRIAMS-A,Candida krusei,Amphotericin B,11,0.0,0.0,120,0.9083333333333333
DRIAMS-A,Candida krusei,Anidulafungin,11,0.0,0.0,120,0.9083333333333333
DRIAMS-A,Candida krusei,Caspofungin,11,0.0,0.0,120,0.9083333333333333
DRIAMS-A,Candida krusei,Fluconazole,11,11.0,1.0,120,0.9083333333333333
DRIAMS-A,Candida krusei,Itraconazole,11,11.0,1.0,120,0.9083333333333333
DRIAMS-A,Candida krusei,Micafungin,11,0.0,0.0,120,0.9083333333333333
DRIAMS-A,Candida krusei,Voriconazole,11,3.0,0.2727272727272727,120,0.9083333333333333
DRIAMS-A,Capnocytophaga sputigena,Ceftriaxone,11,1.0,0.09090909090909091,63,0.8253968253968254
DRIAMS-A,Citrobacter freundii,Nitrofurantoin,11,0.0,0.0,980,0.9887755102040816
DRIAMS-A,Clostridium perfringens,Ceftriaxone,11,0.0,0.0,76,0.8552631578947368
DRIAMS-A,Corynebacterium glucuronolyticum,Gentamicin,11,2.0,0.18181818181818182,92,0.8804347826086957
DRIAMS-A,Corynebacterium pseudodiphtheriticum,Ceftriaxone,11,0.0,0.0,73,0.8493150684931507
DRIAMS-A,Corynebacterium pseudodiphtheriticum,Ciprofloxacin,11,2.0,0.18181818181818182,73,0.8493150684931507
DRIAMS-A,Corynebacterium pseudodiphtheriticum,Erythromycin,11,7.0,0.6363636363636364,73,0.8493150684931507
DRIAMS-A,Corynebacterium pseudodiphtheriticum,Meropenem,11,0.0,0.0,73,0.8493150684931507
DRIAMS-A,Corynebacterium pseudodiphtheriticum,Penicillin,11,0.0,0.0,73,0.8493150684931507
DRIAMS-A,Corynebacterium pseudodiphtheriticum,Vancomycin,11,0.0,0.0,73,0.8493150684931507
DRIAMS-A,Corynebacterium tuberculostearicum,Imipenem,11,8.0,0.7272727272727273,578,0.9809688581314879
DRIAMS-A,Eggerthella lenta,Moxifloxacin,11,3.0,0.2727272727272727,116,0.9051724137931034
DRIAMS-A,Enterococcus hirae,Ampicillin-Amoxicillin,11,0.0,0.0,25,0.56
DRIAMS-A,Enterococcus hirae,Levofloxacin,11,0.0,0.0,25,0.56
DRIAMS-A,Enterococcus hirae,Linezolid,11,0.0,0.0,25,0.56
DRIAMS-A,Enterococcus hirae,Teicoplanin,11,0.0,0.0,25,0.56
DRIAMS-A,Enterococcus hirae,Tigecycline,11,0.0,0.0,25,0.56
DRIAMS-A,Enterococcus raffinosus,Imipenem,11,11.0,1.0,16,0.3125
DRIAMS-A,Finegoldia magna,Ciprofloxacin,11,4.0,0.36363636363636365,769,0.9856957087126138
DRIAMS-A,MIX!Bacillus cereus,Clindamycin,11,2.0,0.18181818181818182,50,0.78
DRIAMS-A,MIX!Bacillus cereus,Levofloxacin,11,0.0,0.0,50,0.78
DRIAMS-A,MIX!Bacillus cereus,Penicillin,11,11.0,1.0,50,0.78
DRIAMS-A,MIX!Bacillus cereus,Vancomycin,11,0.0,0.0,50,0.78
DRIAMS-A,MIX!Haemophilus parainfluenzae,Ceftriaxone,11,1.0,0.09090909090909091,276,0.9601449275362319
DRIAMS-A,MIX!Haemophilus parainfluenzae,Meropenem_with_meningitis,11,0.0,0.0,276,0.9601449275362319
DRIAMS-A,MIX!Haemophilus parainfluenzae,Meropenem_without_meningitis,11,0.0,0.0,276,0.9601449275362319
DRIAMS-A,Prevotella denticola,Moxifloxacin,11,0.0,0.0,71,0.8450704225352113
DRIAMS-A,Pseudomonas aeruginosa,Aminoglycosides,11,0.0,0.0,4852,0.9977328936521023
DRIAMS-A,Pseudomonas aeruginosa,Chloramphenicol,11,11.0,1.0,4852,0.9977328936521023
DRIAMS-A,Pseudomonas aeruginosa,Quinolones,11,0.0,0.0,4852,0.9977328936521023
DRIAMS-A,Salmonella spp,Levofloxacin,11,4.0,0.36363636363636365,72,0.8472222222222222
DRIAMS-A,Staphylococcus hominis,Mupirocin,11,0.0,0.0,1313,0.9916222391469917
DRIAMS-A,Staphylococcus pseudintermedius,Teicoplanin,11,0.0,0.0,33,0.6666666666666667
DRIAMS-A,Streptococcus gordonii,Meropenem,11,0.0,0.0,136,0.9191176470588235
DRIAMS-A,Streptococcus infantis,Penicillin,11,5.0,0.45454545454545453,18,0.38888888888888884
DRIAMS-A,Streptococcus infantis,Vancomycin,11,0.0,0.0,18,0.38888888888888884
DRIAMS-A,Streptococcus pneumoniae,Meropenem,11,1.0,0.09090909090909091,426,0.9741784037558685
DRIAMS-A,Acinetobacter junii,Piperacillin-Tazobactam,10,0.0,0.0,47,0.7872340425531915
DRIAMS-A,Anaerococcus vaginalis,Erythromycin,10,3.0,0.3,132,0.9242424242424242
DRIAMS-A,Bacteroides faecis,Meropenem,10,4.0,0.4,50,0.8
DRIAMS-A,Bacteroides faecis,Piperacillin-Tazobactam,10,10.0,1.0,50,0.8
DRIAMS-A,Bacteroides fragilis,Meropenem,10,3.0,0.3,427,0.9765807962529274
DRIAMS-A,Bergeyella zoohelcum,Amoxicillin-Clavulanic acid,10,0.0,0.0,14,0.2857142857142857
DRIAMS-A,Bifidobacterium dentium,Clindamycin,10,0.0,0.0,33,0.696969696969697
DRIAMS-A,Bifidobacterium longum,Penicillin,10,0.0,0.0,77,0.8701298701298701
DRIAMS-A,Burkholderia multivorans,Ceftazidime,10,2.0,0.2,14,0.2857142857142857
DRIAMS-A,Burkholderia multivorans,Cotrimoxazole,10,0.0,0.0,14,0.2857142857142857
DRIAMS-A,Burkholderia multivorans,Levofloxacin,10,10.0,1.0,14,0.2857142857142857
DRIAMS-A,Burkholderia multivorans,Meropenem,10,10.0,1.0,14,0.2857142857142857
DRIAMS-A,Burkholderia multivorans,Minocycline,10,3.0,0.3,14,0.2857142857142857
DRIAMS-A,Capnocytophaga sputigena,Amoxicillin-Clavulanic acid,10,0.0,0.0,63,0.8412698412698413
DRIAMS-A,Corynebacterium pseudodiphtheriticum,Gentamicin,10,0.0,0.0,73,0.863013698630137
DRIAMS-A,Haemophilus haemolyticus,Cefuroxime,10,5.0,0.5,181,0.9447513812154696
DRIAMS-A,Haemophilus haemolyticus,Penicillin,10,6.0,0.6,181,0.9447513812154696
DRIAMS-A,Klebsiella pneumoniae,Ceftazidime-Avibactam,10,1.0,0.1,3921,0.9974496301963784
DRIAMS-A,MIX!Enterococcus faecium,Daptomycin,10,0.0,0.0,49,0.7959183673469388
DRIAMS-A,MIX!Escherichia coli,Fosfomycin-Trometamol,10,2.0,0.2,61,0.8360655737704918
DRIAMS-A,MIX!Escherichia coli,Nitrofurantoin,10,0.0,0.0,61,0.8360655737704918
DRIAMS-A,MIX!Escherichia coli,Norfloxacin,10,1.0,0.1,61,0.8360655737704918
DRIAMS-A,MIX!Haemophilus influenzae,Chloramphenicol,10,0.0,0.0,135,0.9259259259259259
DRIAMS-A,MIX!Haemophilus influenzae,Quinolones,10,0.0,0.0,135,0.9259259259259259
DRIAMS-A,Peptoniphilus harei,Moxifloxacin,10,1.0,0.1,202,0.9504950495049505
DRIAMS-A,Pseudomonas nitroreducens,Amikacin,10,0.0,0.0,26,0.6153846153846154
DRIAMS-A,Pseudomonas nitroreducens,Cefepime,10,0.0,0.0,26,0.6153846153846154
DRIAMS-A,Pseudomonas nitroreducens,Ceftazidime,10,0.0,0.0,26,0.6153846153846154
DRIAMS-A,Pseudomonas nitroreducens,Ciprofloxacin,10,7.0,0.7,26,0.6153846153846154
DRIAMS-A,Pseudomonas nitroreducens,Colistin,10,0.0,0.0,26,0.6153846153846154
DRIAMS-A,Pseudomonas nitroreducens,Imipenem,10,0.0,0.0,26,0.6153846153846154
DRIAMS-A,Pseudomonas nitroreducens,Levofloxacin,10,7.0,0.7,26,0.6153846153846154
DRIAMS-A,Pseudomonas nitroreducens,Meropenem,10,0.0,0.0,26,0.6153846153846154
DRIAMS-A,Pseudomonas nitroreducens,Piperacillin-Tazobactam,10,0.0,0.0,26,0.6153846153846154
DRIAMS-A,Pseudomonas nitroreducens,Tobramycin,10,0.0,0.0,26,0.6153846153846154
DRIAMS-A,Serratia rubidaea,Amikacin,10,0.0,0.0,13,0.23076923076923073
DRIAMS-A,Serratia rubidaea,Amoxicillin-Clavulanic acid,10,1.0,0.1,13,0.23076923076923073
DRIAMS-A,Serratia rubidaea,Ampicillin-Amoxicillin,10,10.0,1.0,13,0.23076923076923073
DRIAMS-A,Serratia rubidaea,Cefepime,10,0.0,0.0,13,0.23076923076923073
DRIAMS-A,Serratia rubidaea,Ceftazidime,10,0.0,0.0,13,0.23076923076923073
DRIAMS-A,Serratia rubidaea,Ceftriaxone,10,0.0,0.0,13,0.23076923076923073
DRIAMS-A,Serratia rubidaea,Ciprofloxacin,10,0.0,0.0,13,0.23076923076923073
DRIAMS-A,Serratia rubidaea,Colistin,10,10.0,1.0,13,0.23076923076923073
DRIAMS-A,Serratia rubidaea,Cotrimoxazole,10,0.0,0.0,13,0.23076923076923073
DRIAMS-A,Serratia rubidaea,Ertapenem,10,0.0,0.0,13,0.23076923076923073
DRIAMS-A,Serratia rubidaea,Imipenem,10,0.0,0.0,13,0.23076923076923073
DRIAMS-A,Serratia rubidaea,Levofloxacin,10,0.0,0.0,13,0.23076923076923073
DRIAMS-A,Serratia rubidaea,Meropenem,10,0.0,0.0,13,0.23076923076923073
DRIAMS-A,Serratia rubidaea,Piperacillin-Tazobactam,10,0.0,0.0,13,0.23076923076923073
DRIAMS-A,Serratia rubidaea,Tobramycin,10,0.0,0.0,13,0.23076923076923073
DRIAMS-A,Staphylococcus sp[1],Amoxicillin-Clavulanic acid,10,2.0,0.2,29,0.6551724137931034
DRIAMS-A,Staphylococcus sp[1],Ampicillin-Amoxicillin,10,10.0,1.0,29,0.6551724137931034
DRIAMS-A,Staphylococcus sp[1],Cefazolin,10,2.0,0.2,29,0.6551724137931034
DRIAMS-A,Staphylococcus sp[1],Cefepime,10,2.0,0.2,29,0.6551724137931034
DRIAMS-A,Staphylococcus sp[1],Ceftriaxone,10,2.0,0.2,29,0.6551724137931034
DRIAMS-A,Staphylococcus sp[1],Cefuroxime,10,2.0,0.2,29,0.6551724137931034
DRIAMS-A,Staphylococcus sp[1],Ciprofloxacin,10,2.0,0.2,29,0.6551724137931034
DRIAMS-A,Staphylococcus sp[1],Clindamycin,10,1.0,0.1,29,0.6551724137931034
DRIAMS-A,Staphylococcus sp[1],Cotrimoxazole,10,0.0,0.0,29,0.6551724137931034
DRIAMS-A,Staphylococcus sp[1],Daptomycin,10,0.0,0.0,29,0.6551724137931034
DRIAMS-A,Staphylococcus sp[1],Erythromycin,10,1.0,0.1,29,0.6551724137931034
DRIAMS-A,Staphylococcus sp[1],Fusidic acid,10,10.0,1.0,29,0.6551724137931034
DRIAMS-A,Staphylococcus sp[1],Gentamicin,10,0.0,0.0,29,0.6551724137931034
DRIAMS-A,Staphylococcus sp[1],Imipenem,10,2.0,0.2,29,0.6551724137931034
DRIAMS-A,Staphylococcus sp[1],Linezolid,10,0.0,0.0,29,0.6551724137931034
DRIAMS-A,Staphylococcus sp[1],Meropenem,10,2.0,0.2,29,0.6551724137931034
DRIAMS-A,Staphylococcus sp[1],Oxacillin,10,2.0,0.2,29,0.6551724137931034
DRIAMS-A,Staphylococcus sp[1],Penicillin,10,10.0,1.0,29,0.6551724137931034
DRIAMS-A,Staphylococcus sp[1],Piperacillin-Tazobactam,10,2.0,0.2,29,0.6551724137931034
DRIAMS-A,Staphylococcus sp[1],Rifampicin,10,0.0,0.0,29,0.6551724137931034
DRIAMS-A,Staphylococcus sp[1],Tetracycline,10,5.0,0.5,29,0.6551724137931034
DRIAMS-A,Staphylococcus sp[1],Tigecycline,10,0.0,0.0,29,0.6551724137931034
DRIAMS-A,Staphylococcus sp[1],Vancomycin,10,0.0,0.0,29,0.6551724137931034
DRIAMS-A,Streptococcus intermedius,Moxifloxacin,10,0.0,0.0,377,0.9734748010610079
DRIAMS-A,Streptococcus peroris,Penicillin,10,7.0,0.7,44,0.7727272727272727
DRIAMS-A,Streptococcus peroris,Vancomycin,10,0.0,0.0,44,0.7727272727272727
DRIAMS-A,Streptococcus pneumoniae,Clindamycin,10,0.0,0.0,426,0.9765258215962441
DRIAMS-A,Streptococcus pneumoniae,Gentamicin_high_level,10,0.0,0.0,426,0.9765258215962441
DRIAMS-A,Streptococcus salivarius,Ceftriaxone,10,0.0,0.0,288,0.9652777777777778
DRIAMS-A,Turicella otitidis,Imipenem,10,0.0,0.0,92,0.8913043478260869
DRIAMS-A,Abiotrophia defectiva,Ceftriaxone,9,0.0,0.0,13,0.3076923076923077
DRIAMS-A,Abiotrophia defectiva,Penicillin,9,2.0,0.2222222222222222,13,0.3076923076923077
DRIAMS-A,Abiotrophia defectiva,Vancomycin,9,0.0,0.0,13,0.3076923076923077
DRIAMS-A,Acinetobacter baumannii,Tigecycline,9,9.0,1.0,98,0.9081632653061225
DRIAMS-A,Anaerococcus vaginalis,Moxifloxacin,9,2.0,0.2222222222222222,132,0.9318181818181819
DRIAMS-A,Bacteroides faecis,Metronidazole,9,0.0,0.0,50,0.8200000000000001
DRIAMS-A,Campylobacter fetus,Ciprofloxacin,9,3.0,0.3333333333333333,30,0.7
DRIAMS-A,Campylobacter fetus,Imipenem,9,0.0,0.0,30,0.7
DRIAMS-A,Capnocytophaga sputigena,Amoxicillin,9,0.0,0.0,63,0.8571428571428572
DRIAMS-A,Capnocytophaga sputigena,Levofloxacin,9,9.0,1.0,63,0.8571428571428572
DRIAMS-A,Citrobacter amalonaticus,Cefpodoxime,9,0.0,0.0,94,0.9042553191489362
DRIAMS-A,Citrobacter amalonaticus,Fosfomycin-Trometamol,9,1.0,0.1111111111111111,94,0.9042553191489362
DRIAMS-A,Citrobacter amalonaticus,Norfloxacin,9,1.0,0.1111111111111111,94,0.9042553191489362
DRIAMS-A,Clostridium ramosum,Amoxicillin-Clavulanic acid,9,0.0,0.0,25,0.64
DRIAMS-A,Clostridium ramosum,Metronidazole,9,0.0,0.0,25,0.64
DRIAMS-A,Corynebacterium jeikeium,Imipenem,9,2.0,0.2222222222222222,86,0.8953488372093024
DRIAMS-A,Corynebacterium propinquum,Ceftriaxone,9,0.0,0.0,89,0.898876404494382
DRIAMS-A,Corynebacterium propinquum,Ciprofloxacin,9,0.0,0.0,89,0.898876404494382
DRIAMS-A,Corynebacterium propinquum,Penicillin,9,0.0,0.0,89,0.898876404494382
DRIAMS-A,Corynebacterium propinquum,Vancomycin,9,0.0,0.0,89,0.898876404494382
DRIAMS-A,Enterococcus hirae,Gentamicin_high_level,9,0.0,0.0,25,0.64
DRIAMS-A,Finegoldia magna,Metronidazole,9,0.0,0.0,769,0.988296488946684
DRIAMS-A,Finegoldia magna,Vancomycin,9,0.0,0.0,769,0.988296488946684
DRIAMS-A,Klebsiella pneumoniae,Nitrofurantoin,9,1.0,0.1111111111111111,3921,0.9977046671767407
DRIAMS-A,Lactobacillus rhamnosus,Amoxicillin-Clavulanic acid,9,0.0,0.0,554,0.983754512635379
DRIAMS-A,MIX!Aeromonas caviae,Cefepime,9,0.0,0.0,13,0.3076923076923077
DRIAMS-A,MIX!Aeromonas caviae,Ceftazidime,9,1.0,0.1111111111111111,13,0.3076923076923077
DRIAMS-A,MIX!Aeromonas caviae,Ceftriaxone,9,5.0,0.5555555555555556,13,0.3076923076923077
DRIAMS-A,MIX!Aeromonas caviae,Ciprofloxacin,9,0.0,0.0,13,0.3076923076923077
DRIAMS-A,MIX!Aeromonas caviae,Cotrimoxazole,9,1.0,0.1111111111111111,13,0.3076923076923077
DRIAMS-A,MIX!Aeromonas caviae,Piperacillin-Tazobactam,9,4.0,0.4444444444444444,13,0.3076923076923077
DRIAMS-A,MIX!Aeromonas veronii,Cefepime,9,0.0,0.0,18,0.5
DRIAMS-A,MIX!Aeromonas veronii,Ceftazidime,9,0.0,0.0,18,0.5
DRIAMS-A,MIX!Aeromonas veronii,Ceftriaxone,9,0.0,0.0,18,0.5
DRIAMS-A,MIX!Aeromonas veronii,Ciprofloxacin,9,0.0,0.0,18,0.5
DRIAMS-A,MIX!Aeromonas veronii,Cotrimoxazole,9,0.0,0.0,18,0.5
DRIAMS-A,MIX!Haemophilus influenzae,Amoxicillin-Clavulanic acid,9,3.0,0.3333333333333333,135,0.9333333333333333
DRIAMS-A,MIX!Haemophilus influenzae,Ceftriaxone,9,0.0,0.0,135,0.9333333333333333
DRIAMS-A,MIX!Haemophilus influenzae,Levofloxacin,9,1.0,0.1111111111111111,135,0.9333333333333333
DRIAMS-A,MIX!Haemophilus influenzae,Meropenem_with_meningitis,9,1.0,0.1111111111111111,135,0.9333333333333333
DRIAMS-A,MIX!Haemophilus influenzae,Meropenem_without_meningitis,9,0.0,0.0,135,0.9333333333333333
DRIAMS-A,MIX!Pasteurella multocida,Ceftriaxone,9,0.0,0.0,13,0.3076923076923077
DRIAMS-A,MIX!Pasteurella multocida,Cotrimoxazole,9,0.0,0.0,13,0.3076923076923077
DRIAMS-A,MIX!Pasteurella multocida,Levofloxacin,9,0.0,0.0,13,0.3076923076923077
DRIAMS-A,Ochrobactrum anthropi,Ciprofloxacin,9,0.0,0.0,26,0.6538461538461539
DRIAMS-A,Ochrobactrum anthropi,Meropenem,9,0.0,0.0,26,0.6538461538461539
DRIAMS-A,Ochrobactrum anthropi,Piperacillin-Tazobactam,9,9.0,1.0,26,0.6538461538461539
DRIAMS-A,Peptoniphilus harei,Penicillin,9,0.0,0.0,202,0.9554455445544554
DRIAMS-A,Prevotella denticola,Amoxicillin-Clavulanic acid,9,0.0,0.0,71,0.8732394366197183
DRIAMS-A,Prevotella denticola,Metronidazole,9,0.0,0.0,71,0.8732394366197183
DRIAMS-A,Proteus mirabilis,Amoxicillin-Clavulanic acid_uncomplicated_HWI,9,9.0,1.0,2094,0.995702005730659
DRIAMS-A,Pseudomonas citronellolis,Cefepime,9,0.0,0.0,85,0.8941176470588236
DRIAMS-A,Pseudomonas citronellolis,Ciprofloxacin,9,0.0,0.0,85,0.8941176470588236
DRIAMS-A,Pseudomonas citronellolis,Colistin,9,0.0,0.0,85,0.8941176470588236
DRIAMS-A,Pseudomonas citronellolis,Meropenem,9,0.0,0.0,85,0.8941176470588236
DRIAMS-A,Pseudomonas citronellolis,Piperacillin-Tazobactam,9,0.0,0.0,85,0.8941176470588236
DRIAMS-A,Pseudomonas citronellolis,Tobramycin,9,0.0,0.0,85,0.8941176470588236
DRIAMS-A,Pseudomonas monteilii,Aztreonam,9,9.0,1.0,50,0.8200000000000001
DRIAMS-A,Streptococcus constellatus,Ceftriaxone,9,1.0,0.1111111111111111,810,0.9888888888888889
DRIAMS-A,Streptococcus gordonii,Gentamicin_high_level,9,0.0,0.0,136,0.9338235294117647
DRIAMS-A,Streptococcus pseudopneumoniae,Vancomycin,9,0.0,0.0,58,0.8448275862068966
DRIAMS-A,Streptococcus salivarius,Clindamycin,9,0.0,0.0,288,0.96875
DRIAMS-A,Streptococcus salivarius,Meropenem,9,0.0,0.0,288,0.96875
DRIAMS-A,Streptococcus vestibularis,Gentamicin,9,0.0,0.0,445,0.9797752808988764
DRIAMS-A,Achromobacter xylosoxidans,Colistin,8,0.0,0.0,174,0.9540229885057472
DRIAMS-A,Bacillus mycoides,Clindamycin,8,2.0,0.25,23,0.6521739130434783
DRIAMS-A,Bacillus mycoides,Levofloxacin,8,0.0,0.0,23,0.6521739130434783
DRIAMS-A,Bacillus mycoides,Penicillin,8,8.0,1.0,23,0.6521739130434783
DRIAMS-A,Bacillus mycoides,Vancomycin,8,0.0,0.0,23,0.6521739130434783
DRIAMS-A,Burkholderia ambifaria,Cotrimoxazole,8,0.0,0.0,8,0.0
DRIAMS-A,Burkholderia cepacia_Group,Cotrimoxazole,8,0.0,0.0,21,0.6190476190476191
DRIAMS-A,Campylobacter jejuni,Clindamycin,8,8.0,1.0,378,0.9788359788359788
DRIAMS-A,Campylobacter jejuni,Tetracycline,8,7.0,0.875,378,0.9788359788359788
DRIAMS-A,Clostridium ramosum,Moxifloxacin,8,7.0,0.875,25,0.6799999999999999
DRIAMS-A,Clostridium ramosum,Piperacillin-Tazobactam,8,0.0,0.0,25,0.6799999999999999
DRIAMS-A,Corynebacterium mastitidis,Aminoglycosides,8,0.0,0.0,10,0.19999999999999996
DRIAMS-A,Corynebacterium mastitidis,Chloramphenicol,8,0.0,0.0,10,0.19999999999999996
DRIAMS-A,Corynebacterium mastitidis,Quinolones,8,0.0,0.0,10,0.19999999999999996
DRIAMS-A,Corynebacterium pyruviciproducens,Ceftriaxone,8,7.0,0.875,83,0.9036144578313253
DRIAMS-A,Corynebacterium pyruviciproducens,Ciprofloxacin,8,4.0,0.5,83,0.9036144578313253
DRIAMS-A,Corynebacterium pyruviciproducens,Erythromycin,8,6.0,0.75,83,0.9036144578313253
DRIAMS-A,Corynebacterium pyruviciproducens,Gentamicin,8,4.0,0.5,83,0.9036144578313253
DRIAMS-A,Corynebacterium pyruviciproducens,Meropenem,8,0.0,0.0,83,0.9036144578313253
DRIAMS-A,Corynebacterium pyruviciproducens,Penicillin,8,7.0,0.875,83,0.9036144578313253
DRIAMS-A,Corynebacterium pyruviciproducens,Vancomycin,8,0.0,0.0,83,0.9036144578313253
DRIAMS-A,Corynebacterium simulans,Amoxicillin,8,0.0,0.0,147,0.9455782312925171
DRIAMS-A,Corynebacterium simulans,Clindamycin,8,8.0,1.0,147,0.9455782312925171
DRIAMS-A,Corynebacterium simulans,Moxifloxacin,8,8.0,1.0,147,0.9455782312925171
DRIAMS-A,Corynebacterium tuberculostearicum,Tetracycline,8,3.0,0.375,578,0.986159169550173
DRIAMS-A,Eikenella corrodens,Moxifloxacin,8,0.0,0.0,250,0.968
DRIAMS-A,Gemella haemolysans,Ceftriaxone,8,0.0,0.0,68,0.8823529411764706
DRIAMS-A,Gemella haemolysans,Penicillin,8,0.0,0.0,68,0.8823529411764706
DRIAMS-A,Gemella haemolysans,Vancomycin,8,0.0,0.0,68,0.8823529411764706
DRIAMS-A,Haemophilus parahaemolyticus,Cefuroxime,8,2.0,0.25,121,0.9338842975206612
DRIAMS-A,Haemophilus parahaemolyticus,Penicillin,8,0.0,0.0,121,0.9338842975206612
DRIAMS-A,Klebsiella pneumoniae,Aztreonam,8,5.0,0.625,3921,0.9979597041571028
DRIAMS-A,MIX!Aeromonas veronii,Piperacillin-Tazobactam,8,2.0,0.25,18,0.5555555555555556
DRIAMS-A,MIX!Enterobacter ludwigii,Amikacin,8,0.0,0.0,10,0.19999999999999996
DRIAMS-A,MIX!Enterobacter ludwigii,Amoxicillin-Clavulanic acid,8,8.0,1.0,10,0.19999999999999996
DRIAMS-A,MIX!Enterobacter ludwigii,Ampicillin-Amoxicillin,8,8.0,1.0,10,0.19999999999999996
DRIAMS-A,MIX!Enterobacter ludwigii,Cefepime,8,0.0,0.0,10,0.19999999999999996
DRIAMS-A,MIX!Enterobacter ludwigii,Ceftazidime,8,6.0,0.75,10,0.19999999999999996
DRIAMS-A,MIX!Enterobacter ludwigii,Ceftriaxone,8,6.0,0.75,10,0.19999999999999996
DRIAMS-A,MIX!Enterobacter ludwigii,Ciprofloxacin,8,0.0,0.0,10,0.19999999999999996
DRIAMS-A,MIX!Enterobacter ludwigii,Colistin,8,0.0,0.0,10,0.19999999999999996
DRIAMS-A,MIX!Enterobacter ludwigii,Cotrimoxazole,8,0.0,0.0,10,0.19999999999999996
DRIAMS-A,MIX!Enterobacter ludwigii,Ertapenem,8,0.0,0.0,10,0.19999999999999996
DRIAMS-A,MIX!Enterobacter ludwigii,Imipenem,8,0.0,0.0,10,0.19999999999999996
DRIAMS-A,MIX!Enterobacter ludwigii,Levofloxacin,8,0.0,0.0,10,0.19999999999999996
DRIAMS-A,MIX!Enterobacter ludwigii,Meropenem,8,0.0,0.0,10,0.19999999999999996
DRIAMS-A,MIX!Enterobacter ludwigii,Piperacillin-Tazobactam,8,1.0,0.125,10,0.19999999999999996
DRIAMS-A,MIX!Enterobacter ludwigii,Tobramycin,8,0.0,0.0,10,0.19999999999999996
DRIAMS-A,MIX!Haemophilus influenzae,Amoxicillin,8,3.0,0.375,135,0.9407407407407408
DRIAMS-A,MIX!Pasteurella multocida,Amoxicillin,8,0.0,0.0,13,0.3846153846153846
DRIAMS-A,Neisseria meningitidis,Ceftriaxone,8,0.0,0.0,68,0.8823529411764706
DRIAMS-A,Neisseria meningitidis,Ciprofloxacin,8,3.0,0.375,68,0.8823529411764706
DRIAMS-A,Pandoraea sputorum,Cefepime,8,8.0,1.0,8,0.0
DRIAMS-A,Pandoraea sputorum,Ciprofloxacin,8,8.0,1.0,8,0.0
DRIAMS-A,Pandoraea sputorum,Cotrimoxazole,8,0.0,0.0,8,0.0
DRIAMS-A,Pandoraea sputorum,Meropenem,8,8.0,1.0,8,0.0
DRIAMS-A,Pandoraea sputorum,Piperacillin-Tazobactam,8,1.0,0.125,8,0.0
DRIAMS-A,Peptoniphilus coxii,Clindamycin,8,4.0,0.5,30,0.7333333333333334
DRIAMS-A,Proteus hauseri,Cefpodoxime,8,2.0,0.25,53,0.8490566037735849
DRIAMS-A,Proteus hauseri,Fosfomycin-Trometamol,8,0.0,0.0,53,0.8490566037735849
DRIAMS-A,Proteus hauseri,Norfloxacin,8,0.0,0.0,53,0.8490566037735849
DRIAMS-A,Pseudomonas alcaligenes,Cefepime,8,0.0,0.0,10,0.19999999999999996
DRIAMS-A,Pseudomonas alcaligenes,Ciprofloxacin,8,0.0,0.0,10,0.19999999999999996
DRIAMS-A,Pseudomonas alcaligenes,Colistin,8,0.0,0.0,10,0.19999999999999996
DRIAMS-A,Pseudomonas alcaligenes,Meropenem,8,0.0,0.0,10,0.19999999999999996
DRIAMS-A,Pseudomonas alcaligenes,Piperacillin-Tazobactam,8,0.0,0.0,10,0.19999999999999996
DRIAMS-A,Pseudomonas alcaligenes,Tobramycin,8,0.0,0.0,10,0.19999999999999996
DRIAMS-A,Pseudomonas fluorescens,Cefepime,8,0.0,0.0,12,0.33333333333333337
DRIAMS-A,Pseudomonas fluorescens,Ciprofloxacin,8,0.0,0.0,12,0.33333333333333337
DRIAMS-A,Pseudomonas fluorescens,Colistin,8,0.0,0.0,12,0.33333333333333337
DRIAMS-A,Pseudomonas fluorescens,Meropenem,8,0.0,0.0,12,0.33333333333333337
DRIAMS-A,Pseudomonas fluorescens,Piperacillin-Tazobactam,8,0.0,0.0,12,0.33333333333333337
DRIAMS-A,Pseudomonas fluorescens,Tobramycin,8,0.0,0.0,12,0.33333333333333337
DRIAMS-A,Rhizobium radiobacter,Cefepime,8,0.0,0.0,34,0.7647058823529411
DRIAMS-A,Rhizobium radiobacter,Ciprofloxacin,8,0.0,0.0,34,0.7647058823529411
DRIAMS-A,Rhizobium radiobacter,Cotrimoxazole,8,0.0,0.0,34,0.7647058823529411
DRIAMS-A,Rhizobium radiobacter,Meropenem,8,0.0,0.0,34,0.7647058823529411
DRIAMS-A,Rhizobium radiobacter,Piperacillin-Tazobactam,8,2.0,0.25,34,0.7647058823529411
DRIAMS-A,Rothia aeria,Ceftriaxone,8,0.0,0.0,15,0.4666666666666667
DRIAMS-A,Rothia aeria,Ciprofloxacin,8,2.0,0.25,15,0.4666666666666667
DRIAMS-A,Rothia aeria,Penicillin,8,0.0,0.0,15,0.4666666666666667
DRIAMS-A,Staphylococcus pasteuri,Amoxicillin-Clavulanic acid,8,0.0,0.0,35,0.7714285714285715
DRIAMS-A,Staphylococcus pasteuri,Ampicillin-Amoxicillin,8,8.0,1.0,35,0.7714285714285715
DRIAMS-A,Staphylococcus pasteuri,Cefazolin,8,0.0,0.0,35,0.7714285714285715
DRIAMS-A,Staphylococcus pasteuri,Cefepime,8,0.0,0.0,35,0.7714285714285715
DRIAMS-A,Staphylococcus pasteuri,Ceftriaxone,8,0.0,0.0,35,0.7714285714285715
DRIAMS-A,Staphylococcus pasteuri,Cefuroxime,8,0.0,0.0,35,0.7714285714285715
DRIAMS-A,Staphylococcus pasteuri,Ciprofloxacin,8,0.0,0.0,35,0.7714285714285715
DRIAMS-A,Staphylococcus pasteuri,Clindamycin,8,0.0,0.0,35,0.7714285714285715
DRIAMS-A,Staphylococcus pasteuri,Cotrimoxazole,8,0.0,0.0,35,0.7714285714285715
DRIAMS-A,Staphylococcus pasteuri,Daptomycin,8,0.0,0.0,35,0.7714285714285715
DRIAMS-A,Staphylococcus pasteuri,Erythromycin,8,1.0,0.125,35,0.7714285714285715
DRIAMS-A,Staphylococcus pasteuri,Fusidic acid,8,6.0,0.75,35,0.7714285714285715
DRIAMS-A,Staphylococcus pasteuri,Gentamicin,8,0.0,0.0,35,0.7714285714285715
DRIAMS-A,Staphylococcus pasteuri,Imipenem,8,0.0,0.0,35,0.7714285714285715
DRIAMS-A,Staphylococcus pasteuri,Linezolid,8,0.0,0.0,35,0.7714285714285715
DRIAMS-A,Staphylococcus pasteuri,Meropenem,8,0.0,0.0,35,0.7714285714285715
DRIAMS-A,Staphylococcus pasteuri,Oxacillin,8,0.0,0.0,35,0.7714285714285715
DRIAMS-A,Staphylococcus pasteuri,Penicillin,8,8.0,1.0,35,0.7714285714285715
DRIAMS-A,Staphylococcus pasteuri,Piperacillin-Tazobactam,8,0.0,0.0,35,0.7714285714285715
DRIAMS-A,Staphylococcus pasteuri,Rifampicin,8,0.0,0.0,35,0.7714285714285715
DRIAMS-A,Staphylococcus pasteuri,Teicoplanin,8,1.0,0.125,35,0.7714285714285715
DRIAMS-A,Staphylococcus pasteuri,Tetracycline,8,0.0,0.0,35,0.7714285714285715
DRIAMS-A,Staphylococcus pasteuri,Tigecycline,8,0.0,0.0,35,0.7714285714285715
DRIAMS-A,Staphylococcus pasteuri,Vancomycin,8,0.0,0.0,35,0.7714285714285715
DRIAMS-A,Staphylococcus pseudintermedius,Cefoxitin_screen,8,1.0,0.125,33,0.7575757575757576
DRIAMS-A,Streptococcus pseudopneumoniae,Penicillin,8,1.0,0.125,58,0.8620689655172413
DRIAMS-A,Turicella otitidis,Erythromycin,8,3.0,0.375,92,0.9130434782608696
DRIAMS-A,Turicella otitidis,Gentamicin,8,0.0,0.0,92,0.9130434782608696
DRIAMS-A,Turicella otitidis,Meropenem,8,0.0,0.0,92,0.9130434782608696
DRIAMS-A,Yersinia enterocolitica,Amoxicillin-Clavulanic acid,8,8.0,1.0,15,0.4666666666666667
DRIAMS-A,Yersinia enterocolitica,Ceftriaxone,8,0.0,0.0,15,0.4666666666666667
DRIAMS-A,Yersinia enterocolitica,Ciprofloxacin,8,0.0,0.0,15,0.4666666666666667
DRIAMS-A,Yersinia enterocolitica,Cotrimoxazole,8,0.0,0.0,15,0.4666666666666667
DRIAMS-A,Yersinia enterocolitica,Levofloxacin,8,0.0,0.0,15,0.4666666666666667
DRIAMS-A,Yersinia enterocolitica,Tobramycin,8,0.0,0.0,15,0.4666666666666667
DRIAMS-A,Acinetobacter johnsonii,Ciprofloxacin,7,0.0,0.0,36,0.8055555555555556
DRIAMS-A,Acinetobacter johnsonii,Cotrimoxazole,7,0.0,0.0,36,0.8055555555555556
DRIAMS-A,Acinetobacter johnsonii,Meropenem,7,0.0,0.0,36,0.8055555555555556
DRIAMS-A,Acinetobacter ursingii,Cefepime,7,2.0,0.2857142857142857,78,0.9102564102564102
DRIAMS-A,Actinomyces turicensis,Amoxicillin-Clavulanic acid,7,0.0,0.0,363,0.9807162534435262
DRIAMS-A,Actinomyces turicensis,Imipenem,7,0.0,0.0,363,0.9807162534435262
DRIAMS-A,Alcaligenes faecalis,Cefepime,7,4.0,0.5714285714285714,34,0.7941176470588236
DRIAMS-A,Alcaligenes faecalis,Ciprofloxacin,7,3.0,0.42857142857142855,34,0.7941176470588236
DRIAMS-A,Alcaligenes faecalis,Cotrimoxazole,7,0.0,0.0,34,0.7941176470588236
DRIAMS-A,Alcaligenes faecalis,Meropenem,7,0.0,0.0,34,0.7941176470588236
DRIAMS-A,Alcaligenes faecalis,Piperacillin-Tazobactam,7,0.0,0.0,34,0.7941176470588236
DRIAMS-A,Anaerococcus murdochii,Clindamycin,7,1.0,0.14285714285714285,72,0.9027777777777778
DRIAMS-A,Anaerococcus murdochii,Moxifloxacin,7,0.0,0.0,72,0.9027777777777778
DRIAMS-A,Anaerococcus sp,Levofloxacin,7,7.0,1.0,32,0.78125
DRIAMS-A,Anaerococcus vaginalis,Penicillin,7,0.0,0.0,132,0.946969696969697
DRIAMS-A,Bacteroides fragilis,Clindamycin,7,3.0,0.42857142857142855,427,0.9836065573770492
DRIAMS-A,Bacteroides vulgatus,Amoxicillin-Clavulanic acid,7,0.0,0.0,90,0.9222222222222223
DRIAMS-A,Bacteroides vulgatus,Metronidazole,7,0.0,0.0,90,0.9222222222222223
DRIAMS-A,Bacteroides vulgatus,Piperacillin-Tazobactam,7,4.0,0.5714285714285714,90,0.9222222222222223
DRIAMS-A,Burkholderia cenocepacia,Cotrimoxazole,7,0.0,0.0,8,0.125
DRIAMS-A,Burkholderia cepacia_Group,Ceftazidime,7,0.0,0.0,21,0.6666666666666667
DRIAMS-A,Burkholderia cepacia_Group,Levofloxacin,7,0.0,0.0,21,0.6666666666666667
DRIAMS-A,Burkholderia cepacia_Group,Meropenem,7,0.0,0.0,21,0.6666666666666667
DRIAMS-A,Butyricimonas virosa,Ciprofloxacin,7,7.0,1.0,10,0.30000000000000004
DRIAMS-A,Butyricimonas virosa,Meropenem,7,0.0,0.0,10,0.30000000000000004
DRIAMS-A,Butyricimonas virosa,Metronidazole,7,0.0,0.0,10,0.30000000000000004
DRIAMS-A,Butyricimonas virosa,Piperacillin-Tazobactam,7,7.0,1.0,10,0.30000000000000004
DRIAMS-A,Campylobacter concisus,Ceftriaxone,7,7.0,1.0,49,0.8571428571428572
DRIAMS-A,Campylobacter concisus,Ciprofloxacin,7,7.0,1.0,49,0.8571428571428572
DRIAMS-A,Campylobacter concisus,Clindamycin,7,0.0,0.0,49,0.8571428571428572
DRIAMS-A,Campylobacter concisus,Erythromycin,7,0.0,0.0,49,0.8571428571428572
DRIAMS-A,Campylobacter concisus,Meropenem,7,7.0,1.0,49,0.8571428571428572
DRIAMS-A,Campylobacter concisus,Metronidazole,7,0.0,0.0,49,0.8571428571428572
DRIAMS-A,Campylobacter concisus,Piperacillin-Tazobactam,7,7.0,1.0,49,0.8571428571428572
DRIAMS-A,Corynebacterium amycolatum,Daptomycin,7,0.0,0.0,397,0.982367758186398
DRIAMS-A,Corynebacterium lipophile_group_F1,Ceftriaxone,7,0.0,0.0,58,0.8793103448275862
DRIAMS-A,Corynebacterium lipophile_group_F1,Ciprofloxacin,7,1.0,0.14285714285714285,58,0.8793103448275862
DRIAMS-A,Corynebacterium lipophile_group_F1,Penicillin,7,5.0,0.7142857142857143,58,0.8793103448275862
DRIAMS-A,Corynebacterium lipophile_group_F1,Vancomycin,7,0.0,0.0,58,0.8793103448275862
DRIAMS-A,Corynebacterium propinquum,Erythromycin,7,7.0,1.0,89,0.9213483146067416
DRIAMS-A,Corynebacterium propinquum,Meropenem,7,0.0,0.0,89,0.9213483146067416
DRIAMS-A,Dermabacter hominis,Clindamycin,7,7.0,1.0,266,0.9736842105263158
DRIAMS-A,Dialister pneumosintes,Metronidazole,7,0.0,0.0,30,0.7666666666666666
DRIAMS-A,Dialister pneumosintes,Moxifloxacin,7,0.0,0.0,30,0.7666666666666666
DRIAMS-A,Eggerthella lenta,Clindamycin,7,3.0,0.42857142857142855,116,0.9396551724137931
DRIAMS-A,Enterococcus faecalis,Cotrimoxazole,7,2.0,0.2857142857142857,4418,0.998415572657311
DRIAMS-A,Escherichia hermannii,Amikacin,7,0.0,0.0,17,0.5882352941176471
DRIAMS-A,Escherichia hermannii,Amoxicillin-Clavulanic acid,7,2.0,0.2857142857142857,17,0.5882352941176471
DRIAMS-A,Escherichia hermannii,Ampicillin-Amoxicillin,7,7.0,1.0,17,0.5882352941176471
DRIAMS-A,Escherichia hermannii,Cefepime,7,2.0,0.2857142857142857,17,0.5882352941176471
DRIAMS-A,Escherichia hermannii,Ceftazidime,7,2.0,0.2857142857142857,17,0.5882352941176471
DRIAMS-A,Escherichia hermannii,Ceftriaxone,7,2.0,0.2857142857142857,17,0.5882352941176471
DRIAMS-A,Escherichia hermannii,Ciprofloxacin,7,2.0,0.2857142857142857,17,0.5882352941176471
DRIAMS-A,Escherichia hermannii,Colistin,7,0.0,0.0,17,0.5882352941176471
DRIAMS-A,Escherichia hermannii,Cotrimoxazole,7,2.0,0.2857142857142857,17,0.5882352941176471
DRIAMS-A,Escherichia hermannii,Ertapenem,7,0.0,0.0,17,0.5882352941176471
DRIAMS-A,Escherichia hermannii,Imipenem,7,0.0,0.0,17,0.5882352941176471
DRIAMS-A,Escherichia hermannii,Levofloxacin,7,2.0,0.2857142857142857,17,0.5882352941176471
DRIAMS-A,Escherichia hermannii,Meropenem,7,0.0,0.0,17,0.5882352941176471
DRIAMS-A,Escherichia hermannii,Piperacillin-Tazobactam,7,2.0,0.2857142857142857,17,0.5882352941176471
DRIAMS-A,Escherichia hermannii,Tobramycin,7,2.0,0.2857142857142857,17,0.5882352941176471
DRIAMS-A,Kingella oralis,Amoxicillin,7,0.0,0.0,10,0.30000000000000004
DRIAMS-A,Kingella oralis,Amoxicillin-Clavulanic acid,7,0.0,0.0,10,0.30000000000000004
DRIAMS-A,Kingella oralis,Clindamycin,7,7.0,1.0,10,0.30000000000000004
DRIAMS-A,Kingella oralis,Cotrimoxazole,7,0.0,0.0,10,0.30000000000000004
DRIAMS-A,Kingella oralis,Moxifloxacin,7,0.0,0.0,10,0.30000000000000004
DRIAMS-A,Klebsiella pneumoniae,Fosfomycin,7,2.0,0.2857142857142857,3921,0.9982147411374649
DRIAMS-A,Kluyvera ascorbata,Cefepime,7,0.0,0.0,20,0.65
DRIAMS-A,Kluyvera ascorbata,Ciprofloxacin,7,0.0,0.0,20,0.65
DRIAMS-A,Kluyvera ascorbata,Cotrimoxazole,7,0.0,0.0,20,0.65
DRIAMS-A,Kluyvera ascorbata,Meropenem,7,0.0,0.0,20,0.65
DRIAMS-A,Kluyvera ascorbata,Piperacillin-Tazobactam,7,0.0,0.0,20,0.65
DRIAMS-A,Lactobacillus paracasei,Ceftriaxone,7,7.0,1.0,220,0.9681818181818181
DRIAMS-A,Lactobacillus paracasei,Clindamycin,7,0.0,0.0,220,0.9681818181818181
DRIAMS-A,Lactobacillus rhamnosus,Amoxicillin,7,0.0,0.0,554,0.9873646209386282
DRIAMS-A,MIX!Acinetobacter baumannii,Ampicillin-Sulbactam,7,5.0,0.7142857142857143,55,0.8727272727272728
DRIAMS-A,MIX!Acinetobacter baumannii,Tigecycline,7,7.0,1.0,55,0.8727272727272728
DRIAMS-A,MIX!Acinetobacter junii,Ciprofloxacin,7,0.0,0.0,7,0.0
DRIAMS-A,MIX!Acinetobacter junii,Cotrimoxazole,7,1.0,0.14285714285714285,7,0.0
DRIAMS-A,MIX!Acinetobacter junii,Meropenem,7,0.0,0.0,7,0.0
DRIAMS-A,MIX!Burkholderia cepacia_Group,Ceftazidime,7,3.0,0.42857142857142855,13,0.46153846153846156
DRIAMS-A,MIX!Burkholderia cepacia_Group,Cotrimoxazole,7,0.0,0.0,13,0.46153846153846156
DRIAMS-A,MIX!Burkholderia cepacia_Group,Levofloxacin,7,0.0,0.0,13,0.46153846153846156
DRIAMS-A,MIX!Burkholderia cepacia_Group,Meropenem,7,3.0,0.42857142857142855,13,0.46153846153846156
DRIAMS-A,MIX!Enterococcus faecium,Gentamicin_high_level,7,3.0,0.42857142857142855,49,0.8571428571428572
DRIAMS-A,MIX!Enterococcus faecium,Nitrofurantoin,7,6.0,0.8571428571428571,49,0.8571428571428572
DRIAMS-A,MIX!Haemophilus influenzae,Cotrimoxazole,7,3.0,0.42857142857142855,135,0.9481481481481482
DRIAMS-A,MIX!Haemophilus parainfluenzae,Amoxicillin,7,4.0,0.5714285714285714,276,0.9746376811594203
DRIAMS-A,MIX!Haemophilus parainfluenzae,Ampicillin-Amoxicillin,7,6.0,0.8571428571428571,276,0.9746376811594203
DRIAMS-A,MIX!Klebsiella oxytoca,Amikacin,7,0.0,0.0,17,0.5882352941176471
DRIAMS-A,MIX!Klebsiella oxytoca,Amoxicillin-Clavulanic acid,7,0.0,0.0,17,0.5882352941176471
DRIAMS-A,MIX!Klebsiella oxytoca,Ampicillin-Amoxicillin,7,7.0,1.0,17,0.5882352941176471
DRIAMS-A,MIX!Klebsiella oxytoca,Cefepime,7,0.0,0.0,17,0.5882352941176471
DRIAMS-A,MIX!Klebsiella oxytoca,Ceftazidime,7,0.0,0.0,17,0.5882352941176471
DRIAMS-A,MIX!Klebsiella oxytoca,Ceftriaxone,7,0.0,0.0,17,0.5882352941176471
DRIAMS-A,MIX!Klebsiella oxytoca,Ciprofloxacin,7,0.0,0.0,17,0.5882352941176471
DRIAMS-A,MIX!Klebsiella oxytoca,Colistin,7,0.0,0.0,17,0.5882352941176471
DRIAMS-A,MIX!Klebsiella oxytoca,Cotrimoxazole,7,0.0,0.0,17,0.5882352941176471
DRIAMS-A,MIX!Klebsiella oxytoca,Ertapenem,7,0.0,0.0,17,0.5882352941176471
DRIAMS-A,MIX!Klebsiella oxytoca,Imipenem,7,0.0,0.0,17,0.5882352941176471
DRIAMS-A,MIX!Klebsiella oxytoca,Levofloxacin,7,0.0,0.0,17,0.5882352941176471
DRIAMS-A,MIX!Klebsiella oxytoca,Meropenem,7,0.0,0.0,17,0.5882352941176471
DRIAMS-A,MIX!Klebsiella oxytoca,Piperacillin-Tazobactam,7,0.0,0.0,17,0.5882352941176471
DRIAMS-A,MIX!Klebsiella oxytoca,Tobramycin,7,0.0,0.0,17,0.5882352941176471
DRIAMS-A,MIX!Stenotrophomonas maltophilia,Levofloxacin,7,1.0,0.14285714285714285,85,0.9176470588235294
DRIAMS-A,MIX!Streptococcus agalactiae,Clindamycin,7,1.0,0.14285714285714285,95,0.9263157894736842
DRIAMS-A,MIX!Streptococcus agalactiae,Levofloxacin,7,1.0,0.14285714285714285,95,0.9263157894736842
DRIAMS-A,MIX!Streptococcus agalactiae,Penicillin,7,0.0,0.0,95,0.9263157894736842
DRIAMS-A,Micrococcus luteus,Ciprofloxacin,7,6.0,0.8571428571428571,225,0.9688888888888889
DRIAMS-A,Micrococcus luteus,Cotrimoxazole,7,0.0,0.0,225,0.9688888888888889
DRIAMS-A,Micrococcus luteus,Daptomycin,7,0.0,0.0,225,0.9688888888888889
DRIAMS-A,Micrococcus luteus,Fusidic acid,7,2.0,0.2857142857142857,225,0.9688888888888889
DRIAMS-A,Micrococcus luteus,Gentamicin,7,0.0,0.0,225,0.9688888888888889
DRIAMS-A,Micrococcus luteus,Linezolid,7,0.0,0.0,225,0.9688888888888889
DRIAMS-A,Micrococcus luteus,Rifampicin,7,0.0,0.0,225,0.9688888888888889
DRIAMS-A,Micrococcus luteus,Tetracycline,7,5.0,0.7142857142857143,225,0.9688888888888889
DRIAMS-A,Micrococcus luteus,Tigecycline,7,0.0,0.0,225,0.9688888888888889
DRIAMS-A,Parvimonas micra,Rifampicin,7,0.0,0.0,396,0.9823232323232324
DRIAMS-A,Peptoniphilus harei,Ciprofloxacin,7,7.0,1.0,202,0.9653465346534653
DRIAMS-A,Prevotella denticola,Piperacillin-Tazobactam,7,0.0,0.0,71,0.9014084507042254
DRIAMS-A,Propionibacterium avidum,Ceftriaxone,7,0.0,0.0,250,0.972
DRIAMS-A,Propionibacterium avidum,Clindamycin,7,2.0,0.2857142857142857,250,0.972
DRIAMS-A,Propionibacterium avidum,Levofloxacin,7,1.0,0.14285714285714285,250,0.972
DRIAMS-A,Propionibacterium avidum,Penicillin,7,0.0,0.0,250,0.972
DRIAMS-A,Propionibacterium avidum,Rifampicin,7,0.0,0.0,250,0.972
DRIAMS-A,Pseudomonas aeruginosa,Ceftarolin,7,7.0,1.0,4852,0.9985572959604286
DRIAMS-A,Pseudomonas citronellolis,Amikacin,7,0.0,0.0,85,0.9176470588235294
DRIAMS-A,Pseudomonas citronellolis,Ceftazidime,7,0.0,0.0,85,0.9176470588235294
DRIAMS-A,Pseudomonas citronellolis,Imipenem,7,0.0,0.0,85,0.9176470588235294
DRIAMS-A,Pseudomonas citronellolis,Levofloxacin,7,0.0,0.0,85,0.9176470588235294
DRIAMS-A,Rothia dentocariosa,Ceftriaxone,7,0.0,0.0,106,0.9339622641509434
DRIAMS-A,Rothia dentocariosa,Ciprofloxacin,7,1.0,0.14285714285714285,106,0.9339622641509434
DRIAMS-A,Rothia dentocariosa,Penicillin,7,0.0,0.0,106,0.9339622641509434
DRIAMS-A,Rothia dentocariosa,Vancomycin,7,0.0,0.0,106,0.9339622641509434
DRIAMS-A,Staphylococcus epidermidis,Moxifloxacin,7,4.0,0.5714285714285714,9387,0.9992542878448919
DRIAMS-A,Staphylococcus saccharolyticus,Amoxicillin-Clavulanic acid,7,0.0,0.0,78,0.9102564102564102
DRIAMS-A,Staphylococcus sp[1],Teicoplanin,7,2.0,0.2857142857142857,29,0.7586206896551724
DRIAMS-A,Stenotrophomonas maltophilia,Minocycline,7,3.0,0.42857142857142855,660,0.9893939393939394
DRIAMS-A,Streptococcus agalactiae,Clarithromycin,7,2.0,0.2857142857142857,2714,0.9974207811348563
DRIAMS-A,Streptococcus anginosus,Clarithromycin,7,2.0,0.2857142857142857,1868,0.9962526766595289
DRIAMS-A,Streptococcus anginosus,Oxacillin,7,3.0,0.42857142857142855,1868,0.9962526766595289
DRIAMS-A,Streptococcus anginosus,Penicillin_with_meningitis,7,2.0,0.2857142857142857,1868,0.9962526766595289
DRIAMS-A,Streptococcus anginosus,Penicillin_with_other_infections,7,2.0,0.2857142857142857,1868,0.9962526766595289
DRIAMS-A,Streptococcus anginosus,Penicillin_with_pneumonia,7,0.0,0.0,1868,0.9962526766595289
DRIAMS-A,Streptococcus constellatus,Moxifloxacin,7,1.0,0.14285714285714285,810,0.991358024691358
DRIAMS-A,Streptococcus dysgalactiae,Clarithromycin,7,0.0,0.0,585,0.9880341880341881
DRIAMS-A,Streptococcus intermedius,Levofloxacin,7,0.0,0.0,377,0.9814323607427056
DRIAMS-A,Streptococcus peroris,Ceftriaxone,7,7.0,1.0,44,0.8409090909090909
DRIAMS-A,Streptococcus peroris,Clindamycin,7,0.0,0.0,44,0.8409090909090909
DRIAMS-A,Streptococcus peroris,Meropenem,7,0.0,0.0,44,0.8409090909090909
DRIAMS-A,Streptococcus peroris,Penicillin_with_endokarditis,7,7.0,1.0,44,0.8409090909090909
DRIAMS-A,Streptococcus peroris,Penicillin_without_endokarditis,7,7.0,1.0,44,0.8409090909090909
DRIAMS-A,Streptococcus pseudopneumoniae,Clarithromycin,7,3.0,0.42857142857142855,58,0.8793103448275862
DRIAMS-A,Streptococcus pseudopneumoniae,Oxacillin,7,2.0,0.2857142857142857,58,0.8793103448275862
DRIAMS-A,Streptococcus pseudopneumoniae,Penicillin_with_meningitis,7,1.0,0.14285714285714285,58,0.8793103448275862
DRIAMS-A,Streptococcus pseudopneumoniae,Penicillin_with_other_infections,7,1.0,0.14285714285714285,58,0.8793103448275862
DRIAMS-A,Streptococcus pseudopneumoniae,Penicillin_with_pneumonia,7,1.0,0.14285714285714285,58,0.8793103448275862
DRIAMS-A,Streptococcus salivarius,Gentamicin_high_level,7,0.0,0.0,288,0.9756944444444444
DRIAMS-A,Streptococcus sanguinis,Moxifloxacin,7,0.0,0.0,136,0.9485294117647058
DRIAMS-A,Trueperella bernardiae,Amoxicillin-Clavulanic acid,7,0.0,0.0,86,0.9186046511627907
DRIAMS-A,Veillonella parvula,Clindamycin,7,0.0,0.0,133,0.9473684210526316
DRIAMS-A,Achromobacter xylosoxidans,Amikacin,6,4.0,0.6666666666666666,174,0.9655172413793104
DRIAMS-A,Achromobacter xylosoxidans,Imipenem,6,0.0,0.0,174,0.9655172413793104
DRIAMS-A,Achromobacter xylosoxidans,Levofloxacin,6,4.0,0.6666666666666666,174,0.9655172413793104
DRIAMS-A,Achromobacter xylosoxidans,Tobramycin,6,6.0,1.0,174,0.9655172413793104
DRIAMS-A,Acinetobacter baumannii,Ampicillin-Sulbactam,6,5.0,0.8333333333333334,98,0.9387755102040817
DRIAMS-A,Acinetobacter baumannii,Minocycline,6,3.0,0.5,98,0.9387755102040817
DRIAMS-A,Acinetobacter junii,Amikacin,6,0.0,0.0,47,0.8723404255319149
DRIAMS-A,Acinetobacter junii,Ceftriaxone,6,0.0,0.0,47,0.8723404255319149
DRIAMS-A,Acinetobacter junii,Tobramycin,6,0.0,0.0,47,0.8723404255319149
DRIAMS-A,Aerococcus viridans,Penicillin,6,2.0,0.3333333333333333,46,0.8695652173913043
DRIAMS-A,Anaerococcus sp,Clindamycin,6,0.0,0.0,32,0.8125
DRIAMS-A,Anaerococcus sp,Penicillin,6,0.0,0.0,32,0.8125
DRIAMS-A,Anaerococcus vaginalis,Amoxicillin-Clavulanic acid,6,0.0,0.0,132,0.9545454545454546
DRIAMS-A,Bacteroides fragilis,Imipenem,6,2.0,0.3333333333333333,427,0.9859484777517564
DRIAMS-A,Bifidobacterium longum,Amikacin,6,6.0,1.0,77,0.922077922077922
DRIAMS-A,Bifidobacterium longum,Meropenem,6,0.0,0.0,77,0.922077922077922
DRIAMS-A,Bifidobacterium longum,Piperacillin-Tazobactam,6,0.0,0.0,77,0.922077922077922
DRIAMS-A,Brevibacterium ravenspurgense,Ceftriaxone,6,0.0,0.0,15,0.6
DRIAMS-A,Brevibacterium ravenspurgense,Penicillin,6,0.0,0.0,15,0.6
DRIAMS-A,Brevibacterium ravenspurgense,Vancomycin,6,0.0,0.0,15,0.6
DRIAMS-A,Burkholderia cenocepacia,Meropenem,6,0.0,0.0,8,0.25
DRIAMS-A,Burkholderia vietnamiensis,Minocycline,6,0.0,0.0,13,0.5384615384615384
DRIAMS-A,Campylobacter coli,Meropenem,6,0.0,0.0,71,0.9154929577464789
DRIAMS-A,Chryseobacterium gleum,Cefepime,6,0.0,0.0,20,0.7
DRIAMS-A,Chryseobacterium gleum,Ciprofloxacin,6,2.0,0.3333333333333333,20,0.7
DRIAMS-A,Chryseobacterium gleum,Cotrimoxazole,6,0.0,0.0,20,0.7
DRIAMS-A,Chryseobacterium gleum,Meropenem,6,6.0,1.0,20,0.7
DRIAMS-A,Chryseobacterium gleum,Piperacillin-Tazobactam,6,0.0,0.0,20,0.7
DRIAMS-A,Clostridium paraputrificum,Metronidazole,6,0.0,0.0,28,0.7857142857142857
DRIAMS-A,Clostridium subterminale,Clindamycin,6,0.0,0.0,34,0.8235294117647058
DRIAMS-A,Clostridium subterminale,Metronidazole,6,0.0,0.0,34,0.8235294117647058
DRIAMS-A,Clostridium subterminale,Moxifloxacin,6,0.0,0.0,34,0.8235294117647058
DRIAMS-A,Clostridium subterminale,Penicillin,6,3.0,0.5,34,0.8235294117647058
DRIAMS-A,Clostridium subterminale,Vancomycin,6,0.0,0.0,34,0.8235294117647058
DRIAMS-A,Clostridium symbiosum,Amoxicillin-Clavulanic acid,6,0.0,0.0,11,0.4545454545454546
DRIAMS-A,Clostridium symbiosum,Metronidazole,6,0.0,0.0,11,0.4545454545454546
DRIAMS-A,Clostridium symbiosum,Penicillin,6,6.0,1.0,11,0.4545454545454546
DRIAMS-A,Clostridium symbiosum,Piperacillin-Tazobactam,6,0.0,0.0,11,0.4545454545454546
DRIAMS-A,Corynebacterium amycolatum,Levofloxacin,6,5.0,0.8333333333333334,397,0.9848866498740554
DRIAMS-A,Corynebacterium kroppenstedtii,Ceftriaxone,6,0.0,0.0,39,0.8461538461538461
DRIAMS-A,Corynebacterium kroppenstedtii,Vancomycin,6,0.0,0.0,39,0.8461538461538461
DRIAMS-A,Corynebacterium lipophile_group_F1,Erythromycin,6,6.0,1.0,58,0.896551724137931
DRIAMS-A,Corynebacterium lipophile_group_F1,Gentamicin,6,0.0,0.0,58,0.896551724137931
DRIAMS-A,Corynebacterium lipophile_group_F1,Meropenem,6,0.0,0.0,58,0.896551724137931
DRIAMS-A,Corynebacterium sundsvallense,Ceftriaxone,6,0.0,0.0,6,0.0
DRIAMS-A,Corynebacterium sundsvallense,Ciprofloxacin,6,0.0,0.0,6,0.0
DRIAMS-A,Corynebacterium sundsvallense,Erythromycin,6,0.0,0.0,6,0.0
DRIAMS-A,Corynebacterium sundsvallense,Gentamicin,6,0.0,0.0,6,0.0
DRIAMS-A,Corynebacterium sundsvallense,Meropenem,6,0.0,0.0,6,0.0
DRIAMS-A,Corynebacterium sundsvallense,Penicillin,6,0.0,0.0,6,0.0
DRIAMS-A,Corynebacterium sundsvallense,Vancomycin,6,0.0,0.0,6,0.0
DRIAMS-A,Corynebacterium tuberculostearicum,Linezolid,6,0.0,0.0,578,0.9896193771626297
DRIAMS-A,Corynebacterium tuberculostearicum,Rifampicin,6,0.0,0.0,578,0.9896193771626297
DRIAMS-A,Dermabacter hominis,Daptomycin,6,6.0,1.0,266,0.9774436090225564
DRIAMS-A,Dialister pneumosintes,Amoxicillin-Clavulanic acid,6,0.0,0.0,30,0.8
DRIAMS-A,Eikenella corrodens,Amoxicillin,6,0.0,0.0,250,0.976
DRIAMS-A,Enterococcus avium,Nitrofurantoin,6,2.0,0.3333333333333333,118,0.9491525423728814
DRIAMS-A,Enterococcus gallinarum,Ampicillin-Amoxicillin,6,2.0,0.3333333333333333,29,0.7931034482758621
DRIAMS-A,Enterococcus gallinarum,Imipenem,6,2.0,0.3333333333333333,29,0.7931034482758621
DRIAMS-A,Enterococcus gallinarum,Levofloxacin,6,0.0,0.0,29,0.7931034482758621
DRIAMS-A,Enterococcus gallinarum,Linezolid,6,0.0,0.0,29,0.7931034482758621
DRIAMS-A,Enterococcus gallinarum,Teicoplanin,6,0.0,0.0,29,0.7931034482758621
DRIAMS-A,Enterococcus gallinarum,Tigecycline,6,0.0,0.0,29,0.7931034482758621
DRIAMS-A,Enterococcus gallinarum,Vancomycin,6,6.0,1.0,29,0.7931034482758621
DRIAMS-A,Enterococcus hirae,Amoxicillin,6,0.0,0.0,25,0.76
DRIAMS-A,Facklamia hominis,Ceftriaxone,6,6.0,1.0,85,0.9294117647058824
DRIAMS-A,Facklamia hominis,Clindamycin,6,6.0,1.0,85,0.9294117647058824
DRIAMS-A,Facklamia hominis,Gentamicin_high_level,6,0.0,0.0,85,0.9294117647058824
DRIAMS-A,Facklamia hominis,Meropenem,6,0.0,0.0,85,0.9294117647058824
DRIAMS-A,Facklamia hominis,Penicillin,6,6.0,1.0,85,0.9294117647058824
DRIAMS-A,Facklamia hominis,Penicillin_with_endokarditis,6,6.0,1.0,85,0.9294117647058824
DRIAMS-A,Facklamia hominis,Penicillin_without_endokarditis,6,6.0,1.0,85,0.9294117647058824
DRIAMS-A,Facklamia hominis,Teicoplanin,6,0.0,0.0,85,0.9294117647058824
DRIAMS-A,Facklamia hominis,Vancomycin,6,0.0,0.0,85,0.9294117647058824
DRIAMS-A,Finegoldia magna,Ceftriaxone,6,0.0,0.0,769,0.9921976592977894
DRIAMS-A,Finegoldia magna,Daptomycin,6,3.0,0.5,769,0.9921976592977894
DRIAMS-A,Finegoldia magna,Doxycycline,6,0.0,0.0,769,0.9921976592977894
DRIAMS-A,Haemophilus haemolyticus,Chloramphenicol,6,1.0,0.16666666666666666,181,0.9668508287292817
DRIAMS-A,Haemophilus haemolyticus,Quinolones,6,0.0,0.0,181,0.9668508287292817
DRIAMS-A,Haemophilus parainfluenzae,Ciprofloxacin,6,0.0,0.0,736,0.9918478260869565
DRIAMS-A,Klebsiella pneumoniae,Amoxicillin-Clavulanic acid_uncomplicated_HWI,6,0.0,0.0,3921,0.9984697781178271
DRIAMS-A,Lactococcus lactis,Clindamycin,6,1.0,0.16666666666666666,19,0.6842105263157895
DRIAMS-A,Lactococcus lactis,Penicillin,6,0.0,0.0,19,0.6842105263157895
DRIAMS-A,Lactococcus lactis,Vancomycin,6,0.0,0.0,19,0.6842105263157895
DRIAMS-A,Listeria monocytogenes,Ampicillin-Amoxicillin,6,0.0,0.0,7,0.1428571428571429
DRIAMS-A,Listeria monocytogenes,Cotrimoxazole,6,0.0,0.0,7,0.1428571428571429
DRIAMS-A,Listeria monocytogenes,Meropenem,6,0.0,0.0,7,0.1428571428571429
DRIAMS-A,MIX!Acinetobacter baumannii,Ceftolozane-Tazobactam,6,6.0,1.0,55,0.8909090909090909
DRIAMS-A,MIX!Enterobacter asburiae,Cefpodoxime,6,6.0,1.0,34,0.8235294117647058
DRIAMS-A,MIX!Enterobacter asburiae,Fosfomycin-Trometamol,6,4.0,0.6666666666666666,34,0.8235294117647058
DRIAMS-A,MIX!Klebsiella variicola,Amikacin,6,0.0,0.0,10,0.4
DRIAMS-A,MIX!Klebsiella variicola,Amoxicillin-Clavulanic acid,6,1.0,0.16666666666666666,10,0.4
DRIAMS-A,MIX!Klebsiella variicola,Ampicillin-Amoxicillin,6,6.0,1.0,10,0.4
DRIAMS-A,MIX!Klebsiella variicola,Cefepime,6,0.0,0.0,10,0.4
DRIAMS-A,MIX!Klebsiella variicola,Ceftazidime,6,0.0,0.0,10,0.4
DRIAMS-A,MIX!Klebsiella variicola,Ceftriaxone,6,0.0,0.0,10,0.4
DRIAMS-A,MIX!Klebsiella variicola,Ciprofloxacin,6,0.0,0.0,10,0.4
DRIAMS-A,MIX!Klebsiella variicola,Colistin,6,0.0,0.0,10,0.4
DRIAMS-A,MIX!Klebsiella variicola,Cotrimoxazole,6,0.0,0.0,10,0.4
DRIAMS-A,MIX!Klebsiella variicola,Ertapenem,6,0.0,0.0,10,0.4
DRIAMS-A,MIX!Klebsiella variicola,Imipenem,6,0.0,0.0,10,0.4
DRIAMS-A,MIX!Klebsiella variicola,Levofloxacin,6,0.0,0.0,10,0.4
DRIAMS-A,MIX!Klebsiella variicola,Meropenem,6,0.0,0.0,10,0.4
DRIAMS-A,MIX!Klebsiella variicola,Piperacillin-Tazobactam,6,0.0,0.0,10,0.4
DRIAMS-A,MIX!Klebsiella variicola,Tobramycin,6,0.0,0.0,10,0.4
DRIAMS-A,MIX!Neisseria gonorrhoeae,Azithromycin,6,0.0,0.0,7,0.1428571428571429
DRIAMS-A,MIX!Neisseria gonorrhoeae,Cefixime,6,1.0,0.16666666666666666,7,0.1428571428571429
DRIAMS-A,MIX!Neisseria gonorrhoeae,Ceftriaxone,6,0.0,0.0,7,0.1428571428571429
DRIAMS-A,MIX!Neisseria gonorrhoeae,Ciprofloxacin,6,6.0,1.0,7,0.1428571428571429
DRIAMS-A,MIX!Pseudomonas aeruginosa,Aztreonam,6,5.0,0.8333333333333334,56,0.8928571428571429
DRIAMS-A,MIX!Staphylococcus hominis,Amoxicillin-Clavulanic acid,6,1.0,0.16666666666666666,29,0.7931034482758621
DRIAMS-A,MIX!Staphylococcus hominis,Ampicillin-Amoxicillin,6,6.0,1.0,29,0.7931034482758621
DRIAMS-A,MIX!Staphylococcus hominis,Cefazolin,6,1.0,0.16666666666666666,29,0.7931034482758621
DRIAMS-A,MIX!Staphylococcus hominis,Cefepime,6,1.0,0.16666666666666666,29,0.7931034482758621
DRIAMS-A,MIX!Staphylococcus hominis,Ceftriaxone,6,1.0,0.16666666666666666,29,0.7931034482758621
DRIAMS-A,MIX!Staphylococcus hominis,Cefuroxime,6,1.0,0.16666666666666666,29,0.7931034482758621
DRIAMS-A,MIX!Staphylococcus hominis,Ciprofloxacin,6,0.0,0.0,29,0.7931034482758621
DRIAMS-A,MIX!Staphylococcus hominis,Clindamycin,6,0.0,0.0,29,0.7931034482758621
DRIAMS-A,MIX!Staphylococcus hominis,Cotrimoxazole,6,1.0,0.16666666666666666,29,0.7931034482758621
DRIAMS-A,MIX!Staphylococcus hominis,Daptomycin,6,0.0,0.0,29,0.7931034482758621
DRIAMS-A,MIX!Staphylococcus hominis,Erythromycin,6,0.0,0.0,29,0.7931034482758621
DRIAMS-A,MIX!Staphylococcus hominis,Fusidic acid,6,0.0,0.0,29,0.7931034482758621
DRIAMS-A,MIX!Staphylococcus hominis,Gentamicin,6,0.0,0.0,29,0.7931034482758621
DRIAMS-A,MIX!Staphylococcus hominis,Imipenem,6,1.0,0.16666666666666666,29,0.7931034482758621
DRIAMS-A,MIX!Staphylococcus hominis,Linezolid,6,0.0,0.0,29,0.7931034482758621
DRIAMS-A,MIX!Staphylococcus hominis,Meropenem,6,1.0,0.16666666666666666,29,0.7931034482758621
DRIAMS-A,MIX!Staphylococcus hominis,Oxacillin,6,1.0,0.16666666666666666,29,0.7931034482758621
DRIAMS-A,MIX!Staphylococcus hominis,Penicillin,6,6.0,1.0,29,0.7931034482758621
DRIAMS-A,MIX!Staphylococcus hominis,Piperacillin-Tazobactam,6,1.0,0.16666666666666666,29,0.7931034482758621
DRIAMS-A,MIX!Staphylococcus hominis,Rifampicin,6,0.0,0.0,29,0.7931034482758621
DRIAMS-A,MIX!Staphylococcus hominis,Tetracycline,6,2.0,0.3333333333333333,29,0.7931034482758621
DRIAMS-A,MIX!Staphylococcus hominis,Tigecycline,6,0.0,0.0,29,0.7931034482758621
DRIAMS-A,MIX!Staphylococcus hominis,Vancomycin,6,0.0,0.0,29,0.7931034482758621
DRIAMS-A,MIX!Streptococcus dysgalactiae,Clindamycin,6,0.0,0.0,38,0.8421052631578947
DRIAMS-A,MIX!Streptococcus dysgalactiae,Levofloxacin,6,0.0,0.0,38,0.8421052631578947
DRIAMS-A,MIX!Streptococcus dysgalactiae,Penicillin,6,0.0,0.0,38,0.8421052631578947
DRIAMS-A,Parvimonas micra,Amoxicillin,6,0.0,0.0,396,0.9848484848484849
DRIAMS-A,Peptoniphilus harei,Amoxicillin-Clavulanic acid,6,0.0,0.0,202,0.9702970297029703
DRIAMS-A,Peptoniphilus harei,Metronidazole,6,0.0,0.0,202,0.9702970297029703
DRIAMS-A,Porphyromonas uenonis,Clindamycin,6,0.0,0.0,8,0.25
DRIAMS-A,Propionibacterium acnes,Amoxicillin,6,0.0,0.0,2837,0.99788508988368
DRIAMS-A,Propionibacterium granulosum,Ceftriaxone,6,0.0,0.0,70,0.9142857142857143
DRIAMS-A,Propionibacterium granulosum,Clindamycin,6,0.0,0.0,70,0.9142857142857143
DRIAMS-A,Propionibacterium granulosum,Levofloxacin,6,0.0,0.0,70,0.9142857142857143
DRIAMS-A,Propionibacterium granulosum,Penicillin,6,0.0,0.0,70,0.9142857142857143
DRIAMS-A,Propionibacterium granulosum,Rifampicin,6,0.0,0.0,70,0.9142857142857143
DRIAMS-A,Pseudomonas aeruginosa,Ceftriaxone,6,5.0,0.8333333333333334,4852,0.9987633965375103
DRIAMS-A,Pseudomonas aeruginosa,Cotrimoxazole,6,5.0,0.8333333333333334,4852,0.9987633965375103
DRIAMS-A,Pseudomonas sp,Cefepime,6,0.0,0.0,12,0.5
DRIAMS-A,Pseudomonas sp,Ciprofloxacin,6,0.0,0.0,12,0.5
DRIAMS-A,Pseudomonas sp,Colistin,6,0.0,0.0,12,0.5
DRIAMS-A,Pseudomonas sp,Meropenem,6,0.0,0.0,12,0.5
DRIAMS-A,Pseudomonas sp,Piperacillin-Tazobactam,6,0.0,0.0,12,0.5
DRIAMS-A,Pseudomonas sp,Tobramycin,6,0.0,0.0,12,0.5
DRIAMS-A,Rahnella aquatilis,Amoxicillin-Clavulanic acid,6,0.0,0.0,9,0.33333333333333337
DRIAMS-A,Rahnella aquatilis,Cefepime,6,0.0,0.0,9,0.33333333333333337
DRIAMS-A,Rahnella aquatilis,Ceftriaxone,6,6.0,1.0,9,0.33333333333333337
DRIAMS-A,Rahnella aquatilis,Ciprofloxacin,6,0.0,0.0,9,0.33333333333333337
DRIAMS-A,Rahnella aquatilis,Ertapenem,6,0.0,0.0,9,0.33333333333333337
DRIAMS-A,Rahnella aquatilis,Piperacillin-Tazobactam,6,0.0,0.0,9,0.33333333333333337
DRIAMS-A,Rothia aeria,Erythromycin,6,0.0,0.0,15,0.6
DRIAMS-A,Rothia aeria,Gentamicin,6,0.0,0.0,15,0.6
DRIAMS-A,Rothia aeria,Meropenem,6,0.0,0.0,15,0.6
DRIAMS-A,Rothia aeria,Vancomycin,6,0.0,0.0,15,0.6
DRIAMS-A,Saccharomyces cerevisiae,Amphotericin B,6,0.0,0.0,165,0.9636363636363636
DRIAMS-A,Serratia liquefaciens,Fosfomycin-Trometamol,6,4.0,0.6666666666666666,37,0.8378378378378378
DRIAMS-A,Serratia liquefaciens,Norfloxacin,6,0.0,0.0,37,0.8378378378378378
DRIAMS-A,Sphingomonas desiccabilis,Cefepime,6,0.0,0.0,6,0.0
DRIAMS-A,Sphingomonas desiccabilis,Ciprofloxacin,6,0.0,0.0,6,0.0
DRIAMS-A,Sphingomonas desiccabilis,Cotrimoxazole,6,0.0,0.0,6,0.0
DRIAMS-A,Sphingomonas desiccabilis,Meropenem,6,0.0,0.0,6,0.0
DRIAMS-A,Sphingomonas desiccabilis,Piperacillin-Tazobactam,6,6.0,1.0,6,0.0
DRIAMS-A,Sphingomonas koreensis,Cefepime,6,6.0,1.0,6,0.0
DRIAMS-A,Sphingomonas koreensis,Ciprofloxacin,6,6.0,1.0,6,0.0
DRIAMS-A,Sphingomonas koreensis,Cotrimoxazole,6,0.0,0.0,6,0.0
DRIAMS-A,Sphingomonas koreensis,Meropenem,6,6.0,1.0,6,0.0
DRIAMS-A,Sphingomonas koreensis,Piperacillin-Tazobactam,6,6.0,1.0,6,0.0
DRIAMS-A,Staphylococcus epidermidis,Ceftolozane-Tazobactam,6,6.0,1.0,9387,0.9993608181527645
DRIAMS-A,Staphylococcus saccharolyticus,Vancomycin,6,0.0,0.0,78,0.9230769230769231
DRIAMS-A,Stenotrophomonas maltophilia,Ciprofloxacin,6,6.0,1.0,660,0.990909090909091
DRIAMS-A,Streptococcus anginosus,Meropenem,6,0.0,0.0,1868,0.9967880085653105
DRIAMS-A,Streptococcus mitis,Clarithromycin,6,2.0,0.3333333333333333,666,0.990990990990991
DRIAMS-A,Streptococcus mitis,Oxacillin,6,3.0,0.5,666,0.990990990990991
DRIAMS-A,Streptococcus mitis,Penicillin_with_meningitis,6,2.0,0.3333333333333333,666,0.990990990990991
DRIAMS-A,Streptococcus mitis,Penicillin_with_other_infections,6,2.0,0.3333333333333333,666,0.990990990990991
DRIAMS-A,Streptococcus mitis,Penicillin_with_pneumonia,6,0.0,0.0,666,0.990990990990991
DRIAMS-A,Streptococcus oralis,Daptomycin,6,0.0,0.0,929,0.9935414424111948
DRIAMS-A,Streptococcus peroris,Gentamicin_high_level,6,0.0,0.0,44,0.8636363636363636
DRIAMS-A,Streptococcus pseudopneumoniae,Levofloxacin,6,0.0,0.0,58,0.896551724137931
DRIAMS-A,Yersinia enterocolitica,Amikacin,6,0.0,0.0,15,0.6
DRIAMS-A,Yersinia enterocolitica,Ampicillin-Amoxicillin,6,6.0,1.0,15,0.6
DRIAMS-A,Yersinia enterocolitica,Cefepime,6,0.0,0.0,15,0.6
DRIAMS-A,Yersinia enterocolitica,Ceftazidime,6,0.0,0.0,15,0.6
DRIAMS-A,Yersinia enterocolitica,Colistin,6,0.0,0.0,15,0.6
DRIAMS-A,Yersinia enterocolitica,Ertapenem,6,0.0,0.0,15,0.6
DRIAMS-A,Yersinia enterocolitica,Imipenem,6,0.0,0.0,15,0.6
DRIAMS-A,Yersinia enterocolitica,Meropenem,6,0.0,0.0,15,0.6
DRIAMS-A,Yersinia enterocolitica,Piperacillin-Tazobactam,6,0.0,0.0,15,0.6
DRIAMS-A,Achromobacter xylosoxidans,Ceftazidime,5,0.0,0.0,174,0.9712643678160919
DRIAMS-A,Acidovorax temperans,Cefepime,5,0.0,0.0,20,0.75
DRIAMS-A,Acidovorax temperans,Ciprofloxacin,5,5.0,1.0,20,0.75
DRIAMS-A,Acidovorax temperans,Cotrimoxazole,5,0.0,0.0,20,0.75
DRIAMS-A,Acidovorax temperans,Meropenem,5,0.0,0.0,20,0.75
DRIAMS-A,Acidovorax temperans,Piperacillin-Tazobactam,5,0.0,0.0,20,0.75
DRIAMS-A,Acinetobacter baumannii,Ceftazidime-Avibactam,5,5.0,1.0,98,0.9489795918367347
DRIAMS-A,Acinetobacter baumannii,Ceftolozane-Tazobactam,5,5.0,1.0,98,0.9489795918367347
DRIAMS-A,Acinetobacter calcoaceticus,Ciprofloxacin,5,0.0,0.0,10,0.5
DRIAMS-A,Acinetobacter calcoaceticus,Colistin,5,0.0,0.0,10,0.5
DRIAMS-A,Acinetobacter calcoaceticus,Cotrimoxazole,5,0.0,0.0,10,0.5
DRIAMS-A,Acinetobacter calcoaceticus,Meropenem,5,0.0,0.0,10,0.5
DRIAMS-A,Acinetobacter junii,Imipenem,5,0.0,0.0,47,0.8936170212765957
DRIAMS-A,Acinetobacter ursingii,Ceftazidime,5,4.0,0.8,78,0.9358974358974359
DRIAMS-A,Actinomyces meyeri,Moxifloxacin,5,0.0,0.0,21,0.7619047619047619
DRIAMS-A,Actinomyces neuii,Moxifloxacin,5,0.0,0.0,320,0.984375
DRIAMS-A,Actinomyces neuii,Teicoplanin,5,0.0,0.0,320,0.984375
DRIAMS-A,Actinomyces odontolyticus,Moxifloxacin,5,0.0,0.0,363,0.9862258953168044
DRIAMS-A,Actinomyces oris,Moxifloxacin,5,0.0,0.0,80,0.9375
DRIAMS-A,Aerococcus urinae,Daptomycin,5,0.0,0.0,546,0.9908424908424909
DRIAMS-A,Aerococcus urinae,Meropenem,5,0.0,0.0,546,0.9908424908424909
DRIAMS-A,Aerococcus viridans,Ceftriaxone,5,2.0,0.4,46,0.8913043478260869
DRIAMS-A,Anaerococcus murdochii,Amoxicillin-Clavulanic acid,5,0.0,0.0,72,0.9305555555555556
DRIAMS-A,Anaerococcus sp,Amoxicillin,5,0.0,0.0,32,0.84375
DRIAMS-A,Bacillus thuringiensis,Clindamycin,5,3.0,0.6,18,0.7222222222222222
DRIAMS-A,Bacillus thuringiensis,Levofloxacin,5,0.0,0.0,18,0.7222222222222222
DRIAMS-A,Bacillus thuringiensis,Penicillin,5,5.0,1.0,18,0.7222222222222222
DRIAMS-A,Bacillus thuringiensis,Vancomycin,5,0.0,0.0,18,0.7222222222222222
DRIAMS-A,Bacteroides faecis,Amoxicillin-Clavulanic acid,5,0.0,0.0,50,0.9
DRIAMS-A,Bacteroides ovatus,Metronidazole,5,0.0,0.0,83,0.9397590361445783
DRIAMS-A,Bacteroides vulgatus,Penicillin,5,5.0,1.0,90,0.9444444444444444
DRIAMS-A,Bifidobacterium dentium,Levofloxacin,5,0.0,0.0,33,0.8484848484848485
DRIAMS-A,Bifidobacterium dentium,Moxifloxacin,5,0.0,0.0,33,0.8484848484848485
DRIAMS-A,Bifidobacterium dentium,Penicillin,5,0.0,0.0,33,0.8484848484848485
DRIAMS-A,Brevibacterium ravenspurgense,Ciprofloxacin,5,3.0,0.6,15,0.6666666666666667
DRIAMS-A,Brevibacterium ravenspurgense,Erythromycin,5,5.0,1.0,15,0.6666666666666667
DRIAMS-A,Brevibacterium ravenspurgense,Gentamicin,5,0.0,0.0,15,0.6666666666666667
DRIAMS-A,Brevibacterium ravenspurgense,Meropenem,5,0.0,0.0,15,0.6666666666666667
DRIAMS-A,Burkholderia ambifaria,Ceftazidime,5,0.0,0.0,8,0.375
DRIAMS-A,Burkholderia ambifaria,Meropenem,5,0.0,0.0,8,0.375
DRIAMS-A,Burkholderia cenocepacia,Ceftazidime,5,0.0,0.0,8,0.375
DRIAMS-A,Campylobacter coli,Azithromycin,5,5.0,1.0,71,0.9295774647887324
DRIAMS-A,Campylobacter fetus,Azithromycin,5,0.0,0.0,30,0.8333333333333334
DRIAMS-A,Campylobacter fetus,Ceftriaxone,5,5.0,1.0,30,0.8333333333333334
DRIAMS-A,Campylobacter fetus,Erythromycin,5,0.0,0.0,30,0.8333333333333334
DRIAMS-A,Campylobacter jejuni,Doxycycline,5,0.0,0.0,378,0.9867724867724867
DRIAMS-A,Candida kefyr,5-Fluorocytosine,5,0.0,0.0,51,0.9019607843137255
DRIAMS-A,Candida kefyr,Anidulafungin,5,0.0,0.0,51,0.9019607843137255
DRIAMS-A,Candida kefyr,Caspofungin,5,0.0,0.0,51,0.9019607843137255
DRIAMS-A,Candida kefyr,Fluconazole,5,0.0,0.0,51,0.9019607843137255
DRIAMS-A,Candida kefyr,Itraconazole,5,0.0,0.0,51,0.9019607843137255
DRIAMS-A,Candida kefyr,Micafungin,5,0.0,0.0,51,0.9019607843137255
DRIAMS-A,Candida kefyr,Voriconazole,5,0.0,0.0,51,0.9019607843137255
DRIAMS-A,Clostridium paraputrificum,Moxifloxacin,5,0.0,0.0,28,0.8214285714285714
DRIAMS-A,Clostridium subterminale,Amoxicillin,5,3.0,0.6,34,0.8529411764705882
DRIAMS-A,Clostridium subterminale,Ceftriaxone,5,3.0,0.6,34,0.8529411764705882
DRIAMS-A,Corynebacterium amycolatum,Amoxicillin-Clavulanic acid,5,0.0,0.0,397,0.9874055415617129
DRIAMS-A,Corynebacterium coyleae,Ceftriaxone,5,2.0,0.4,70,0.9285714285714286
DRIAMS-A,Corynebacterium coyleae,Ciprofloxacin,5,2.0,0.4,70,0.9285714285714286
DRIAMS-A,Corynebacterium coyleae,Penicillin,5,3.0,0.6,70,0.9285714285714286
DRIAMS-A,Corynebacterium coyleae,Vancomycin,5,0.0,0.0,70,0.9285714285714286
DRIAMS-A,Corynebacterium propinquum,Gentamicin,5,0.0,0.0,89,0.9438202247191011
DRIAMS-A,Delftia acidovorans,Cefepime,5,0.0,0.0,22,0.7727272727272727
DRIAMS-A,Delftia acidovorans,Ciprofloxacin,5,0.0,0.0,22,0.7727272727272727
DRIAMS-A,Delftia acidovorans,Cotrimoxazole,5,0.0,0.0,22,0.7727272727272727
DRIAMS-A,Delftia acidovorans,Meropenem,5,0.0,0.0,22,0.7727272727272727
DRIAMS-A,Delftia acidovorans,Piperacillin-Tazobactam,5,0.0,0.0,22,0.7727272727272727
DRIAMS-A,Dermabacter hominis,Linezolid,5,0.0,0.0,266,0.981203007518797
DRIAMS-A,Dermabacter hominis,Moxifloxacin,5,5.0,1.0,266,0.981203007518797
DRIAMS-A,Dialister pneumosintes,Penicillin,5,4.0,0.8,30,0.8333333333333334
DRIAMS-A,Eggerthella lenta,Amoxicillin-Clavulanic acid,5,0.0,0.0,116,0.9568965517241379
DRIAMS-A,Enterobacter hormaechei,Amikacin,5,0.0,0.0,12,0.5833333333333333
DRIAMS-A,Enterobacter hormaechei,Amoxicillin-Clavulanic acid,5,5.0,1.0,12,0.5833333333333333
DRIAMS-A,Enterobacter hormaechei,Ampicillin-Amoxicillin,5,5.0,1.0,12,0.5833333333333333
DRIAMS-A,Enterobacter hormaechei,Cefepime,5,1.0,0.2,12,0.5833333333333333
DRIAMS-A,Enterobacter hormaechei,Ceftazidime,5,2.0,0.4,12,0.5833333333333333
DRIAMS-A,Enterobacter hormaechei,Ceftriaxone,5,2.0,0.4,12,0.5833333333333333
DRIAMS-A,Enterobacter hormaechei,Ciprofloxacin,5,0.0,0.0,12,0.5833333333333333
DRIAMS-A,Enterobacter hormaechei,Colistin,5,0.0,0.0,12,0.5833333333333333
DRIAMS-A,Enterobacter hormaechei,Cotrimoxazole,5,0.0,0.0,12,0.5833333333333333
DRIAMS-A,Enterobacter hormaechei,Ertapenem,5,1.0,0.2,12,0.5833333333333333
DRIAMS-A,Enterobacter hormaechei,Imipenem,5,0.0,0.0,12,0.5833333333333333
DRIAMS-A,Enterobacter hormaechei,Levofloxacin,5,0.0,0.0,12,0.5833333333333333
DRIAMS-A,Enterobacter hormaechei,Meropenem,5,0.0,0.0,12,0.5833333333333333
DRIAMS-A,Enterobacter hormaechei,Piperacillin-Tazobactam,5,1.0,0.2,12,0.5833333333333333
DRIAMS-A,Enterobacter hormaechei,Tobramycin,5,0.0,0.0,12,0.5833333333333333
DRIAMS-A,Enterococcus durans,Ampicillin-Amoxicillin,5,0.0,0.0,11,0.5454545454545454
DRIAMS-A,Enterococcus durans,Imipenem,5,1.0,0.2,11,0.5454545454545454
DRIAMS-A,Enterococcus durans,Levofloxacin,5,0.0,0.0,11,0.5454545454545454
DRIAMS-A,Enterococcus durans,Linezolid,5,0.0,0.0,11,0.5454545454545454
DRIAMS-A,Enterococcus durans,Teicoplanin,5,0.0,0.0,11,0.5454545454545454
DRIAMS-A,Enterococcus durans,Tigecycline,5,0.0,0.0,11,0.5454545454545454
DRIAMS-A,Enterococcus durans,Vancomycin,5,0.0,0.0,11,0.5454545454545454
DRIAMS-A,Enterococcus faecalis,Ciprofloxacin,5,0.0,0.0,4418,0.9988682661837935
DRIAMS-A,Enterococcus faecalis,Penicillin,5,2.0,0.4,4418,0.9988682661837935
DRIAMS-A,Enterococcus hirae,Nitrofurantoin,5,5.0,1.0,25,0.8
DRIAMS-A,Escherichia coli,Moxifloxacin,5,0.0,0.0,7320,0.9993169398907104
DRIAMS-A,Escherichia coli,Tigecycline,5,0.0,0.0,7320,0.9993169398907104
DRIAMS-A,Fusobacterium nucleatum,Penicillin,5,0.0,0.0,131,0.9618320610687023
DRIAMS-A,Haemophilus parainfluenzae,Chloramphenicol,5,4.0,0.8,736,0.9932065217391305
DRIAMS-A,Haemophilus parainfluenzae,Quinolones,5,4.0,0.8,736,0.9932065217391305
DRIAMS-A,Klebsiella oxytoca,Nitrofurantoin,5,3.0,0.6,1088,0.9954044117647058
DRIAMS-A,Lactobacillus fermentum,Penicillin,5,0.0,0.0,127,0.9606299212598425
DRIAMS-A,Lactobacillus fermentum,Vancomycin,5,5.0,1.0,127,0.9606299212598425
DRIAMS-A,Lactobacillus rhamnosus,Levofloxacin,5,0.0,0.0,554,0.9909747292418772
DRIAMS-A,Lactococcus lactis,Ampicillin-Amoxicillin,5,0.0,0.0,19,0.736842105263158
DRIAMS-A,Lactococcus lactis,Ceftriaxone,5,0.0,0.0,19,0.736842105263158
DRIAMS-A,Lactococcus lactis,Erythromycin,5,0.0,0.0,19,0.736842105263158
DRIAMS-A,MIX!Acinetobacter junii,Colistin,5,0.0,0.0,7,0.2857142857142857
DRIAMS-A,MIX!Campylobacter jejuni,Ciprofloxacin,5,2.0,0.4,6,0.16666666666666663
DRIAMS-A,MIX!Campylobacter jejuni,Erythromycin,5,0.0,0.0,6,0.16666666666666663
DRIAMS-A,MIX!Corynebacterium aurimucosum,Ciprofloxacin,5,4.0,0.8,58,0.9137931034482758
DRIAMS-A,MIX!Corynebacterium aurimucosum,Erythromycin,5,3.0,0.6,58,0.9137931034482758
DRIAMS-A,MIX!Corynebacterium aurimucosum,Vancomycin,5,0.0,0.0,58,0.9137931034482758
DRIAMS-A,MIX!Enterobacter asburiae,Norfloxacin,5,0.0,0.0,34,0.8529411764705882
DRIAMS-A,MIX!Enterobacter kobei,Amikacin,5,0.0,0.0,11,0.5454545454545454
DRIAMS-A,MIX!Enterobacter kobei,Amoxicillin-Clavulanic acid,5,5.0,1.0,11,0.5454545454545454
DRIAMS-A,MIX!Enterobacter kobei,Ampicillin-Amoxicillin,5,5.0,1.0,11,0.5454545454545454
DRIAMS-A,MIX!Enterobacter kobei,Cefepime,5,0.0,0.0,11,0.5454545454545454
DRIAMS-A,MIX!Enterobacter kobei,Ceftazidime,5,3.0,0.6,11,0.5454545454545454
DRIAMS-A,MIX!Enterobacter kobei,Ceftriaxone,5,3.0,0.6,11,0.5454545454545454
DRIAMS-A,MIX!Enterobacter kobei,Ciprofloxacin,5,0.0,0.0,11,0.5454545454545454
DRIAMS-A,MIX!Enterobacter kobei,Cotrimoxazole,5,0.0,0.0,11,0.5454545454545454
DRIAMS-A,MIX!Enterobacter kobei,Ertapenem,5,2.0,0.4,11,0.5454545454545454
DRIAMS-A,MIX!Enterobacter kobei,Imipenem,5,0.0,0.0,11,0.5454545454545454
DRIAMS-A,MIX!Enterobacter kobei,Levofloxacin,5,0.0,0.0,11,0.5454545454545454
DRIAMS-A,MIX!Enterobacter kobei,Piperacillin-Tazobactam,5,3.0,0.6,11,0.5454545454545454
DRIAMS-A,MIX!Enterobacter kobei,Tobramycin,5,0.0,0.0,11,0.5454545454545454
DRIAMS-A,MIX!Pandoraea sp[2],Cefepime,5,5.0,1.0,8,0.375
DRIAMS-A,MIX!Pandoraea sp[2],Ciprofloxacin,5,5.0,1.0,8,0.375
DRIAMS-A,MIX!Pandoraea sp[2],Cotrimoxazole,5,1.0,0.2,8,0.375
DRIAMS-A,MIX!Pandoraea sp[2],Meropenem,5,5.0,1.0,8,0.375
DRIAMS-A,MIX!Pandoraea sp[2],Piperacillin-Tazobactam,5,0.0,0.0,8,0.375
DRIAMS-A,MIX!Staphylococcus capitis,Amoxicillin-Clavulanic acid,5,1.0,0.2,18,0.7222222222222222
DRIAMS-A,MIX!Staphylococcus capitis,Ampicillin-Amoxicillin,5,5.0,1.0,18,0.7222222222222222
DRIAMS-A,MIX!Staphylococcus capitis,Cefazolin,5,1.0,0.2,18,0.7222222222222222
DRIAMS-A,MIX!Staphylococcus capitis,Cefepime,5,1.0,0.2,18,0.7222222222222222
DRIAMS-A,MIX!Staphylococcus capitis,Ceftriaxone,5,1.0,0.2,18,0.7222222222222222
DRIAMS-A,MIX!Staphylococcus capitis,Cefuroxime,5,1.0,0.2,18,0.7222222222222222
DRIAMS-A,MIX!Staphylococcus capitis,Ciprofloxacin,5,0.0,0.0,18,0.7222222222222222
DRIAMS-A,MIX!Staphylococcus capitis,Clindamycin,5,1.0,0.2,18,0.7222222222222222
DRIAMS-A,MIX!Staphylococcus capitis,Cotrimoxazole,5,0.0,0.0,18,0.7222222222222222
DRIAMS-A,MIX!Staphylococcus capitis,Daptomycin,5,0.0,0.0,18,0.7222222222222222
DRIAMS-A,MIX!Staphylococcus capitis,Erythromycin,5,1.0,0.2,18,0.7222222222222222
DRIAMS-A,MIX!Staphylococcus capitis,Fusidic acid,5,0.0,0.0,18,0.7222222222222222
DRIAMS-A,MIX!Staphylococcus capitis,Gentamicin,5,0.0,0.0,18,0.7222222222222222
DRIAMS-A,MIX!Staphylococcus capitis,Imipenem,5,1.0,0.2,18,0.7222222222222222
DRIAMS-A,MIX!Staphylococcus capitis,Linezolid,5,0.0,0.0,18,0.7222222222222222
DRIAMS-A,MIX!Staphylococcus capitis,Meropenem,5,1.0,0.2,18,0.7222222222222222
DRIAMS-A,MIX!Staphylococcus capitis,Oxacillin,5,1.0,0.2,18,0.7222222222222222
DRIAMS-A,MIX!Staphylococcus capitis,Penicillin,5,5.0,1.0,18,0.7222222222222222
DRIAMS-A,MIX!Staphylococcus capitis,Piperacillin-Tazobactam,5,1.0,0.2,18,0.7222222222222222
DRIAMS-A,MIX!Staphylococcus capitis,Rifampicin,5,0.0,0.0,18,0.7222222222222222
DRIAMS-A,MIX!Staphylococcus capitis,Tetracycline,5,1.0,0.2,18,0.7222222222222222
DRIAMS-A,MIX!Staphylococcus capitis,Tigecycline,5,0.0,0.0,18,0.7222222222222222
DRIAMS-A,MIX!Staphylococcus capitis,Vancomycin,5,0.0,0.0,18,0.7222222222222222
DRIAMS-A,MIX!Staphylococcus cohnii,Amoxicillin-Clavulanic acid,5,0.0,0.0,6,0.16666666666666663
DRIAMS-A,MIX!Staphylococcus cohnii,Ampicillin-Amoxicillin,5,5.0,1.0,6,0.16666666666666663
DRIAMS-A,MIX!Staphylococcus cohnii,Cefazolin,5,0.0,0.0,6,0.16666666666666663
DRIAMS-A,MIX!Staphylococcus cohnii,Cefepime,5,0.0,0.0,6,0.16666666666666663
DRIAMS-A,MIX!Staphylococcus cohnii,Ceftriaxone,5,0.0,0.0,6,0.16666666666666663
DRIAMS-A,MIX!Staphylococcus cohnii,Cefuroxime,5,0.0,0.0,6,0.16666666666666663
DRIAMS-A,MIX!Staphylococcus cohnii,Ciprofloxacin,5,0.0,0.0,6,0.16666666666666663
DRIAMS-A,MIX!Staphylococcus cohnii,Clindamycin,5,4.0,0.8,6,0.16666666666666663
DRIAMS-A,MIX!Staphylococcus cohnii,Cotrimoxazole,5,0.0,0.0,6,0.16666666666666663
DRIAMS-A,MIX!Staphylococcus cohnii,Daptomycin,5,0.0,0.0,6,0.16666666666666663
DRIAMS-A,MIX!Staphylococcus cohnii,Erythromycin,5,4.0,0.8,6,0.16666666666666663
DRIAMS-A,MIX!Staphylococcus cohnii,Fusidic acid,5,5.0,1.0,6,0.16666666666666663
DRIAMS-A,MIX!Staphylococcus cohnii,Gentamicin,5,0.0,0.0,6,0.16666666666666663
DRIAMS-A,MIX!Staphylococcus cohnii,Imipenem,5,0.0,0.0,6,0.16666666666666663
DRIAMS-A,MIX!Staphylococcus cohnii,Linezolid,5,0.0,0.0,6,0.16666666666666663
DRIAMS-A,MIX!Staphylococcus cohnii,Meropenem,5,0.0,0.0,6,0.16666666666666663
DRIAMS-A,MIX!Staphylococcus cohnii,Oxacillin,5,0.0,0.0,6,0.16666666666666663
DRIAMS-A,MIX!Staphylococcus cohnii,Penicillin,5,5.0,1.0,6,0.16666666666666663
DRIAMS-A,MIX!Staphylococcus cohnii,Piperacillin-Tazobactam,5,0.0,0.0,6,0.16666666666666663
DRIAMS-A,MIX!Staphylococcus cohnii,Rifampicin,5,0.0,0.0,6,0.16666666666666663
DRIAMS-A,MIX!Staphylococcus cohnii,Teicoplanin,5,0.0,0.0,6,0.16666666666666663
DRIAMS-A,MIX!Staphylococcus cohnii,Tetracycline,5,0.0,0.0,6,0.16666666666666663
DRIAMS-A,MIX!Staphylococcus cohnii,Tigecycline,5,0.0,0.0,6,0.16666666666666663
DRIAMS-A,MIX!Staphylococcus cohnii,Vancomycin,5,0.0,0.0,6,0.16666666666666663
DRIAMS-A,MIX!Staphylococcus haemolyticus,Amoxicillin-Clavulanic acid,5,4.0,0.8,20,0.75
DRIAMS-A,MIX!Staphylococcus haemolyticus,Ampicillin-Amoxicillin,5,5.0,1.0,20,0.75
DRIAMS-A,MIX!Staphylococcus haemolyticus,Cefazolin,5,4.0,0.8,20,0.75
DRIAMS-A,MIX!Staphylococcus haemolyticus,Cefepime,5,4.0,0.8,20,0.75
DRIAMS-A,MIX!Staphylococcus haemolyticus,Ceftriaxone,5,4.0,0.8,20,0.75
DRIAMS-A,MIX!Staphylococcus haemolyticus,Cefuroxime,5,4.0,0.8,20,0.75
DRIAMS-A,MIX!Staphylococcus haemolyticus,Ciprofloxacin,5,4.0,0.8,20,0.75
DRIAMS-A,MIX!Staphylococcus haemolyticus,Clindamycin,5,0.0,0.0,20,0.75
DRIAMS-A,MIX!Staphylococcus haemolyticus,Cotrimoxazole,5,3.0,0.6,20,0.75
DRIAMS-A,MIX!Staphylococcus haemolyticus,Daptomycin,5,0.0,0.0,20,0.75
DRIAMS-A,MIX!Staphylococcus haemolyticus,Erythromycin,5,4.0,0.8,20,0.75
DRIAMS-A,MIX!Staphylococcus haemolyticus,Fusidic acid,5,3.0,0.6,20,0.75
DRIAMS-A,MIX!Staphylococcus haemolyticus,Gentamicin,5,3.0,0.6,20,0.75
DRIAMS-A,MIX!Staphylococcus haemolyticus,Imipenem,5,4.0,0.8,20,0.75
DRIAMS-A,MIX!Staphylococcus haemolyticus,Linezolid,5,0.0,0.0,20,0.75
DRIAMS-A,MIX!Staphylococcus haemolyticus,Meropenem,5,4.0,0.8,20,0.75
DRIAMS-A,MIX!Staphylococcus haemolyticus,Oxacillin,5,4.0,0.8,20,0.75
DRIAMS-A,MIX!Staphylococcus haemolyticus,Penicillin,5,5.0,1.0,20,0.75
DRIAMS-A,MIX!Staphylococcus haemolyticus,Piperacillin-Tazobactam,5,4.0,0.8,20,0.75
DRIAMS-A,MIX!Staphylococcus haemolyticus,Rifampicin,5,2.0,0.4,20,0.75
DRIAMS-A,MIX!Staphylococcus haemolyticus,Teicoplanin,5,2.0,0.4,20,0.75
DRIAMS-A,MIX!Staphylococcus haemolyticus,Tetracycline,5,4.0,0.8,20,0.75
DRIAMS-A,MIX!Staphylococcus haemolyticus,Tigecycline,5,0.0,0.0,20,0.75
DRIAMS-A,MIX!Staphylococcus haemolyticus,Vancomycin,5,0.0,0.0,20,0.75
DRIAMS-A,Neisseria meningitidis,Penicillin,5,3.0,0.6,68,0.9264705882352942
DRIAMS-A,Neisseria meningitidis,Rifampicin,5,0.0,0.0,68,0.9264705882352942
DRIAMS-A,Ochrobactrum anthropi,Cefepime,5,5.0,1.0,26,0.8076923076923077
DRIAMS-A,Ochrobactrum anthropi,Cotrimoxazole,5,0.0,0.0,26,0.8076923076923077
DRIAMS-A,Parabacteroides distasonis,Metronidazole,5,0.0,0.0,71,0.9295774647887324
DRIAMS-A,Parvimonas micra,Daptomycin,5,0.0,0.0,396,0.9873737373737373
DRIAMS-A,Parvimonas micra,Erythromycin,5,0.0,0.0,396,0.9873737373737373
DRIAMS-A,Peptoniphilus coxii,Amoxicillin,5,0.0,0.0,30,0.8333333333333334
DRIAMS-A,Prevotella timonensis,Penicillin,5,5.0,1.0,43,0.8837209302325582
DRIAMS-A,Propionibacterium acnes,Amoxicillin-Clavulanic acid,5,0.0,0.0,2837,0.9982375749030666
DRIAMS-A,Proteus vulgaris,Nitrofurantoin,5,5.0,1.0,493,0.9898580121703854
DRIAMS-A,Pseudomonas aeruginosa,Amoxicillin-Clavulanic acid,5,4.0,0.8,4852,0.9989694971145919
DRIAMS-A,Pseudomonas putida,Cefepime,5,0.0,0.0,22,0.7727272727272727
DRIAMS-A,Pseudomonas putida,Ciprofloxacin,5,1.0,0.2,22,0.7727272727272727
DRIAMS-A,Pseudomonas putida,Colistin,5,0.0,0.0,22,0.7727272727272727
DRIAMS-A,Pseudomonas putida,Meropenem,5,1.0,0.2,22,0.7727272727272727
DRIAMS-A,Pseudomonas putida,Piperacillin-Tazobactam,5,1.0,0.2,22,0.7727272727272727
DRIAMS-A,Pseudomonas putida,Tobramycin,5,0.0,0.0,22,0.7727272727272727
DRIAMS-A,Rahnella aquatilis,Imipenem,5,0.0,0.0,9,0.4444444444444444
DRIAMS-A,Rahnella aquatilis,Meropenem,5,0.0,0.0,9,0.4444444444444444
DRIAMS-A,Rhizobium radiobacter,Colistin,5,0.0,0.0,34,0.8529411764705882
DRIAMS-A,Rothia dentocariosa,Erythromycin,5,1.0,0.2,106,0.9528301886792453
DRIAMS-A,Rothia dentocariosa,Gentamicin,5,0.0,0.0,106,0.9528301886792453
DRIAMS-A,Rothia dentocariosa,Meropenem,5,0.0,0.0,106,0.9528301886792453
DRIAMS-A,Salmonella spp,Norfloxacin,5,2.0,0.4,72,0.9305555555555556
DRIAMS-A,Serratia rubidaea,Cefpodoxime,5,5.0,1.0,13,0.6153846153846154
DRIAMS-A,Serratia rubidaea,Fosfomycin-Trometamol,5,0.0,0.0,13,0.6153846153846154
DRIAMS-A,Serratia rubidaea,Norfloxacin,5,0.0,0.0,13,0.6153846153846154
DRIAMS-A,Staphylococcus capitis,Fosfomycin-Trometamol,5,5.0,1.0,794,0.9937027707808564
DRIAMS-A,Streptococcus constellatus,Clarithromycin,5,1.0,0.2,810,0.9938271604938271
DRIAMS-A,Streptococcus constellatus,Oxacillin,5,3.0,0.6,810,0.9938271604938271
DRIAMS-A,Streptococcus constellatus,Penicillin_with_meningitis,5,3.0,0.6,810,0.9938271604938271
DRIAMS-A,Streptococcus constellatus,Penicillin_with_other_infections,5,2.0,0.4,810,0.9938271604938271
DRIAMS-A,Streptococcus constellatus,Penicillin_with_pneumonia,5,0.0,0.0,810,0.9938271604938271
DRIAMS-A,Streptococcus intermedius,Ceftriaxone,5,0.0,0.0,377,0.986737400530504
DRIAMS-A,Streptococcus oralis,Gentamicin,5,0.0,0.0,929,0.9946178686759957
DRIAMS-A,Streptococcus oralis,Moxifloxacin,5,0.0,0.0,929,0.9946178686759957
DRIAMS-A,Streptococcus parasanguinis,Amoxicillin-Clavulanic acid,5,5.0,1.0,385,0.987012987012987
DRIAMS-A,Streptococcus parasanguinis,Moxifloxacin,5,4.0,0.8,385,0.987012987012987
DRIAMS-A,Streptococcus pseudopneumoniae,Ceftriaxone,5,1.0,0.2,58,0.9137931034482758
DRIAMS-A,Streptococcus vestibularis,Gentamicin_high_level,5,0.0,0.0,445,0.9887640449438202
DRIAMS-A,Trichosporon mycotoxinivorans,Anidulafungin,5,5.0,1.0,41,0.8780487804878049
DRIAMS-A,Trichosporon mycotoxinivorans,Caspofungin,5,5.0,1.0,41,0.8780487804878049
DRIAMS-A,Trichosporon mycotoxinivorans,Fluconazole,5,5.0,1.0,41,0.8780487804878049
DRIAMS-A,Trichosporon mycotoxinivorans,Micafungin,5,5.0,1.0,41,0.8780487804878049
DRIAMS-A,Veillonella parvula,Ceftriaxone,5,0.0,0.0,133,0.9624060150375939
DRIAMS-A,Veillonella parvula,Moxifloxacin,5,0.0,0.0,133,0.9624060150375939
DRIAMS-A,Acinetobacter baumannii,Rifampicin,4,4.0,1.0,98,0.9591836734693877
DRIAMS-A,Acinetobacter haemolyticus,Ciprofloxacin,4,0.0,0.0,11,0.6363636363636364
DRIAMS-A,Acinetobacter haemolyticus,Colistin,4,0.0,0.0,11,0.6363636363636364
DRIAMS-A,Acinetobacter haemolyticus,Cotrimoxazole,4,3.0,0.75,11,0.6363636363636364
DRIAMS-A,Acinetobacter haemolyticus,Meropenem,4,0.0,0.0,11,0.6363636363636364
DRIAMS-A,Acinetobacter johnsonii,Cefepime,4,2.0,0.5,36,0.8888888888888888
DRIAMS-A,Acinetobacter johnsonii,Ceftazidime,4,0.0,0.0,36,0.8888888888888888
DRIAMS-A,Acinetobacter johnsonii,Piperacillin-Tazobactam,4,0.0,0.0,36,0.8888888888888888
DRIAMS-A,Acinetobacter nosocomialis,Amikacin,4,0.0,0.0,12,0.6666666666666667
DRIAMS-A,Acinetobacter nosocomialis,Cefepime,4,0.0,0.0,12,0.6666666666666667
DRIAMS-A,Acinetobacter nosocomialis,Ceftazidime,4,1.0,0.25,12,0.6666666666666667
DRIAMS-A,Acinetobacter nosocomialis,Ceftriaxone,4,4.0,1.0,12,0.6666666666666667
DRIAMS-A,Acinetobacter nosocomialis,Ciprofloxacin,4,0.0,0.0,12,0.6666666666666667
DRIAMS-A,Acinetobacter nosocomialis,Colistin,4,0.0,0.0,12,0.6666666666666667
DRIAMS-A,Acinetobacter nosocomialis,Cotrimoxazole,4,1.0,0.25,12,0.6666666666666667
DRIAMS-A,Acinetobacter nosocomialis,Imipenem,4,0.0,0.0,12,0.6666666666666667
DRIAMS-A,Acinetobacter nosocomialis,Levofloxacin,4,0.0,0.0,12,0.6666666666666667
DRIAMS-A,Acinetobacter nosocomialis,Meropenem,4,0.0,0.0,12,0.6666666666666667
DRIAMS-A,Acinetobacter nosocomialis,Piperacillin-Tazobactam,4,1.0,0.25,12,0.6666666666666667
DRIAMS-A,Acinetobacter nosocomialis,Tobramycin,4,0.0,0.0,12,0.6666666666666667
DRIAMS-A,Acinetobacter parvus,Ciprofloxacin,4,0.0,0.0,13,0.6923076923076923
DRIAMS-A,Acinetobacter parvus,Cotrimoxazole,4,0.0,0.0,13,0.6923076923076923
DRIAMS-A,Acinetobacter parvus,Meropenem,4,0.0,0.0,13,0.6923076923076923
DRIAMS-A,Actinomyces meyeri,Clindamycin,4,0.0,0.0,21,0.8095238095238095
DRIAMS-A,Actinotignum schaalii,Clindamycin,4,4.0,1.0,555,0.9927927927927928
DRIAMS-A,Actinotignum schaalii,Moxifloxacin,4,0.0,0.0,555,0.9927927927927928
DRIAMS-A,Aerococcus christensenii,Amoxicillin,4,0.0,0.0,8,0.5
DRIAMS-A,Aerococcus christensenii,Cotrimoxazole,4,4.0,1.0,8,0.5
DRIAMS-A,Aerococcus christensenii,Levofloxacin,4,4.0,1.0,8,0.5
DRIAMS-A,Aerococcus sanguinicola,Amoxicillin,4,0.0,0.0,64,0.9375
DRIAMS-A,Aerococcus sanguinicola,Ceftriaxone,4,0.0,0.0,64,0.9375
DRIAMS-A,Aerococcus urinae,Ciprofloxacin,4,2.0,0.5,546,0.9926739926739927
DRIAMS-A,Aerococcus urinae,Vancomycin,4,0.0,0.0,546,0.9926739926739927
DRIAMS-A,Aerococcus viridans,Levofloxacin,4,1.0,0.25,46,0.9130434782608696
DRIAMS-A,Aeromonas veronii,Ceftriaxone,4,0.0,0.0,7,0.4285714285714286
DRIAMS-A,Aeromonas veronii,Ciprofloxacin,4,0.0,0.0,7,0.4285714285714286
DRIAMS-A,Aeromonas veronii,Cotrimoxazole,4,0.0,0.0,7,0.4285714285714286
DRIAMS-A,Aggregatibacter segnis,Amoxicillin-Clavulanic acid,4,0.0,0.0,46,0.9130434782608696
DRIAMS-A,Aggregatibacter segnis,Ampicillin-Amoxicillin,4,0.0,0.0,46,0.9130434782608696
DRIAMS-A,Aggregatibacter segnis,Ceftriaxone,4,0.0,0.0,46,0.9130434782608696
DRIAMS-A,Aggregatibacter segnis,Ciprofloxacin,4,0.0,0.0,46,0.9130434782608696
DRIAMS-A,Anaerococcus murdochii,Levofloxacin,4,4.0,1.0,72,0.9444444444444444
DRIAMS-A,Anaerococcus sp,Amoxicillin-Clavulanic acid,4,0.0,0.0,32,0.875
DRIAMS-A,Bacillus mycoides,Amikacin,4,0.0,0.0,23,0.8260869565217391
DRIAMS-A,Bacillus mycoides,Meropenem,4,0.0,0.0,23,0.8260869565217391
DRIAMS-A,Bacteroides faecis,Moxifloxacin,4,0.0,0.0,50,0.92
DRIAMS-A,Bacteroides ovatus,Amoxicillin-Clavulanic acid,4,0.0,0.0,83,0.9518072289156626
DRIAMS-A,Bacteroides uniformis,Amoxicillin-Clavulanic acid,4,0.0,0.0,33,0.8787878787878788
DRIAMS-A,Bacteroides uniformis,Metronidazole,4,0.0,0.0,33,0.8787878787878788
DRIAMS-A,Bacteroides uniformis,Piperacillin-Tazobactam,4,0.0,0.0,33,0.8787878787878788
DRIAMS-A,Bifidobacterium longum,Vancomycin,4,0.0,0.0,77,0.948051948051948
DRIAMS-A,Bifidobacterium pseudocatenulatum,Penicillin,4,0.0,0.0,4,0.0
DRIAMS-A,Bifidobacterium pseudocatenulatum,Vancomycin,4,0.0,0.0,4,0.0
DRIAMS-A,Brevibacterium paucivorans,Ceftriaxone,4,0.0,0.0,36,0.8888888888888888
DRIAMS-A,Brevibacterium paucivorans,Ciprofloxacin,4,0.0,0.0,36,0.8888888888888888
DRIAMS-A,Brevibacterium paucivorans,Erythromycin,4,4.0,1.0,36,0.8888888888888888
DRIAMS-A,Brevibacterium paucivorans,Meropenem,4,0.0,0.0,36,0.8888888888888888
DRIAMS-A,Brevibacterium paucivorans,Penicillin,4,4.0,1.0,36,0.8888888888888888
DRIAMS-A,Brevibacterium paucivorans,Vancomycin,4,0.0,0.0,36,0.8888888888888888
DRIAMS-A,Brevundimonas diminuta,Aztreonam,4,4.0,1.0,17,0.7647058823529411
DRIAMS-A,Brevundimonas diminuta,Cefepime,4,4.0,1.0,17,0.7647058823529411
DRIAMS-A,Brevundimonas diminuta,Ceftazidime,4,4.0,1.0,17,0.7647058823529411
DRIAMS-A,Brevundimonas diminuta,Ciprofloxacin,4,4.0,1.0,17,0.7647058823529411
DRIAMS-A,Brevundimonas diminuta,Colistin,4,4.0,1.0,17,0.7647058823529411
DRIAMS-A,Brevundimonas diminuta,Imipenem,4,0.0,0.0,17,0.7647058823529411
DRIAMS-A,Brevundimonas diminuta,Levofloxacin,4,4.0,1.0,17,0.7647058823529411
DRIAMS-A,Brevundimonas diminuta,Meropenem,4,0.0,0.0,17,0.7647058823529411
DRIAMS-A,Brevundimonas diminuta,Piperacillin-Tazobactam,4,0.0,0.0,17,0.7647058823529411
DRIAMS-A,Brevundimonas diminuta,Tobramycin,4,4.0,1.0,17,0.7647058823529411
DRIAMS-A,Burkholderia ambifaria,Levofloxacin,4,0.0,0.0,8,0.5
DRIAMS-A,Burkholderia gladioli,Ciprofloxacin,4,0.0,0.0,5,0.19999999999999996
DRIAMS-A,Burkholderia gladioli,Cotrimoxazole,4,0.0,0.0,5,0.19999999999999996
DRIAMS-A,Burkholderia gladioli,Piperacillin-Tazobactam,4,0.0,0.0,5,0.19999999999999996
DRIAMS-A,Campylobacter coli,Ertapenem,4,4.0,1.0,71,0.9436619718309859
DRIAMS-A,Candida albicans_(africana),5-Fluorocytosine,4,0.0,0.0,26,0.8461538461538461
DRIAMS-A,Candida albicans_(africana),Amphotericin B,4,0.0,0.0,26,0.8461538461538461
DRIAMS-A,Candida albicans_(africana),Anidulafungin,4,1.0,0.25,26,0.8461538461538461
DRIAMS-A,Candida albicans_(africana),Caspofungin,4,0.0,0.0,26,0.8461538461538461
DRIAMS-A,Candida albicans_(africana),Fluconazole,4,0.0,0.0,26,0.8461538461538461
DRIAMS-A,Candida albicans_(africana),Itraconazole,4,0.0,0.0,26,0.8461538461538461
DRIAMS-A,Candida albicans_(africana),Micafungin,4,0.0,0.0,26,0.8461538461538461
DRIAMS-A,Candida albicans_(africana),Posaconazole,4,0.0,0.0,26,0.8461538461538461
DRIAMS-A,Candida albicans_(africana),Voriconazole,4,0.0,0.0,26,0.8461538461538461
DRIAMS-A,Candida dubliniensis,Amphotericin B,4,0.0,0.0,217,0.9815668202764977
DRIAMS-A,Candida glabrata,Posaconazole,4,0.0,0.0,842,0.995249406175772
DRIAMS-A,Candida glabrata,Voriconazole,4,0.0,0.0,842,0.995249406175772
DRIAMS-A,Candida nivariensis,5-Fluorocytosine,4,0.0,0.0,11,0.6363636363636364
DRIAMS-A,Candida nivariensis,Anidulafungin,4,0.0,0.0,11,0.6363636363636364
DRIAMS-A,Candida nivariensis,Caspofungin,4,0.0,0.0,11,0.6363636363636364
DRIAMS-A,Candida nivariensis,Fluconazole,4,4.0,1.0,11,0.6363636363636364
DRIAMS-A,Candida nivariensis,Itraconazole,4,4.0,1.0,11,0.6363636363636364
DRIAMS-A,Candida nivariensis,Micafungin,4,0.0,0.0,11,0.6363636363636364
DRIAMS-A,Candida nivariensis,Voriconazole,4,0.0,0.0,11,0.6363636363636364
DRIAMS-A,Chryseobacterium sp,Cefepime,4,0.0,0.0,4,0.0
DRIAMS-A,Chryseobacterium sp,Ciprofloxacin,4,0.0,0.0,4,0.0
DRIAMS-A,Chryseobacterium sp,Cotrimoxazole,4,0.0,0.0,4,0.0
DRIAMS-A,Chryseobacterium sp,Meropenem,4,0.0,0.0,4,0.0
DRIAMS-A,Chryseobacterium sp,Piperacillin-Tazobactam,4,0.0,0.0,4,0.0
DRIAMS-A,Citrobacter freundii,Aztreonam,4,2.0,0.5,980,0.9959183673469387
DRIAMS-A,Clostridium paraputrificum,Meropenem,4,1.0,0.25,28,0.8571428571428572
DRIAMS-A,Clostridium ramosum,Penicillin,4,1.0,0.25,25,0.84
DRIAMS-A,Corynebacterium amycolatum,Clindamycin,4,4.0,1.0,397,0.9899244332493703
DRIAMS-A,Corynebacterium amycolatum,Doxycycline,4,0.0,0.0,397,0.9899244332493703
DRIAMS-A,Corynebacterium aurimucosum,Cotrimoxazole,4,1.0,0.25,149,0.9731543624161074
DRIAMS-A,Corynebacterium bovis,Ceftriaxone,4,0.0,0.0,14,0.7142857142857143
DRIAMS-A,Corynebacterium bovis,Ciprofloxacin,4,0.0,0.0,14,0.7142857142857143
DRIAMS-A,Corynebacterium bovis,Imipenem,4,0.0,0.0,14,0.7142857142857143
DRIAMS-A,Corynebacterium bovis,Penicillin,4,0.0,0.0,14,0.7142857142857143
DRIAMS-A,Corynebacterium bovis,Vancomycin,4,0.0,0.0,14,0.7142857142857143
DRIAMS-A,Corynebacterium glucuronolyticum,Imipenem,4,0.0,0.0,92,0.9565217391304348
DRIAMS-A,Corynebacterium imitans,Ceftriaxone,4,4.0,1.0,14,0.7142857142857143
DRIAMS-A,Corynebacterium imitans,Ciprofloxacin,4,4.0,1.0,14,0.7142857142857143
DRIAMS-A,Corynebacterium imitans,Erythromycin,4,4.0,1.0,14,0.7142857142857143
DRIAMS-A,Corynebacterium imitans,Meropenem,4,0.0,0.0,14,0.7142857142857143
DRIAMS-A,Corynebacterium imitans,Penicillin,4,4.0,1.0,14,0.7142857142857143
DRIAMS-A,Corynebacterium imitans,Vancomycin,4,0.0,0.0,14,0.7142857142857143
DRIAMS-A,Corynebacterium kroppenstedtii,Amoxicillin,4,0.0,0.0,39,0.8974358974358975
DRIAMS-A,Corynebacterium kroppenstedtii,Moxifloxacin,4,0.0,0.0,39,0.8974358974358975
DRIAMS-A,Corynebacterium mucifaciens,Ceftriaxone,4,3.0,0.75,13,0.6923076923076923
DRIAMS-A,Corynebacterium mucifaciens,Ciprofloxacin,4,4.0,1.0,13,0.6923076923076923
DRIAMS-A,Corynebacterium mucifaciens,Erythromycin,4,3.0,0.75,13,0.6923076923076923
DRIAMS-A,Corynebacterium mucifaciens,Gentamicin,4,0.0,0.0,13,0.6923076923076923
DRIAMS-A,Corynebacterium mucifaciens,Meropenem,4,0.0,0.0,13,0.6923076923076923
DRIAMS-A,Corynebacterium mucifaciens,Penicillin,4,3.0,0.75,13,0.6923076923076923
DRIAMS-A,Corynebacterium mucifaciens,Vancomycin,4,0.0,0.0,13,0.6923076923076923
DRIAMS-A,Corynebacterium tuberculostearicum,Doxycycline,4,0.0,0.0,578,0.9930795847750865
DRIAMS-A,Corynebacterium tuberculostearicum,Moxifloxacin,4,4.0,1.0,578,0.9930795847750865
DRIAMS-A,Corynebacterium urealyticum,Ceftriaxone,4,2.0,0.5,10,0.6
DRIAMS-A,Corynebacterium urealyticum,Ciprofloxacin,4,4.0,1.0,10,0.6
DRIAMS-A,Corynebacterium urealyticum,Erythromycin,4,1.0,0.25,10,0.6
DRIAMS-A,Corynebacterium urealyticum,Gentamicin,4,2.0,0.5,10,0.6
DRIAMS-A,Corynebacterium urealyticum,Meropenem,4,2.0,0.5,10,0.6
DRIAMS-A,Corynebacterium urealyticum,Penicillin,4,3.0,0.75,10,0.6
DRIAMS-A,Corynebacterium urealyticum,Vancomycin,4,0.0,0.0,10,0.6
DRIAMS-A,Dermabacter hominis,Doxycycline,4,0.0,0.0,266,0.9849624060150376
DRIAMS-A,Dermabacter hominis,Rifampicin,4,0.0,0.0,266,0.9849624060150376
DRIAMS-A,Eggerthella lenta,Metronidazole,4,0.0,0.0,116,0.9655172413793104
DRIAMS-A,Enterococcus casseliflavus,Gentamicin_high_level,4,0.0,0.0,20,0.8
DRIAMS-A,Enterococcus casseliflavus,Nitrofurantoin,4,0.0,0.0,20,0.8
DRIAMS-A,Enterococcus faecium,Amoxicillin-Clavulanic acid,4,1.0,0.25,1751,0.9977155910908052
DRIAMS-A,Enterococcus faecium,Bacitracin,4,4.0,1.0,1751,0.9977155910908052
DRIAMS-A,Enterococcus faecium,Moxifloxacin,4,4.0,1.0,1751,0.9977155910908052
DRIAMS-A,Enterococcus faecium,Strepomycin_high_level,4,0.0,0.0,1751,0.9977155910908052
DRIAMS-A,Enterococcus gallinarum,Nitrofurantoin,4,0.0,0.0,29,0.8620689655172413
DRIAMS-A,Escherichia coli,Fosfomycin,4,0.0,0.0,7320,0.9994535519125683
DRIAMS-A,Fusobacterium nucleatum,Clindamycin,4,3.0,0.75,131,0.9694656488549618
DRIAMS-A,Fusobacterium sp,Ceftriaxone,4,0.0,0.0,23,0.8260869565217391
DRIAMS-A,Fusobacterium sp,Clindamycin,4,0.0,0.0,23,0.8260869565217391
DRIAMS-A,Fusobacterium sp,Moxifloxacin,4,0.0,0.0,23,0.8260869565217391
DRIAMS-A,Granulicatella adiacens,Daptomycin,4,4.0,1.0,105,0.9619047619047619
DRIAMS-A,Haemophilus influenzae,Clarithromycin,4,3.0,0.75,779,0.9948652118100129
DRIAMS-A,Haemophilus influenzae,Doxycycline,4,0.0,0.0,779,0.9948652118100129
DRIAMS-A,Haemophilus parainfluenzae,Moxifloxacin,4,4.0,1.0,736,0.9945652173913043
DRIAMS-A,Haemophilus pittmaniae,Amoxicillin,4,0.0,0.0,8,0.5
DRIAMS-A,Haemophilus pittmaniae,Amoxicillin-Clavulanic acid,4,0.0,0.0,8,0.5
DRIAMS-A,Haemophilus pittmaniae,Ceftriaxone,4,0.0,0.0,8,0.5
DRIAMS-A,Haemophilus pittmaniae,Cefuroxime,4,0.0,0.0,8,0.5
DRIAMS-A,Haemophilus pittmaniae,Levofloxacin,4,0.0,0.0,8,0.5
DRIAMS-A,Haemophilus pittmaniae,Meropenem_with_meningitis,4,0.0,0.0,8,0.5
DRIAMS-A,Haemophilus pittmaniae,Meropenem_without_meningitis,4,0.0,0.0,8,0.5
DRIAMS-A,Haemophilus pittmaniae,Penicillin,4,0.0,0.0,8,0.5
DRIAMS-A,Klebsiella pneumoniae,Gentamicin,4,0.0,0.0,3921,0.9989798520785514
DRIAMS-A,Kocuria rhizophila,Clindamycin,4,0.0,0.0,17,0.7647058823529411
DRIAMS-A,Kocuria rhizophila,Erythromycin,4,0.0,0.0,17,0.7647058823529411
DRIAMS-A,Kocuria rhizophila,Penicillin,4,0.0,0.0,17,0.7647058823529411
DRIAMS-A,Kocuria rhizophila,Vancomycin,4,0.0,0.0,17,0.7647058823529411
DRIAMS-A,Kocuria sp,Clindamycin,4,4.0,1.0,18,0.7777777777777778
DRIAMS-A,Kocuria sp,Erythromycin,4,1.0,0.25,18,0.7777777777777778
DRIAMS-A,Kocuria sp,Penicillin,4,0.0,0.0,18,0.7777777777777778
DRIAMS-A,Kocuria sp,Vancomycin,4,0.0,0.0,18,0.7777777777777778
DRIAMS-A,Lactobacillus gasseri,Amoxicillin,4,0.0,0.0,840,0.9952380952380953
DRIAMS-A,Lactobacillus gasseri,Amoxicillin-Clavulanic acid,4,0.0,0.0,840,0.9952380952380953
DRIAMS-A,Lactobacillus gasseri,Clindamycin,4,0.0,0.0,840,0.9952380952380953
DRIAMS-A,Lactobacillus gasseri,Moxifloxacin,4,0.0,0.0,840,0.9952380952380953
DRIAMS-A,Lactobacillus rhamnosus,Daptomycin,4,0.0,0.0,554,0.9927797833935018
DRIAMS-A,Leuconostoc citreum,Ampicillin-Amoxicillin,4,0.0,0.0,16,0.75
DRIAMS-A,Leuconostoc citreum,Ciprofloxacin,4,4.0,1.0,16,0.75
DRIAMS-A,Leuconostoc citreum,Clindamycin,4,0.0,0.0,16,0.75
DRIAMS-A,Leuconostoc citreum,Levofloxacin,4,0.0,0.0,16,0.75
DRIAMS-A,Leuconostoc citreum,Penicillin,4,0.0,0.0,16,0.75
DRIAMS-A,Leuconostoc citreum,Rifampicin,4,0.0,0.0,16,0.75
DRIAMS-A,MIX!Achromobacter piechaudii,Cefepime,4,2.0,0.5,7,0.4285714285714286
DRIAMS-A,MIX!Achromobacter piechaudii,Ciprofloxacin,4,2.0,0.5,7,0.4285714285714286
DRIAMS-A,MIX!Achromobacter piechaudii,Cotrimoxazole,4,0.0,0.0,7,0.4285714285714286
DRIAMS-A,MIX!Achromobacter piechaudii,Meropenem,4,0.0,0.0,7,0.4285714285714286
DRIAMS-A,MIX!Achromobacter piechaudii,Piperacillin-Tazobactam,4,0.0,0.0,7,0.4285714285714286
DRIAMS-A,MIX!Acinetobacter baumannii,Minocycline,4,4.0,1.0,55,0.9272727272727272
DRIAMS-A,MIX!Acinetobacter baylyi,Ciprofloxacin,4,0.0,0.0,6,0.33333333333333337
DRIAMS-A,MIX!Acinetobacter baylyi,Colistin,4,0.0,0.0,6,0.33333333333333337
DRIAMS-A,MIX!Acinetobacter baylyi,Cotrimoxazole,4,0.0,0.0,6,0.33333333333333337
DRIAMS-A,MIX!Acinetobacter baylyi,Meropenem,4,0.0,0.0,6,0.33333333333333337
DRIAMS-A,MIX!Acinetobacter junii,Cefepime,4,0.0,0.0,7,0.4285714285714286
DRIAMS-A,MIX!Acinetobacter tjernbergiae,Cefepime,4,0.0,0.0,5,0.19999999999999996
DRIAMS-A,MIX!Acinetobacter tjernbergiae,Ceftazidime,4,0.0,0.0,5,0.19999999999999996
DRIAMS-A,MIX!Acinetobacter tjernbergiae,Ciprofloxacin,4,0.0,0.0,5,0.19999999999999996
DRIAMS-A,MIX!Acinetobacter tjernbergiae,Cotrimoxazole,4,0.0,0.0,5,0.19999999999999996
DRIAMS-A,MIX!Acinetobacter tjernbergiae,Meropenem,4,0.0,0.0,5,0.19999999999999996
DRIAMS-A,MIX!Aeromonas enteropelogenes,Cefepime,4,0.0,0.0,7,0.4285714285714286
DRIAMS-A,MIX!Aeromonas enteropelogenes,Ceftazidime,4,0.0,0.0,7,0.4285714285714286
DRIAMS-A,MIX!Aeromonas enteropelogenes,Ceftriaxone,4,1.0,0.25,7,0.4285714285714286
DRIAMS-A,MIX!Aeromonas enteropelogenes,Ciprofloxacin,4,0.0,0.0,7,0.4285714285714286
DRIAMS-A,MIX!Aeromonas enteropelogenes,Cotrimoxazole,4,1.0,0.25,7,0.4285714285714286
DRIAMS-A,MIX!Aeromonas enteropelogenes,Piperacillin-Tazobactam,4,0.0,0.0,7,0.4285714285714286
DRIAMS-A,MIX!Bacillus mycoides,Clindamycin,4,2.0,0.5,15,0.7333333333333334
DRIAMS-A,MIX!Bacillus mycoides,Levofloxacin,4,0.0,0.0,15,0.7333333333333334
DRIAMS-A,MIX!Bacillus mycoides,Penicillin,4,4.0,1.0,15,0.7333333333333334
DRIAMS-A,MIX!Bacillus mycoides,Vancomycin,4,0.0,0.0,15,0.7333333333333334
DRIAMS-A,MIX!Candida albicans,5-Fluorocytosine,4,0.0,0.0,31,0.8709677419354839
DRIAMS-A,MIX!Candida albicans,Amphotericin B,4,0.0,0.0,31,0.8709677419354839
DRIAMS-A,MIX!Candida albicans,Anidulafungin,4,1.0,0.25,31,0.8709677419354839
DRIAMS-A,MIX!Candida albicans,Caspofungin,4,0.0,0.0,31,0.8709677419354839
DRIAMS-A,MIX!Candida albicans,Fluconazole,4,0.0,0.0,31,0.8709677419354839
DRIAMS-A,MIX!Candida albicans,Itraconazole,4,0.0,0.0,31,0.8709677419354839
DRIAMS-A,MIX!Candida albicans,Micafungin,4,0.0,0.0,31,0.8709677419354839
DRIAMS-A,MIX!Candida albicans,Posaconazole,4,0.0,0.0,31,0.8709677419354839
DRIAMS-A,MIX!Candida albicans,Voriconazole,4,0.0,0.0,31,0.8709677419354839
DRIAMS-A,MIX!Corynebacterium aurimucosum,Ceftriaxone,4,4.0,1.0,58,0.9310344827586207
DRIAMS-A,MIX!Corynebacterium aurimucosum,Gentamicin,4,0.0,0.0,58,0.9310344827586207
DRIAMS-A,MIX!Corynebacterium aurimucosum,Meropenem,4,0.0,0.0,58,0.9310344827586207
DRIAMS-A,MIX!Corynebacterium aurimucosum,Penicillin,4,4.0,1.0,58,0.9310344827586207
DRIAMS-A,MIX!Enterobacter kobei,Colistin,4,0.0,0.0,11,0.6363636363636364
DRIAMS-A,MIX!Enterobacter kobei,Meropenem,4,0.0,0.0,11,0.6363636363636364
DRIAMS-A,MIX!Enterococcus faecalis,Nitrofurantoin,4,0.0,0.0,126,0.9682539682539683
DRIAMS-A,MIX!Haemophilus parahaemolyticus,Cefuroxime,4,1.0,0.25,25,0.84
DRIAMS-A,MIX!Haemophilus parahaemolyticus,Penicillin,4,0.0,0.0,25,0.84
DRIAMS-A,MIX!Haemophilus parainfluenzae,Moxifloxacin,4,2.0,0.5,276,0.9855072463768116
DRIAMS-A,MIX!Proteus mirabilis,Amikacin,4,0.0,0.0,17,0.7647058823529411
DRIAMS-A,MIX!Proteus mirabilis,Amoxicillin-Clavulanic acid,4,0.0,0.0,17,0.7647058823529411
DRIAMS-A,MIX!Proteus mirabilis,Ampicillin-Amoxicillin,4,1.0,0.25,17,0.7647058823529411
DRIAMS-A,MIX!Proteus mirabilis,Cefepime,4,0.0,0.0,17,0.7647058823529411
DRIAMS-A,MIX!Proteus mirabilis,Ceftazidime,4,0.0,0.0,17,0.7647058823529411
DRIAMS-A,MIX!Proteus mirabilis,Ceftriaxone,4,0.0,0.0,17,0.7647058823529411
DRIAMS-A,MIX!Proteus mirabilis,Ciprofloxacin,4,0.0,0.0,17,0.7647058823529411
DRIAMS-A,MIX!Proteus mirabilis,Colistin,4,4.0,1.0,17,0.7647058823529411
DRIAMS-A,MIX!Proteus mirabilis,Cotrimoxazole,4,1.0,0.25,17,0.7647058823529411
DRIAMS-A,MIX!Proteus mirabilis,Ertapenem,4,0.0,0.0,17,0.7647058823529411
DRIAMS-A,MIX!Proteus mirabilis,Levofloxacin,4,0.0,0.0,17,0.7647058823529411
DRIAMS-A,MIX!Proteus mirabilis,Meropenem,4,0.0,0.0,17,0.7647058823529411
DRIAMS-A,MIX!Proteus mirabilis,Piperacillin-Tazobactam,4,0.0,0.0,17,0.7647058823529411
DRIAMS-A,MIX!Proteus mirabilis,Tobramycin,4,0.0,0.0,17,0.7647058823529411
DRIAMS-A,MIX!Staphylococcus capitis,Teicoplanin,4,0.0,0.0,18,0.7777777777777778
DRIAMS-A,MIX!Streptococcus pneumoniae,Penicillin,4,2.0,0.5,17,0.7647058823529411
DRIAMS-A,MIX!Streptococcus pneumoniae,Vancomycin,4,0.0,0.0,17,0.7647058823529411
DRIAMS-A,MIX!Streptococcus pyogenes,Clindamycin,4,0.0,0.0,40,0.9
DRIAMS-A,MIX!Streptococcus pyogenes,Levofloxacin,4,0.0,0.0,40,0.9
DRIAMS-A,MIX!Streptococcus pyogenes,Penicillin,4,0.0,0.0,40,0.9
DRIAMS-A,Microbacterium aurum,Ceftriaxone,4,0.0,0.0,4,0.0
DRIAMS-A,Microbacterium aurum,Ciprofloxacin,4,0.0,0.0,4,0.0
DRIAMS-A,Microbacterium aurum,Erythromycin,4,0.0,0.0,4,0.0
DRIAMS-A,Microbacterium aurum,Gentamicin,4,0.0,0.0,4,0.0
DRIAMS-A,Microbacterium aurum,Meropenem,4,4.0,1.0,4,0.0
DRIAMS-A,Microbacterium aurum,Penicillin,4,4.0,1.0,4,0.0
DRIAMS-A,Microbacterium aurum,Vancomycin,4,0.0,0.0,4,0.0
DRIAMS-A,Paenibacillus illinoisensis,Clindamycin,4,4.0,1.0,5,0.19999999999999996
DRIAMS-A,Paenibacillus illinoisensis,Levofloxacin,4,0.0,0.0,5,0.19999999999999996
DRIAMS-A,Paenibacillus illinoisensis,Penicillin,4,4.0,1.0,5,0.19999999999999996
DRIAMS-A,Paenibacillus illinoisensis,Vancomycin,4,0.0,0.0,5,0.19999999999999996
DRIAMS-A,Parvimonas micra,Imipenem,4,0.0,0.0,396,0.98989898989899
DRIAMS-A,Peptoniphilus coxii,Amoxicillin-Clavulanic acid,4,0.0,0.0,30,0.8666666666666667
DRIAMS-A,Peptoniphilus coxii,Moxifloxacin,4,3.0,0.75,30,0.8666666666666667
DRIAMS-A,Peptoniphilus harei,Amoxicillin,4,0.0,0.0,202,0.9801980198019802
DRIAMS-A,Peptoniphilus harei,Erythromycin,4,1.0,0.25,202,0.9801980198019802
DRIAMS-A,Porphyromonas uenonis,Amoxicillin,4,0.0,0.0,8,0.5
DRIAMS-A,Porphyromonas uenonis,Amoxicillin-Clavulanic acid,4,0.0,0.0,8,0.5
DRIAMS-A,Propionibacterium acnes,Ciprofloxacin,4,0.0,0.0,2837,0.9985900599224533
DRIAMS-A,Propionibacterium acnes,Vancomycin,4,0.0,0.0,2837,0.9985900599224533
DRIAMS-A,Propionibacterium avidum,Daptomycin,4,0.0,0.0,250,0.984
DRIAMS-A,Propionibacterium avidum,Vancomycin,4,0.0,0.0,250,0.984
DRIAMS-A,Providencia rettgeri,Nitrofurantoin,4,4.0,1.0,191,0.9790575916230366
DRIAMS-A,Pseudomonas aeruginosa,Cefpodoxime,4,4.0,1.0,4852,0.9991755976916735
DRIAMS-A,Pseudomonas alcaligenes,Amikacin,4,0.0,0.0,10,0.6
DRIAMS-A,Pseudomonas alcaligenes,Ceftazidime,4,0.0,0.0,10,0.6
DRIAMS-A,Pseudomonas alcaligenes,Levofloxacin,4,0.0,0.0,10,0.6
DRIAMS-A,Pseudomonas fluorescens,Aztreonam,4,4.0,1.0,12,0.6666666666666667
DRIAMS-A,Pseudomonas plecoglossicida,Cefepime,4,0.0,0.0,6,0.33333333333333337
DRIAMS-A,Pseudomonas plecoglossicida,Ciprofloxacin,4,0.0,0.0,6,0.33333333333333337
DRIAMS-A,Pseudomonas plecoglossicida,Colistin,4,0.0,0.0,6,0.33333333333333337
DRIAMS-A,Pseudomonas plecoglossicida,Meropenem,4,2.0,0.5,6,0.33333333333333337
DRIAMS-A,Pseudomonas plecoglossicida,Piperacillin-Tazobactam,4,2.0,0.5,6,0.33333333333333337
DRIAMS-A,Pseudomonas plecoglossicida,Tobramycin,4,0.0,0.0,6,0.33333333333333337
DRIAMS-A,Pseudomonas putida,Amikacin,4,0.0,0.0,22,0.8181818181818181
DRIAMS-A,Pseudomonas putida,Ceftazidime,4,0.0,0.0,22,0.8181818181818181
DRIAMS-A,Pseudomonas putida,Imipenem,4,0.0,0.0,22,0.8181818181818181
DRIAMS-A,Pseudomonas putida,Levofloxacin,4,0.0,0.0,22,0.8181818181818181
DRIAMS-A,Pseudomonas sp,Amikacin,4,0.0,0.0,12,0.6666666666666667
DRIAMS-A,Pseudomonas sp,Ceftazidime,4,1.0,0.25,12,0.6666666666666667
DRIAMS-A,Pseudomonas sp,Imipenem,4,0.0,0.0,12,0.6666666666666667
DRIAMS-A,Pseudomonas sp,Levofloxacin,4,0.0,0.0,12,0.6666666666666667
DRIAMS-A,Serratia fonticola,Amikacin,4,0.0,0.0,5,0.19999999999999996
DRIAMS-A,Serratia fonticola,Amoxicillin-Clavulanic acid,4,4.0,1.0,5,0.19999999999999996
DRIAMS-A,Serratia fonticola,Ampicillin-Amoxicillin,4,4.0,1.0,5,0.19999999999999996
DRIAMS-A,Serratia fonticola,Cefepime,4,0.0,0.0,5,0.19999999999999996
DRIAMS-A,Serratia fonticola,Ceftazidime,4,0.0,0.0,5,0.19999999999999996
DRIAMS-A,Serratia fonticola,Ceftriaxone,4,0.0,0.0,5,0.19999999999999996
DRIAMS-A,Serratia fonticola,Ciprofloxacin,4,0.0,0.0,5,0.19999999999999996
DRIAMS-A,Serratia fonticola,Colistin,4,4.0,1.0,5,0.19999999999999996
DRIAMS-A,Serratia fonticola,Cotrimoxazole,4,0.0,0.0,5,0.19999999999999996
DRIAMS-A,Serratia fonticola,Ertapenem,4,0.0,0.0,5,0.19999999999999996
DRIAMS-A,Serratia fonticola,Imipenem,4,0.0,0.0,5,0.19999999999999996
DRIAMS-A,Serratia fonticola,Levofloxacin,4,0.0,0.0,5,0.19999999999999996
DRIAMS-A,Serratia fonticola,Meropenem,4,0.0,0.0,5,0.19999999999999996
DRIAMS-A,Serratia fonticola,Piperacillin-Tazobactam,4,0.0,0.0,5,0.19999999999999996
DRIAMS-A,Serratia fonticola,Tobramycin,4,0.0,0.0,5,0.19999999999999996
DRIAMS-A,Serratia proteamaculans,Amikacin,4,0.0,0.0,5,0.19999999999999996
DRIAMS-A,Serratia proteamaculans,Amoxicillin-Clavulanic acid,4,4.0,1.0,5,0.19999999999999996
DRIAMS-A,Serratia proteamaculans,Ampicillin-Amoxicillin,4,4.0,1.0,5,0.19999999999999996
DRIAMS-A,Serratia proteamaculans,Cefepime,4,0.0,0.0,5,0.19999999999999996
DRIAMS-A,Serratia proteamaculans,Ceftazidime,4,0.0,0.0,5,0.19999999999999996
DRIAMS-A,Serratia proteamaculans,Ceftriaxone,4,0.0,0.0,5,0.19999999999999996
DRIAMS-A,Serratia proteamaculans,Ciprofloxacin,4,0.0,0.0,5,0.19999999999999996
DRIAMS-A,Serratia proteamaculans,Colistin,4,4.0,1.0,5,0.19999999999999996
DRIAMS-A,Serratia proteamaculans,Cotrimoxazole,4,0.0,0.0,5,0.19999999999999996
DRIAMS-A,Serratia proteamaculans,Ertapenem,4,0.0,0.0,5,0.19999999999999996
DRIAMS-A,Serratia proteamaculans,Imipenem,4,0.0,0.0,5,0.19999999999999996
DRIAMS-A,Serratia proteamaculans,Levofloxacin,4,0.0,0.0,5,0.19999999999999996
DRIAMS-A,Serratia proteamaculans,Meropenem,4,0.0,0.0,5,0.19999999999999996
DRIAMS-A,Serratia proteamaculans,Piperacillin-Tazobactam,4,0.0,0.0,5,0.19999999999999996
DRIAMS-A,Serratia proteamaculans,Tobramycin,4,0.0,0.0,5,0.19999999999999996
DRIAMS-A,Staphylococcus aureus,Ceftarolin,4,1.0,0.25,6994,0.9994280812124678
DRIAMS-A,Staphylococcus caprae,Mupirocin,4,0.0,0.0,200,0.98
DRIAMS-A,Staphylococcus cohnii,Mupirocin,4,0.0,0.0,132,0.9696969696969697
DRIAMS-A,Staphylococcus epidermidis,Gentamicin_high_level,4,4.0,1.0,9387,0.9995738787685097
DRIAMS-A,Staphylococcus hominis,Chloramphenicol,4,0.0,0.0,1313,0.996953541507997
DRIAMS-A,Staphylococcus hominis,Quinolones,4,1.0,0.25,1313,0.996953541507997
DRIAMS-A,Staphylococcus saccharolyticus,Clindamycin,4,0.0,0.0,78,0.9487179487179487
DRIAMS-A,Staphylococcus saccharolyticus,Rifampicin,4,0.0,0.0,78,0.9487179487179487
DRIAMS-A,Stenotrophomonas maltophilia,Ticarcillin-Clavulan acid,4,4.0,1.0,660,0.9939393939393939
DRIAMS-A,Stenotrophomonas maltophilia,Tigecycline,4,1.0,0.25,660,0.9939393939393939
DRIAMS-A,Streptococcus agalactiae,Moxifloxacin,4,0.0,0.0,2714,0.9985261606484893
DRIAMS-A,Streptococcus anginosus,Gentamicin_high_level,4,0.0,0.0,1868,0.9978586723768736
DRIAMS-A,Streptococcus constellatus,Doxycycline,4,0.0,0.0,810,0.9950617283950617
DRIAMS-A,Streptococcus equinus,Penicillin,4,0.0,0.0,7,0.4285714285714286
DRIAMS-A,Streptococcus equinus,Vancomycin,4,0.0,0.0,7,0.4285714285714286
DRIAMS-A,Streptococcus lutetiensis,Ceftriaxone,4,0.0,0.0,30,0.8666666666666667
DRIAMS-A,Streptococcus lutetiensis,Clindamycin,4,0.0,0.0,30,0.8666666666666667
DRIAMS-A,Streptococcus lutetiensis,Gentamicin_high_level,4,0.0,0.0,30,0.8666666666666667
DRIAMS-A,Streptococcus lutetiensis,Meropenem,4,0.0,0.0,30,0.8666666666666667
DRIAMS-A,Streptococcus lutetiensis,Penicillin_with_endokarditis,4,0.0,0.0,30,0.8666666666666667
DRIAMS-A,Streptococcus lutetiensis,Penicillin_without_endokarditis,4,0.0,0.0,30,0.8666666666666667
DRIAMS-A,Streptococcus massiliensis,Penicillin,4,0.0,0.0,21,0.8095238095238095
DRIAMS-A,Streptococcus massiliensis,Vancomycin,4,0.0,0.0,21,0.8095238095238095
DRIAMS-A,Streptococcus oralis,Clarithromycin,4,0.0,0.0,929,0.9956942949407965
DRIAMS-A,Streptococcus oralis,Penicillin_with_meningitis,4,0.0,0.0,929,0.9956942949407965
DRIAMS-A,Streptococcus oralis,Penicillin_with_other_infections,4,0.0,0.0,929,0.9956942949407965
DRIAMS-A,Streptococcus oralis,Penicillin_with_pneumonia,4,0.0,0.0,929,0.9956942949407965
DRIAMS-A,Streptococcus pneumoniae,Chloramphenicol,4,0.0,0.0,426,0.9906103286384976
DRIAMS-A,Streptococcus pneumoniae,Quinolones,4,0.0,0.0,426,0.9906103286384976
DRIAMS-A,Streptococcus sanguinis,Teicoplanin,4,0.0,0.0,136,0.9705882352941176
DRIAMS-A,Trueperella bernardiae,Clindamycin,4,4.0,1.0,86,0.9534883720930233
DRIAMS-A,Trueperella bernardiae,Metronidazole,4,4.0,1.0,86,0.9534883720930233
DRIAMS-A,Trueperella bernardiae,Moxifloxacin,4,0.0,0.0,86,0.9534883720930233
DRIAMS-A,Trueperella bernardiae,Rifampicin,4,0.0,0.0,86,0.9534883720930233
DRIAMS-A,Veillonella parvula,Amoxicillin,4,2.0,0.5,133,0.9699248120300752
DRIAMS-A,Achromobacter spanius,Cefepime,3,2.0,0.6666666666666666,6,0.5
DRIAMS-A,Achromobacter spanius,Ciprofloxacin,3,2.0,0.6666666666666666,6,0.5
DRIAMS-A,Achromobacter spanius,Cotrimoxazole,3,0.0,0.0,6,0.5
DRIAMS-A,Achromobacter spanius,Meropenem,3,0.0,0.0,6,0.5
DRIAMS-A,Achromobacter spanius,Piperacillin-Tazobactam,3,0.0,0.0,6,0.5
DRIAMS-A,Acinetobacter baumannii,Fosfomycin,3,3.0,1.0,98,0.9693877551020408
DRIAMS-A,Acinetobacter johnsonii,Colistin,3,0.0,0.0,36,0.9166666666666666
DRIAMS-A,Acinetobacter parvus,Colistin,3,0.0,0.0,13,0.7692307692307692
DRIAMS-A,Acinetobacter ursingii,Amikacin,3,0.0,0.0,78,0.9615384615384616
DRIAMS-A,Acinetobacter ursingii,Ceftriaxone,3,3.0,1.0,78,0.9615384615384616
DRIAMS-A,Acinetobacter ursingii,Imipenem,3,0.0,0.0,78,0.9615384615384616
DRIAMS-A,Acinetobacter ursingii,Tobramycin,3,0.0,0.0,78,0.9615384615384616
DRIAMS-A,Actinomyces meyeri,Amoxicillin-Clavulanic acid,3,0.0,0.0,21,0.8571428571428572
DRIAMS-A,Actinomyces meyeri,Penicillin,3,0.0,0.0,21,0.8571428571428572
DRIAMS-A,Actinomyces neuii,Penicillin,3,0.0,0.0,320,0.990625
DRIAMS-A,Actinomyces odontolyticus,Penicillin,3,0.0,0.0,363,0.9917355371900827
DRIAMS-A,Actinomyces oris,Ceftriaxone,3,0.0,0.0,80,0.9625
DRIAMS-A,Actinomyces oris,Penicillin,3,0.0,0.0,80,0.9625
DRIAMS-A,Actinotignum schaalii,Amoxicillin-Clavulanic acid,3,0.0,0.0,555,0.9945945945945946
DRIAMS-A,Aerococcus urinae,Amoxicillin,3,0.0,0.0,546,0.9945054945054945
DRIAMS-A,Aeromonas caviae,Ceftriaxone,3,1.0,0.3333333333333333,7,0.5714285714285714
DRIAMS-A,Aeromonas caviae,Ciprofloxacin,3,0.0,0.0,7,0.5714285714285714
DRIAMS-A,Aeromonas caviae,Cotrimoxazole,3,1.0,0.3333333333333333,7,0.5714285714285714
DRIAMS-A,Aeromonas veronii,Cefepime,3,0.0,0.0,7,0.5714285714285714
DRIAMS-A,Aeromonas veronii,Ceftazidime,3,0.0,0.0,7,0.5714285714285714
DRIAMS-A,Aeromonas veronii,Piperacillin-Tazobactam,3,1.0,0.3333333333333333,7,0.5714285714285714
DRIAMS-A,Aggregatibacter actinomycetemcomitans,Amoxicillin-Clavulanic acid,3,3.0,1.0,32,0.90625
DRIAMS-A,Aggregatibacter actinomycetemcomitans,Ampicillin-Amoxicillin,3,3.0,1.0,32,0.90625
DRIAMS-A,Aggregatibacter actinomycetemcomitans,Ceftriaxone,3,0.0,0.0,32,0.90625
DRIAMS-A,Aggregatibacter actinomycetemcomitans,Ciprofloxacin,3,0.0,0.0,32,0.90625
DRIAMS-A,Aggregatibacter segnis,Clindamycin,3,3.0,1.0,46,0.9347826086956522
DRIAMS-A,Aggregatibacter segnis,Moxifloxacin,3,0.0,0.0,46,0.9347826086956522
DRIAMS-A,Bacillus cereus,Imipenem,3,0.0,0.0,149,0.9798657718120806
DRIAMS-A,Bacteroides caccae,Amoxicillin-Clavulanic acid,3,0.0,0.0,13,0.7692307692307692
DRIAMS-A,Bacteroides caccae,Metronidazole,3,0.0,0.0,13,0.7692307692307692
DRIAMS-A,Bacteroides ovatus,Ampicillin-Amoxicillin,3,3.0,1.0,83,0.963855421686747
DRIAMS-A,Bacteroides ovatus,Clindamycin,3,3.0,1.0,83,0.963855421686747
DRIAMS-A,Bacteroides thetaiotaomicron,Clindamycin,3,3.0,1.0,97,0.9690721649484536
DRIAMS-A,Bacteroides thetaiotaomicron,Metronidazole,3,0.0,0.0,97,0.9690721649484536
DRIAMS-A,Bacteroides thetaiotaomicron,Moxifloxacin,3,0.0,0.0,97,0.9690721649484536
DRIAMS-A,Bilophila wadsworthia,Amoxicillin-Clavulanic acid,3,0.0,0.0,22,0.8636363636363636
DRIAMS-A,Bilophila wadsworthia,Ceftriaxone,3,0.0,0.0,22,0.8636363636363636
DRIAMS-A,Bilophila wadsworthia,Ciprofloxacin,3,0.0,0.0,22,0.8636363636363636
DRIAMS-A,Bilophila wadsworthia,Clindamycin,3,0.0,0.0,22,0.8636363636363636
DRIAMS-A,Bilophila wadsworthia,Daptomycin,3,3.0,1.0,22,0.8636363636363636
DRIAMS-A,Bilophila wadsworthia,Levofloxacin,3,0.0,0.0,22,0.8636363636363636
DRIAMS-A,Bilophila wadsworthia,Meropenem,3,0.0,0.0,22,0.8636363636363636
DRIAMS-A,Bilophila wadsworthia,Metronidazole,3,0.0,0.0,22,0.8636363636363636
DRIAMS-A,Burkholderia cepacia,Ceftazidime,3,0.0,0.0,11,0.7272727272727273
DRIAMS-A,Burkholderia cepacia,Cotrimoxazole,3,0.0,0.0,11,0.7272727272727273
DRIAMS-A,Burkholderia cepacia,Levofloxacin,3,0.0,0.0,11,0.7272727272727273
DRIAMS-A,Burkholderia cepacia,Meropenem,3,0.0,0.0,11,0.7272727272727273
DRIAMS-A,Burkholderia gladioli,Cefepime,3,3.0,1.0,5,0.4
DRIAMS-A,Burkholderia gladioli,Meropenem,3,0.0,0.0,5,0.4
DRIAMS-A,Campylobacter coli,Ceftriaxone,3,3.0,1.0,71,0.9577464788732395
DRIAMS-A,Campylobacter coli,Imipenem,3,0.0,0.0,71,0.9577464788732395
DRIAMS-A,Campylobacter fetus,Meropenem,3,0.0,0.0,30,0.9
DRIAMS-A,Campylobacter jejuni,Meropenem,3,0.0,0.0,378,0.9920634920634921
DRIAMS-A,Campylobacter upsaliensis,Ciprofloxacin,3,2.0,0.6666666666666666,3,0.0
DRIAMS-A,Campylobacter upsaliensis,Erythromycin,3,0.0,0.0,3,0.0
DRIAMS-A,Campylobacter ureolyticus,Amoxicillin,3,0.0,0.0,39,0.9230769230769231
DRIAMS-A,Campylobacter ureolyticus,Amoxicillin-Clavulanic acid,3,0.0,0.0,39,0.9230769230769231
DRIAMS-A,Campylobacter ureolyticus,Clindamycin,3,0.0,0.0,39,0.9230769230769231
DRIAMS-A,Campylobacter ureolyticus,Metronidazole,3,0.0,0.0,39,0.9230769230769231
DRIAMS-A,Campylobacter ureolyticus,Moxifloxacin,3,0.0,0.0,39,0.9230769230769231
DRIAMS-A,Candida bracarensis,5-Fluorocytosine,3,0.0,0.0,3,0.0
DRIAMS-A,Candida bracarensis,Anidulafungin,3,0.0,0.0,3,0.0
DRIAMS-A,Candida bracarensis,Caspofungin,3,0.0,0.0,3,0.0
DRIAMS-A,Candida bracarensis,Fluconazole,3,3.0,1.0,3,0.0
DRIAMS-A,Candida bracarensis,Itraconazole,3,3.0,1.0,3,0.0
DRIAMS-A,Candida bracarensis,Micafungin,3,0.0,0.0,3,0.0
DRIAMS-A,Candida bracarensis,Voriconazole,3,0.0,0.0,3,0.0
DRIAMS-A,Candida lusitaniae,5-Fluorocytosine,3,0.0,0.0,50,0.94
DRIAMS-A,Candida lusitaniae,Anidulafungin,3,0.0,0.0,50,0.94
DRIAMS-A,Candida lusitaniae,Caspofungin,3,0.0,0.0,50,0.94
DRIAMS-A,Candida lusitaniae,Fluconazole,3,0.0,0.0,50,0.94
DRIAMS-A,Candida lusitaniae,Itraconazole,3,0.0,0.0,50,0.94
DRIAMS-A,Candida lusitaniae,Micafungin,3,0.0,0.0,50,0.94
DRIAMS-A,Candida lusitaniae,Voriconazole,3,0.0,0.0,50,0.94
DRIAMS-A,Capnocytophaga sp,Amoxicillin-Clavulanic acid,3,0.0,0.0,9,0.6666666666666667
DRIAMS-A,Capnocytophaga sp,Ceftriaxone,3,0.0,0.0,9,0.6666666666666667
DRIAMS-A,Capnocytophaga sp,Clindamycin,3,0.0,0.0,9,0.6666666666666667
DRIAMS-A,Capnocytophaga sp,Meropenem,3,0.0,0.0,9,0.6666666666666667
DRIAMS-A,Capnocytophaga sp,Metronidazole,3,3.0,1.0,9,0.6666666666666667
DRIAMS-A,Capnocytophaga sp,Moxifloxacin,3,0.0,0.0,9,0.6666666666666667
DRIAMS-A,Capnocytophaga sp,Penicillin,3,0.0,0.0,9,0.6666666666666667
DRIAMS-A,Citrobacter farmeri,Amikacin,3,0.0,0.0,15,0.8
DRIAMS-A,Citrobacter farmeri,Amoxicillin-Clavulanic acid,3,0.0,0.0,15,0.8
DRIAMS-A,Citrobacter farmeri,Ampicillin-Amoxicillin,3,3.0,1.0,15,0.8
DRIAMS-A,Citrobacter farmeri,Cefepime,3,0.0,0.0,15,0.8
DRIAMS-A,Citrobacter farmeri,Ceftazidime,3,0.0,0.0,15,0.8
DRIAMS-A,Citrobacter farmeri,Ceftriaxone,3,0.0,0.0,15,0.8
DRIAMS-A,Citrobacter farmeri,Ciprofloxacin,3,0.0,0.0,15,0.8
DRIAMS-A,Citrobacter farmeri,Colistin,3,0.0,0.0,15,0.8
DRIAMS-A,Citrobacter farmeri,Cotrimoxazole,3,0.0,0.0,15,0.8
DRIAMS-A,Citrobacter farmeri,Ertapenem,3,0.0,0.0,15,0.8
DRIAMS-A,Citrobacter farmeri,Imipenem,3,0.0,0.0,15,0.8
DRIAMS-A,Citrobacter farmeri,Levofloxacin,3,0.0,0.0,15,0.8
DRIAMS-A,Citrobacter farmeri,Meropenem,3,0.0,0.0,15,0.8
DRIAMS-A,Citrobacter farmeri,Piperacillin-Tazobactam,3,0.0,0.0,15,0.8
DRIAMS-A,Citrobacter farmeri,Tobramycin,3,0.0,0.0,15,0.8
DRIAMS-A,Citrobacter youngae,Amikacin,3,0.0,0.0,6,0.5
DRIAMS-A,Citrobacter youngae,Amoxicillin-Clavulanic acid,3,3.0,1.0,6,0.5
DRIAMS-A,Citrobacter youngae,Ampicillin-Amoxicillin,3,3.0,1.0,6,0.5
DRIAMS-A,Citrobacter youngae,Cefepime,3,0.0,0.0,6,0.5
DRIAMS-A,Citrobacter youngae,Ceftazidime,3,1.0,0.3333333333333333,6,0.5
DRIAMS-A,Citrobacter youngae,Ceftriaxone,3,1.0,0.3333333333333333,6,0.5
DRIAMS-A,Citrobacter youngae,Ciprofloxacin,3,0.0,0.0,6,0.5
DRIAMS-A,Citrobacter youngae,Colistin,3,0.0,0.0,6,0.5
DRIAMS-A,Citrobacter youngae,Cotrimoxazole,3,0.0,0.0,6,0.5
DRIAMS-A,Citrobacter youngae,Ertapenem,3,0.0,0.0,6,0.5
DRIAMS-A,Citrobacter youngae,Imipenem,3,0.0,0.0,6,0.5
DRIAMS-A,Citrobacter youngae,Levofloxacin,3,0.0,0.0,6,0.5
DRIAMS-A,Citrobacter youngae,Meropenem,3,0.0,0.0,6,0.5
DRIAMS-A,Citrobacter youngae,Piperacillin-Tazobactam,3,1.0,0.3333333333333333,6,0.5
DRIAMS-A,Citrobacter youngae,Tobramycin,3,0.0,0.0,6,0.5
DRIAMS-A,Clostridium innocuum,Clindamycin,3,0.0,0.0,31,0.9032258064516129
DRIAMS-A,Clostridium innocuum,Erythromycin,3,3.0,1.0,31,0.9032258064516129
DRIAMS-A,Clostridium innocuum,Imipenem,3,3.0,1.0,31,0.9032258064516129
DRIAMS-A,Clostridium innocuum,Metronidazole,3,0.0,0.0,31,0.9032258064516129
DRIAMS-A,Clostridium innocuum,Penicillin,3,3.0,1.0,31,0.9032258064516129
DRIAMS-A,Clostridium paraputrificum,Penicillin,3,0.0,0.0,28,0.8928571428571429
DRIAMS-A,Clostridium ramosum,Ceftriaxone,3,0.0,0.0,25,0.88
DRIAMS-A,Corynebacterium amycolatum,Imipenem,3,1.0,0.3333333333333333,397,0.9924433249370277
DRIAMS-A,Corynebacterium amycolatum,Linezolid,3,0.0,0.0,397,0.9924433249370277
DRIAMS-A,Corynebacterium amycolatum,Moxifloxacin,3,3.0,1.0,397,0.9924433249370277
DRIAMS-A,Corynebacterium confusum,Ceftriaxone,3,0.0,0.0,7,0.5714285714285714
DRIAMS-A,Corynebacterium confusum,Ciprofloxacin,3,0.0,0.0,7,0.5714285714285714
DRIAMS-A,Corynebacterium confusum,Erythromycin,3,0.0,0.0,7,0.5714285714285714
DRIAMS-A,Corynebacterium confusum,Meropenem,3,0.0,0.0,7,0.5714285714285714
DRIAMS-A,Corynebacterium confusum,Penicillin,3,3.0,1.0,7,0.5714285714285714
DRIAMS-A,Corynebacterium confusum,Vancomycin,3,0.0,0.0,7,0.5714285714285714
DRIAMS-A,Corynebacterium coyleae,Erythromycin,3,2.0,0.6666666666666666,70,0.9571428571428572
DRIAMS-A,Corynebacterium coyleae,Gentamicin,3,0.0,0.0,70,0.9571428571428572
DRIAMS-A,Corynebacterium coyleae,Meropenem,3,0.0,0.0,70,0.9571428571428572
DRIAMS-A,Corynebacterium diphtheriae,Ceftriaxone,3,3.0,1.0,6,0.5
DRIAMS-A,Corynebacterium diphtheriae,Ciprofloxacin,3,0.0,0.0,6,0.5
DRIAMS-A,Corynebacterium diphtheriae,Erythromycin,3,0.0,0.0,6,0.5
DRIAMS-A,Corynebacterium diphtheriae,Gentamicin,3,0.0,0.0,6,0.5
DRIAMS-A,Corynebacterium diphtheriae,Meropenem,3,0.0,0.0,6,0.5
DRIAMS-A,Corynebacterium diphtheriae,Penicillin,3,3.0,1.0,6,0.5
DRIAMS-A,Corynebacterium diphtheriae,Vancomycin,3,0.0,0.0,6,0.5
DRIAMS-A,Corynebacterium imitans,Gentamicin,3,0.0,0.0,14,0.7857142857142857
DRIAMS-A,Corynebacterium sp,Ceftriaxone,3,2.0,0.6666666666666666,31,0.9032258064516129
DRIAMS-A,Corynebacterium sp,Ciprofloxacin,3,0.0,0.0,31,0.9032258064516129
DRIAMS-A,Corynebacterium sp,Erythromycin,3,0.0,0.0,31,0.9032258064516129
DRIAMS-A,Corynebacterium sp,Gentamicin,3,0.0,0.0,31,0.9032258064516129
DRIAMS-A,Corynebacterium sp,Meropenem,3,0.0,0.0,31,0.9032258064516129
DRIAMS-A,Corynebacterium sp,Penicillin,3,1.0,0.3333333333333333,31,0.9032258064516129
DRIAMS-A,Corynebacterium sp,Vancomycin,3,0.0,0.0,31,0.9032258064516129
DRIAMS-A,Corynebacterium striatum,Daptomycin,3,0.0,0.0,191,0.9842931937172775
DRIAMS-A,Corynebacterium striatum,Imipenem,3,0.0,0.0,191,0.9842931937172775
DRIAMS-A,Corynebacterium tuberculostearicum,Clindamycin,3,3.0,1.0,578,0.9948096885813149
DRIAMS-A,Corynebacterium tuberculostearicum,Minocycline,3,3.0,1.0,578,0.9948096885813149
DRIAMS-A,Eggerthella lenta,Amoxicillin,3,0.0,0.0,116,0.9741379310344828
DRIAMS-A,Eggerthella lenta,Ciprofloxacin,3,3.0,1.0,116,0.9741379310344828
DRIAMS-A,Enterobacter cloacae,Aztreonam,3,3.0,1.0,1987,0.9984901862103673
DRIAMS-A,Enterobacter cloacae,Moxifloxacin,3,0.0,0.0,1987,0.9984901862103673
DRIAMS-A,Enterococcus avium,Daptomycin,3,0.0,0.0,118,0.9745762711864406
DRIAMS-A,Enterococcus durans,Nitrofurantoin,3,2.0,0.6666666666666666,11,0.7272727272727273
DRIAMS-A,Enterococcus faecalis,Amoxicillin-Clavulanic acid,3,0.0,0.0,4418,0.9993209597102761
DRIAMS-A,Enterococcus faecalis,Cefuroxime.1,3,0.0,0.0,4418,0.9993209597102761
DRIAMS-A,Enterococcus faecium,Doxycycline,3,0.0,0.0,1751,0.9982866933181039
DRIAMS-A,Erwinia persicina,Amoxicillin-Clavulanic acid,3,3.0,1.0,3,0.0
DRIAMS-A,Erwinia persicina,Cefepime,3,0.0,0.0,3,0.0
DRIAMS-A,Erwinia persicina,Ceftriaxone,3,0.0,0.0,3,0.0
DRIAMS-A,Erwinia persicina,Ciprofloxacin,3,0.0,0.0,3,0.0
DRIAMS-A,Erwinia persicina,Ertapenem,3,0.0,0.0,3,0.0
DRIAMS-A,Erwinia persicina,Piperacillin-Tazobactam,3,0.0,0.0,3,0.0
DRIAMS-A,Escherichia coli,Ceftazidime-Avibactam,3,0.0,0.0,7320,0.9995901639344262
DRIAMS-A,Finegoldia magna,Linezolid,3,0.0,0.0,769,0.9960988296488946
DRIAMS-A,Fusobacterium nucleatum,Erythromycin,3,3.0,1.0,131,0.9770992366412213
DRIAMS-A,Granulicatella adiacens,Clindamycin,3,0.0,0.0,105,0.9714285714285714
DRIAMS-A,Haemophilus influenzae,Ciprofloxacin,3,0.0,0.0,779,0.9961489088575096
DRIAMS-A,Haemophilus parainfluenzae,Clindamycin,3,3.0,1.0,736,0.9959239130434783
DRIAMS-A,Kingella kingae,Amoxicillin-Clavulanic acid,3,0.0,0.0,4,0.25
DRIAMS-A,Kingella kingae,Ampicillin-Amoxicillin,3,0.0,0.0,4,0.25
DRIAMS-A,Kingella kingae,Ceftriaxone,3,0.0,0.0,4,0.25
DRIAMS-A,Kingella kingae,Ciprofloxacin,3,0.0,0.0,4,0.25
DRIAMS-A,Klebsiella pneumoniae,Ceftolozane-Tazobactam,3,3.0,1.0,3921,0.9992348890589136
DRIAMS-A,Kluyvera cryocrescens,Amikacin,3,0.0,0.0,3,0.0
DRIAMS-A,Kluyvera cryocrescens,Amoxicillin-Clavulanic acid,3,0.0,0.0,3,0.0
DRIAMS-A,Kluyvera cryocrescens,Ampicillin-Amoxicillin,3,3.0,1.0,3,0.0
DRIAMS-A,Kluyvera cryocrescens,Cefepime,3,0.0,0.0,3,0.0
DRIAMS-A,Kluyvera cryocrescens,Ceftazidime,3,0.0,0.0,3,0.0
DRIAMS-A,Kluyvera cryocrescens,Ceftriaxone,3,0.0,0.0,3,0.0
DRIAMS-A,Kluyvera cryocrescens,Ciprofloxacin,3,0.0,0.0,3,0.0
DRIAMS-A,Kluyvera cryocrescens,Colistin,3,0.0,0.0,3,0.0
DRIAMS-A,Kluyvera cryocrescens,Cotrimoxazole,3,3.0,1.0,3,0.0
DRIAMS-A,Kluyvera cryocrescens,Ertapenem,3,0.0,0.0,3,0.0
DRIAMS-A,Kluyvera cryocrescens,Imipenem,3,0.0,0.0,3,0.0
DRIAMS-A,Kluyvera cryocrescens,Levofloxacin,3,0.0,0.0,3,0.0
DRIAMS-A,Kluyvera cryocrescens,Meropenem,3,0.0,0.0,3,0.0
DRIAMS-A,Kluyvera cryocrescens,Piperacillin-Tazobactam,3,0.0,0.0,3,0.0
DRIAMS-A,Kluyvera cryocrescens,Tobramycin,3,0.0,0.0,3,0.0
DRIAMS-A,Lactobacillus paracasei,Amoxicillin,3,0.0,0.0,220,0.9863636363636363
DRIAMS-A,Lactobacillus paracasei,Amoxicillin-Clavulanic acid,3,0.0,0.0,220,0.9863636363636363
DRIAMS-A,Lactobacillus paracasei,Imipenem,3,3.0,1.0,220,0.9863636363636363
DRIAMS-A,Lactobacillus paracasei,Meropenem,3,3.0,1.0,220,0.9863636363636363
DRIAMS-A,Lactobacillus paracasei,Moxifloxacin,3,0.0,0.0,220,0.9863636363636363
DRIAMS-A,Lactobacillus paracasei,Piperacillin-Tazobactam,3,0.0,0.0,220,0.9863636363636363
DRIAMS-A,Lactobacillus rhamnosus,Imipenem,3,3.0,1.0,554,0.9945848375451264
DRIAMS-A,Listeria monocytogenes,Penicillin,3,0.0,0.0,7,0.5714285714285714
DRIAMS-A,MIX!Achromobacter denitrificans,Cefepime,3,1.0,0.3333333333333333,7,0.5714285714285714
DRIAMS-A,MIX!Achromobacter denitrificans,Ciprofloxacin,3,0.0,0.0,7,0.5714285714285714
DRIAMS-A,MIX!Achromobacter denitrificans,Cotrimoxazole,3,0.0,0.0,7,0.5714285714285714
DRIAMS-A,MIX!Achromobacter denitrificans,Meropenem,3,0.0,0.0,7,0.5714285714285714
DRIAMS-A,MIX!Achromobacter denitrificans,Piperacillin-Tazobactam,3,0.0,0.0,7,0.5714285714285714
DRIAMS-A,MIX!Acinetobacter baumannii,Ceftobiprole,3,3.0,1.0,55,0.9454545454545454
DRIAMS-A,MIX!Acinetobacter baumannii,Gentamicin,3,3.0,1.0,55,0.9454545454545454
DRIAMS-A,MIX!Acinetobacter baylyi,Amikacin,3,0.0,0.0,6,0.5
DRIAMS-A,MIX!Acinetobacter baylyi,Cefepime,3,0.0,0.0,6,0.5
DRIAMS-A,MIX!Acinetobacter baylyi,Ceftazidime,3,0.0,0.0,6,0.5
DRIAMS-A,MIX!Acinetobacter baylyi,Ceftriaxone,3,1.0,0.3333333333333333,6,0.5
DRIAMS-A,MIX!Acinetobacter baylyi,Imipenem,3,0.0,0.0,6,0.5
DRIAMS-A,MIX!Acinetobacter baylyi,Piperacillin-Tazobactam,3,0.0,0.0,6,0.5
DRIAMS-A,MIX!Acinetobacter baylyi,Tobramycin,3,0.0,0.0,6,0.5
DRIAMS-A,MIX!Acinetobacter johnsonii,Ciprofloxacin,3,0.0,0.0,9,0.6666666666666667
DRIAMS-A,MIX!Acinetobacter johnsonii,Cotrimoxazole,3,0.0,0.0,9,0.6666666666666667
DRIAMS-A,MIX!Acinetobacter johnsonii,Meropenem,3,0.0,0.0,9,0.6666666666666667
DRIAMS-A,MIX!Acinetobacter junii,Ceftazidime,3,0.0,0.0,7,0.5714285714285714
DRIAMS-A,MIX!Acinetobacter junii,Piperacillin-Tazobactam,3,0.0,0.0,7,0.5714285714285714
DRIAMS-A,MIX!Acinetobacter lwoffii,Ciprofloxacin,3,0.0,0.0,5,0.4
DRIAMS-A,MIX!Acinetobacter lwoffii,Cotrimoxazole,3,0.0,0.0,5,0.4
DRIAMS-A,MIX!Acinetobacter lwoffii,Meropenem,3,0.0,0.0,5,0.4
DRIAMS-A,MIX!Acinetobacter tjernbergiae,Piperacillin-Tazobactam,3,0.0,0.0,5,0.4
DRIAMS-A,MIX!Aeromonas hydrophila,Cefepime,3,0.0,0.0,5,0.4
DRIAMS-A,MIX!Aeromonas hydrophila,Ceftazidime,3,0.0,0.0,5,0.4
DRIAMS-A,MIX!Aeromonas hydrophila,Ceftriaxone,3,0.0,0.0,5,0.4
DRIAMS-A,MIX!Aeromonas hydrophila,Ciprofloxacin,3,0.0,0.0,5,0.4
DRIAMS-A,MIX!Aeromonas hydrophila,Cotrimoxazole,3,2.0,0.6666666666666666,5,0.4
DRIAMS-A,MIX!Aeromonas hydrophila,Piperacillin-Tazobactam,3,0.0,0.0,5,0.4
DRIAMS-A,MIX!Aeromonas veronii,Amoxicillin-Clavulanic acid,3,3.0,1.0,18,0.8333333333333334
DRIAMS-A,MIX!Aggregatibacter aphrophilus,Amoxicillin-Clavulanic acid,3,0.0,0.0,18,0.8333333333333334
DRIAMS-A,MIX!Aggregatibacter aphrophilus,Ampicillin-Amoxicillin,3,0.0,0.0,18,0.8333333333333334
DRIAMS-A,MIX!Aggregatibacter aphrophilus,Ceftriaxone,3,0.0,0.0,18,0.8333333333333334
DRIAMS-A,MIX!Aggregatibacter aphrophilus,Ciprofloxacin,3,0.0,0.0,18,0.8333333333333334
DRIAMS-A,MIX!Aggregatibacter segnis,Amoxicillin-Clavulanic acid,3,0.0,0.0,18,0.8333333333333334
DRIAMS-A,MIX!Aggregatibacter segnis,Ampicillin-Amoxicillin,3,0.0,0.0,18,0.8333333333333334
DRIAMS-A,MIX!Aggregatibacter segnis,Ceftriaxone,3,0.0,0.0,18,0.8333333333333334
DRIAMS-A,MIX!Aggregatibacter segnis,Ciprofloxacin,3,0.0,0.0,18,0.8333333333333334
DRIAMS-A,MIX!Chryseobacterium gleum,Cefepime,3,0.0,0.0,4,0.25
DRIAMS-A,MIX!Chryseobacterium gleum,Ciprofloxacin,3,0.0,0.0,4,0.25
DRIAMS-A,MIX!Chryseobacterium gleum,Cotrimoxazole,3,0.0,0.0,4,0.25
DRIAMS-A,MIX!Chryseobacterium gleum,Meropenem,3,3.0,1.0,4,0.25
DRIAMS-A,MIX!Chryseobacterium gleum,Piperacillin-Tazobactam,3,0.0,0.0,4,0.25
DRIAMS-A,MIX!Citrobacter braakii,Amikacin,3,1.0,0.3333333333333333,4,0.25
DRIAMS-A,MIX!Citrobacter braakii,Amoxicillin-Clavulanic acid,3,3.0,1.0,4,0.25
DRIAMS-A,MIX!Citrobacter braakii,Ampicillin-Amoxicillin,3,3.0,1.0,4,0.25
DRIAMS-A,MIX!Citrobacter braakii,Cefepime,3,1.0,0.3333333333333333,4,0.25
DRIAMS-A,MIX!Citrobacter braakii,Ceftazidime,3,1.0,0.3333333333333333,4,0.25
DRIAMS-A,MIX!Citrobacter braakii,Ceftriaxone,3,1.0,0.3333333333333333,4,0.25
DRIAMS-A,MIX!Citrobacter braakii,Ciprofloxacin,3,1.0,0.3333333333333333,4,0.25
DRIAMS-A,MIX!Citrobacter braakii,Colistin,3,0.0,0.0,4,0.25
DRIAMS-A,MIX!Citrobacter braakii,Cotrimoxazole,3,1.0,0.3333333333333333,4,0.25
DRIAMS-A,MIX!Citrobacter braakii,Ertapenem,3,0.0,0.0,4,0.25
DRIAMS-A,MIX!Citrobacter braakii,Imipenem,3,0.0,0.0,4,0.25
DRIAMS-A,MIX!Citrobacter braakii,Levofloxacin,3,1.0,0.3333333333333333,4,0.25
DRIAMS-A,MIX!Citrobacter braakii,Meropenem,3,0.0,0.0,4,0.25
DRIAMS-A,MIX!Citrobacter braakii,Piperacillin-Tazobactam,3,1.0,0.3333333333333333,4,0.25
DRIAMS-A,MIX!Citrobacter braakii,Tobramycin,3,1.0,0.3333333333333333,4,0.25
DRIAMS-A,MIX!Citrobacter freundii,Amikacin,3,1.0,0.3333333333333333,26,0.8846153846153846
DRIAMS-A,MIX!Citrobacter freundii,Amoxicillin-Clavulanic acid,3,3.0,1.0,26,0.8846153846153846
DRIAMS-A,MIX!Citrobacter freundii,Ampicillin-Amoxicillin,3,3.0,1.0,26,0.8846153846153846
DRIAMS-A,MIX!Citrobacter freundii,Cefepime,3,1.0,0.3333333333333333,26,0.8846153846153846
DRIAMS-A,MIX!Citrobacter freundii,Ceftazidime,3,1.0,0.3333333333333333,26,0.8846153846153846
DRIAMS-A,MIX!Citrobacter freundii,Ceftriaxone,3,1.0,0.3333333333333333,26,0.8846153846153846
DRIAMS-A,MIX!Citrobacter freundii,Ciprofloxacin,3,1.0,0.3333333333333333,26,0.8846153846153846
DRIAMS-A,MIX!Citrobacter freundii,Colistin,3,0.0,0.0,26,0.8846153846153846
DRIAMS-A,MIX!Citrobacter freundii,Cotrimoxazole,3,1.0,0.3333333333333333,26,0.8846153846153846
DRIAMS-A,MIX!Citrobacter freundii,Ertapenem,3,0.0,0.0,26,0.8846153846153846
DRIAMS-A,MIX!Citrobacter freundii,Imipenem,3,0.0,0.0,26,0.8846153846153846
DRIAMS-A,MIX!Citrobacter freundii,Levofloxacin,3,1.0,0.3333333333333333,26,0.8846153846153846
DRIAMS-A,MIX!Citrobacter freundii,Meropenem,3,0.0,0.0,26,0.8846153846153846
DRIAMS-A,MIX!Citrobacter freundii,Piperacillin-Tazobactam,3,1.0,0.3333333333333333,26,0.8846153846153846
DRIAMS-A,MIX!Citrobacter freundii,Tobramycin,3,2.0,0.6666666666666666,26,0.8846153846153846
DRIAMS-A,MIX!Corynebacterium minutissimum,Ceftriaxone,3,3.0,1.0,16,0.8125
DRIAMS-A,MIX!Corynebacterium minutissimum,Ciprofloxacin,3,2.0,0.6666666666666666,16,0.8125
DRIAMS-A,MIX!Corynebacterium minutissimum,Erythromycin,3,2.0,0.6666666666666666,16,0.8125
DRIAMS-A,MIX!Corynebacterium minutissimum,Gentamicin,3,0.0,0.0,16,0.8125
DRIAMS-A,MIX!Corynebacterium minutissimum,Meropenem,3,0.0,0.0,16,0.8125
DRIAMS-A,MIX!Corynebacterium minutissimum,Penicillin,3,3.0,1.0,16,0.8125
DRIAMS-A,MIX!Corynebacterium minutissimum,Vancomycin,3,0.0,0.0,16,0.8125
DRIAMS-A,MIX!Enterobacter kobei,Cefpodoxime,3,3.0,1.0,11,0.7272727272727273
DRIAMS-A,MIX!Enterobacter kobei,Fosfomycin-Trometamol,3,3.0,1.0,11,0.7272727272727273
DRIAMS-A,MIX!Enterobacter kobei,Norfloxacin,3,0.0,0.0,11,0.7272727272727273
DRIAMS-A,MIX!Enterococcus avium,Amoxicillin,3,0.0,0.0,5,0.4
DRIAMS-A,MIX!Enterococcus avium,Gentamicin_high_level,3,0.0,0.0,5,0.4
DRIAMS-A,MIX!Enterococcus avium,Imipenem,3,0.0,0.0,5,0.4
DRIAMS-A,MIX!Enterococcus avium,Vancomycin,3,0.0,0.0,5,0.4
DRIAMS-A,MIX!Finegoldia magna,Clindamycin,3,0.0,0.0,22,0.8636363636363636
DRIAMS-A,MIX!Haemophilus haemolyticus,Chloramphenicol,3,1.0,0.3333333333333333,57,0.9473684210526316
DRIAMS-A,MIX!Haemophilus haemolyticus,Levofloxacin,3,2.0,0.6666666666666666,57,0.9473684210526316
DRIAMS-A,MIX!Haemophilus haemolyticus,Quinolones,3,1.0,0.3333333333333333,57,0.9473684210526316
DRIAMS-A,MIX!Haemophilus parainfluenzae,Cotrimoxazole,3,0.0,0.0,276,0.9891304347826086
DRIAMS-A,MIX!Haemophilus pittmaniae,Cefuroxime,3,3.0,1.0,12,0.75
DRIAMS-A,MIX!Klebsiella oxytoca,Cefpodoxime,3,0.0,0.0,17,0.8235294117647058
DRIAMS-A,MIX!Klebsiella oxytoca,Fosfomycin-Trometamol,3,2.0,0.6666666666666666,17,0.8235294117647058
DRIAMS-A,MIX!Klebsiella oxytoca,Norfloxacin,3,0.0,0.0,17,0.8235294117647058
DRIAMS-A,MIX!Lactobacillus rhamnosus,Penicillin,3,0.0,0.0,60,0.95
DRIAMS-A,MIX!Proteus mirabilis,Imipenem,3,2.0,0.6666666666666666,17,0.8235294117647058
DRIAMS-A,MIX!Pseudomonas fluorescens,Aztreonam,3,3.0,1.0,3,0.0
DRIAMS-A,MIX!Pseudomonas fluorescens,Cefepime,3,0.0,0.0,3,0.0
DRIAMS-A,MIX!Pseudomonas fluorescens,Ciprofloxacin,3,0.0,0.0,3,0.0
DRIAMS-A,MIX!Pseudomonas fluorescens,Colistin,3,0.0,0.0,3,0.0
DRIAMS-A,MIX!Pseudomonas fluorescens,Meropenem,3,0.0,0.0,3,0.0
DRIAMS-A,MIX!Pseudomonas fluorescens,Piperacillin-Tazobactam,3,0.0,0.0,3,0.0
DRIAMS-A,MIX!Pseudomonas fluorescens,Tobramycin,3,0.0,0.0,3,0.0
DRIAMS-A,MIX!Staphylococcus epidermidis,Teicoplanin,3,0.0,0.0,91,0.967032967032967
DRIAMS-A,MIX!Streptococcus mitis,Vancomycin,3,0.0,0.0,13,0.7692307692307692
DRIAMS-A,Neisseria meningitidis,Azithromycin,3,0.0,0.0,68,0.9558823529411765
DRIAMS-A,Neisseria meningitidis,Cefixime,3,0.0,0.0,68,0.9558823529411765
DRIAMS-A,Ochrobactrum intermedium,Cefepime,3,3.0,1.0,20,0.85
DRIAMS-A,Ochrobactrum intermedium,Ciprofloxacin,3,0.0,0.0,20,0.85
DRIAMS-A,Ochrobactrum intermedium,Cotrimoxazole,3,0.0,0.0,20,0.85
DRIAMS-A,Ochrobactrum intermedium,Meropenem,3,0.0,0.0,20,0.85
DRIAMS-A,Ochrobactrum intermedium,Piperacillin-Tazobactam,3,3.0,1.0,20,0.85
DRIAMS-A,Paenibacillus macerans,Clindamycin,3,3.0,1.0,3,0.0
DRIAMS-A,Paenibacillus macerans,Levofloxacin,3,0.0,0.0,3,0.0
DRIAMS-A,Paenibacillus macerans,Penicillin,3,3.0,1.0,3,0.0
DRIAMS-A,Paenibacillus macerans,Vancomycin,3,3.0,1.0,3,0.0
DRIAMS-A,Parabacteroides distasonis,Moxifloxacin,3,0.0,0.0,71,0.9577464788732395
DRIAMS-A,Parvimonas micra,Ciprofloxacin,3,0.0,0.0,396,0.9924242424242424
DRIAMS-A,Parvimonas micra,Levofloxacin,3,0.0,0.0,396,0.9924242424242424
DRIAMS-A,Pasteurella multocida,Doxycycline,3,0.0,0.0,52,0.9423076923076923
DRIAMS-A,Peptoniphilus coxii,Penicillin,3,0.0,0.0,30,0.9
DRIAMS-A,Peptoniphilus harei,Levofloxacin,3,3.0,1.0,202,0.9851485148514851
DRIAMS-A,Peptoniphilus harei,Rifampicin,3,0.0,0.0,202,0.9851485148514851
DRIAMS-A,Peptoniphilus harei,Rifampicin_1mg-l,3,0.0,0.0,202,0.9851485148514851
DRIAMS-A,Peptoniphilus tyrrelliae,Clindamycin,3,3.0,1.0,4,0.25
DRIAMS-A,Peptoniphilus tyrrelliae,Erythromycin,3,3.0,1.0,4,0.25
DRIAMS-A,Peptoniphilus tyrrelliae,Moxifloxacin,3,3.0,1.0,4,0.25
DRIAMS-A,Peptoniphilus tyrrelliae,Penicillin,3,0.0,0.0,4,0.25
DRIAMS-A,Plesiomonas shigelloides,Cefepime,3,0.0,0.0,4,0.25
DRIAMS-A,Plesiomonas shigelloides,Ciprofloxacin,3,0.0,0.0,4,0.25
DRIAMS-A,Plesiomonas shigelloides,Cotrimoxazole,3,3.0,1.0,4,0.25
DRIAMS-A,Plesiomonas shigelloides,Meropenem,3,0.0,0.0,4,0.25
DRIAMS-A,Plesiomonas shigelloides,Piperacillin-Tazobactam,3,0.0,0.0,4,0.25
DRIAMS-A,Proteus mirabilis,Nitrofurantoin,3,3.0,1.0,2094,0.998567335243553
DRIAMS-A,Providencia stuartii,Aztreonam,3,3.0,1.0,52,0.9423076923076923
DRIAMS-A,Providencia stuartii,Ceftazidime-Avibactam,3,0.0,0.0,52,0.9423076923076923
DRIAMS-A,Providencia stuartii,Fosfomycin,3,3.0,1.0,52,0.9423076923076923
DRIAMS-A,Providencia stuartii,Tigecycline,3,3.0,1.0,52,0.9423076923076923
DRIAMS-A,Pseudomonas graminis,Aztreonam,3,3.0,1.0,3,0.0
DRIAMS-A,Pseudomonas graminis,Cefepime,3,0.0,0.0,3,0.0
DRIAMS-A,Pseudomonas graminis,Ciprofloxacin,3,0.0,0.0,3,0.0
DRIAMS-A,Pseudomonas graminis,Colistin,3,0.0,0.0,3,0.0
DRIAMS-A,Pseudomonas graminis,Meropenem,3,0.0,0.0,3,0.0
DRIAMS-A,Pseudomonas graminis,Piperacillin-Tazobactam,3,3.0,1.0,3,0.0
DRIAMS-A,Pseudomonas graminis,Tobramycin,3,0.0,0.0,3,0.0
DRIAMS-A,Pseudomonas monteilii,Cotrimoxazole,3,0.0,0.0,50,0.94
DRIAMS-A,Pseudomonas oryzihabitans,Amikacin,3,0.0,0.0,17,0.8235294117647058
DRIAMS-A,Pseudomonas oryzihabitans,Cefepime,3,0.0,0.0,17,0.8235294117647058
DRIAMS-A,Pseudomonas oryzihabitans,Ceftazidime,3,0.0,0.0,17,0.8235294117647058
DRIAMS-A,Pseudomonas oryzihabitans,Ciprofloxacin,3,0.0,0.0,17,0.8235294117647058
DRIAMS-A,Pseudomonas oryzihabitans,Colistin,3,0.0,0.0,17,0.8235294117647058
DRIAMS-A,Pseudomonas oryzihabitans,Imipenem,3,0.0,0.0,17,0.8235294117647058
DRIAMS-A,Pseudomonas oryzihabitans,Levofloxacin,3,0.0,0.0,17,0.8235294117647058
DRIAMS-A,Pseudomonas oryzihabitans,Meropenem,3,0.0,0.0,17,0.8235294117647058
DRIAMS-A,Pseudomonas oryzihabitans,Piperacillin-Tazobactam,3,0.0,0.0,17,0.8235294117647058
DRIAMS-A,Pseudomonas oryzihabitans,Tobramycin,3,0.0,0.0,17,0.8235294117647058
DRIAMS-A,Pseudomonas otitidis,Amikacin,3,0.0,0.0,12,0.75
DRIAMS-A,Pseudomonas otitidis,Cefepime,3,0.0,0.0,12,0.75
DRIAMS-A,Pseudomonas otitidis,Ceftazidime,3,0.0,0.0,12,0.75
DRIAMS-A,Pseudomonas otitidis,Ciprofloxacin,3,1.0,0.3333333333333333,12,0.75
DRIAMS-A,Pseudomonas otitidis,Colistin,3,0.0,0.0,12,0.75
DRIAMS-A,Pseudomonas otitidis,Imipenem,3,1.0,0.3333333333333333,12,0.75
DRIAMS-A,Pseudomonas otitidis,Levofloxacin,3,1.0,0.3333333333333333,12,0.75
DRIAMS-A,Pseudomonas otitidis,Meropenem,3,1.0,0.3333333333333333,12,0.75
DRIAMS-A,Pseudomonas otitidis,Piperacillin-Tazobactam,3,0.0,0.0,12,0.75
DRIAMS-A,Pseudomonas otitidis,Tobramycin,3,0.0,0.0,12,0.75
DRIAMS-A,Salmonella anatum,Amikacin,3,3.0,1.0,33,0.9090909090909091
DRIAMS-A,Salmonella anatum,Amoxicillin-Clavulanic acid,3,0.0,0.0,33,0.9090909090909091
DRIAMS-A,Salmonella anatum,Ampicillin-Amoxicillin,3,0.0,0.0,33,0.9090909090909091
DRIAMS-A,Salmonella anatum,Cefepime,3,0.0,0.0,33,0.9090909090909091
DRIAMS-A,Salmonella anatum,Ceftazidime,3,0.0,0.0,33,0.9090909090909091
DRIAMS-A,Salmonella anatum,Ceftriaxone,3,0.0,0.0,33,0.9090909090909091
DRIAMS-A,Salmonella anatum,Ciprofloxacin,3,1.0,0.3333333333333333,33,0.9090909090909091
DRIAMS-A,Salmonella anatum,Colistin,3,0.0,0.0,33,0.9090909090909091
DRIAMS-A,Salmonella anatum,Cotrimoxazole,3,0.0,0.0,33,0.9090909090909091
DRIAMS-A,Salmonella anatum,Ertapenem,3,0.0,0.0,33,0.9090909090909091
DRIAMS-A,Salmonella anatum,Imipenem,3,0.0,0.0,33,0.9090909090909091
DRIAMS-A,Salmonella anatum,Meropenem,3,0.0,0.0,33,0.9090909090909091
DRIAMS-A,Salmonella anatum,Piperacillin-Tazobactam,3,0.0,0.0,33,0.9090909090909091
DRIAMS-A,Salmonella anatum,Tobramycin,3,3.0,1.0,33,0.9090909090909091
DRIAMS-A,Salmonella newington,Amikacin,3,3.0,1.0,50,0.94
DRIAMS-A,Salmonella newington,Amoxicillin-Clavulanic acid,3,0.0,0.0,50,0.94
DRIAMS-A,Salmonella newington,Ampicillin-Amoxicillin,3,0.0,0.0,50,0.94
DRIAMS-A,Salmonella newington,Cefepime,3,0.0,0.0,50,0.94
DRIAMS-A,Salmonella newington,Ceftazidime,3,0.0,0.0,50,0.94
DRIAMS-A,Salmonella newington,Ceftriaxone,3,0.0,0.0,50,0.94
DRIAMS-A,Salmonella newington,Ciprofloxacin,3,0.0,0.0,50,0.94
DRIAMS-A,Salmonella newington,Colistin,3,0.0,0.0,50,0.94
DRIAMS-A,Salmonella newington,Cotrimoxazole,3,0.0,0.0,50,0.94
DRIAMS-A,Salmonella newington,Ertapenem,3,0.0,0.0,50,0.94
DRIAMS-A,Salmonella newington,Imipenem,3,0.0,0.0,50,0.94
DRIAMS-A,Salmonella newington,Levofloxacin,3,0.0,0.0,50,0.94
DRIAMS-A,Salmonella newington,Meropenem,3,0.0,0.0,50,0.94
DRIAMS-A,Salmonella newington,Piperacillin-Tazobactam,3,0.0,0.0,50,0.94
DRIAMS-A,Salmonella newington,Tobramycin,3,3.0,1.0,50,0.94
DRIAMS-A,Salmonella sp,Amikacin,3,3.0,1.0,16,0.8125
DRIAMS-A,Salmonella sp,Amoxicillin-Clavulanic acid,3,0.0,0.0,16,0.8125
DRIAMS-A,Salmonella sp,Ampicillin-Amoxicillin,3,0.0,0.0,16,0.8125
DRIAMS-A,Salmonella sp,Cefepime,3,0.0,0.0,16,0.8125
DRIAMS-A,Salmonella sp,Ceftazidime,3,0.0,0.0,16,0.8125
DRIAMS-A,Salmonella sp,Ceftriaxone,3,0.0,0.0,16,0.8125
DRIAMS-A,Salmonella sp,Ciprofloxacin,3,2.0,0.6666666666666666,16,0.8125
DRIAMS-A,Salmonella sp,Colistin,3,0.0,0.0,16,0.8125
DRIAMS-A,Salmonella sp,Cotrimoxazole,3,0.0,0.0,16,0.8125
DRIAMS-A,Salmonella sp,Ertapenem,3,0.0,0.0,16,0.8125
DRIAMS-A,Salmonella sp,Imipenem,3,0.0,0.0,16,0.8125
DRIAMS-A,Salmonella sp,Levofloxacin,3,2.0,0.6666666666666666,16,0.8125
DRIAMS-A,Salmonella sp,Meropenem,3,0.0,0.0,16,0.8125
DRIAMS-A,Salmonella sp,Piperacillin-Tazobactam,3,0.0,0.0,16,0.8125
DRIAMS-A,Salmonella sp,Tobramycin,3,3.0,1.0,16,0.8125
DRIAMS-A,Salmonella spp,Azithromycin,3,0.0,0.0,72,0.9583333333333334
DRIAMS-A,Salmonella spp,Nitrofurantoin,3,0.0,0.0,72,0.9583333333333334
DRIAMS-A,Serratia liquefaciens,Cefpodoxime,3,3.0,1.0,37,0.9189189189189189
DRIAMS-A,Serratia liquefaciens,Nitrofurantoin,3,3.0,1.0,37,0.9189189189189189
DRIAMS-A,Slackia exigua,Clindamycin,3,0.0,0.0,33,0.9090909090909091
DRIAMS-A,Slackia exigua,Moxifloxacin,3,0.0,0.0,33,0.9090909090909091
DRIAMS-A,Staphylococcus aureus,Fosfomycin-Trometamol,3,0.0,0.0,6994,0.9995710609093509
DRIAMS-A,Staphylococcus auricularis,Mupirocin,3,0.0,0.0,82,0.9634146341463414
DRIAMS-A,Staphylococcus condimenti,Amoxicillin-Clavulanic acid,3,0.0,0.0,5,0.4
DRIAMS-A,Staphylococcus condimenti,Ampicillin-Amoxicillin,3,3.0,1.0,5,0.4
DRIAMS-A,Staphylococcus condimenti,Cefazolin,3,0.0,0.0,5,0.4
DRIAMS-A,Staphylococcus condimenti,Cefepime,3,0.0,0.0,5,0.4
DRIAMS-A,Staphylococcus condimenti,Ceftriaxone,3,0.0,0.0,5,0.4
DRIAMS-A,Staphylococcus condimenti,Cefuroxime,3,0.0,0.0,5,0.4
DRIAMS-A,Staphylococcus condimenti,Ciprofloxacin,3,0.0,0.0,5,0.4
DRIAMS-A,Staphylococcus condimenti,Clindamycin,3,0.0,0.0,5,0.4
DRIAMS-A,Staphylococcus condimenti,Cotrimoxazole,3,0.0,0.0,5,0.4
DRIAMS-A,Staphylococcus condimenti,Daptomycin,3,0.0,0.0,5,0.4
DRIAMS-A,Staphylococcus condimenti,Erythromycin,3,0.0,0.0,5,0.4
DRIAMS-A,Staphylococcus condimenti,Fusidic acid,3,0.0,0.0,5,0.4
DRIAMS-A,Staphylococcus condimenti,Gentamicin,3,0.0,0.0,5,0.4
DRIAMS-A,Staphylococcus condimenti,Imipenem,3,0.0,0.0,5,0.4
DRIAMS-A,Staphylococcus condimenti,Linezolid,3,0.0,0.0,5,0.4
DRIAMS-A,Staphylococcus condimenti,Meropenem,3,0.0,0.0,5,0.4
DRIAMS-A,Staphylococcus condimenti,Oxacillin,3,0.0,0.0,5,0.4
DRIAMS-A,Staphylococcus condimenti,Penicillin,3,3.0,1.0,5,0.4
DRIAMS-A,Staphylococcus condimenti,Piperacillin-Tazobactam,3,0.0,0.0,5,0.4
DRIAMS-A,Staphylococcus condimenti,Rifampicin,3,0.0,0.0,5,0.4
DRIAMS-A,Staphylococcus condimenti,Teicoplanin,3,0.0,0.0,5,0.4
DRIAMS-A,Staphylococcus condimenti,Tetracycline,3,0.0,0.0,5,0.4
DRIAMS-A,Staphylococcus condimenti,Tigecycline,3,0.0,0.0,5,0.4
DRIAMS-A,Staphylococcus condimenti,Vancomycin,3,0.0,0.0,5,0.4
DRIAMS-A,Staphylococcus hominis,Aminoglycosides,3,1.0,0.3333333333333333,1313,0.9977151561309977
DRIAMS-A,Staphylococcus hominis,Cefoxitin_screen,3,0.0,0.0,1313,0.9977151561309977
DRIAMS-A,Staphylococcus intermedius,Amoxicillin-Clavulanic acid,3,0.0,0.0,4,0.25
DRIAMS-A,Staphylococcus intermedius,Ampicillin-Amoxicillin,3,2.0,0.6666666666666666,4,0.25
DRIAMS-A,Staphylococcus intermedius,Cefazolin,3,0.0,0.0,4,0.25
DRIAMS-A,Staphylococcus intermedius,Cefepime,3,0.0,0.0,4,0.25
DRIAMS-A,Staphylococcus intermedius,Ceftriaxone,3,0.0,0.0,4,0.25
DRIAMS-A,Staphylococcus intermedius,Cefuroxime,3,0.0,0.0,4,0.25
DRIAMS-A,Staphylococcus intermedius,Ciprofloxacin,3,0.0,0.0,4,0.25
DRIAMS-A,Staphylococcus intermedius,Clindamycin,3,1.0,0.3333333333333333,4,0.25
DRIAMS-A,Staphylococcus intermedius,Cotrimoxazole,3,0.0,0.0,4,0.25
DRIAMS-A,Staphylococcus intermedius,Daptomycin,3,0.0,0.0,4,0.25
DRIAMS-A,Staphylococcus intermedius,Erythromycin,3,1.0,0.3333333333333333,4,0.25
DRIAMS-A,Staphylococcus intermedius,Fusidic acid,3,0.0,0.0,4,0.25
DRIAMS-A,Staphylococcus intermedius,Gentamicin,3,0.0,0.0,4,0.25
DRIAMS-A,Staphylococcus intermedius,Imipenem,3,0.0,0.0,4,0.25
DRIAMS-A,Staphylococcus intermedius,Linezolid,3,0.0,0.0,4,0.25
DRIAMS-A,Staphylococcus intermedius,Meropenem,3,0.0,0.0,4,0.25
DRIAMS-A,Staphylococcus intermedius,Oxacillin,3,0.0,0.0,4,0.25
DRIAMS-A,Staphylococcus intermedius,Penicillin,3,2.0,0.6666666666666666,4,0.25
DRIAMS-A,Staphylococcus intermedius,Piperacillin-Tazobactam,3,0.0,0.0,4,0.25
DRIAMS-A,Staphylococcus intermedius,Rifampicin,3,0.0,0.0,4,0.25
DRIAMS-A,Staphylococcus intermedius,Teicoplanin,3,0.0,0.0,4,0.25
DRIAMS-A,Staphylococcus intermedius,Tetracycline,3,1.0,0.3333333333333333,4,0.25
DRIAMS-A,Staphylococcus intermedius,Tigecycline,3,0.0,0.0,4,0.25
DRIAMS-A,Staphylococcus intermedius,Vancomycin,3,0.0,0.0,4,0.25
DRIAMS-A,Staphylococcus lugdunensis,Aminoglycosides,3,0.0,0.0,626,0.9952076677316294
DRIAMS-A,Staphylococcus lugdunensis,Cefoxitin_screen,3,0.0,0.0,626,0.9952076677316294
DRIAMS-A,Staphylococcus lugdunensis,Chloramphenicol,3,0.0,0.0,626,0.9952076677316294
DRIAMS-A,Staphylococcus lugdunensis,Quinolones,3,0.0,0.0,626,0.9952076677316294
DRIAMS-A,Staphylococcus piscifermentans,Amoxicillin-Clavulanic acid,3,0.0,0.0,9,0.6666666666666667
DRIAMS-A,Staphylococcus piscifermentans,Ampicillin-Amoxicillin,3,3.0,1.0,9,0.6666666666666667
DRIAMS-A,Staphylococcus piscifermentans,Cefazolin,3,0.0,0.0,9,0.6666666666666667
DRIAMS-A,Staphylococcus piscifermentans,Cefepime,3,0.0,0.0,9,0.6666666666666667
DRIAMS-A,Staphylococcus piscifermentans,Ceftriaxone,3,0.0,0.0,9,0.6666666666666667
DRIAMS-A,Staphylococcus piscifermentans,Cefuroxime,3,0.0,0.0,9,0.6666666666666667
DRIAMS-A,Staphylococcus piscifermentans,Ciprofloxacin,3,0.0,0.0,9,0.6666666666666667
DRIAMS-A,Staphylococcus piscifermentans,Clindamycin,3,0.0,0.0,9,0.6666666666666667
DRIAMS-A,Staphylococcus piscifermentans,Cotrimoxazole,3,0.0,0.0,9,0.6666666666666667
DRIAMS-A,Staphylococcus piscifermentans,Daptomycin,3,0.0,0.0,9,0.6666666666666667
DRIAMS-A,Staphylococcus piscifermentans,Erythromycin,3,0.0,0.0,9,0.6666666666666667
DRIAMS-A,Staphylococcus piscifermentans,Fusidic acid,3,0.0,0.0,9,0.6666666666666667
DRIAMS-A,Staphylococcus piscifermentans,Gentamicin,3,0.0,0.0,9,0.6666666666666667
DRIAMS-A,Staphylococcus piscifermentans,Imipenem,3,0.0,0.0,9,0.6666666666666667
DRIAMS-A,Staphylococcus piscifermentans,Linezolid,3,0.0,0.0,9,0.6666666666666667
DRIAMS-A,Staphylococcus piscifermentans,Meropenem,3,0.0,0.0,9,0.6666666666666667
DRIAMS-A,Staphylococcus piscifermentans,Oxacillin,3,0.0,0.0,9,0.6666666666666667
DRIAMS-A,Staphylococcus piscifermentans,Penicillin,3,3.0,1.0,9,0.6666666666666667
DRIAMS-A,Staphylococcus piscifermentans,Piperacillin-Tazobactam,3,0.0,0.0,9,0.6666666666666667
DRIAMS-A,Staphylococcus piscifermentans,Rifampicin,3,0.0,0.0,9,0.6666666666666667
DRIAMS-A,Staphylococcus piscifermentans,Teicoplanin,3,0.0,0.0,9,0.6666666666666667
DRIAMS-A,Staphylococcus piscifermentans,Tetracycline,3,0.0,0.0,9,0.6666666666666667
DRIAMS-A,Staphylococcus piscifermentans,Tigecycline,3,0.0,0.0,9,0.6666666666666667
DRIAMS-A,Staphylococcus piscifermentans,Vancomycin,3,0.0,0.0,9,0.6666666666666667
DRIAMS-A,Staphylococcus saccharolyticus,Erythromycin,3,0.0,0.0,78,0.9615384615384616
DRIAMS-A,Staphylococcus saccharolyticus,Meropenem,3,0.0,0.0,78,0.9615384615384616
DRIAMS-A,Staphylococcus saccharolyticus,Metronidazole,3,3.0,1.0,78,0.9615384615384616
DRIAMS-A,Staphylococcus saccharolyticus,Moxifloxacin,3,0.0,0.0,78,0.9615384615384616
DRIAMS-A,Staphylococcus saprophyticus,Mupirocin,3,0.0,0.0,150,0.98
DRIAMS-A,Stenotrophomonas maltophilia,Aminoglycosides,3,3.0,1.0,660,0.9954545454545455
DRIAMS-A,Stenotrophomonas maltophilia,Ceftriaxone,3,3.0,1.0,660,0.9954545454545455
DRIAMS-A,Stenotrophomonas maltophilia,Quinolones,3,0.0,0.0,660,0.9954545454545455
DRIAMS-A,Streptococcus agalactiae,Cotrimoxazole,3,1.0,0.3333333333333333,2714,0.998894620486367
DRIAMS-A,Streptococcus anginosus,Cotrimoxazole,3,0.0,0.0,1868,0.9983940042826552
DRIAMS-A,Streptococcus anginosus,Meropenem_with_meningitis,3,0.0,0.0,1868,0.9983940042826552
DRIAMS-A,Streptococcus anginosus,Meropenem_with_pneumonia,3,0.0,0.0,1868,0.9983940042826552
DRIAMS-A,Streptococcus constellatus,Cotrimoxazole,3,0.0,0.0,810,0.9962962962962963
DRIAMS-A,Streptococcus constellatus,Daptomycin,3,0.0,0.0,810,0.9962962962962963
DRIAMS-A,Streptococcus constellatus,Ertapenem,3,0.0,0.0,810,0.9962962962962963
DRIAMS-A,Streptococcus constellatus,Gentamicin_high_level,3,0.0,0.0,810,0.9962962962962963
DRIAMS-A,Streptococcus constellatus,Meropenem_with_meningitis,3,1.0,0.3333333333333333,810,0.9962962962962963
DRIAMS-A,Streptococcus constellatus,Meropenem_with_pneumonia,3,0.0,0.0,810,0.9962962962962963
DRIAMS-A,Streptococcus dysgalactiae,Doxycycline,3,3.0,1.0,585,0.9948717948717949
DRIAMS-A,Streptococcus equinus,Penicillin_with_endokarditis,3,0.0,0.0,7,0.5714285714285714
DRIAMS-A,Streptococcus equinus,Penicillin_without_endokarditis,3,0.0,0.0,7,0.5714285714285714
DRIAMS-A,Streptococcus gallolyticus,Penicillin_without_meningitis,3,0.0,0.0,135,0.9777777777777777
DRIAMS-A,Streptococcus gordonii,Ampicillin-Amoxicillin,3,0.0,0.0,136,0.9779411764705882
DRIAMS-A,Streptococcus gordonii,Moxifloxacin,3,0.0,0.0,136,0.9779411764705882
DRIAMS-A,Streptococcus intermedius,Cefepime,3,0.0,0.0,377,0.9920424403183024
DRIAMS-A,Streptococcus intermedius,Meropenem,3,0.0,0.0,377,0.9920424403183024
DRIAMS-A,Streptococcus mitis,Gentamicin,3,0.0,0.0,666,0.9954954954954955
DRIAMS-A,Streptococcus mitis,Meropenem_with_meningitis,3,0.0,0.0,666,0.9954954954954955
DRIAMS-A,Streptococcus mitis,Meropenem_with_pneumonia,3,0.0,0.0,666,0.9954954954954955
DRIAMS-A,Streptococcus mitis,Teicoplanin,3,0.0,0.0,666,0.9954954954954955
DRIAMS-A,Streptococcus oralis,Oxacillin,3,1.0,0.3333333333333333,929,0.9967707212055974
DRIAMS-A,Streptococcus pneumoniae,Aminoglycosides,3,3.0,1.0,426,0.9929577464788732
DRIAMS-A,Streptococcus pseudopneumoniae,Meropenem_with_meningitis,3,1.0,0.3333333333333333,58,0.9482758620689655
DRIAMS-A,Streptococcus pseudopneumoniae,Meropenem_with_pneumonia,3,0.0,0.0,58,0.9482758620689655
DRIAMS-A,Streptococcus pyogenes,Clarithromycin,3,1.0,0.3333333333333333,883,0.9966024915062288
DRIAMS-A,Streptococcus sanguinis,Gentamicin,3,0.0,0.0,136,0.9779411764705882
DRIAMS-A,Trichosporon mycotoxinivorans,5-Fluorocytosine,3,3.0,1.0,41,0.926829268292683
DRIAMS-A,Trichosporon mycotoxinivorans,Itraconazole,3,0.0,0.0,41,0.926829268292683
DRIAMS-A,Trichosporon mycotoxinivorans,Voriconazole,3,0.0,0.0,41,0.926829268292683
DRIAMS-A,Trueperella bernardiae,Imipenem,3,0.0,0.0,86,0.9651162790697675
DRIAMS-A,Turicella otitidis,Amoxicillin-Clavulanic acid,3,0.0,0.0,92,0.967391304347826
DRIAMS-A,Veillonella parvula,Penicillin,3,1.0,0.3333333333333333,133,0.9774436090225564
DRIAMS-A,Vibrio alginolyticus,Amoxicillin-Clavulanic acid,3,0.0,0.0,7,0.5714285714285714
DRIAMS-A,Vibrio alginolyticus,Ceftazidime,3,0.0,0.0,7,0.5714285714285714
DRIAMS-A,Vibrio alginolyticus,Doxycycline,3,0.0,0.0,7,0.5714285714285714
DRIAMS-A,Vibrio alginolyticus,Levofloxacin,3,0.0,0.0,7,0.5714285714285714
DRIAMS-A,Abiotrophia defectiva,Amoxicillin,2,0.0,0.0,13,0.8461538461538461
DRIAMS-A,Abiotrophia defectiva,Gentamicin,2,0.0,0.0,13,0.8461538461538461
DRIAMS-A,Abiotrophia defectiva,Rifampicin,2,0.0,0.0,13,0.8461538461538461
DRIAMS-A,Achromobacter insolitus,Amikacin,2,0.0,0.0,23,0.9130434782608696
DRIAMS-A,Achromobacter insolitus,Ceftazidime,2,0.0,0.0,23,0.9130434782608696
DRIAMS-A,Achromobacter insolitus,Colistin,2,0.0,0.0,23,0.9130434782608696
DRIAMS-A,Achromobacter insolitus,Imipenem,2,0.0,0.0,23,0.9130434782608696
DRIAMS-A,Achromobacter insolitus,Levofloxacin,2,0.0,0.0,23,0.9130434782608696
DRIAMS-A,Achromobacter insolitus,Tobramycin,2,2.0,1.0,23,0.9130434782608696
DRIAMS-A,Achromobacter xylosoxidans,Ampicillin-Amoxicillin,2,2.0,1.0,174,0.9885057471264368
DRIAMS-A,Achromobacter xylosoxidans,Ceftriaxone,2,2.0,1.0,174,0.9885057471264368
DRIAMS-A,Acinetobacter johnsonii,Aminoglycosides,2,0.0,0.0,36,0.9444444444444444
DRIAMS-A,Acinetobacter johnsonii,Chloramphenicol,2,2.0,1.0,36,0.9444444444444444
DRIAMS-A,Acinetobacter johnsonii,Quinolones,2,0.0,0.0,36,0.9444444444444444
DRIAMS-A,Acinetobacter lwoffii,Cefepime,2,0.0,0.0,16,0.875
DRIAMS-A,Acinetobacter lwoffii,Ceftazidime,2,0.0,0.0,16,0.875
DRIAMS-A,Acinetobacter lwoffii,Ciprofloxacin,2,0.0,0.0,16,0.875
DRIAMS-A,Acinetobacter lwoffii,Cotrimoxazole,2,0.0,0.0,16,0.875
DRIAMS-A,Acinetobacter lwoffii,Meropenem,2,0.0,0.0,16,0.875
DRIAMS-A,Acinetobacter lwoffii,Piperacillin-Tazobactam,2,0.0,0.0,16,0.875
DRIAMS-A,Acinetobacter parvus,Cefepime,2,0.0,0.0,13,0.8461538461538461
DRIAMS-A,Actinobacillus ureae,Amoxicillin,2,0.0,0.0,2,0.0
DRIAMS-A,Actinobacillus ureae,Amoxicillin-Clavulanic acid,2,0.0,0.0,2,0.0
DRIAMS-A,Actinobacillus ureae,Azithromycin,2,0.0,0.0,2,0.0
DRIAMS-A,Actinobacillus ureae,Ciprofloxacin,2,0.0,0.0,2,0.0
DRIAMS-A,Actinobacillus ureae,Levofloxacin,2,0.0,0.0,2,0.0
DRIAMS-A,Actinomyces meyeri,Ceftriaxone,2,0.0,0.0,21,0.9047619047619048
DRIAMS-A,Actinomyces meyeri,Meropenem,2,0.0,0.0,21,0.9047619047619048
DRIAMS-A,Actinomyces odontolyticus,Amoxicillin,2,0.0,0.0,363,0.9944903581267217
DRIAMS-A,Actinomyces odontolyticus,Ceftriaxone,2,0.0,0.0,363,0.9944903581267217
DRIAMS-A,Actinomyces oris,Amoxicillin,2,0.0,0.0,80,0.975
DRIAMS-A,Actinomyces oris,Cotrimoxazole,2,0.0,0.0,80,0.975
DRIAMS-A,Aerococcus viridans,Vancomycin,2,0.0,0.0,46,0.9565217391304348
DRIAMS-A,Aeromonas caviae,Amoxicillin-Clavulanic acid,2,2.0,1.0,7,0.7142857142857143
DRIAMS-A,Aeromonas caviae,Ampicillin-Amoxicillin,2,2.0,1.0,7,0.7142857142857143
DRIAMS-A,Aeromonas caviae,Cefepime,2,0.0,0.0,7,0.7142857142857143
DRIAMS-A,Aeromonas caviae,Imipenem,2,1.0,0.5,7,0.7142857142857143
DRIAMS-A,Aeromonas caviae,Piperacillin-Tazobactam,2,1.0,0.5,7,0.7142857142857143
DRIAMS-A,Aeromonas encheleia,Cefepime,2,0.0,0.0,2,0.0
DRIAMS-A,Aeromonas encheleia,Ceftazidime,2,0.0,0.0,2,0.0
DRIAMS-A,Aeromonas encheleia,Ceftriaxone,2,2.0,1.0,2,0.0
DRIAMS-A,Aeromonas encheleia,Ciprofloxacin,2,0.0,0.0,2,0.0
DRIAMS-A,Aeromonas encheleia,Cotrimoxazole,2,0.0,0.0,2,0.0
DRIAMS-A,Aeromonas encheleia,Piperacillin-Tazobactam,2,2.0,1.0,2,0.0
DRIAMS-A,Aeromonas hydrophila,Cefepime,2,0.0,0.0,4,0.5
DRIAMS-A,Aeromonas hydrophila,Ceftazidime,2,0.0,0.0,4,0.5
DRIAMS-A,Aeromonas hydrophila,Ceftriaxone,2,1.0,0.5,4,0.5
DRIAMS-A,Aeromonas hydrophila,Ciprofloxacin,2,0.0,0.0,4,0.5
DRIAMS-A,Aeromonas hydrophila,Cotrimoxazole,2,0.0,0.0,4,0.5
DRIAMS-A,Aeromonas hydrophila,Piperacillin-Tazobactam,2,1.0,0.5,4,0.5
DRIAMS-A,Aeromonas veronii,Amoxicillin-Clavulanic acid,2,1.0,0.5,7,0.7142857142857143
DRIAMS-A,Anaerococcus murdochii,Daptomycin,2,0.0,0.0,72,0.9722222222222222
DRIAMS-A,Anaerococcus murdochii,Penicillin,2,0.0,0.0,72,0.9722222222222222
DRIAMS-A,Anaerococcus murdochii,Vancomycin,2,0.0,0.0,72,0.9722222222222222
DRIAMS-A,Anaerococcus sp,Ceftriaxone,2,0.0,0.0,32,0.9375
DRIAMS-A,Anaerococcus sp,Metronidazole,2,0.0,0.0,32,0.9375
DRIAMS-A,Anaerococcus vaginalis,Amoxicillin,2,0.0,0.0,132,0.9848484848484849
DRIAMS-A,Anaerococcus vaginalis,Cotrimoxazole,2,0.0,0.0,132,0.9848484848484849
DRIAMS-A,Anaerococcus vaginalis,Daptomycin,2,0.0,0.0,132,0.9848484848484849
DRIAMS-A,Anaerococcus vaginalis,Fusidic acid,2,0.0,0.0,132,0.9848484848484849
DRIAMS-A,Anaerococcus vaginalis,Levofloxacin,2,2.0,1.0,132,0.9848484848484849
DRIAMS-A,Anaerococcus vaginalis,Meropenem,2,0.0,0.0,132,0.9848484848484849
DRIAMS-A,Anaerococcus vaginalis,Rifampicin,2,0.0,0.0,132,0.9848484848484849
DRIAMS-A,Anaerococcus vaginalis,Vancomycin,2,0.0,0.0,132,0.9848484848484849
DRIAMS-A,Arthrobacter cumminsii,Ceftriaxone,2,0.0,0.0,28,0.9285714285714286
DRIAMS-A,Arthrobacter cumminsii,Ciprofloxacin,2,0.0,0.0,28,0.9285714285714286
DRIAMS-A,Arthrobacter cumminsii,Erythromycin,2,0.0,0.0,28,0.9285714285714286
DRIAMS-A,Arthrobacter cumminsii,Gentamicin,2,0.0,0.0,28,0.9285714285714286
DRIAMS-A,Arthrobacter cumminsii,Meropenem,2,0.0,0.0,28,0.9285714285714286
DRIAMS-A,Arthrobacter cumminsii,Penicillin,2,0.0,0.0,28,0.9285714285714286
DRIAMS-A,Arthrobacter cumminsii,Vancomycin,2,0.0,0.0,28,0.9285714285714286
DRIAMS-A,Aspergillus fumigatus,Amphotericin B,2,0.0,0.0,4,0.5
DRIAMS-A,Aspergillus fumigatus,Caspofungin,2,0.0,0.0,4,0.5
DRIAMS-A,Aspergillus fumigatus,Isavuconazole,2,0.0,0.0,4,0.5
DRIAMS-A,Aspergillus fumigatus,Itraconazole,2,0.0,0.0,4,0.5
DRIAMS-A,Aspergillus fumigatus,Posaconazole,2,2.0,1.0,4,0.5
DRIAMS-A,Aspergillus fumigatus,Voriconazole,2,0.0,0.0,4,0.5
DRIAMS-A,Aspergillus terreus,Caspofungin,2,0.0,0.0,2,0.0
DRIAMS-A,Aspergillus terreus,Isavuconazole,2,0.0,0.0,2,0.0
DRIAMS-A,Aspergillus terreus,Itraconazole,2,0.0,0.0,2,0.0
DRIAMS-A,Aspergillus terreus,Posaconazole,2,0.0,0.0,2,0.0
DRIAMS-A,Aspergillus terreus,Voriconazole,2,0.0,0.0,2,0.0
DRIAMS-A,Atopobium parvulum,Amoxicillin-Clavulanic acid,2,0.0,0.0,86,0.9767441860465116
DRIAMS-A,Atopobium parvulum,Clindamycin,2,0.0,0.0,86,0.9767441860465116
DRIAMS-A,Atopobium parvulum,Metronidazole,2,0.0,0.0,86,0.9767441860465116
DRIAMS-A,Atopobium parvulum,Moxifloxacin,2,0.0,0.0,86,0.9767441860465116
DRIAMS-A,Bacillus cereus,Meropenem,2,0.0,0.0,149,0.9865771812080537
DRIAMS-A,Bacillus circulans,Clindamycin,2,2.0,1.0,24,0.9166666666666666
DRIAMS-A,Bacillus circulans,Levofloxacin,2,0.0,0.0,24,0.9166666666666666
DRIAMS-A,Bacillus circulans,Penicillin,2,0.0,0.0,24,0.9166666666666666
DRIAMS-A,Bacillus circulans,Vancomycin,2,0.0,0.0,24,0.9166666666666666
DRIAMS-A,Bacillus endophyticus,Clindamycin,2,0.0,0.0,2,0.0
DRIAMS-A,Bacillus endophyticus,Levofloxacin,2,0.0,0.0,2,0.0
DRIAMS-A,Bacillus endophyticus,Penicillin,2,2.0,1.0,2,0.0
DRIAMS-A,Bacillus endophyticus,Vancomycin,2,0.0,0.0,2,0.0
DRIAMS-A,Bacillus firmus,Clindamycin,2,2.0,1.0,2,0.0
DRIAMS-A,Bacillus firmus,Levofloxacin,2,0.0,0.0,2,0.0
DRIAMS-A,Bacillus firmus,Penicillin,2,2.0,1.0,2,0.0
DRIAMS-A,Bacillus firmus,Vancomycin,2,0.0,0.0,2,0.0
DRIAMS-A,Bacillus mojavensis,Clindamycin,2,1.0,0.5,2,0.0
DRIAMS-A,Bacillus mojavensis,Levofloxacin,2,0.0,0.0,2,0.0
DRIAMS-A,Bacillus mojavensis,Penicillin,2,0.0,0.0,2,0.0
DRIAMS-A,Bacillus mojavensis,Vancomycin,2,0.0,0.0,2,0.0
DRIAMS-A,Bacillus subtilis,Clindamycin,2,1.0,0.5,19,0.8947368421052632
DRIAMS-A,Bacillus subtilis,Levofloxacin,2,0.0,0.0,19,0.8947368421052632
DRIAMS-A,Bacillus subtilis,Penicillin,2,0.0,0.0,19,0.8947368421052632
DRIAMS-A,Bacillus subtilis,Vancomycin,2,0.0,0.0,19,0.8947368421052632
DRIAMS-A,Bacillus vallismortis,Clindamycin,2,0.0,0.0,7,0.7142857142857143
DRIAMS-A,Bacillus vallismortis,Levofloxacin,2,0.0,0.0,7,0.7142857142857143
DRIAMS-A,Bacillus vallismortis,Penicillin,2,0.0,0.0,7,0.7142857142857143
DRIAMS-A,Bacillus vallismortis,Vancomycin,2,0.0,0.0,7,0.7142857142857143
DRIAMS-A,Bacillus weihenstephanensis,Clindamycin,2,2.0,1.0,7,0.7142857142857143
DRIAMS-A,Bacillus weihenstephanensis,Levofloxacin,2,0.0,0.0,7,0.7142857142857143
DRIAMS-A,Bacillus weihenstephanensis,Penicillin,2,2.0,1.0,7,0.7142857142857143
DRIAMS-A,Bacillus weihenstephanensis,Vancomycin,2,0.0,0.0,7,0.7142857142857143
DRIAMS-A,Bacteroides caccae,Penicillin,2,2.0,1.0,13,0.8461538461538461
DRIAMS-A,Bacteroides caccae,Piperacillin-Tazobactam,2,0.0,0.0,13,0.8461538461538461
DRIAMS-A,Bacteroides fragilis,Ceftriaxone,2,1.0,0.5,427,0.9953161592505855
DRIAMS-A,Bacteroides fragilis,Ertapenem,2,1.0,0.5,427,0.9953161592505855
DRIAMS-A,Bacteroides fragilis,Erythromycin,2,2.0,1.0,427,0.9953161592505855
DRIAMS-A,Bacteroides ovatus,Piperacillin-Tazobactam,2,0.0,0.0,83,0.9759036144578314
DRIAMS-A,Bacteroides thetaiotaomicron,Amoxicillin-Clavulanic acid,2,0.0,0.0,97,0.979381443298969
DRIAMS-A,Bacteroides uniformis,Meropenem,2,0.0,0.0,33,0.9393939393939394
DRIAMS-A,Bacteroides uniformis,Moxifloxacin,2,2.0,1.0,33,0.9393939393939394
DRIAMS-A,Bacteroides uniformis,Penicillin,2,2.0,1.0,33,0.9393939393939394
DRIAMS-A,Bacteroides vulgatus,Meropenem,2,0.0,0.0,90,0.9777777777777777
DRIAMS-A,Bordetella petrii,Cotrimoxazole,2,2.0,1.0,8,0.75
DRIAMS-A,Bordetella petrii,Gentamicin,2,0.0,0.0,8,0.75
DRIAMS-A,Bordetella petrii,Levofloxacin,2,2.0,1.0,8,0.75
DRIAMS-A,Bordetella petrii,Meropenem,2,0.0,0.0,8,0.75
DRIAMS-A,Bordetella petrii,Piperacillin-Tazobactam,2,0.0,0.0,8,0.75
DRIAMS-A,Bordetella trematum,Cefepime,2,0.0,0.0,4,0.5
DRIAMS-A,Bordetella trematum,Ciprofloxacin,2,2.0,1.0,4,0.5
DRIAMS-A,Bordetella trematum,Cotrimoxazole,2,0.0,0.0,4,0.5
DRIAMS-A,Bordetella trematum,Meropenem,2,0.0,0.0,4,0.5
DRIAMS-A,Bordetella trematum,Piperacillin-Tazobactam,2,0.0,0.0,4,0.5
DRIAMS-A,Burkholderia anthina,Ceftazidime,2,0.0,0.0,2,0.0
DRIAMS-A,Burkholderia anthina,Cotrimoxazole,2,0.0,0.0,2,0.0
DRIAMS-A,Burkholderia anthina,Meropenem,2,0.0,0.0,2,0.0
DRIAMS-A,Burkholderia cenocepacia,Levofloxacin,2,2.0,1.0,8,0.75
DRIAMS-A,Campylobacter fetus,Ampicillin-Amoxicillin,2,0.0,0.0,30,0.9333333333333333
DRIAMS-A,Campylobacter jejuni,Gentamicin,2,0.0,0.0,378,0.9947089947089947
DRIAMS-A,Campylobacter rectus,Clindamycin,2,0.0,0.0,14,0.8571428571428572
DRIAMS-A,Campylobacter rectus,Moxifloxacin,2,2.0,1.0,14,0.8571428571428572
DRIAMS-A,Campylobacter rectus,Penicillin,2,0.0,0.0,14,0.8571428571428572
DRIAMS-A,Candida guilliermondii,5-Fluorocytosine,2,0.0,0.0,30,0.9333333333333333
DRIAMS-A,Candida guilliermondii,Amphotericin B,2,0.0,0.0,30,0.9333333333333333
DRIAMS-A,Candida guilliermondii,Anidulafungin,2,2.0,1.0,30,0.9333333333333333
DRIAMS-A,Candida guilliermondii,Caspofungin,2,0.0,0.0,30,0.9333333333333333
DRIAMS-A,Candida guilliermondii,Fluconazole,2,2.0,1.0,30,0.9333333333333333
DRIAMS-A,Candida guilliermondii,Itraconazole,2,0.0,0.0,30,0.9333333333333333
DRIAMS-A,Candida guilliermondii,Micafungin,2,2.0,1.0,30,0.9333333333333333
DRIAMS-A,Candida guilliermondii,Posaconazole,2,0.0,0.0,30,0.9333333333333333
DRIAMS-A,Candida guilliermondii,Voriconazole,2,0.0,0.0,30,0.9333333333333333
DRIAMS-A,Candida inconspicua,5-Fluorocytosine,2,0.0,0.0,21,0.9047619047619048
DRIAMS-A,Candida inconspicua,Anidulafungin,2,0.0,0.0,21,0.9047619047619048
DRIAMS-A,Candida inconspicua,Caspofungin,2,0.0,0.0,21,0.9047619047619048
DRIAMS-A,Candida inconspicua,Fluconazole,2,2.0,1.0,21,0.9047619047619048
DRIAMS-A,Candida inconspicua,Itraconazole,2,2.0,1.0,21,0.9047619047619048
DRIAMS-A,Candida inconspicua,Micafungin,2,0.0,0.0,21,0.9047619047619048
DRIAMS-A,Candida inconspicua,Voriconazole,2,0.0,0.0,21,0.9047619047619048
DRIAMS-A,Candida pararugosa,5-Fluorocytosine,2,0.0,0.0,4,0.5
DRIAMS-A,Candida pararugosa,Anidulafungin,2,0.0,0.0,4,0.5
DRIAMS-A,Candida pararugosa,Caspofungin,2,0.0,0.0,4,0.5
DRIAMS-A,Candida pararugosa,Fluconazole,2,0.0,0.0,4,0.5
DRIAMS-A,Candida pararugosa,Itraconazole,2,0.0,0.0,4,0.5
DRIAMS-A,Candida pararugosa,Micafungin,2,0.0,0.0,4,0.5
DRIAMS-A,Candida pararugosa,Voriconazole,2,0.0,0.0,4,0.5
DRIAMS-A,Capnocytophaga sputigena,Clindamycin,2,0.0,0.0,63,0.9682539682539683
DRIAMS-A,Capnocytophaga sputigena,Meropenem,2,0.0,0.0,63,0.9682539682539683
DRIAMS-A,Capnocytophaga sputigena,Metronidazole,2,2.0,1.0,63,0.9682539682539683
DRIAMS-A,Capnocytophaga sputigena,Penicillin,2,2.0,1.0,63,0.9682539682539683
DRIAMS-A,Chryseobacterium gleum,Levofloxacin,2,0.0,0.0,20,0.9
DRIAMS-A,Chryseobacterium joostei,Cefepime,2,0.0,0.0,2,0.0
DRIAMS-A,Chryseobacterium joostei,Ciprofloxacin,2,0.0,0.0,2,0.0
DRIAMS-A,Chryseobacterium joostei,Cotrimoxazole,2,0.0,0.0,2,0.0
DRIAMS-A,Chryseobacterium joostei,Meropenem,2,2.0,1.0,2,0.0
DRIAMS-A,Chryseobacterium joostei,Piperacillin-Tazobactam,2,2.0,1.0,2,0.0
DRIAMS-A,Citrobacter freundii,Fosfomycin,2,0.0,0.0,980,0.9979591836734694
DRIAMS-A,Citrobacter freundii,Tigecycline,2,0.0,0.0,980,0.9979591836734694
DRIAMS-A,Citrobacter koseri,Nitrofurantoin,2,0.0,0.0,680,0.9970588235294118
DRIAMS-A,Citrobacter koseri,Tigecycline,2,0.0,0.0,680,0.9970588235294118
DRIAMS-A,Citrobacter murliniae,Amikacin,2,0.0,0.0,9,0.7777777777777778
DRIAMS-A,Citrobacter murliniae,Amoxicillin-Clavulanic acid,2,2.0,1.0,9,0.7777777777777778
DRIAMS-A,Citrobacter murliniae,Ampicillin-Amoxicillin,2,2.0,1.0,9,0.7777777777777778
DRIAMS-A,Citrobacter murliniae,Cefepime,2,0.0,0.0,9,0.7777777777777778
DRIAMS-A,Citrobacter murliniae,Ceftazidime,2,1.0,0.5,9,0.7777777777777778
DRIAMS-A,Citrobacter murliniae,Ceftriaxone,2,1.0,0.5,9,0.7777777777777778
DRIAMS-A,Citrobacter murliniae,Ciprofloxacin,2,0.0,0.0,9,0.7777777777777778
DRIAMS-A,Citrobacter murliniae,Colistin,2,0.0,0.0,9,0.7777777777777778
DRIAMS-A,Citrobacter murliniae,Cotrimoxazole,2,0.0,0.0,9,0.7777777777777778
DRIAMS-A,Citrobacter murliniae,Ertapenem,2,0.0,0.0,9,0.7777777777777778
DRIAMS-A,Citrobacter murliniae,Imipenem,2,0.0,0.0,9,0.7777777777777778
DRIAMS-A,Citrobacter murliniae,Levofloxacin,2,0.0,0.0,9,0.7777777777777778
DRIAMS-A,Citrobacter murliniae,Meropenem,2,0.0,0.0,9,0.7777777777777778
DRIAMS-A,Citrobacter murliniae,Piperacillin-Tazobactam,2,1.0,0.5,9,0.7777777777777778
DRIAMS-A,Citrobacter murliniae,Tobramycin,2,0.0,0.0,9,0.7777777777777778
DRIAMS-A,Citrobacter sedlakii,Amikacin,2,1.0,0.5,9,0.7777777777777778
DRIAMS-A,Citrobacter sedlakii,Amoxicillin-Clavulanic acid,2,2.0,1.0,9,0.7777777777777778
DRIAMS-A,Citrobacter sedlakii,Ampicillin-Amoxicillin,2,2.0,1.0,9,0.7777777777777778
DRIAMS-A,Citrobacter sedlakii,Cefepime,2,0.0,0.0,9,0.7777777777777778
DRIAMS-A,Citrobacter sedlakii,Ceftazidime,2,1.0,0.5,9,0.7777777777777778
DRIAMS-A,Citrobacter sedlakii,Ceftriaxone,2,1.0,0.5,9,0.7777777777777778
DRIAMS-A,Citrobacter sedlakii,Ciprofloxacin,2,0.0,0.0,9,0.7777777777777778
DRIAMS-A,Citrobacter sedlakii,Colistin,2,0.0,0.0,9,0.7777777777777778
DRIAMS-A,Citrobacter sedlakii,Cotrimoxazole,2,0.0,0.0,9,0.7777777777777778
DRIAMS-A,Citrobacter sedlakii,Ertapenem,2,0.0,0.0,9,0.7777777777777778
DRIAMS-A,Citrobacter sedlakii,Imipenem,2,0.0,0.0,9,0.7777777777777778
DRIAMS-A,Citrobacter sedlakii,Levofloxacin,2,0.0,0.0,9,0.7777777777777778
DRIAMS-A,Citrobacter sedlakii,Meropenem,2,0.0,0.0,9,0.7777777777777778
DRIAMS-A,Citrobacter sedlakii,Piperacillin-Tazobactam,2,1.0,0.5,9,0.7777777777777778
DRIAMS-A,Citrobacter sedlakii,Tobramycin,2,1.0,0.5,9,0.7777777777777778
DRIAMS-A,Citrobacter youngae,Cefpodoxime,2,2.0,1.0,6,0.6666666666666667
DRIAMS-A,Citrobacter youngae,Fosfomycin-Trometamol,2,0.0,0.0,6,0.6666666666666667
DRIAMS-A,Citrobacter youngae,Norfloxacin,2,0.0,0.0,6,0.6666666666666667
DRIAMS-A,Clostridium glycolicum,Metronidazole,2,0.0,0.0,12,0.8333333333333334
DRIAMS-A,Clostridium glycolicum,Penicillin,2,0.0,0.0,12,0.8333333333333334
DRIAMS-A,Clostridium glycolicum,Vancomycin,2,0.0,0.0,12,0.8333333333333334
DRIAMS-A,Clostridium paraputrificum,Amoxicillin-Clavulanic acid,2,2.0,1.0,28,0.9285714285714286
DRIAMS-A,Clostridium paraputrificum,Clindamycin,2,0.0,0.0,28,0.9285714285714286
DRIAMS-A,Clostridium perfringens,Piperacillin-Tazobactam,2,0.0,0.0,76,0.9736842105263158
DRIAMS-A,Clostridium ramosum,Meropenem,2,0.0,0.0,25,0.92
DRIAMS-A,Clostridium sporogenes,Amoxicillin-Clavulanic acid,2,0.0,0.0,25,0.92
DRIAMS-A,Clostridium sporogenes,Clindamycin,2,2.0,1.0,25,0.92
DRIAMS-A,Clostridium sporogenes,Metronidazole,2,0.0,0.0,25,0.92
DRIAMS-A,Clostridium sporogenes,Moxifloxacin,2,0.0,0.0,25,0.92
DRIAMS-A,Clostridium sporogenes,Penicillin,2,0.0,0.0,25,0.92
DRIAMS-A,Clostridium sporogenes,Vancomycin,2,0.0,0.0,25,0.92
DRIAMS-A,Clostridium subterminale,Amoxicillin-Clavulanic acid,2,0.0,0.0,34,0.9411764705882353
DRIAMS-A,Corynebacterium amycolatum,Rifampicin,2,0.0,0.0,397,0.9949622166246851
DRIAMS-A,Corynebacterium aurimucosum,Rifampicin,2,0.0,0.0,149,0.9865771812080537
DRIAMS-A,Corynebacterium coyleae,Imipenem,2,0.0,0.0,70,0.9714285714285714
DRIAMS-A,Corynebacterium jeikeium,Amoxicillin-Clavulanic acid,2,2.0,1.0,86,0.9767441860465116
DRIAMS-A,Corynebacterium jeikeium,Clindamycin,2,2.0,1.0,86,0.9767441860465116
DRIAMS-A,Corynebacterium jeikeium,Cotrimoxazole,2,2.0,1.0,86,0.9767441860465116
DRIAMS-A,Corynebacterium jeikeium,Daptomycin,2,0.0,0.0,86,0.9767441860465116
DRIAMS-A,Corynebacterium jeikeium,Doxycycline,2,0.0,0.0,86,0.9767441860465116
DRIAMS-A,Corynebacterium jeikeium,Minocycline,2,0.0,0.0,86,0.9767441860465116
DRIAMS-A,Corynebacterium jeikeium,Rifampicin,2,0.0,0.0,86,0.9767441860465116
DRIAMS-A,Corynebacterium jeikeium,Rifampicin_1mg-l,2,0.0,0.0,86,0.9767441860465116
DRIAMS-A,Corynebacterium kroppenstedtii,Ciprofloxacin,2,0.0,0.0,39,0.9487179487179487
DRIAMS-A,Corynebacterium kroppenstedtii,Erythromycin,2,2.0,1.0,39,0.9487179487179487
DRIAMS-A,Corynebacterium kroppenstedtii,Gentamicin,2,0.0,0.0,39,0.9487179487179487
DRIAMS-A,Corynebacterium kroppenstedtii,Meropenem,2,0.0,0.0,39,0.9487179487179487
DRIAMS-A,Corynebacterium kroppenstedtii,Penicillin,2,0.0,0.0,39,0.9487179487179487
DRIAMS-A,Corynebacterium macginleyi,Ceftriaxone,2,0.0,0.0,24,0.9166666666666666
DRIAMS-A,Corynebacterium macginleyi,Ciprofloxacin,2,0.0,0.0,24,0.9166666666666666
DRIAMS-A,Corynebacterium macginleyi,Erythromycin,2,1.0,0.5,24,0.9166666666666666
DRIAMS-A,Corynebacterium macginleyi,Gentamicin,2,0.0,0.0,24,0.9166666666666666
DRIAMS-A,Corynebacterium macginleyi,Meropenem,2,0.0,0.0,24,0.9166666666666666
DRIAMS-A,Corynebacterium macginleyi,Penicillin,2,0.0,0.0,24,0.9166666666666666
DRIAMS-A,Corynebacterium macginleyi,Vancomycin,2,0.0,0.0,24,0.9166666666666666
DRIAMS-A,Corynebacterium propinquum,Imipenem,2,0.0,0.0,89,0.9775280898876404
DRIAMS-A,Corynebacterium pseudodiphtheriticum,Aminoglycosides,2,0.0,0.0,73,0.9726027397260274
DRIAMS-A,Corynebacterium pseudodiphtheriticum,Chloramphenicol,2,2.0,1.0,73,0.9726027397260274
DRIAMS-A,Corynebacterium pseudodiphtheriticum,Quinolones,2,0.0,0.0,73,0.9726027397260274
DRIAMS-A,Corynebacterium simulans,Imipenem,2,0.0,0.0,147,0.9863945578231292
DRIAMS-A,Corynebacterium singulare,Ceftriaxone,2,2.0,1.0,8,0.75
DRIAMS-A,Corynebacterium singulare,Ciprofloxacin,2,0.0,0.0,8,0.75
DRIAMS-A,Corynebacterium singulare,Erythromycin,2,2.0,1.0,8,0.75
DRIAMS-A,Corynebacterium singulare,Gentamicin,2,0.0,0.0,8,0.75
DRIAMS-A,Corynebacterium singulare,Meropenem,2,0.0,0.0,8,0.75
DRIAMS-A,Corynebacterium singulare,Penicillin,2,2.0,1.0,8,0.75
DRIAMS-A,Corynebacterium singulare,Vancomycin,2,0.0,0.0,8,0.75
DRIAMS-A,Corynebacterium tuberculostearicum,Cefuroxime,2,2.0,1.0,578,0.9965397923875432
DRIAMS-A,Corynebacterium tuberculostearicum,Mupirocin,2,2.0,1.0,578,0.9965397923875432
DRIAMS-A,Dermabacter hominis,Amoxicillin-Clavulanic acid,2,2.0,1.0,266,0.9924812030075187
DRIAMS-A,Dermacoccus nishinomiyaensis,Clindamycin,2,0.0,0.0,5,0.6
DRIAMS-A,Dermacoccus nishinomiyaensis,Erythromycin,2,0.0,0.0,5,0.6
DRIAMS-A,Dermacoccus nishinomiyaensis,Penicillin,2,0.0,0.0,5,0.6
DRIAMS-A,Dermacoccus nishinomiyaensis,Vancomycin,2,0.0,0.0,5,0.6
DRIAMS-A,Dialister pneumosintes,Clindamycin,2,0.0,0.0,30,0.9333333333333333
DRIAMS-A,Dialister pneumosintes,Erythromycin,2,0.0,0.0,30,0.9333333333333333
DRIAMS-A,Eggerthella lenta,Piperacillin-Tazobactam,2,2.0,1.0,116,0.9827586206896551
DRIAMS-A,Eikenella corrodens,Clindamycin,2,2.0,1.0,250,0.992
DRIAMS-A,Eikenella corrodens,Cotrimoxazole,2,0.0,0.0,250,0.992
DRIAMS-A,Enterobacter cloacae,Aminoglycosides,2,0.0,0.0,1987,0.9989934574735783
DRIAMS-A,Enterobacter cloacae,Amoxicillin-Clavulanic acid_uncomplicated_HWI,2,2.0,1.0,1987,0.9989934574735783
DRIAMS-A,Enterobacter cloacae,Chloramphenicol,2,0.0,0.0,1987,0.9989934574735783
DRIAMS-A,Enterobacter cloacae,Quinolones,2,0.0,0.0,1987,0.9989934574735783
DRIAMS-A,Enterococcus casseliflavus,Daptomycin,2,0.0,0.0,20,0.9
DRIAMS-A,Enterococcus faecium,Cefuroxime,2,2.0,1.0,1751,0.9988577955454027
DRIAMS-A,Enterococcus gilvus,Amoxicillin,2,0.0,0.0,2,0.0
DRIAMS-A,Enterococcus gilvus,Gentamicin_high_level,2,0.0,0.0,2,0.0
DRIAMS-A,Enterococcus gilvus,Imipenem,2,0.0,0.0,2,0.0
DRIAMS-A,Enterococcus gilvus,Vancomycin,2,0.0,0.0,2,0.0
DRIAMS-A,Escherichia coli,Cefuroxime,2,0.0,0.0,7320,0.9997267759562841
DRIAMS-A,Escherichia coli,Doxycycline,2,1.0,0.5,7320,0.9997267759562841
DRIAMS-A,Escherichia coli,Tetracycline,2,2.0,1.0,7320,0.9997267759562841
DRIAMS-A,Finegoldia magna,Cotrimoxazole,2,2.0,1.0,769,0.9973992197659298
DRIAMS-A,Finegoldia magna,Rifampicin,2,2.0,1.0,769,0.9973992197659298
DRIAMS-A,Fusobacterium nucleatum,Metronidazole,2,0.0,0.0,131,0.9847328244274809
DRIAMS-A,Fusobacterium nucleatum,Moxifloxacin,2,0.0,0.0,131,0.9847328244274809
DRIAMS-A,Fusobacterium sp,Amoxicillin,2,0.0,0.0,23,0.9130434782608696
DRIAMS-A,Fusobacterium sp,Levofloxacin,2,0.0,0.0,23,0.9130434782608696
DRIAMS-A,Fusobacterium sp,Penicillin,2,0.0,0.0,23,0.9130434782608696
DRIAMS-A,Granulicatella adiacens,Moxifloxacin,2,0.0,0.0,105,0.9809523809523809
DRIAMS-A,Haemophilus haemolyticus,Amoxicillin,2,2.0,1.0,181,0.988950276243094
DRIAMS-A,Haemophilus haemolyticus,Amoxicillin-Clavulanic acid,2,2.0,1.0,181,0.988950276243094
DRIAMS-A,Haemophilus haemolyticus,Ceftriaxone,2,0.0,0.0,181,0.988950276243094
DRIAMS-A,Haemophilus haemolyticus,Cotrimoxazole,2,0.0,0.0,181,0.988950276243094
DRIAMS-A,Haemophilus haemolyticus,Levofloxacin,2,0.0,0.0,181,0.988950276243094
DRIAMS-A,Haemophilus haemolyticus,Meropenem_with_meningitis,2,0.0,0.0,181,0.988950276243094
DRIAMS-A,Haemophilus haemolyticus,Meropenem_without_meningitis,2,0.0,0.0,181,0.988950276243094
DRIAMS-A,Helcococcus kunzii,Levofloxacin,2,0.0,0.0,32,0.9375
DRIAMS-A,Helcococcus kunzii,Penicillin,2,0.0,0.0,32,0.9375
DRIAMS-A,Helcococcus kunzii,Vancomycin,2,0.0,0.0,32,0.9375
DRIAMS-A,Klebsiella oxytoca,Aminoglycosides,2,0.0,0.0,1088,0.9981617647058824
DRIAMS-A,Klebsiella oxytoca,Chloramphenicol,2,0.0,0.0,1088,0.9981617647058824
DRIAMS-A,Klebsiella oxytoca,Clindamycin,2,2.0,1.0,1088,0.9981617647058824
DRIAMS-A,Klebsiella oxytoca,Moxifloxacin,2,0.0,0.0,1088,0.9981617647058824
DRIAMS-A,Klebsiella oxytoca,Quinolones,2,0.0,0.0,1088,0.9981617647058824
DRIAMS-A,Lactobacillus rhamnosus,Erythromycin,2,0.0,0.0,554,0.9963898916967509
DRIAMS-A,Lactobacillus rhamnosus,Linezolid,2,0.0,0.0,554,0.9963898916967509
DRIAMS-A,Lactobacillus rhamnosus,Meropenem,2,2.0,1.0,554,0.9963898916967509
DRIAMS-A,Lactococcus garvieae,Amoxicillin-Clavulanic acid,2,0.0,0.0,7,0.7142857142857143
DRIAMS-A,Lactococcus garvieae,Ampicillin-Amoxicillin,2,0.0,0.0,7,0.7142857142857143
DRIAMS-A,Lactococcus garvieae,Ceftriaxone,2,0.0,0.0,7,0.7142857142857143
DRIAMS-A,Lactococcus garvieae,Penicillin,2,0.0,0.0,7,0.7142857142857143
DRIAMS-A,Leclercia adecarboxylata,Amoxicillin-Clavulanic acid,2,0.0,0.0,23,0.9130434782608696
DRIAMS-A,Leclercia adecarboxylata,Cefepime,2,0.0,0.0,23,0.9130434782608696
DRIAMS-A,Leclercia adecarboxylata,Ceftriaxone,2,0.0,0.0,23,0.9130434782608696
DRIAMS-A,Leclercia adecarboxylata,Ciprofloxacin,2,0.0,0.0,23,0.9130434782608696
DRIAMS-A,Leclercia adecarboxylata,Ertapenem,2,0.0,0.0,23,0.9130434782608696
DRIAMS-A,Leclercia adecarboxylata,Piperacillin-Tazobactam,2,0.0,0.0,23,0.9130434782608696
DRIAMS-A,Lysinibacillus fusiformis,Clindamycin,2,2.0,1.0,3,0.33333333333333337
DRIAMS-A,Lysinibacillus fusiformis,Levofloxacin,2,0.0,0.0,3,0.33333333333333337
DRIAMS-A,Lysinibacillus fusiformis,Penicillin,2,2.0,1.0,3,0.33333333333333337
DRIAMS-A,Lysinibacillus fusiformis,Vancomycin,2,0.0,0.0,3,0.33333333333333337
DRIAMS-A,MIX!Acinetobacter baumannii,Ceftarolin,2,2.0,1.0,55,0.9636363636363636
DRIAMS-A,MIX!Acinetobacter baumannii,Fosfomycin,2,2.0,1.0,55,0.9636363636363636
DRIAMS-A,MIX!Acinetobacter bereziniae,Amikacin,2,0.0,0.0,2,0.0
DRIAMS-A,MIX!Acinetobacter bereziniae,Cefepime,2,0.0,0.0,2,0.0
DRIAMS-A,MIX!Acinetobacter bereziniae,Ceftazidime,2,0.0,0.0,2,0.0
DRIAMS-A,MIX!Acinetobacter bereziniae,Ceftriaxone,2,2.0,1.0,2,0.0
DRIAMS-A,MIX!Acinetobacter bereziniae,Ciprofloxacin,2,0.0,0.0,2,0.0
DRIAMS-A,MIX!Acinetobacter bereziniae,Colistin,2,0.0,0.0,2,0.0
DRIAMS-A,MIX!Acinetobacter bereziniae,Cotrimoxazole,2,0.0,0.0,2,0.0
DRIAMS-A,MIX!Acinetobacter bereziniae,Imipenem,2,0.0,0.0,2,0.0
DRIAMS-A,MIX!Acinetobacter bereziniae,Meropenem,2,0.0,0.0,2,0.0
DRIAMS-A,MIX!Acinetobacter bereziniae,Tobramycin,2,0.0,0.0,2,0.0
DRIAMS-A,MIX!Acinetobacter calcoaceticus,Amikacin,2,0.0,0.0,4,0.5
DRIAMS-A,MIX!Acinetobacter calcoaceticus,Cefepime,2,0.0,0.0,4,0.5
DRIAMS-A,MIX!Acinetobacter calcoaceticus,Ceftriaxone,2,2.0,1.0,4,0.5
DRIAMS-A,MIX!Acinetobacter calcoaceticus,Ciprofloxacin,2,0.0,0.0,4,0.5
DRIAMS-A,MIX!Acinetobacter calcoaceticus,Colistin,2,0.0,0.0,4,0.5
DRIAMS-A,MIX!Acinetobacter calcoaceticus,Cotrimoxazole,2,0.0,0.0,4,0.5
DRIAMS-A,MIX!Acinetobacter calcoaceticus,Imipenem,2,0.0,0.0,4,0.5
DRIAMS-A,MIX!Acinetobacter calcoaceticus,Levofloxacin,2,0.0,0.0,4,0.5
DRIAMS-A,MIX!Acinetobacter calcoaceticus,Meropenem,2,0.0,0.0,4,0.5
DRIAMS-A,MIX!Acinetobacter calcoaceticus,Piperacillin-Tazobactam,2,0.0,0.0,4,0.5
DRIAMS-A,MIX!Acinetobacter calcoaceticus,Tobramycin,2,0.0,0.0,4,0.5
DRIAMS-A,MIX!Acinetobacter haemolyticus,Cefepime,2,0.0,0.0,3,0.33333333333333337
DRIAMS-A,MIX!Acinetobacter haemolyticus,Ceftazidime,2,0.0,0.0,3,0.33333333333333337
DRIAMS-A,MIX!Acinetobacter haemolyticus,Ciprofloxacin,2,0.0,0.0,3,0.33333333333333337
DRIAMS-A,MIX!Acinetobacter haemolyticus,Cotrimoxazole,2,0.0,0.0,3,0.33333333333333337
DRIAMS-A,MIX!Acinetobacter haemolyticus,Meropenem,2,0.0,0.0,3,0.33333333333333337
DRIAMS-A,MIX!Acinetobacter haemolyticus,Piperacillin-Tazobactam,2,0.0,0.0,3,0.33333333333333337
DRIAMS-A,MIX!Acinetobacter johnsonii,Colistin,2,0.0,0.0,9,0.7777777777777778
DRIAMS-A,MIX!Acinetobacter lwoffii,Cefepime,2,0.0,0.0,5,0.6
DRIAMS-A,MIX!Acinetobacter lwoffii,Ceftazidime,2,0.0,0.0,5,0.6
DRIAMS-A,MIX!Acinetobacter lwoffii,Piperacillin-Tazobactam,2,0.0,0.0,5,0.6
DRIAMS-A,MIX!Acinetobacter ursingii,Ciprofloxacin,2,0.0,0.0,3,0.33333333333333337
DRIAMS-A,MIX!Acinetobacter ursingii,Colistin,2,0.0,0.0,3,0.33333333333333337
DRIAMS-A,MIX!Acinetobacter ursingii,Cotrimoxazole,2,0.0,0.0,3,0.33333333333333337
DRIAMS-A,MIX!Acinetobacter ursingii,Meropenem,2,0.0,0.0,3,0.33333333333333337
DRIAMS-A,MIX!Aeromonas ichthiosmia,Cefepime,2,0.0,0.0,3,0.33333333333333337
DRIAMS-A,MIX!Aeromonas ichthiosmia,Ceftazidime,2,0.0,0.0,3,0.33333333333333337
DRIAMS-A,MIX!Aeromonas ichthiosmia,Ceftriaxone,2,0.0,0.0,3,0.33333333333333337
DRIAMS-A,MIX!Aeromonas ichthiosmia,Ciprofloxacin,2,0.0,0.0,3,0.33333333333333337
DRIAMS-A,MIX!Aeromonas ichthiosmia,Cotrimoxazole,2,0.0,0.0,3,0.33333333333333337
DRIAMS-A,MIX!Aeromonas ichthiosmia,Piperacillin-Tazobactam,2,1.0,0.5,3,0.33333333333333337
DRIAMS-A,MIX!Aggregatibacter segnis,Clindamycin,2,2.0,1.0,18,0.8888888888888888
DRIAMS-A,MIX!Aggregatibacter segnis,Moxifloxacin,2,0.0,0.0,18,0.8888888888888888
DRIAMS-A,MIX!Brevibacterium celere,Ceftriaxone,2,0.0,0.0,14,0.8571428571428572
DRIAMS-A,MIX!Brevibacterium celere,Ciprofloxacin,2,2.0,1.0,14,0.8571428571428572
DRIAMS-A,MIX!Brevibacterium celere,Erythromycin,2,2.0,1.0,14,0.8571428571428572
DRIAMS-A,MIX!Brevibacterium celere,Gentamicin,2,0.0,0.0,14,0.8571428571428572
DRIAMS-A,MIX!Brevibacterium celere,Meropenem,2,0.0,0.0,14,0.8571428571428572
DRIAMS-A,MIX!Brevibacterium celere,Penicillin,2,2.0,1.0,14,0.8571428571428572
DRIAMS-A,MIX!Brevibacterium celere,Vancomycin,2,0.0,0.0,14,0.8571428571428572
DRIAMS-A,MIX!Campylobacter coli,Ciprofloxacin,2,1.0,0.5,2,0.0
DRIAMS-A,MIX!Campylobacter coli,Erythromycin,2,1.0,0.5,2,0.0
DRIAMS-A,MIX!Candida inconspicua,5-Fluorocytosine,2,0.0,0.0,6,0.6666666666666667
DRIAMS-A,MIX!Candida inconspicua,Anidulafungin,2,0.0,0.0,6,0.6666666666666667
DRIAMS-A,MIX!Candida inconspicua,Caspofungin,2,0.0,0.0,6,0.6666666666666667
DRIAMS-A,MIX!Candida inconspicua,Fluconazole,2,2.0,1.0,6,0.6666666666666667
DRIAMS-A,MIX!Candida inconspicua,Itraconazole,2,2.0,1.0,6,0.6666666666666667
DRIAMS-A,MIX!Candida inconspicua,Micafungin,2,0.0,0.0,6,0.6666666666666667
DRIAMS-A,MIX!Candida inconspicua,Voriconazole,2,0.0,0.0,6,0.6666666666666667
DRIAMS-A,MIX!Corynebacterium tuberculostearicum,Ceftriaxone,2,1.0,0.5,27,0.9259259259259259
DRIAMS-A,MIX!Corynebacterium tuberculostearicum,Ciprofloxacin,2,2.0,1.0,27,0.9259259259259259
DRIAMS-A,MIX!Corynebacterium tuberculostearicum,Penicillin,2,1.0,0.5,27,0.9259259259259259
DRIAMS-A,MIX!Corynebacterium tuberculostearicum,Vancomycin,2,0.0,0.0,27,0.9259259259259259
DRIAMS-A,MIX!Eggerthella lenta,Meropenem,2,0.0,0.0,4,0.5
DRIAMS-A,MIX!Eggerthella lenta,Metronidazole,2,0.0,0.0,4,0.5
DRIAMS-A,MIX!Eggerthella lenta,Moxifloxacin,2,0.0,0.0,4,0.5
DRIAMS-A,MIX!Eggerthella lenta,Penicillin,2,2.0,1.0,4,0.5
DRIAMS-A,MIX!Enterococcus casseliflavus,Ampicillin-Amoxicillin,2,0.0,0.0,2,0.0
DRIAMS-A,MIX!Enterococcus casseliflavus,Imipenem,2,0.0,0.0,2,0.0
DRIAMS-A,MIX!Enterococcus casseliflavus,Levofloxacin,2,0.0,0.0,2,0.0
DRIAMS-A,MIX!Enterococcus casseliflavus,Linezolid,2,0.0,0.0,2,0.0
DRIAMS-A,MIX!Enterococcus casseliflavus,Teicoplanin,2,0.0,0.0,2,0.0
DRIAMS-A,MIX!Enterococcus casseliflavus,Tigecycline,2,0.0,0.0,2,0.0
DRIAMS-A,MIX!Enterococcus casseliflavus,Vancomycin,2,2.0,1.0,2,0.0
DRIAMS-A,MIX!Enterococcus faecalis,Gentamicin,2,1.0,0.5,126,0.9841269841269842
DRIAMS-A,MIX!Finegoldia magna,Levofloxacin,2,1.0,0.5,22,0.9090909090909091
DRIAMS-A,MIX!Gemella morbillorum,Ceftriaxone,2,0.0,0.0,25,0.92
DRIAMS-A,MIX!Gemella morbillorum,Ciprofloxacin,2,2.0,1.0,25,0.92
DRIAMS-A,MIX!Gemella morbillorum,Clindamycin,2,0.0,0.0,25,0.92
DRIAMS-A,MIX!Gemella morbillorum,Erythromycin,2,0.0,0.0,25,0.92
DRIAMS-A,MIX!Gemella morbillorum,Meropenem,2,0.0,0.0,25,0.92
DRIAMS-A,MIX!Gemella morbillorum,Penicillin,2,2.0,1.0,25,0.92
DRIAMS-A,MIX!Gemella morbillorum,Rifampicin,2,0.0,0.0,25,0.92
DRIAMS-A,MIX!Gemella morbillorum,Vancomycin,2,0.0,0.0,25,0.92
DRIAMS-A,MIX!Haemophilus haemolyticus,Amoxicillin-Clavulanic acid,2,0.0,0.0,57,0.9649122807017544
DRIAMS-A,MIX!Haemophilus haemolyticus,Ampicillin-Amoxicillin,2,0.0,0.0,57,0.9649122807017544
DRIAMS-A,MIX!Haemophilus haemolyticus,Ceftriaxone,2,0.0,0.0,57,0.9649122807017544
DRIAMS-A,MIX!Haemophilus haemolyticus,Cefuroxime,2,1.0,0.5,57,0.9649122807017544
DRIAMS-A,MIX!Haemophilus haemolyticus,Meropenem_with_meningitis,2,0.0,0.0,57,0.9649122807017544
DRIAMS-A,MIX!Haemophilus haemolyticus,Meropenem_without_meningitis,2,0.0,0.0,57,0.9649122807017544
DRIAMS-A,MIX!Haemophilus haemolyticus,Penicillin,2,1.0,0.5,57,0.9649122807017544
DRIAMS-A,MIX!Haemophilus parainfluenzae,Ciprofloxacin,2,0.0,0.0,276,0.9927536231884058
DRIAMS-A,MIX!Haemophilus pittmaniae,Amoxicillin,2,2.0,1.0,12,0.8333333333333334
DRIAMS-A,MIX!Haemophilus pittmaniae,Amoxicillin-Clavulanic acid,2,2.0,1.0,12,0.8333333333333334
DRIAMS-A,MIX!Haemophilus pittmaniae,Ceftriaxone,2,0.0,0.0,12,0.8333333333333334
DRIAMS-A,MIX!Haemophilus pittmaniae,Levofloxacin,2,0.0,0.0,12,0.8333333333333334
DRIAMS-A,MIX!Haemophilus pittmaniae,Meropenem_with_meningitis,2,0.0,0.0,12,0.8333333333333334
DRIAMS-A,MIX!Haemophilus pittmaniae,Meropenem_without_meningitis,2,0.0,0.0,12,0.8333333333333334
DRIAMS-A,MIX!Haemophilus pittmaniae,Penicillin,2,2.0,1.0,12,0.8333333333333334
DRIAMS-A,MIX!Lactobacillus paracasei,Penicillin,2,0.0,0.0,40,0.95
DRIAMS-A,MIX!Lactobacillus paracasei,Vancomycin,2,2.0,1.0,40,0.95
DRIAMS-A,MIX!Lactobacillus rhamnosus,Vancomycin,2,2.0,1.0,60,0.9666666666666667
DRIAMS-A,MIX!Lelliottia amnigena,Amikacin,2,0.0,0.0,6,0.6666666666666667
DRIAMS-A,MIX!Lelliottia amnigena,Amoxicillin-Clavulanic acid,2,0.0,0.0,6,0.6666666666666667
DRIAMS-A,MIX!Lelliottia amnigena,Ampicillin-Amoxicillin,2,0.0,0.0,6,0.6666666666666667
DRIAMS-A,MIX!Lelliottia amnigena,Cefepime,2,0.0,0.0,6,0.6666666666666667
DRIAMS-A,MIX!Lelliottia amnigena,Ceftazidime,2,0.0,0.0,6,0.6666666666666667
DRIAMS-A,MIX!Lelliottia amnigena,Ceftriaxone,2,0.0,0.0,6,0.6666666666666667
DRIAMS-A,MIX!Lelliottia amnigena,Ciprofloxacin,2,0.0,0.0,6,0.6666666666666667
DRIAMS-A,MIX!Lelliottia amnigena,Colistin,2,0.0,0.0,6,0.6666666666666667
DRIAMS-A,MIX!Lelliottia amnigena,Cotrimoxazole,2,0.0,0.0,6,0.6666666666666667
DRIAMS-A,MIX!Lelliottia amnigena,Ertapenem,2,0.0,0.0,6,0.6666666666666667
DRIAMS-A,MIX!Lelliottia amnigena,Imipenem,2,0.0,0.0,6,0.6666666666666667
DRIAMS-A,MIX!Lelliottia amnigena,Levofloxacin,2,0.0,0.0,6,0.6666666666666667
DRIAMS-A,MIX!Lelliottia amnigena,Meropenem,2,0.0,0.0,6,0.6666666666666667
DRIAMS-A,MIX!Lelliottia amnigena,Piperacillin-Tazobactam,2,0.0,0.0,6,0.6666666666666667
DRIAMS-A,MIX!Lelliottia amnigena,Tobramycin,2,0.0,0.0,6,0.6666666666666667
DRIAMS-A,MIX!Morganella morganii,Amikacin,2,0.0,0.0,9,0.7777777777777778
DRIAMS-A,MIX!Morganella morganii,Amoxicillin-Clavulanic acid,2,2.0,1.0,9,0.7777777777777778
DRIAMS-A,MIX!Morganella morganii,Ampicillin-Amoxicillin,2,2.0,1.0,9,0.7777777777777778
DRIAMS-A,MIX!Morganella morganii,Cefepime,2,0.0,0.0,9,0.7777777777777778
DRIAMS-A,MIX!Morganella morganii,Ceftazidime,2,0.0,0.0,9,0.7777777777777778
DRIAMS-A,MIX!Morganella morganii,Ceftriaxone,2,0.0,0.0,9,0.7777777777777778
DRIAMS-A,MIX!Morganella morganii,Ciprofloxacin,2,0.0,0.0,9,0.7777777777777778
DRIAMS-A,MIX!Morganella morganii,Colistin,2,2.0,1.0,9,0.7777777777777778
DRIAMS-A,MIX!Morganella morganii,Cotrimoxazole,2,0.0,0.0,9,0.7777777777777778
DRIAMS-A,MIX!Morganella morganii,Ertapenem,2,0.0,0.0,9,0.7777777777777778
DRIAMS-A,MIX!Morganella morganii,Imipenem,2,0.0,0.0,9,0.7777777777777778
DRIAMS-A,MIX!Morganella morganii,Levofloxacin,2,0.0,0.0,9,0.7777777777777778
DRIAMS-A,MIX!Morganella morganii,Meropenem,2,0.0,0.0,9,0.7777777777777778
DRIAMS-A,MIX!Morganella morganii,Piperacillin-Tazobactam,2,0.0,0.0,9,0.7777777777777778
DRIAMS-A,MIX!Morganella morganii,Tobramycin,2,0.0,0.0,9,0.7777777777777778
DRIAMS-A,MIX!Pandoraea pulmonicola,Cefepime,2,2.0,1.0,3,0.33333333333333337
DRIAMS-A,MIX!Pandoraea pulmonicola,Ciprofloxacin,2,2.0,1.0,3,0.33333333333333337
DRIAMS-A,MIX!Pandoraea pulmonicola,Cotrimoxazole,2,0.0,0.0,3,0.33333333333333337
DRIAMS-A,MIX!Pandoraea pulmonicola,Meropenem,2,2.0,1.0,3,0.33333333333333337
DRIAMS-A,MIX!Pandoraea pulmonicola,Piperacillin-Tazobactam,2,0.0,0.0,3,0.33333333333333337
DRIAMS-A,MIX!Pasteurella bettyae,Amoxicillin,2,0.0,0.0,7,0.7142857142857143
DRIAMS-A,MIX!Pasteurella bettyae,Ceftriaxone,2,0.0,0.0,7,0.7142857142857143
DRIAMS-A,MIX!Pasteurella bettyae,Levofloxacin,2,0.0,0.0,7,0.7142857142857143
DRIAMS-A,MIX!Pasteurella canis,Amoxicillin,2,0.0,0.0,8,0.75
DRIAMS-A,MIX!Pasteurella canis,Ceftriaxone,2,0.0,0.0,8,0.75
DRIAMS-A,MIX!Pasteurella canis,Cotrimoxazole,2,0.0,0.0,8,0.75
DRIAMS-A,MIX!Pasteurella canis,Levofloxacin,2,0.0,0.0,8,0.75
DRIAMS-A,MIX!Pasteurella multocida,Ciprofloxacin,2,0.0,0.0,13,0.8461538461538461
DRIAMS-A,MIX!Pasteurella multocida,Clindamycin,2,2.0,1.0,13,0.8461538461538461
DRIAMS-A,MIX!Proteus mirabilis,Cefpodoxime,2,0.0,0.0,17,0.8823529411764706
DRIAMS-A,MIX!Proteus mirabilis,Fosfomycin-Trometamol,2,0.0,0.0,17,0.8823529411764706
DRIAMS-A,MIX!Proteus mirabilis,Norfloxacin,2,0.0,0.0,17,0.8823529411764706
DRIAMS-A,MIX!Pseudomonas flavescens,Cefepime,2,0.0,0.0,2,0.0
DRIAMS-A,MIX!Pseudomonas flavescens,Ciprofloxacin,2,0.0,0.0,2,0.0
DRIAMS-A,MIX!Pseudomonas flavescens,Colistin,2,0.0,0.0,2,0.0
DRIAMS-A,MIX!Pseudomonas flavescens,Meropenem,2,0.0,0.0,2,0.0
DRIAMS-A,MIX!Pseudomonas flavescens,Piperacillin-Tazobactam,2,0.0,0.0,2,0.0
DRIAMS-A,MIX!Pseudomonas flavescens,Tobramycin,2,0.0,0.0,2,0.0
DRIAMS-A,MIX!Pseudomonas monteilii,Amikacin,2,0.0,0.0,3,0.33333333333333337
DRIAMS-A,MIX!Pseudomonas monteilii,Aztreonam,2,2.0,1.0,3,0.33333333333333337
DRIAMS-A,MIX!Pseudomonas monteilii,Cefepime,2,0.0,0.0,3,0.33333333333333337
DRIAMS-A,MIX!Pseudomonas monteilii,Ceftazidime,2,0.0,0.0,3,0.33333333333333337
DRIAMS-A,MIX!Pseudomonas monteilii,Ciprofloxacin,2,0.0,0.0,3,0.33333333333333337
DRIAMS-A,MIX!Pseudomonas monteilii,Imipenem,2,0.0,0.0,3,0.33333333333333337
DRIAMS-A,MIX!Pseudomonas monteilii,Levofloxacin,2,0.0,0.0,3,0.33333333333333337
DRIAMS-A,MIX!Pseudomonas monteilii,Meropenem,2,2.0,1.0,3,0.33333333333333337
DRIAMS-A,MIX!Pseudomonas monteilii,Piperacillin-Tazobactam,2,0.0,0.0,3,0.33333333333333337
DRIAMS-A,MIX!Pseudomonas monteilii,Tobramycin,2,0.0,0.0,3,0.33333333333333337
DRIAMS-A,MIX!Pseudomonas mosselii,Cefepime,2,0.0,0.0,6,0.6666666666666667
DRIAMS-A,MIX!Pseudomonas mosselii,Ciprofloxacin,2,0.0,0.0,6,0.6666666666666667
DRIAMS-A,MIX!Pseudomonas mosselii,Colistin,2,0.0,0.0,6,0.6666666666666667
DRIAMS-A,MIX!Pseudomonas mosselii,Meropenem,2,1.0,0.5,6,0.6666666666666667
DRIAMS-A,MIX!Pseudomonas mosselii,Piperacillin-Tazobactam,2,0.0,0.0,6,0.6666666666666667
DRIAMS-A,MIX!Pseudomonas mosselii,Tobramycin,2,0.0,0.0,6,0.6666666666666667
DRIAMS-A,MIX!Pseudomonas protegens,Amikacin,2,0.0,0.0,2,0.0
DRIAMS-A,MIX!Pseudomonas protegens,Cefepime,2,0.0,0.0,2,0.0
DRIAMS-A,MIX!Pseudomonas protegens,Ceftazidime,2,0.0,0.0,2,0.0
DRIAMS-A,MIX!Pseudomonas protegens,Ciprofloxacin,2,0.0,0.0,2,0.0
DRIAMS-A,MIX!Pseudomonas protegens,Levofloxacin,2,0.0,0.0,2,0.0
DRIAMS-A,MIX!Pseudomonas protegens,Meropenem,2,2.0,1.0,2,0.0
DRIAMS-A,MIX!Pseudomonas protegens,Piperacillin-Tazobactam,2,0.0,0.0,2,0.0
DRIAMS-A,MIX!Pseudomonas protegens,Tobramycin,2,0.0,0.0,2,0.0
DRIAMS-A,MIX!Salmonella spp,Amikacin,2,2.0,1.0,2,0.0
DRIAMS-A,MIX!Salmonella spp,Amoxicillin-Clavulanic acid,2,0.0,0.0,2,0.0
DRIAMS-A,MIX!Salmonella spp,Ampicillin-Amoxicillin,2,0.0,0.0,2,0.0
DRIAMS-A,MIX!Salmonella spp,Cefepime,2,0.0,0.0,2,0.0
DRIAMS-A,MIX!Salmonella spp,Ceftazidime,2,0.0,0.0,2,0.0
DRIAMS-A,MIX!Salmonella spp,Ceftriaxone,2,0.0,0.0,2,0.0
DRIAMS-A,MIX!Salmonella spp,Ciprofloxacin,2,0.0,0.0,2,0.0
DRIAMS-A,MIX!Salmonella spp,Colistin,2,0.0,0.0,2,0.0
DRIAMS-A,MIX!Salmonella spp,Cotrimoxazole,2,0.0,0.0,2,0.0
DRIAMS-A,MIX!Salmonella spp,Ertapenem,2,0.0,0.0,2,0.0
DRIAMS-A,MIX!Salmonella spp,Imipenem,2,0.0,0.0,2,0.0
DRIAMS-A,MIX!Salmonella spp,Levofloxacin,2,0.0,0.0,2,0.0
DRIAMS-A,MIX!Salmonella spp,Meropenem,2,0.0,0.0,2,0.0
DRIAMS-A,MIX!Salmonella spp,Piperacillin-Tazobactam,2,0.0,0.0,2,0.0
DRIAMS-A,MIX!Salmonella spp,Tobramycin,2,2.0,1.0,2,0.0
DRIAMS-A,MIX!Serratia liquefaciens,Amikacin,2,0.0,0.0,4,0.5
DRIAMS-A,MIX!Serratia liquefaciens,Amoxicillin-Clavulanic acid,2,2.0,1.0,4,0.5
DRIAMS-A,MIX!Serratia liquefaciens,Ampicillin-Amoxicillin,2,2.0,1.0,4,0.5
DRIAMS-A,MIX!Serratia liquefaciens,Cefepime,2,0.0,0.0,4,0.5
DRIAMS-A,MIX!Serratia liquefaciens,Ceftazidime,2,0.0,0.0,4,0.5
DRIAMS-A,MIX!Serratia liquefaciens,Ceftriaxone,2,0.0,0.0,4,0.5
DRIAMS-A,MIX!Serratia liquefaciens,Ciprofloxacin,2,0.0,0.0,4,0.5
DRIAMS-A,MIX!Serratia liquefaciens,Colistin,2,2.0,1.0,4,0.5
DRIAMS-A,MIX!Serratia liquefaciens,Cotrimoxazole,2,0.0,0.0,4,0.5
DRIAMS-A,MIX!Serratia liquefaciens,Ertapenem,2,0.0,0.0,4,0.5
DRIAMS-A,MIX!Serratia liquefaciens,Imipenem,2,0.0,0.0,4,0.5
DRIAMS-A,MIX!Serratia liquefaciens,Levofloxacin,2,0.0,0.0,4,0.5
DRIAMS-A,MIX!Serratia liquefaciens,Meropenem,2,0.0,0.0,4,0.5
DRIAMS-A,MIX!Serratia liquefaciens,Piperacillin-Tazobactam,2,0.0,0.0,4,0.5
DRIAMS-A,MIX!Serratia liquefaciens,Tobramycin,2,0.0,0.0,4,0.5
DRIAMS-A,MIX!Serratia marcescens,Cefpodoxime,2,2.0,1.0,28,0.9285714285714286
DRIAMS-A,MIX!Serratia marcescens,Fosfomycin-Trometamol,2,0.0,0.0,28,0.9285714285714286
DRIAMS-A,MIX!Serratia marcescens,Norfloxacin,2,0.0,0.0,28,0.9285714285714286
DRIAMS-A,MIX!Staphylococcus epidermidis,Mupirocin,2,0.0,0.0,91,0.978021978021978
DRIAMS-A,MIX!Stenotrophomonas maltophilia,Ciprofloxacin,2,2.0,1.0,85,0.9764705882352941
DRIAMS-A,MIX!Stenotrophomonas maltophilia,Piperacillin-Tazobactam,2,2.0,1.0,85,0.9764705882352941
DRIAMS-A,MIX!Streptococcus canis,Clindamycin,2,0.0,0.0,7,0.7142857142857143
DRIAMS-A,MIX!Streptococcus canis,Levofloxacin,2,0.0,0.0,7,0.7142857142857143
DRIAMS-A,MIX!Streptococcus canis,Penicillin,2,0.0,0.0,7,0.7142857142857143
DRIAMS-A,MIX!Streptococcus lutetiensis,Penicillin,2,0.0,0.0,2,0.0
DRIAMS-A,MIX!Streptococcus lutetiensis,Vancomycin,2,0.0,0.0,2,0.0
DRIAMS-A,MIX!Streptococcus mitis,Ceftriaxone,2,1.0,0.5,13,0.8461538461538461
DRIAMS-A,MIX!Streptococcus mitis,Clindamycin,2,0.0,0.0,13,0.8461538461538461
DRIAMS-A,MIX!Streptococcus mitis,Gentamicin_high_level,2,0.0,0.0,13,0.8461538461538461
DRIAMS-A,MIX!Streptococcus mitis,Meropenem,2,1.0,0.5,13,0.8461538461538461
DRIAMS-A,MIX!Streptococcus mitis,Penicillin,2,1.0,0.5,13,0.8461538461538461
DRIAMS-A,MIX!Streptococcus mitis,Penicillin_with_endokarditis,2,1.0,0.5,13,0.8461538461538461
DRIAMS-A,MIX!Streptococcus mitis,Penicillin_without_endokarditis,2,1.0,0.5,13,0.8461538461538461
DRIAMS-A,MIX!Streptococcus parasanguinis,Penicillin,2,1.0,0.5,24,0.9166666666666666
DRIAMS-A,MIX!Streptococcus parasanguinis,Vancomycin,2,0.0,0.0,24,0.9166666666666666
DRIAMS-A,MIX!Streptococcus pneumoniae,Ceftriaxone,2,2.0,1.0,17,0.8823529411764706
DRIAMS-A,MIX!Streptococcus pneumoniae,Clindamycin,2,0.0,0.0,17,0.8823529411764706
DRIAMS-A,MIX!Streptococcus pneumoniae,Levofloxacin,2,0.0,0.0,17,0.8823529411764706
DRIAMS-A,MIX!Streptococcus pneumoniae,Penicillin_with_endokarditis,2,2.0,1.0,17,0.8823529411764706
DRIAMS-A,MIX!Streptococcus pneumoniae,Penicillin_without_endokarditis,2,2.0,1.0,17,0.8823529411764706
DRIAMS-A,MIX!Streptococcus salivarius_ssp_thermophilus,Penicillin,2,0.0,0.0,2,0.0
DRIAMS-A,MIX!Streptococcus salivarius_ssp_thermophilus,Vancomycin,2,0.0,0.0,2,0.0
DRIAMS-A,MIX!Streptococcus vestibularis,Ceftriaxone,2,0.0,0.0,25,0.92
DRIAMS-A,MIX!Streptococcus vestibularis,Clindamycin,2,2.0,1.0,25,0.92
DRIAMS-A,MIX!Streptococcus vestibularis,Gentamicin,2,0.0,0.0,25,0.92
DRIAMS-A,MIX!Streptococcus vestibularis,Meropenem,2,0.0,0.0,25,0.92
DRIAMS-A,MIX!Streptococcus vestibularis,Penicillin,2,2.0,1.0,25,0.92
DRIAMS-A,MIX!Streptococcus vestibularis,Penicillin_with_endokarditis,2,0.0,0.0,25,0.92
DRIAMS-A,MIX!Streptococcus vestibularis,Penicillin_without_endokarditis,2,0.0,0.0,25,0.92
DRIAMS-A,MIX!Streptococcus vestibularis,Vancomycin,2,0.0,0.0,25,0.92
DRIAMS-A,Neisseria meningitidis,Amoxicillin-Clavulanic acid,2,0.0,0.0,68,0.9705882352941176
DRIAMS-A,Neisseria subflava,Amoxicillin-Clavulanic acid,2,0.0,0.0,410,0.9951219512195122
DRIAMS-A,Neisseria subflava,Ciprofloxacin,2,0.0,0.0,410,0.9951219512195122
DRIAMS-A,Neisseria subflava,Vancomycin,2,2.0,1.0,410,0.9951219512195122
DRIAMS-A,Nocardia blacklockiae,Amikacin,2,2.0,1.0,2,0.0
DRIAMS-A,Nocardia blacklockiae,Amoxicillin-Clavulanic acid,2,0.0,0.0,2,0.0
DRIAMS-A,Nocardia blacklockiae,Ceftriaxone,2,0.0,0.0,2,0.0
DRIAMS-A,Nocardia blacklockiae,Ciprofloxacin,2,2.0,1.0,2,0.0
DRIAMS-A,Nocardia blacklockiae,Cotrimoxazole,2,0.0,0.0,2,0.0
DRIAMS-A,Nocardia blacklockiae,Imipenem,2,0.0,0.0,2,0.0
DRIAMS-A,Nocardia blacklockiae,Minocycline,2,2.0,1.0,2,0.0
DRIAMS-A,Nocardia sp,Amoxicillin-Clavulanic acid,2,0.0,0.0,2,0.0
DRIAMS-A,Nocardia sp,Ceftriaxone,2,0.0,0.0,2,0.0
DRIAMS-A,Nocardia sp,Cotrimoxazole,2,0.0,0.0,2,0.0
DRIAMS-A,Nocardia sp,Linezolid,2,0.0,0.0,2,0.0
DRIAMS-A,Nocardia sp,Minocycline,2,0.0,0.0,2,0.0
DRIAMS-A,Nocardia veterana,Amikacin,2,0.0,0.0,2,0.0
DRIAMS-A,Nocardia veterana,Amoxicillin,2,0.0,0.0,2,0.0
DRIAMS-A,Nocardia veterana,Amoxicillin-Clavulanic acid,2,0.0,0.0,2,0.0
DRIAMS-A,Nocardia veterana,Ceftriaxone,2,2.0,1.0,2,0.0
DRIAMS-A,Nocardia veterana,Ciprofloxacin,2,2.0,1.0,2,0.0
DRIAMS-A,Nocardia veterana,Clarithromycin,2,0.0,0.0,2,0.0
DRIAMS-A,Nocardia veterana,Cotrimoxazole,2,0.0,0.0,2,0.0
DRIAMS-A,Nocardia veterana,Doxycycline,2,2.0,1.0,2,0.0
DRIAMS-A,Nocardia veterana,Ertapenem,2,0.0,0.0,2,0.0
DRIAMS-A,Nocardia veterana,Imipenem,2,0.0,0.0,2,0.0
DRIAMS-A,Nocardia veterana,Linezolid,2,0.0,0.0,2,0.0
DRIAMS-A,Nocardia veterana,Meropenem,2,0.0,0.0,2,0.0
DRIAMS-A,Nocardia veterana,Minocycline,2,2.0,1.0,2,0.0
DRIAMS-A,Nocardia veterana,Moxifloxacin,2,2.0,1.0,2,0.0
DRIAMS-A,Ochrobactrum anthropi,Colistin,2,0.0,0.0,26,0.9230769230769231
DRIAMS-A,Paenibacillus timonensis,Clindamycin,2,2.0,1.0,5,0.6
DRIAMS-A,Paenibacillus timonensis,Cotrimoxazole,2,0.0,0.0,5,0.6
DRIAMS-A,Paenibacillus timonensis,Levofloxacin,2,0.0,0.0,5,0.6
DRIAMS-A,Paenibacillus timonensis,Penicillin,2,2.0,1.0,5,0.6
DRIAMS-A,Paenibacillus timonensis,Vancomycin,2,0.0,0.0,5,0.6
DRIAMS-A,Pandoraea pnomenusa,Cefepime,2,0.0,0.0,4,0.5
DRIAMS-A,Pandoraea pnomenusa,Ciprofloxacin,2,0.0,0.0,4,0.5
DRIAMS-A,Pandoraea pnomenusa,Colistin,2,2.0,1.0,4,0.5
DRIAMS-A,Pandoraea pnomenusa,Cotrimoxazole,2,0.0,0.0,4,0.5
DRIAMS-A,Pandoraea pnomenusa,Levofloxacin,2,0.0,0.0,4,0.5
DRIAMS-A,Pandoraea pnomenusa,Meropenem,2,2.0,1.0,4,0.5
DRIAMS-A,Pandoraea pnomenusa,Piperacillin-Tazobactam,2,0.0,0.0,4,0.5
DRIAMS-A,Pantoea dispersa,Amoxicillin-Clavulanic acid,2,2.0,1.0,5,0.6
DRIAMS-A,Pantoea dispersa,Cefepime,2,0.0,0.0,5,0.6
DRIAMS-A,Pantoea dispersa,Ceftriaxone,2,0.0,0.0,5,0.6
DRIAMS-A,Pantoea dispersa,Ciprofloxacin,2,0.0,0.0,5,0.6
DRIAMS-A,Pantoea dispersa,Ertapenem,2,0.0,0.0,5,0.6
DRIAMS-A,Pantoea dispersa,Piperacillin-Tazobactam,2,0.0,0.0,5,0.6
DRIAMS-A,Pantoea septica,Amikacin,2,1.0,0.5,7,0.7142857142857143
DRIAMS-A,Pantoea septica,Amoxicillin-Clavulanic acid,2,1.0,0.5,7,0.7142857142857143
DRIAMS-A,Pantoea septica,Ampicillin-Amoxicillin,2,2.0,1.0,7,0.7142857142857143
DRIAMS-A,Pantoea septica,Cefepime,2,1.0,0.5,7,0.7142857142857143
DRIAMS-A,Pantoea septica,Cefpodoxime,2,2.0,1.0,7,0.7142857142857143
DRIAMS-A,Pantoea septica,Ceftazidime,2,1.0,0.5,7,0.7142857142857143
DRIAMS-A,Pantoea septica,Ceftriaxone,2,1.0,0.5,7,0.7142857142857143
DRIAMS-A,Pantoea septica,Ciprofloxacin,2,1.0,0.5,7,0.7142857142857143
DRIAMS-A,Pantoea septica,Colistin,2,0.0,0.0,7,0.7142857142857143
DRIAMS-A,Pantoea septica,Cotrimoxazole,2,1.0,0.5,7,0.7142857142857143
DRIAMS-A,Pantoea septica,Ertapenem,2,0.0,0.0,7,0.7142857142857143
DRIAMS-A,Pantoea septica,Imipenem,2,0.0,0.0,7,0.7142857142857143
DRIAMS-A,Pantoea septica,Levofloxacin,2,1.0,0.5,7,0.7142857142857143
DRIAMS-A,Pantoea septica,Meropenem,2,0.0,0.0,7,0.7142857142857143
DRIAMS-A,Pantoea septica,Piperacillin-Tazobactam,2,1.0,0.5,7,0.7142857142857143
DRIAMS-A,Pantoea septica,Tobramycin,2,1.0,0.5,7,0.7142857142857143
DRIAMS-A,Parabacteroides distasonis,Amoxicillin-Clavulanic acid,2,2.0,1.0,71,0.971830985915493
DRIAMS-A,Parabacteroides distasonis,Meropenem,2,0.0,0.0,71,0.971830985915493
DRIAMS-A,Parabacteroides distasonis,Piperacillin-Tazobactam,2,2.0,1.0,71,0.971830985915493
DRIAMS-A,Parvimonas micra,Doxycycline,2,0.0,0.0,396,0.9949494949494949
DRIAMS-A,Parvimonas micra,Vancomycin,2,0.0,0.0,396,0.9949494949494949
DRIAMS-A,Pasteurella bettyae,Amoxicillin,2,0.0,0.0,5,0.6
DRIAMS-A,Pasteurella bettyae,Ceftriaxone,2,0.0,0.0,5,0.6
DRIAMS-A,Pasteurella bettyae,Levofloxacin,2,0.0,0.0,5,0.6
DRIAMS-A,Pasteurella multocida,Ampicillin-Amoxicillin,2,0.0,0.0,52,0.9615384615384616
DRIAMS-A,Peptoniphilus coxii,Erythromycin,2,2.0,1.0,30,0.9333333333333333
DRIAMS-A,Peptoniphilus olsenii,Amoxicillin-Clavulanic acid,2,0.0,0.0,9,0.7777777777777778
DRIAMS-A,Peptoniphilus olsenii,Clindamycin,2,0.0,0.0,9,0.7777777777777778
DRIAMS-A,Peptostreptococcus anaerobius,Amoxicillin-Clavulanic acid,2,0.0,0.0,72,0.9722222222222222
DRIAMS-A,Porphyromonas uenonis,Moxifloxacin,2,0.0,0.0,8,0.75
DRIAMS-A,Porphyromonas uenonis,Penicillin,2,0.0,0.0,8,0.75
DRIAMS-A,Prevotella buccalis,Amoxicillin,2,0.0,0.0,7,0.7142857142857143
DRIAMS-A,Prevotella buccalis,Amoxicillin-Clavulanic acid,2,0.0,0.0,7,0.7142857142857143
DRIAMS-A,Prevotella buccalis,Clindamycin,2,2.0,1.0,7,0.7142857142857143
DRIAMS-A,Prevotella denticola,Ceftriaxone,2,0.0,0.0,71,0.971830985915493
DRIAMS-A,Prevotella denticola,Clindamycin,2,2.0,1.0,71,0.971830985915493
DRIAMS-A,Propionibacterium acnes,Daptomycin,2,0.0,0.0,2837,0.9992950299612267
DRIAMS-A,Propionibacterium acnes,Moxifloxacin,2,0.0,0.0,2837,0.9992950299612267
DRIAMS-A,Providencia rustigianii,Amikacin,2,0.0,0.0,3,0.33333333333333337
DRIAMS-A,Providencia rustigianii,Amoxicillin-Clavulanic acid,2,2.0,1.0,3,0.33333333333333337
DRIAMS-A,Providencia rustigianii,Ampicillin-Amoxicillin,2,2.0,1.0,3,0.33333333333333337
DRIAMS-A,Providencia rustigianii,Cefepime,2,0.0,0.0,3,0.33333333333333337
DRIAMS-A,Providencia rustigianii,Ceftazidime,2,0.0,0.0,3,0.33333333333333337
DRIAMS-A,Providencia rustigianii,Ceftriaxone,2,0.0,0.0,3,0.33333333333333337
DRIAMS-A,Providencia rustigianii,Ciprofloxacin,2,0.0,0.0,3,0.33333333333333337
DRIAMS-A,Providencia rustigianii,Colistin,2,2.0,1.0,3,0.33333333333333337
DRIAMS-A,Providencia rustigianii,Cotrimoxazole,2,0.0,0.0,3,0.33333333333333337
DRIAMS-A,Providencia rustigianii,Ertapenem,2,0.0,0.0,3,0.33333333333333337
DRIAMS-A,Providencia rustigianii,Imipenem,2,0.0,0.0,3,0.33333333333333337
DRIAMS-A,Providencia rustigianii,Levofloxacin,2,0.0,0.0,3,0.33333333333333337
DRIAMS-A,Providencia rustigianii,Meropenem,2,0.0,0.0,3,0.33333333333333337
DRIAMS-A,Providencia rustigianii,Piperacillin-Tazobactam,2,0.0,0.0,3,0.33333333333333337
DRIAMS-A,Providencia rustigianii,Tobramycin,2,0.0,0.0,3,0.33333333333333337
DRIAMS-A,Providencia stuartii,Cefpodoxime,2,0.0,0.0,52,0.9615384615384616
DRIAMS-A,Providencia stuartii,Fosfomycin-Trometamol,2,2.0,1.0,52,0.9615384615384616
DRIAMS-A,Providencia stuartii,Norfloxacin,2,0.0,0.0,52,0.9615384615384616
DRIAMS-A,Pseudomonas aeruginosa,Amoxicillin,2,2.0,1.0,4852,0.9995877988458368
DRIAMS-A,Pseudomonas aeruginosa,Ampicillin-Amoxicillin,2,1.0,0.5,4852,0.9995877988458368
DRIAMS-A,Pseudomonas aeruginosa,Ertapenem,2,1.0,0.5,4852,0.9995877988458368
DRIAMS-A,Pseudomonas aeruginosa,Moxifloxacin,2,2.0,1.0,4852,0.9995877988458368
DRIAMS-A,Pseudomonas koreensis,Aztreonam,2,2.0,1.0,13,0.8461538461538461
DRIAMS-A,Pseudomonas koreensis,Cefepime,2,0.0,0.0,13,0.8461538461538461
DRIAMS-A,Pseudomonas koreensis,Ciprofloxacin,2,0.0,0.0,13,0.8461538461538461
DRIAMS-A,Pseudomonas koreensis,Colistin,2,0.0,0.0,13,0.8461538461538461
DRIAMS-A,Pseudomonas koreensis,Meropenem,2,0.0,0.0,13,0.8461538461538461
DRIAMS-A,Pseudomonas koreensis,Piperacillin-Tazobactam,2,0.0,0.0,13,0.8461538461538461
DRIAMS-A,Pseudomonas koreensis,Tobramycin,2,0.0,0.0,13,0.8461538461538461
DRIAMS-A,Pseudomonas mosselii,Amikacin,2,0.0,0.0,4,0.5
DRIAMS-A,Pseudomonas mosselii,Cefepime,2,0.0,0.0,4,0.5
DRIAMS-A,Pseudomonas mosselii,Ceftazidime,2,0.0,0.0,4,0.5
DRIAMS-A,Pseudomonas mosselii,Ciprofloxacin,2,0.0,0.0,4,0.5
DRIAMS-A,Pseudomonas mosselii,Colistin,2,0.0,0.0,4,0.5
DRIAMS-A,Pseudomonas mosselii,Imipenem,2,0.0,0.0,4,0.5
DRIAMS-A,Pseudomonas mosselii,Levofloxacin,2,0.0,0.0,4,0.5
DRIAMS-A,Pseudomonas mosselii,Meropenem,2,1.0,0.5,4,0.5
DRIAMS-A,Pseudomonas mosselii,Piperacillin-Tazobactam,2,0.0,0.0,4,0.5
DRIAMS-A,Pseudomonas mosselii,Tobramycin,2,0.0,0.0,4,0.5
DRIAMS-A,Pseudomonas plecoglossicida,Amikacin,2,0.0,0.0,6,0.6666666666666667
DRIAMS-A,Pseudomonas plecoglossicida,Ceftazidime,2,0.0,0.0,6,0.6666666666666667
DRIAMS-A,Pseudomonas plecoglossicida,Imipenem,2,0.0,0.0,6,0.6666666666666667
DRIAMS-A,Pseudomonas plecoglossicida,Levofloxacin,2,0.0,0.0,6,0.6666666666666667
DRIAMS-A,Pseudomonas putida_Group,Cefepime,2,0.0,0.0,3,0.33333333333333337
DRIAMS-A,Pseudomonas putida_Group,Ciprofloxacin,2,0.0,0.0,3,0.33333333333333337
DRIAMS-A,Pseudomonas putida_Group,Meropenem,2,1.0,0.5,3,0.33333333333333337
DRIAMS-A,Pseudomonas putida_Group,Piperacillin-Tazobactam,2,0.0,0.0,3,0.33333333333333337
DRIAMS-A,Pseudomonas sp,Aztreonam,2,2.0,1.0,12,0.8333333333333334
DRIAMS-A,Pseudomonas synxantha,Cefepime,2,1.0,0.5,8,0.75
DRIAMS-A,Pseudomonas synxantha,Ciprofloxacin,2,0.0,0.0,8,0.75
DRIAMS-A,Pseudomonas synxantha,Colistin,2,0.0,0.0,8,0.75
DRIAMS-A,Pseudomonas synxantha,Meropenem,2,2.0,1.0,8,0.75
DRIAMS-A,Pseudomonas synxantha,Piperacillin-Tazobactam,2,0.0,0.0,8,0.75
DRIAMS-A,Pseudomonas synxantha,Tobramycin,2,0.0,0.0,8,0.75
DRIAMS-A,Rothia aeria,Ampicillin-Amoxicillin,2,0.0,0.0,15,0.8666666666666667
DRIAMS-A,Rothia dentocariosa,Imipenem,2,0.0,0.0,106,0.9811320754716981
DRIAMS-A,Rothia mucilaginosa,Cefuroxime,2,0.0,0.0,351,0.9943019943019943
DRIAMS-A,Ruminococcus gnavus,Meropenem,2,0.0,0.0,13,0.8461538461538461
DRIAMS-A,Ruminococcus gnavus,Metronidazole,2,0.0,0.0,13,0.8461538461538461
DRIAMS-A,Saccharomyces cerevisiae,Posaconazole,2,0.0,0.0,165,0.9878787878787879
DRIAMS-A,Salmonella anatum,Levofloxacin,2,1.0,0.5,33,0.9393939393939394
DRIAMS-A,Salmonella sp,Azithromycin,2,0.0,0.0,16,0.875
DRIAMS-A,Salmonella sp,Norfloxacin,2,2.0,1.0,16,0.875
DRIAMS-A,Serratia ficaria,Amikacin,2,0.0,0.0,2,0.0
DRIAMS-A,Serratia ficaria,Amoxicillin-Clavulanic acid,2,0.0,0.0,2,0.0
DRIAMS-A,Serratia ficaria,Ampicillin-Amoxicillin,2,0.0,0.0,2,0.0
DRIAMS-A,Serratia ficaria,Cefepime,2,0.0,0.0,2,0.0
DRIAMS-A,Serratia ficaria,Ceftazidime,2,0.0,0.0,2,0.0
DRIAMS-A,Serratia ficaria,Ceftriaxone,2,0.0,0.0,2,0.0
DRIAMS-A,Serratia ficaria,Ciprofloxacin,2,0.0,0.0,2,0.0
DRIAMS-A,Serratia ficaria,Colistin,2,2.0,1.0,2,0.0
DRIAMS-A,Serratia ficaria,Cotrimoxazole,2,0.0,0.0,2,0.0
DRIAMS-A,Serratia ficaria,Ertapenem,2,0.0,0.0,2,0.0
DRIAMS-A,Serratia ficaria,Imipenem,2,0.0,0.0,2,0.0
DRIAMS-A,Serratia ficaria,Levofloxacin,2,0.0,0.0,2,0.0
DRIAMS-A,Serratia ficaria,Meropenem,2,0.0,0.0,2,0.0
DRIAMS-A,Serratia ficaria,Piperacillin-Tazobactam,2,0.0,0.0,2,0.0
DRIAMS-A,Serratia ficaria,Tobramycin,2,0.0,0.0,2,0.0
DRIAMS-A,Serratia grimesii,Amikacin,2,0.0,0.0,2,0.0
DRIAMS-A,Serratia grimesii,Amoxicillin-Clavulanic acid,2,1.0,0.5,2,0.0
DRIAMS-A,Serratia grimesii,Ampicillin-Amoxicillin,2,1.0,0.5,2,0.0
DRIAMS-A,Serratia grimesii,Cefepime,2,0.0,0.0,2,0.0
DRIAMS-A,Serratia grimesii,Ceftazidime,2,0.0,0.0,2,0.0
DRIAMS-A,Serratia grimesii,Ceftriaxone,2,0.0,0.0,2,0.0
DRIAMS-A,Serratia grimesii,Ciprofloxacin,2,0.0,0.0,2,0.0
DRIAMS-A,Serratia grimesii,Colistin,2,2.0,1.0,2,0.0
DRIAMS-A,Serratia grimesii,Cotrimoxazole,2,0.0,0.0,2,0.0
DRIAMS-A,Serratia grimesii,Ertapenem,2,0.0,0.0,2,0.0
DRIAMS-A,Serratia grimesii,Imipenem,2,0.0,0.0,2,0.0
DRIAMS-A,Serratia grimesii,Levofloxacin,2,0.0,0.0,2,0.0
DRIAMS-A,Serratia grimesii,Meropenem,2,0.0,0.0,2,0.0
DRIAMS-A,Serratia grimesii,Piperacillin-Tazobactam,2,0.0,0.0,2,0.0
DRIAMS-A,Serratia grimesii,Tobramycin,2,0.0,0.0,2,0.0
DRIAMS-A,Serratia liquefaciens,Aminoglycosides,2,0.0,0.0,37,0.9459459459459459
DRIAMS-A,Serratia liquefaciens,Chloramphenicol,2,0.0,0.0,37,0.9459459459459459
DRIAMS-A,Serratia liquefaciens,Quinolones,2,0.0,0.0,37,0.9459459459459459
DRIAMS-A,Slackia exigua,Amoxicillin-Clavulanic acid,2,0.0,0.0,33,0.9393939393939394
DRIAMS-A,Slackia exigua,Metronidazole,2,0.0,0.0,33,0.9393939393939394
DRIAMS-A,Staphylococcus aureus,Ceftazidime,2,2.0,1.0,6994,0.9997140406062339
DRIAMS-A,Staphylococcus aureus,Rifampicin_1mg-l,2,2.0,1.0,6994,0.9997140406062339
DRIAMS-A,Staphylococcus epidermidis,Amikacin,2,0.0,0.0,9387,0.9997869393842548
DRIAMS-A,Staphylococcus epidermidis,Fosfomycin-Trometamol,2,0.0,0.0,9387,0.9997869393842548
DRIAMS-A,Staphylococcus epidermidis,Levofloxacin,2,0.0,0.0,9387,0.9997869393842548
DRIAMS-A,Staphylococcus gallinarum,Amoxicillin-Clavulanic acid,2,0.0,0.0,4,0.5
DRIAMS-A,Staphylococcus gallinarum,Ampicillin-Amoxicillin,2,2.0,1.0,4,0.5
DRIAMS-A,Staphylococcus gallinarum,Cefazolin,2,0.0,0.0,4,0.5
DRIAMS-A,Staphylococcus gallinarum,Cefepime,2,0.0,0.0,4,0.5
DRIAMS-A,Staphylococcus gallinarum,Ceftriaxone,2,0.0,0.0,4,0.5
DRIAMS-A,Staphylococcus gallinarum,Cefuroxime,2,0.0,0.0,4,0.5
DRIAMS-A,Staphylococcus gallinarum,Ciprofloxacin,2,0.0,0.0,4,0.5
DRIAMS-A,Staphylococcus gallinarum,Clindamycin,2,2.0,1.0,4,0.5
DRIAMS-A,Staphylococcus gallinarum,Cotrimoxazole,2,0.0,0.0,4,0.5
DRIAMS-A,Staphylococcus gallinarum,Daptomycin,2,0.0,0.0,4,0.5
DRIAMS-A,Staphylococcus gallinarum,Erythromycin,2,2.0,1.0,4,0.5
DRIAMS-A,Staphylococcus gallinarum,Fusidic acid,2,2.0,1.0,4,0.5
DRIAMS-A,Staphylococcus gallinarum,Gentamicin,2,0.0,0.0,4,0.5
DRIAMS-A,Staphylococcus gallinarum,Imipenem,2,0.0,0.0,4,0.5
DRIAMS-A,Staphylococcus gallinarum,Linezolid,2,0.0,0.0,4,0.5
DRIAMS-A,Staphylococcus gallinarum,Meropenem,2,0.0,0.0,4,0.5
DRIAMS-A,Staphylococcus gallinarum,Oxacillin,2,0.0,0.0,4,0.5
DRIAMS-A,Staphylococcus gallinarum,Penicillin,2,2.0,1.0,4,0.5
DRIAMS-A,Staphylococcus gallinarum,Piperacillin-Tazobactam,2,0.0,0.0,4,0.5
DRIAMS-A,Staphylococcus gallinarum,Rifampicin,2,0.0,0.0,4,0.5
DRIAMS-A,Staphylococcus gallinarum,Teicoplanin,2,0.0,0.0,4,0.5
DRIAMS-A,Staphylococcus gallinarum,Tetracycline,2,0.0,0.0,4,0.5
DRIAMS-A,Staphylococcus gallinarum,Tigecycline,2,0.0,0.0,4,0.5
DRIAMS-A,Staphylococcus gallinarum,Vancomycin,2,0.0,0.0,4,0.5
DRIAMS-A,Staphylococcus intermedius,Mupirocin,2,0.0,0.0,4,0.5
DRIAMS-A,Staphylococcus lugdunensis,Mupirocin,2,0.0,0.0,626,0.9968051118210862
DRIAMS-A,Staphylococcus pseudintermedius,Mupirocin,2,0.0,0.0,33,0.9393939393939394
DRIAMS-A,Staphylococcus succinus,Amoxicillin-Clavulanic acid,2,0.0,0.0,5,0.6
DRIAMS-A,Staphylococcus succinus,Ampicillin-Amoxicillin,2,2.0,1.0,5,0.6
DRIAMS-A,Staphylococcus succinus,Cefazolin,2,0.0,0.0,5,0.6
DRIAMS-A,Staphylococcus succinus,Cefepime,2,0.0,0.0,5,0.6
DRIAMS-A,Staphylococcus succinus,Ceftriaxone,2,0.0,0.0,5,0.6
DRIAMS-A,Staphylococcus succinus,Cefuroxime,2,0.0,0.0,5,0.6
DRIAMS-A,Staphylococcus succinus,Ciprofloxacin,2,0.0,0.0,5,0.6
DRIAMS-A,Staphylococcus succinus,Clindamycin,2,2.0,1.0,5,0.6
DRIAMS-A,Staphylococcus succinus,Cotrimoxazole,2,0.0,0.0,5,0.6
DRIAMS-A,Staphylococcus succinus,Daptomycin,2,0.0,0.0,5,0.6
DRIAMS-A,Staphylococcus succinus,Erythromycin,2,2.0,1.0,5,0.6
DRIAMS-A,Staphylococcus succinus,Fusidic acid,2,0.0,0.0,5,0.6
DRIAMS-A,Staphylococcus succinus,Gentamicin,2,0.0,0.0,5,0.6
DRIAMS-A,Staphylococcus succinus,Imipenem,2,0.0,0.0,5,0.6
DRIAMS-A,Staphylococcus succinus,Linezolid,2,0.0,0.0,5,0.6
DRIAMS-A,Staphylococcus succinus,Meropenem,2,0.0,0.0,5,0.6
DRIAMS-A,Staphylococcus succinus,Oxacillin,2,0.0,0.0,5,0.6
DRIAMS-A,Staphylococcus succinus,Penicillin,2,2.0,1.0,5,0.6
DRIAMS-A,Staphylococcus succinus,Piperacillin-Tazobactam,2,0.0,0.0,5,0.6
DRIAMS-A,Staphylococcus succinus,Rifampicin,2,0.0,0.0,5,0.6
DRIAMS-A,Staphylococcus succinus,Teicoplanin,2,0.0,0.0,5,0.6
DRIAMS-A,Staphylococcus succinus,Tetracycline,2,2.0,1.0,5,0.6
DRIAMS-A,Staphylococcus succinus,Tigecycline,2,0.0,0.0,5,0.6
DRIAMS-A,Staphylococcus succinus,Vancomycin,2,0.0,0.0,5,0.6
DRIAMS-A,Staphylococcus warneri,Mupirocin,2,0.0,0.0,222,0.990990990990991
DRIAMS-A,Stenotrophomonas maltophilia,Doxycycline,2,1.0,0.5,660,0.996969696969697
DRIAMS-A,Stenotrophomonas maltophilia,Gentamicin,2,2.0,1.0,660,0.996969696969697
DRIAMS-A,Streptococcus agalactiae,Amoxicillin,2,0.0,0.0,2714,0.9992630803242447
DRIAMS-A,Streptococcus agalactiae,Oxacillin,2,1.0,0.5,2714,0.9992630803242447
DRIAMS-A,Streptococcus agalactiae,Penicillin_with_meningitis,2,0.0,0.0,2714,0.9992630803242447
DRIAMS-A,Streptococcus agalactiae,Penicillin_with_other_infections,2,0.0,0.0,2714,0.9992630803242447
DRIAMS-A,Streptococcus agalactiae,Penicillin_with_pneumonia,2,0.0,0.0,2714,0.9992630803242447
DRIAMS-A,Streptococcus agalactiae,Vancomycin,2,0.0,0.0,2714,0.9992630803242447
DRIAMS-A,Streptococcus anginosus,Piperacillin-Tazobactam,2,0.0,0.0,1868,0.9989293361884368
DRIAMS-A,Streptococcus constellatus,Amoxicillin-Clavulanic acid,2,0.0,0.0,810,0.9975308641975309
DRIAMS-A,Streptococcus dysgalactiae,Vancomycin,2,0.0,0.0,585,0.9965811965811966
DRIAMS-A,Streptococcus equinus,Amoxicillin-Clavulanic acid,2,0.0,0.0,7,0.7142857142857143
DRIAMS-A,Streptococcus gallolyticus,Gentamicin,2,0.0,0.0,135,0.9851851851851852
DRIAMS-A,Streptococcus gordonii,Gentamicin,2,0.0,0.0,136,0.9852941176470589
DRIAMS-A,Streptococcus gordonii,Levofloxacin,2,0.0,0.0,136,0.9852941176470589
DRIAMS-A,Streptococcus intermedius,Gentamicin,2,0.0,0.0,377,0.9946949602122016
DRIAMS-A,Streptococcus mitis,Cefepime,2,2.0,1.0,666,0.996996996996997
DRIAMS-A,Streptococcus mitis,Daptomycin,2,0.0,0.0,666,0.996996996996997
DRIAMS-A,Streptococcus mitis,Ertapenem,2,0.0,0.0,666,0.996996996996997
DRIAMS-A,Streptococcus mitis,Imipenem,2,0.0,0.0,666,0.996996996996997
DRIAMS-A,Streptococcus oralis,Ceftazidime,2,0.0,0.0,929,0.9978471474703983
DRIAMS-A,Streptococcus oralis,Ceftolozane-Tazobactam,2,0.0,0.0,929,0.9978471474703983
DRIAMS-A,Streptococcus oralis,Cotrimoxazole,2,0.0,0.0,929,0.9978471474703983
DRIAMS-A,Streptococcus oralis,Rifampicin,2,0.0,0.0,929,0.9978471474703983
DRIAMS-A,Streptococcus oralis,Rifampicin_1mg-l,2,0.0,0.0,929,0.9978471474703983
DRIAMS-A,Streptococcus parasanguinis,Amoxicillin,2,2.0,1.0,385,0.9948051948051948
DRIAMS-A,Streptococcus parasanguinis,Rifampicin,2,0.0,0.0,385,0.9948051948051948
DRIAMS-A,Streptococcus pseudopneumoniae,Clindamycin,2,0.0,0.0,58,0.9655172413793104
DRIAMS-A,Streptococcus pseudopneumoniae,Gentamicin_high_level,2,0.0,0.0,58,0.9655172413793104
DRIAMS-A,Streptococcus pseudopneumoniae,Meropenem,2,0.0,0.0,58,0.9655172413793104
DRIAMS-A,Streptococcus pseudopneumoniae,Penicillin_with_endokarditis,2,2.0,1.0,58,0.9655172413793104
DRIAMS-A,Streptococcus pseudopneumoniae,Penicillin_without_endokarditis,2,2.0,1.0,58,0.9655172413793104
DRIAMS-A,Streptococcus pyogenes,Aminoglycosides,2,2.0,1.0,883,0.9977349943374858
DRIAMS-A,Streptococcus pyogenes,Amoxicillin,2,0.0,0.0,883,0.9977349943374858
DRIAMS-A,Streptococcus pyogenes,Chloramphenicol,2,0.0,0.0,883,0.9977349943374858
DRIAMS-A,Streptococcus pyogenes,Cotrimoxazole,2,0.0,0.0,883,0.9977349943374858
DRIAMS-A,Streptococcus pyogenes,Oxacillin,2,0.0,0.0,883,0.9977349943374858
DRIAMS-A,Streptococcus pyogenes,Quinolones,2,0.0,0.0,883,0.9977349943374858
DRIAMS-A,Streptococcus salivarius,Amoxicillin,2,0.0,0.0,288,0.9930555555555556
DRIAMS-A,Streptococcus salivarius,Gentamicin,2,0.0,0.0,288,0.9930555555555556
DRIAMS-A,Streptococcus salivarius,Levofloxacin,2,0.0,0.0,288,0.9930555555555556
DRIAMS-A,Streptococcus sinensis,Penicillin,2,0.0,0.0,4,0.5
DRIAMS-A,Streptococcus sinensis,Vancomycin,2,0.0,0.0,4,0.5
DRIAMS-A,Streptococcus vestibularis,Clarithromycin,2,0.0,0.0,445,0.9955056179775281
DRIAMS-A,Streptococcus vestibularis,Levofloxacin,2,0.0,0.0,445,0.9955056179775281
DRIAMS-A,Streptococcus vestibularis,Oxacillin,2,0.0,0.0,445,0.9955056179775281
DRIAMS-A,Streptococcus vestibularis,Penicillin_with_meningitis,2,0.0,0.0,445,0.9955056179775281
DRIAMS-A,Streptococcus vestibularis,Penicillin_with_other_infections,2,0.0,0.0,445,0.9955056179775281
DRIAMS-A,Streptococcus vestibularis,Penicillin_with_pneumonia,2,0.0,0.0,445,0.9955056179775281
DRIAMS-A,Trueperella bernardiae,Cotrimoxazole,2,2.0,1.0,86,0.9767441860465116
DRIAMS-A,Trueperella bernardiae,Daptomycin,2,2.0,1.0,86,0.9767441860465116
DRIAMS-A,Trueperella bernardiae,Doxycycline,2,0.0,0.0,86,0.9767441860465116
DRIAMS-A,Trueperella bernardiae,Fusidic acid,2,0.0,0.0,86,0.9767441860465116
DRIAMS-A,Trueperella bernardiae,Levofloxacin,2,0.0,0.0,86,0.9767441860465116
DRIAMS-A,Veillonella parvula,Ciprofloxacin,2,0.0,0.0,133,0.9849624060150376
DRIAMS-A,Yersinia enterocolitica,Amoxicillin,2,2.0,1.0,15,0.8666666666666667
DRIAMS-A,Yersinia enterocolitica,Cefixime,2,2.0,1.0,15,0.8666666666666667
DRIAMS-A,Yersinia enterocolitica,Cefpodoxime,2,2.0,1.0,15,0.8666666666666667
DRIAMS-A,Yersinia enterocolitica,Ceftazidime-Avibactam,2,0.0,0.0,15,0.8666666666666667
DRIAMS-A,Yersinia enterocolitica,Doxycycline,2,0.0,0.0,15,0.8666666666666667
DRIAMS-A,Yersinia enterocolitica,Gentamicin,2,0.0,0.0,15,0.8666666666666667
DRIAMS-A,Yersinia enterocolitica,Moxifloxacin,2,2.0,1.0,15,0.8666666666666667
DRIAMS-A,Yersinia enterocolitica,Tetracycline,2,0.0,0.0,15,0.8666666666666667
DRIAMS-A,Achromobacter spanius,Amoxicillin-Clavulanic acid,1,1.0,1.0,6,0.8333333333333334
DRIAMS-A,Achromobacter spanius,Moxifloxacin,1,1.0,1.0,6,0.8333333333333334
DRIAMS-A,Achromobacter xylosoxidans,Ceftazidime-Avibactam,1,1.0,1.0,174,0.9942528735632183
DRIAMS-A,Achromobacter xylosoxidans,Ceftolozane-Tazobactam,1,1.0,1.0,174,0.9942528735632183
DRIAMS-A,Achromobacter xylosoxidans,Ertapenem,1,0.0,0.0,174,0.9942528735632183
DRIAMS-A,Achromobacter xylosoxidans,Quinolones,1,0.0,0.0,174,0.9942528735632183
DRIAMS-A,Acinetobacter baumannii,Ceftobiprole,1,1.0,1.0,98,0.9897959183673469
DRIAMS-A,Acinetobacter baumannii,Doxycycline,1,0.0,0.0,98,0.9897959183673469
DRIAMS-A,Acinetobacter baumannii,Vancomycin,1,1.0,1.0,98,0.9897959183673469
DRIAMS-A,Acinetobacter bereziniae,Cefepime,1,0.0,0.0,6,0.8333333333333334
DRIAMS-A,Acinetobacter bereziniae,Ciprofloxacin,1,0.0,0.0,6,0.8333333333333334
DRIAMS-A,Acinetobacter bereziniae,Colistin,1,0.0,0.0,6,0.8333333333333334
DRIAMS-A,Acinetobacter bereziniae,Cotrimoxazole,1,0.0,0.0,6,0.8333333333333334
DRIAMS-A,Acinetobacter bereziniae,Imipenem,1,0.0,0.0,6,0.8333333333333334
DRIAMS-A,Acinetobacter bereziniae,Meropenem,1,0.0,0.0,6,0.8333333333333334
DRIAMS-A,Acinetobacter bereziniae,Piperacillin-Tazobactam,1,0.0,0.0,6,0.8333333333333334
DRIAMS-A,Acinetobacter calcoaceticus,Amikacin,1,0.0,0.0,10,0.9
DRIAMS-A,Acinetobacter calcoaceticus,Cefepime,1,0.0,0.0,10,0.9
DRIAMS-A,Acinetobacter calcoaceticus,Ceftazidime,1,1.0,1.0,10,0.9
DRIAMS-A,Acinetobacter calcoaceticus,Ceftriaxone,1,1.0,1.0,10,0.9
DRIAMS-A,Acinetobacter calcoaceticus,Imipenem,1,0.0,0.0,10,0.9
DRIAMS-A,Acinetobacter calcoaceticus,Piperacillin-Tazobactam,1,0.0,0.0,10,0.9
DRIAMS-A,Acinetobacter calcoaceticus,Tobramycin,1,0.0,0.0,10,0.9
DRIAMS-A,Acinetobacter lwoffii,Aminoglycosides,1,0.0,0.0,16,0.9375
DRIAMS-A,Acinetobacter lwoffii,Chloramphenicol,1,1.0,1.0,16,0.9375
DRIAMS-A,Acinetobacter lwoffii,Quinolones,1,0.0,0.0,16,0.9375
DRIAMS-A,Acinetobacter parvus,Ceftazidime,1,0.0,0.0,13,0.9230769230769231
DRIAMS-A,Acinetobacter parvus,Piperacillin-Tazobactam,1,0.0,0.0,13,0.9230769230769231
DRIAMS-A,Acinetobacter radioresistens,Ciprofloxacin,1,0.0,0.0,15,0.9333333333333333
DRIAMS-A,Acinetobacter radioresistens,Colistin,1,0.0,0.0,15,0.9333333333333333
DRIAMS-A,Acinetobacter radioresistens,Cotrimoxazole,1,0.0,0.0,15,0.9333333333333333
DRIAMS-A,Acinetobacter radioresistens,Meropenem,1,0.0,0.0,15,0.9333333333333333
DRIAMS-A,Actinomyces funkei,Amoxicillin-Clavulanic acid,1,0.0,0.0,13,0.9230769230769231
DRIAMS-A,Actinomyces funkei,Clindamycin,1,0.0,0.0,13,0.9230769230769231
DRIAMS-A,Actinomyces funkei,Imipenem,1,0.0,0.0,13,0.9230769230769231
DRIAMS-A,Actinomyces neuii,Ampicillin-Amoxicillin,1,0.0,0.0,320,0.996875
DRIAMS-A,Actinomyces neuii,Doxycycline,1,0.0,0.0,320,0.996875
DRIAMS-A,Actinomyces odontolyticus,Amikacin,1,1.0,1.0,363,0.9972451790633609
DRIAMS-A,Actinomyces odontolyticus,Ciprofloxacin,1,1.0,1.0,363,0.9972451790633609
DRIAMS-A,Actinomyces odontolyticus,Cotrimoxazole,1,1.0,1.0,363,0.9972451790633609
DRIAMS-A,Actinomyces odontolyticus,Minocycline,1,0.0,0.0,363,0.9972451790633609
DRIAMS-A,Actinomyces turicensis,Ceftriaxone,1,0.0,0.0,363,0.9972451790633609
DRIAMS-A,Actinomyces turicensis,Penicillin,1,0.0,0.0,363,0.9972451790633609
DRIAMS-A,Actinotignum sanguinis,Moxifloxacin,1,0.0,0.0,78,0.9871794871794872
DRIAMS-A,Aerococcus sanguinicola,Vancomycin,1,0.0,0.0,64,0.984375
DRIAMS-A,Aerococcus urinae,Amoxicillin-Clavulanic acid,1,0.0,0.0,546,0.9981684981684982
DRIAMS-A,Aerococcus viridans,Cotrimoxazole,1,1.0,1.0,46,0.9782608695652174
DRIAMS-A,Aeromonas caviae,Cefpodoxime,1,0.0,0.0,7,0.8571428571428572
DRIAMS-A,Aeromonas caviae,Ceftazidime,1,0.0,0.0,7,0.8571428571428572
DRIAMS-A,Aeromonas caviae,Fosfomycin-Trometamol,1,0.0,0.0,7,0.8571428571428572
DRIAMS-A,Aeromonas caviae,Meropenem,1,1.0,1.0,7,0.8571428571428572
DRIAMS-A,Aeromonas ichthiosmia,Amoxicillin-Clavulanic acid,1,0.0,0.0,1,0.0
DRIAMS-A,Aeromonas ichthiosmia,Ceftriaxone,1,0.0,0.0,1,0.0
DRIAMS-A,Aeromonas ichthiosmia,Ciprofloxacin,1,0.0,0.0,1,0.0
DRIAMS-A,Aeromonas ichthiosmia,Cotrimoxazole,1,0.0,0.0,1,0.0
DRIAMS-A,Aeromonas media,Cefepime,1,0.0,0.0,5,0.8
DRIAMS-A,Aeromonas media,Ceftazidime,1,0.0,0.0,5,0.8
DRIAMS-A,Aeromonas media,Ceftriaxone,1,0.0,0.0,5,0.8
DRIAMS-A,Aeromonas media,Ciprofloxacin,1,0.0,0.0,5,0.8
DRIAMS-A,Aeromonas media,Cotrimoxazole,1,0.0,0.0,5,0.8
DRIAMS-A,Aeromonas media,Piperacillin-Tazobactam,1,0.0,0.0,5,0.8
DRIAMS-A,Aeromonas salmonicida,Cefepime,1,0.0,0.0,1,0.0
DRIAMS-A,Aeromonas salmonicida,Ceftazidime,1,0.0,0.0,1,0.0
DRIAMS-A,Aeromonas salmonicida,Ceftriaxone,1,0.0,0.0,1,0.0
DRIAMS-A,Aeromonas salmonicida,Ciprofloxacin,1,0.0,0.0,1,0.0
DRIAMS-A,Aeromonas salmonicida,Cotrimoxazole,1,0.0,0.0,1,0.0
DRIAMS-A,Aeromonas salmonicida,Piperacillin-Tazobactam,1,0.0,0.0,1,0.0
DRIAMS-A,Aggregatibacter aphrophilus,Amoxicillin,1,0.0,0.0,191,0.9947643979057592
DRIAMS-A,Aggregatibacter aphrophilus,Clindamycin,1,1.0,1.0,191,0.9947643979057592
DRIAMS-A,Aggregatibacter aphrophilus,Cotrimoxazole,1,1.0,1.0,191,0.9947643979057592
DRIAMS-A,Aggregatibacter aphrophilus,Moxifloxacin,1,0.0,0.0,191,0.9947643979057592
DRIAMS-A,Alloscardovia omnicolens,Moxifloxacin,1,1.0,1.0,179,0.994413407821229
DRIAMS-A,Alloscardovia omnicolens,Penicillin,1,0.0,0.0,179,0.994413407821229
DRIAMS-A,Alloscardovia omnicolens,Vancomycin,1,0.0,0.0,179,0.994413407821229
DRIAMS-A,Anaerococcus hydrogenalis,Ciprofloxacin,1,1.0,1.0,24,0.9583333333333334
DRIAMS-A,Anaerococcus hydrogenalis,Clindamycin,1,1.0,1.0,24,0.9583333333333334
DRIAMS-A,Anaerococcus hydrogenalis,Erythromycin,1,1.0,1.0,24,0.9583333333333334
DRIAMS-A,Anaerococcus hydrogenalis,Metronidazole,1,0.0,0.0,24,0.9583333333333334
DRIAMS-A,Anaerococcus murdochii,Doxycycline,1,0.0,0.0,72,0.9861111111111112
DRIAMS-A,Anaerococcus murdochii,Erythromycin,1,1.0,1.0,72,0.9861111111111112
DRIAMS-A,Anaerococcus murdochii,Metronidazole,1,1.0,1.0,72,0.9861111111111112
DRIAMS-A,Anaerococcus sp,Moxifloxacin,1,0.0,0.0,32,0.96875
DRIAMS-A,Arcanobacterium haemolyticum,Ceftriaxone,1,0.0,0.0,6,0.8333333333333334
DRIAMS-A,Arcanobacterium haemolyticum,Ciprofloxacin,1,0.0,0.0,6,0.8333333333333334
DRIAMS-A,Arcanobacterium haemolyticum,Erythromycin,1,0.0,0.0,6,0.8333333333333334
DRIAMS-A,Arcanobacterium haemolyticum,Gentamicin,1,0.0,0.0,6,0.8333333333333334
DRIAMS-A,Arcanobacterium haemolyticum,Meropenem,1,0.0,0.0,6,0.8333333333333334
DRIAMS-A,Arcanobacterium haemolyticum,Penicillin,1,0.0,0.0,6,0.8333333333333334
DRIAMS-A,Arcanobacterium haemolyticum,Vancomycin,1,0.0,0.0,6,0.8333333333333334
DRIAMS-A,Bacillus altitudinis,Clindamycin,1,1.0,1.0,3,0.6666666666666667
DRIAMS-A,Bacillus altitudinis,Levofloxacin,1,0.0,0.0,3,0.6666666666666667
DRIAMS-A,Bacillus altitudinis,Penicillin,1,0.0,0.0,3,0.6666666666666667
DRIAMS-A,Bacillus altitudinis,Vancomycin,1,0.0,0.0,3,0.6666666666666667
DRIAMS-A,Bacillus cereus,Amikacin,1,0.0,0.0,149,0.9932885906040269
DRIAMS-A,Bacillus cereus,Amoxicillin-Clavulanic acid,1,1.0,1.0,149,0.9932885906040269
DRIAMS-A,Bacillus cereus,Ampicillin-Amoxicillin,1,1.0,1.0,149,0.9932885906040269
DRIAMS-A,Bacillus cereus,Ciprofloxacin,1,0.0,0.0,149,0.9932885906040269
DRIAMS-A,Bacillus cereus,Quinolones,1,0.0,0.0,149,0.9932885906040269
DRIAMS-A,Bacillus cereus,Rifampicin,1,0.0,0.0,149,0.9932885906040269
DRIAMS-A,Bacillus licheniformis,Clindamycin,1,1.0,1.0,11,0.9090909090909091
DRIAMS-A,Bacillus licheniformis,Levofloxacin,1,0.0,0.0,11,0.9090909090909091
DRIAMS-A,Bacillus licheniformis,Penicillin,1,1.0,1.0,11,0.9090909090909091
DRIAMS-A,Bacillus licheniformis,Vancomycin,1,0.0,0.0,11,0.9090909090909091
DRIAMS-A,Bacteroides caccae,Clindamycin,1,0.0,0.0,13,0.9230769230769231
DRIAMS-A,Bacteroides caccae,Moxifloxacin,1,0.0,0.0,13,0.9230769230769231
DRIAMS-A,Bacteroides faecis,Ceftriaxone,1,1.0,1.0,50,0.98
DRIAMS-A,Bacteroides faecis,Imipenem,1,0.0,0.0,50,0.98
DRIAMS-A,Bacteroides fragilis,Amoxicillin,1,1.0,1.0,427,0.9976580796252927
DRIAMS-A,Bacteroides fragilis,Levofloxacin,1,1.0,1.0,427,0.9976580796252927
DRIAMS-A,Bacteroides fragilis,Rifampicin,1,0.0,0.0,427,0.9976580796252927
DRIAMS-A,Bacteroides fragilis,Tigecycline,1,0.0,0.0,427,0.9976580796252927
DRIAMS-A,Bacteroides ovatus,Meropenem,1,0.0,0.0,83,0.9879518072289156
DRIAMS-A,Bacteroides ovatus,Penicillin,1,1.0,1.0,83,0.9879518072289156
DRIAMS-A,Bacteroides thetaiotaomicron,Ertapenem,1,0.0,0.0,97,0.9896907216494846
DRIAMS-A,Bacteroides thetaiotaomicron,Erythromycin,1,1.0,1.0,97,0.9896907216494846
DRIAMS-A,Bergeyella zoohelcum,Cotrimoxazole,1,0.0,0.0,14,0.9285714285714286
DRIAMS-A,Bifidobacterium dentium,Amoxicillin,1,0.0,0.0,33,0.9696969696969697
DRIAMS-A,Bifidobacterium dentium,Amoxicillin-Clavulanic acid,1,0.0,0.0,33,0.9696969696969697
DRIAMS-A,Bordetella bronchiseptica,Clarithromycin,1,1.0,1.0,1,0.0
DRIAMS-A,Bordetella bronchiseptica,Cotrimoxazole,1,1.0,1.0,1,0.0
DRIAMS-A,Bordetella bronchiseptica,Doxycycline,1,0.0,0.0,1,0.0
DRIAMS-A,Bordetella bronchiseptica,Levofloxacin,1,0.0,0.0,1,0.0
DRIAMS-A,Brevibacillus brevis,Clindamycin,1,1.0,1.0,3,0.6666666666666667
DRIAMS-A,Brevibacillus brevis,Levofloxacin,1,0.0,0.0,3,0.6666666666666667
DRIAMS-A,Brevibacillus brevis,Penicillin,1,1.0,1.0,3,0.6666666666666667
DRIAMS-A,Brevibacillus brevis,Vancomycin,1,0.0,0.0,3,0.6666666666666667
DRIAMS-A,Brevibacterium casei,Ceftriaxone,1,0.0,0.0,6,0.8333333333333334
DRIAMS-A,Brevibacterium casei,Ciprofloxacin,1,0.0,0.0,6,0.8333333333333334
DRIAMS-A,Brevibacterium casei,Erythromycin,1,1.0,1.0,6,0.8333333333333334
DRIAMS-A,Brevibacterium casei,Gentamicin,1,0.0,0.0,6,0.8333333333333334
DRIAMS-A,Brevibacterium casei,Meropenem,1,0.0,0.0,6,0.8333333333333334
DRIAMS-A,Brevibacterium casei,Penicillin,1,1.0,1.0,6,0.8333333333333334
DRIAMS-A,Brevibacterium casei,Vancomycin,1,0.0,0.0,6,0.8333333333333334
DRIAMS-A,Brevibacterium celere,Ceftriaxone,1,0.0,0.0,2,0.5
DRIAMS-A,Brevibacterium celere,Ciprofloxacin,1,1.0,1.0,2,0.5
DRIAMS-A,Brevibacterium celere,Erythromycin,1,1.0,1.0,2,0.5
DRIAMS-A,Brevibacterium celere,Gentamicin,1,0.0,0.0,2,0.5
DRIAMS-A,Brevibacterium celere,Meropenem,1,0.0,0.0,2,0.5
DRIAMS-A,Brevibacterium celere,Penicillin,1,1.0,1.0,2,0.5
DRIAMS-A,Brevibacterium celere,Vancomycin,1,0.0,0.0,2,0.5
DRIAMS-A,Brevibacterium ravenspurgense,Imipenem,1,0.0,0.0,15,0.9333333333333333
DRIAMS-A,Brevibacterium ravenspurgense,Levofloxacin,1,1.0,1.0,15,0.9333333333333333
DRIAMS-A,Brevibacterium ravenspurgense,Piperacillin-Tazobactam,1,0.0,0.0,15,0.9333333333333333
DRIAMS-A,Burkholderia cenocepacia,Ciprofloxacin,1,0.0,0.0,8,0.875
DRIAMS-A,Burkholderia cenocepacia,Piperacillin-Tazobactam,1,0.0,0.0,8,0.875
DRIAMS-A,Burkholderia gladioli,Imipenem,1,0.0,0.0,5,0.8
DRIAMS-A,Burkholderia gladioli,Levofloxacin,1,0.0,0.0,5,0.8
DRIAMS-A,Burkholderia latens,Ceftazidime,1,0.0,0.0,1,0.0
DRIAMS-A,Burkholderia latens,Cotrimoxazole,1,0.0,0.0,1,0.0
DRIAMS-A,Burkholderia latens,Meropenem,1,0.0,0.0,1,0.0
DRIAMS-A,Burkholderia pyrrocinia,Cotrimoxazole,1,0.0,0.0,5,0.8
DRIAMS-A,Candida albicans,Isavuconazole,1,1.0,1.0,2481,0.9995969367190649
DRIAMS-A,Candida orthopsilosis,5-Fluorocytosine,1,0.0,0.0,19,0.9473684210526316
DRIAMS-A,Candida orthopsilosis,Amphotericin B,1,0.0,0.0,19,0.9473684210526316
DRIAMS-A,Candida orthopsilosis,Anidulafungin,1,1.0,1.0,19,0.9473684210526316
DRIAMS-A,Candida orthopsilosis,Caspofungin,1,0.0,0.0,19,0.9473684210526316
DRIAMS-A,Candida orthopsilosis,Fluconazole,1,0.0,0.0,19,0.9473684210526316
DRIAMS-A,Candida orthopsilosis,Itraconazole,1,0.0,0.0,19,0.9473684210526316
DRIAMS-A,Candida orthopsilosis,Micafungin,1,1.0,1.0,19,0.9473684210526316
DRIAMS-A,Candida orthopsilosis,Posaconazole,1,0.0,0.0,19,0.9473684210526316
DRIAMS-A,Candida orthopsilosis,Voriconazole,1,0.0,0.0,19,0.9473684210526316
DRIAMS-A,Capnocytophaga sputigena,Piperacillin-Tazobactam,1,0.0,0.0,63,0.9841269841269842
DRIAMS-A,Chryseobacterium gleum,Quinolones,1,0.0,0.0,20,0.95
DRIAMS-A,Chryseobacterium indologenes,Amikacin,1,1.0,1.0,23,0.9565217391304348
DRIAMS-A,Chryseobacterium indologenes,Cefepime,1,0.0,0.0,23,0.9565217391304348
DRIAMS-A,Chryseobacterium indologenes,Ceftazidime,1,1.0,1.0,23,0.9565217391304348
DRIAMS-A,Chryseobacterium indologenes,Ciprofloxacin,1,0.0,0.0,23,0.9565217391304348
DRIAMS-A,Chryseobacterium indologenes,Colistin,1,1.0,1.0,23,0.9565217391304348
DRIAMS-A,Chryseobacterium indologenes,Cotrimoxazole,1,0.0,0.0,23,0.9565217391304348
DRIAMS-A,Chryseobacterium indologenes,Imipenem,1,1.0,1.0,23,0.9565217391304348
DRIAMS-A,Chryseobacterium indologenes,Levofloxacin,1,0.0,0.0,23,0.9565217391304348
DRIAMS-A,Chryseobacterium indologenes,Meropenem,1,1.0,1.0,23,0.9565217391304348
DRIAMS-A,Chryseobacterium indologenes,Piperacillin-Tazobactam,1,1.0,1.0,23,0.9565217391304348
DRIAMS-A,Chryseobacterium indologenes,Tobramycin,1,1.0,1.0,23,0.9565217391304348
DRIAMS-A,Citrobacter braakii,Aztreonam,1,1.0,1.0,95,0.9894736842105263
DRIAMS-A,Citrobacter freundii,Moxifloxacin,1,1.0,1.0,980,0.9989795918367347
DRIAMS-A,Citrobacter koseri,Aminoglycosides,1,0.0,0.0,680,0.9985294117647059
DRIAMS-A,Citrobacter koseri,Chloramphenicol,1,0.0,0.0,680,0.9985294117647059
DRIAMS-A,Citrobacter koseri,Quinolones,1,0.0,0.0,680,0.9985294117647059
DRIAMS-A,Citrobacter sedlakii,Cefpodoxime,1,1.0,1.0,9,0.8888888888888888
DRIAMS-A,Citrobacter sedlakii,Fosfomycin-Trometamol,1,0.0,0.0,9,0.8888888888888888
DRIAMS-A,Citrobacter sedlakii,Norfloxacin,1,0.0,0.0,9,0.8888888888888888
DRIAMS-A,Clostridium baratii,Meropenem,1,0.0,0.0,7,0.8571428571428572
DRIAMS-A,Clostridium baratii,Metronidazole,1,0.0,0.0,7,0.8571428571428572
DRIAMS-A,Clostridium baratii,Moxifloxacin,1,0.0,0.0,7,0.8571428571428572
DRIAMS-A,Clostridium baratii,Penicillin,1,0.0,0.0,7,0.8571428571428572
DRIAMS-A,Clostridium clostridioforme,Amoxicillin,1,1.0,1.0,33,0.9696969696969697
DRIAMS-A,Clostridium clostridioforme,Amoxicillin-Clavulanic acid,1,0.0,0.0,33,0.9696969696969697
DRIAMS-A,Clostridium clostridioforme,Clindamycin,1,0.0,0.0,33,0.9696969696969697
DRIAMS-A,Clostridium clostridioforme,Imipenem,1,1.0,1.0,33,0.9696969696969697
DRIAMS-A,Clostridium clostridioforme,Meropenem,1,0.0,0.0,33,0.9696969696969697
DRIAMS-A,Clostridium clostridioforme,Metronidazole,1,0.0,0.0,33,0.9696969696969697
DRIAMS-A,Clostridium clostridioforme,Penicillin,1,1.0,1.0,33,0.9696969696969697
DRIAMS-A,Clostridium clostridioforme,Piperacillin-Tazobactam,1,1.0,1.0,33,0.9696969696969697
DRIAMS-A,Clostridium clostridioforme,Vancomycin,1,0.0,0.0,33,0.9696969696969697
DRIAMS-A,Clostridium paraputrificum,Amoxicillin,1,1.0,1.0,28,0.9642857142857143
DRIAMS-A,Clostridium paraputrificum,Piperacillin-Tazobactam,1,1.0,1.0,28,0.9642857142857143
DRIAMS-A,Clostridium paraputrificum,Vancomycin,1,0.0,0.0,28,0.9642857142857143
DRIAMS-A,Clostridium perfringens,Amoxicillin-Clavulanic acid,1,0.0,0.0,76,0.9868421052631579
DRIAMS-A,Comamonas kerstersii,Amikacin,1,1.0,1.0,30,0.9666666666666667
DRIAMS-A,Comamonas kerstersii,Cefepime,1,0.0,0.0,30,0.9666666666666667
DRIAMS-A,Comamonas kerstersii,Ceftazidime,1,0.0,0.0,30,0.9666666666666667
DRIAMS-A,Comamonas kerstersii,Ciprofloxacin,1,0.0,0.0,30,0.9666666666666667
DRIAMS-A,Comamonas kerstersii,Colistin,1,0.0,0.0,30,0.9666666666666667
DRIAMS-A,Comamonas kerstersii,Imipenem,1,0.0,0.0,30,0.9666666666666667
DRIAMS-A,Comamonas kerstersii,Levofloxacin,1,0.0,0.0,30,0.9666666666666667
DRIAMS-A,Comamonas kerstersii,Meropenem,1,0.0,0.0,30,0.9666666666666667
DRIAMS-A,Comamonas kerstersii,Piperacillin-Tazobactam,1,0.0,0.0,30,0.9666666666666667
DRIAMS-A,Comamonas kerstersii,Tobramycin,1,0.0,0.0,30,0.9666666666666667
DRIAMS-A,Corynebacterium accolens,Aminoglycosides,1,0.0,0.0,81,0.9876543209876543
DRIAMS-A,Corynebacterium accolens,Chloramphenicol,1,1.0,1.0,81,0.9876543209876543
DRIAMS-A,Corynebacterium accolens,Quinolones,1,0.0,0.0,81,0.9876543209876543
DRIAMS-A,Corynebacterium amycolatum,Ceftazidime,1,1.0,1.0,397,0.9974811083123426
DRIAMS-A,Corynebacterium amycolatum,Cotrimoxazole,1,1.0,1.0,397,0.9974811083123426
DRIAMS-A,Corynebacterium amycolatum,Piperacillin-Tazobactam,1,1.0,1.0,397,0.9974811083123426
DRIAMS-A,Corynebacterium amycolatum,Quinolones,1,0.0,0.0,397,0.9974811083123426
DRIAMS-A,Corynebacterium amycolatum,Tetracycline,1,0.0,0.0,397,0.9974811083123426
DRIAMS-A,Corynebacterium aurimucosum,Clindamycin,1,1.0,1.0,149,0.9932885906040269
DRIAMS-A,Corynebacterium aurimucosum,Daptomycin,1,0.0,0.0,149,0.9932885906040269
DRIAMS-A,Corynebacterium aurimucosum,Doxycycline,1,0.0,0.0,149,0.9932885906040269
DRIAMS-A,Corynebacterium aurimucosum,Levofloxacin,1,1.0,1.0,149,0.9932885906040269
DRIAMS-A,Corynebacterium aurimucosum,Piperacillin-Tazobactam,1,1.0,1.0,149,0.9932885906040269
DRIAMS-A,Corynebacterium aurimucosum,Tetracycline,1,1.0,1.0,149,0.9932885906040269
DRIAMS-A,Corynebacterium lipophile_group_F1,Imipenem,1,0.0,0.0,58,0.9827586206896551
DRIAMS-A,Corynebacterium pseudodiphtheriticum,Amoxicillin-Clavulanic acid,1,0.0,0.0,73,0.9863013698630136
DRIAMS-A,Corynebacterium pseudodiphtheriticum,Clindamycin,1,1.0,1.0,73,0.9863013698630136
DRIAMS-A,Corynebacterium resistens,Ceftriaxone,1,1.0,1.0,9,0.8888888888888888
DRIAMS-A,Corynebacterium resistens,Ciprofloxacin,1,0.0,0.0,9,0.8888888888888888
DRIAMS-A,Corynebacterium resistens,Erythromycin,1,0.0,0.0,9,0.8888888888888888
DRIAMS-A,Corynebacterium resistens,Gentamicin,1,0.0,0.0,9,0.8888888888888888
DRIAMS-A,Corynebacterium resistens,Meropenem,1,1.0,1.0,9,0.8888888888888888
DRIAMS-A,Corynebacterium resistens,Penicillin,1,1.0,1.0,9,0.8888888888888888
DRIAMS-A,Corynebacterium resistens,Vancomycin,1,0.0,0.0,9,0.8888888888888888
DRIAMS-A,Corynebacterium simulans,Rifampicin_1mg-l,1,0.0,0.0,147,0.9931972789115646
DRIAMS-A,Corynebacterium striatum,Amoxicillin-Clavulanic acid,1,0.0,0.0,191,0.9947643979057592
DRIAMS-A,Corynebacterium striatum,Clindamycin,1,1.0,1.0,191,0.9947643979057592
DRIAMS-A,Corynebacterium striatum,Levofloxacin,1,0.0,0.0,191,0.9947643979057592
DRIAMS-A,Corynebacterium striatum,Rifampicin,1,0.0,0.0,191,0.9947643979057592
DRIAMS-A,Corynebacterium tuberculostearicum,Aminoglycosides,1,0.0,0.0,578,0.9982698961937716
DRIAMS-A,Corynebacterium tuberculostearicum,Chloramphenicol,1,0.0,0.0,578,0.9982698961937716
DRIAMS-A,Corynebacterium tuberculostearicum,Cotrimoxazole,1,1.0,1.0,578,0.9982698961937716
DRIAMS-A,Corynebacterium tuberculostearicum,Ertapenem,1,1.0,1.0,578,0.9982698961937716
DRIAMS-A,Corynebacterium tuberculostearicum,Quinolones,1,0.0,0.0,578,0.9982698961937716
DRIAMS-A,Corynebacterium ulcerans,Amoxicillin-Clavulanic acid,1,0.0,0.0,1,0.0
DRIAMS-A,Corynebacterium ulcerans,Ceftriaxone,1,0.0,0.0,1,0.0
DRIAMS-A,Corynebacterium ulcerans,Ciprofloxacin,1,0.0,0.0,1,0.0
DRIAMS-A,Corynebacterium ulcerans,Clindamycin,1,0.0,0.0,1,0.0
DRIAMS-A,Corynebacterium ulcerans,Erythromycin,1,0.0,0.0,1,0.0
DRIAMS-A,Corynebacterium ulcerans,Gentamicin,1,0.0,0.0,1,0.0
DRIAMS-A,Corynebacterium ulcerans,Meropenem,1,0.0,0.0,1,0.0
DRIAMS-A,Corynebacterium ulcerans,Penicillin,1,1.0,1.0,1,0.0
DRIAMS-A,Corynebacterium ulcerans,Rifampicin,1,0.0,0.0,1,0.0
DRIAMS-A,Corynebacterium ulcerans,Vancomycin,1,0.0,0.0,1,0.0
DRIAMS-A,Dermabacter hominis,Cotrimoxazole,1,0.0,0.0,266,0.9962406015037594
DRIAMS-A,Eggerthella lenta,Meropenem,1,0.0,0.0,116,0.9913793103448276
DRIAMS-A,Eggerthella lenta,Penicillin,1,1.0,1.0,116,0.9913793103448276
DRIAMS-A,Eikenella corrodens,Levofloxacin,1,0.0,0.0,250,0.996
DRIAMS-A,Eikenella corrodens,Penicillin,1,0.0,0.0,250,0.996
DRIAMS-A,Enterobacter aerogenes,Aztreonam,1,1.0,1.0,660,0.9984848484848485
DRIAMS-A,Enterobacter aerogenes,Ceftazidime-Avibactam,1,0.0,0.0,660,0.9984848484848485
DRIAMS-A,Enterobacter aerogenes,Ceftobiprole,1,1.0,1.0,660,0.9984848484848485
DRIAMS-A,Enterobacter aerogenes,Ceftolozane-Tazobactam,1,1.0,1.0,660,0.9984848484848485
DRIAMS-A,Enterobacter aerogenes,Fosfomycin,1,1.0,1.0,660,0.9984848484848485
DRIAMS-A,Enterobacter aerogenes,Tigecycline,1,0.0,0.0,660,0.9984848484848485
DRIAMS-A,Enterobacter cancerogenus,Amikacin,1,0.0,0.0,2,0.5
DRIAMS-A,Enterobacter cancerogenus,Amoxicillin-Clavulanic acid,1,1.0,1.0,2,0.5
DRIAMS-A,Enterobacter cancerogenus,Ampicillin-Amoxicillin,1,1.0,1.0,2,0.5
DRIAMS-A,Enterobacter cancerogenus,Cefepime,1,0.0,0.0,2,0.5
DRIAMS-A,Enterobacter cancerogenus,Ceftazidime,1,0.0,0.0,2,0.5
DRIAMS-A,Enterobacter cancerogenus,Ceftriaxone,1,0.0,0.0,2,0.5
DRIAMS-A,Enterobacter cancerogenus,Ciprofloxacin,1,0.0,0.0,2,0.5
DRIAMS-A,Enterobacter cancerogenus,Colistin,1,0.0,0.0,2,0.5
DRIAMS-A,Enterobacter cancerogenus,Cotrimoxazole,1,0.0,0.0,2,0.5
DRIAMS-A,Enterobacter cancerogenus,Ertapenem,1,0.0,0.0,2,0.5
DRIAMS-A,Enterobacter cancerogenus,Imipenem,1,0.0,0.0,2,0.5
DRIAMS-A,Enterobacter cancerogenus,Levofloxacin,1,0.0,0.0,2,0.5
DRIAMS-A,Enterobacter cancerogenus,Meropenem,1,0.0,0.0,2,0.5
DRIAMS-A,Enterobacter cancerogenus,Piperacillin-Tazobactam,1,0.0,0.0,2,0.5
DRIAMS-A,Enterobacter cancerogenus,Tobramycin,1,0.0,0.0,2,0.5
DRIAMS-A,Enterobacter cloacae,Ceftazidime-Avibactam,1,0.0,0.0,1987,0.9994967287367891
DRIAMS-A,Enterobacter cloacae,Ceftobiprole,1,0.0,0.0,1987,0.9994967287367891
DRIAMS-A,Enterobacter cloacae,Ceftolozane-Tazobactam,1,0.0,0.0,1987,0.9994967287367891
DRIAMS-A,Enterobacter cloacae,Doxycycline,1,1.0,1.0,1987,0.9994967287367891
DRIAMS-A,Enterobacter cloacae,Fosfomycin,1,1.0,1.0,1987,0.9994967287367891
DRIAMS-A,Enterobacter cloacae,Nitrofurantoin,1,0.0,0.0,1987,0.9994967287367891
DRIAMS-A,Enterococcus avium,Amoxicillin-Clavulanic acid,1,0.0,0.0,118,0.9915254237288136
DRIAMS-A,Enterococcus dispar,Ampicillin-Amoxicillin,1,0.0,0.0,3,0.6666666666666667
DRIAMS-A,Enterococcus dispar,Imipenem,1,0.0,0.0,3,0.6666666666666667
DRIAMS-A,Enterococcus dispar,Levofloxacin,1,0.0,0.0,3,0.6666666666666667
DRIAMS-A,Enterococcus dispar,Linezolid,1,0.0,0.0,3,0.6666666666666667
DRIAMS-A,Enterococcus dispar,Teicoplanin,1,0.0,0.0,3,0.6666666666666667
DRIAMS-A,Enterococcus dispar,Tigecycline,1,0.0,0.0,3,0.6666666666666667
DRIAMS-A,Enterococcus dispar,Vancomycin,1,0.0,0.0,3,0.6666666666666667
DRIAMS-A,Enterococcus faecalis,Ceftobiprole,1,0.0,0.0,4418,0.9997736532367587
DRIAMS-A,Enterococcus faecalis,Erythromycin,1,1.0,1.0,4418,0.9997736532367587
DRIAMS-A,Enterococcus faecalis,Fosfomycin,1,0.0,0.0,4418,0.9997736532367587
DRIAMS-A,Enterococcus faecalis,Rifampicin,1,1.0,1.0,4418,0.9997736532367587
DRIAMS-A,Enterococcus faecalis,Tetracycline,1,1.0,1.0,4418,0.9997736532367587
DRIAMS-A,Enterococcus faecium,Ciprofloxacin,1,1.0,1.0,1751,0.9994288977727013
DRIAMS-A,Enterococcus faecium,Fosfomycin,1,0.0,0.0,1751,0.9994288977727013
DRIAMS-A,Enterococcus faecium,Minocycline,1,0.0,0.0,1751,0.9994288977727013
DRIAMS-A,Enterococcus faecium,Piperacillin-Tazobactam,1,1.0,1.0,1751,0.9994288977727013
DRIAMS-A,Enterococcus pseudoavium,Ampicillin-Amoxicillin,1,0.0,0.0,1,0.0
DRIAMS-A,Enterococcus pseudoavium,Imipenem,1,0.0,0.0,1,0.0
DRIAMS-A,Enterococcus pseudoavium,Levofloxacin,1,0.0,0.0,1,0.0
DRIAMS-A,Enterococcus pseudoavium,Linezolid,1,0.0,0.0,1,0.0
DRIAMS-A,Enterococcus pseudoavium,Nitrofurantoin,1,1.0,1.0,1,0.0
DRIAMS-A,Enterococcus pseudoavium,Teicoplanin,1,0.0,0.0,1,0.0
DRIAMS-A,Enterococcus pseudoavium,Vancomycin,1,0.0,0.0,1,0.0
DRIAMS-A,Enterococcus raffinosus,Daptomycin,1,0.0,0.0,16,0.9375
DRIAMS-A,Enterococcus raffinosus,Gentamicin_high_level,1,0.0,0.0,16,0.9375
DRIAMS-A,Escherichia coli,Clindamycin,1,1.0,1.0,7320,0.9998633879781421
DRIAMS-A,Escherichia coli,Penicillin,1,1.0,1.0,7320,0.9998633879781421
DRIAMS-A,Escherichia coli,Teicoplanin,1,1.0,1.0,7320,0.9998633879781421
DRIAMS-A,Escherichia hermannii,Cefpodoxime,1,0.0,0.0,17,0.9411764705882353
DRIAMS-A,Escherichia hermannii,Fosfomycin-Trometamol,1,0.0,0.0,17,0.9411764705882353
DRIAMS-A,Escherichia hermannii,Norfloxacin,1,0.0,0.0,17,0.9411764705882353
DRIAMS-A,Eubacterium limosum,Amoxicillin-Clavulanic acid,1,0.0,0.0,9,0.8888888888888888
DRIAMS-A,Eubacterium limosum,Moxifloxacin,1,1.0,1.0,9,0.8888888888888888
DRIAMS-A,Eubacterium limosum,Piperacillin-Tazobactam,1,0.0,0.0,9,0.8888888888888888
DRIAMS-A,Eubacterium sp[2],Amoxicillin-Clavulanic acid,1,0.0,0.0,1,0.0
DRIAMS-A,Eubacterium sp[2],Moxifloxacin,1,1.0,1.0,1,0.0
DRIAMS-A,Eubacterium sp[2],Piperacillin-Tazobactam,1,0.0,0.0,1,0.0
DRIAMS-A,Finegoldia magna,Imipenem,1,0.0,0.0,769,0.9986996098829649
DRIAMS-A,Finegoldia magna,Minocycline,1,0.0,0.0,769,0.9986996098829649
DRIAMS-A,Fusobacterium gonidiaformans,Amoxicillin-Clavulanic acid,1,1.0,1.0,4,0.75
DRIAMS-A,Fusobacterium gonidiaformans,Metronidazole,1,0.0,0.0,4,0.75
DRIAMS-A,Fusobacterium necrophorum,Amoxicillin-Clavulanic acid,1,0.0,0.0,31,0.967741935483871
DRIAMS-A,Fusobacterium necrophorum,Clindamycin,1,1.0,1.0,31,0.967741935483871
DRIAMS-A,Fusobacterium necrophorum,Meropenem,1,0.0,0.0,31,0.967741935483871
DRIAMS-A,Fusobacterium necrophorum,Metronidazole,1,0.0,0.0,31,0.967741935483871
DRIAMS-A,Fusobacterium nucleatum,Ceftriaxone,1,0.0,0.0,131,0.9923664122137404
DRIAMS-A,Fusobacterium periodonticum,Ceftriaxone,1,0.0,0.0,11,0.9090909090909091
DRIAMS-A,Fusobacterium periodonticum,Clindamycin,1,0.0,0.0,11,0.9090909090909091
DRIAMS-A,Fusobacterium periodonticum,Metronidazole,1,0.0,0.0,11,0.9090909090909091
DRIAMS-A,Fusobacterium periodonticum,Moxifloxacin,1,0.0,0.0,11,0.9090909090909091
DRIAMS-A,Fusobacterium periodonticum,Penicillin,1,1.0,1.0,11,0.9090909090909091
DRIAMS-A,Fusobacterium sp[2],Metronidazole,1,0.0,0.0,12,0.9166666666666666
DRIAMS-A,Gardnerella vaginalis,Amoxicillin-Clavulanic acid,1,0.0,0.0,4447,0.9997751293006522
DRIAMS-A,Gardnerella vaginalis,Ampicillin-Amoxicillin,1,0.0,0.0,4447,0.9997751293006522
DRIAMS-A,Gardnerella vaginalis,Clindamycin,1,0.0,0.0,4447,0.9997751293006522
DRIAMS-A,Gardnerella vaginalis,Metronidazole,1,1.0,1.0,4447,0.9997751293006522
DRIAMS-A,Gemella morbillorum,Ceftriaxone,1,0.0,0.0,74,0.9864864864864865
DRIAMS-A,Gemella morbillorum,Ciprofloxacin,1,1.0,1.0,74,0.9864864864864865
DRIAMS-A,Gemella morbillorum,Clindamycin,1,0.0,0.0,74,0.9864864864864865
DRIAMS-A,Gemella morbillorum,Erythromycin,1,0.0,0.0,74,0.9864864864864865
DRIAMS-A,Gemella morbillorum,Meropenem,1,0.0,0.0,74,0.9864864864864865
DRIAMS-A,Gemella morbillorum,Penicillin,1,1.0,1.0,74,0.9864864864864865
DRIAMS-A,Gemella morbillorum,Rifampicin,1,0.0,0.0,74,0.9864864864864865
DRIAMS-A,Gemella morbillorum,Vancomycin,1,0.0,0.0,74,0.9864864864864865
DRIAMS-A,Gemella sanguinis,Ceftriaxone,1,0.0,0.0,23,0.9565217391304348
DRIAMS-A,Gemella sanguinis,Penicillin,1,0.0,0.0,23,0.9565217391304348
DRIAMS-A,Gemella sanguinis,Vancomycin,1,0.0,0.0,23,0.9565217391304348
DRIAMS-A,Granulicatella adiacens,Gentamicin,1,0.0,0.0,105,0.9904761904761905
DRIAMS-A,Granulicatella adiacens,Levofloxacin,1,0.0,0.0,105,0.9904761904761905
DRIAMS-A,Granulicatella adiacens,Rifampicin,1,0.0,0.0,105,0.9904761904761905
DRIAMS-A,Haemophilus influenzae,Azithromycin,1,1.0,1.0,779,0.9987163029525032
DRIAMS-A,Haemophilus influenzae,Clindamycin,1,1.0,1.0,779,0.9987163029525032
DRIAMS-A,Haemophilus influenzae,Erythromycin,1,1.0,1.0,779,0.9987163029525032
DRIAMS-A,Haemophilus influenzae,Piperacillin-Tazobactam,1,0.0,0.0,779,0.9987163029525032
DRIAMS-A,Haemophilus parainfluenzae,Piperacillin-Tazobactam,1,0.0,0.0,736,0.998641304347826
DRIAMS-A,Haemophilus sputorum,Cefuroxime,1,0.0,0.0,40,0.975
DRIAMS-A,Haemophilus sputorum,Penicillin,1,0.0,0.0,40,0.975
DRIAMS-A,Klebsiella oxytoca,Gentamicin,1,0.0,0.0,1088,0.9990808823529411
DRIAMS-A,Klebsiella pneumoniae,Aminoglycosides,1,0.0,0.0,3921,0.9997449630196379
DRIAMS-A,Klebsiella pneumoniae,Ceftobiprole,1,1.0,1.0,3921,0.9997449630196379
DRIAMS-A,Klebsiella pneumoniae,Chloramphenicol,1,0.0,0.0,3921,0.9997449630196379
DRIAMS-A,Klebsiella pneumoniae,Minocycline,1,1.0,1.0,3921,0.9997449630196379
DRIAMS-A,Klebsiella pneumoniae,Moxifloxacin,1,0.0,0.0,3921,0.9997449630196379
DRIAMS-A,Klebsiella pneumoniae,Quinolones,1,0.0,0.0,3921,0.9997449630196379
DRIAMS-A,Klebsiella variicola,Aminoglycosides,1,0.0,0.0,763,0.9986893840104849
DRIAMS-A,Klebsiella variicola,Chloramphenicol,1,0.0,0.0,763,0.9986893840104849
DRIAMS-A,Klebsiella variicola,Nitrofurantoin,1,0.0,0.0,763,0.9986893840104849
DRIAMS-A,Klebsiella variicola,Quinolones,1,0.0,0.0,763,0.9986893840104849
DRIAMS-A,Kluyvera ascorbata,Amikacin,1,0.0,0.0,20,0.95
DRIAMS-A,Kluyvera ascorbata,Amoxicillin-Clavulanic acid,1,0.0,0.0,20,0.95
DRIAMS-A,Kluyvera ascorbata,Ampicillin-Amoxicillin,1,1.0,1.0,20,0.95
DRIAMS-A,Kluyvera ascorbata,Cefpodoxime,1,0.0,0.0,20,0.95
DRIAMS-A,Kluyvera ascorbata,Ceftazidime,1,0.0,0.0,20,0.95
DRIAMS-A,Kluyvera ascorbata,Ceftriaxone,1,0.0,0.0,20,0.95
DRIAMS-A,Kluyvera ascorbata,Colistin,1,0.0,0.0,20,0.95
DRIAMS-A,Kluyvera ascorbata,Ertapenem,1,0.0,0.0,20,0.95
DRIAMS-A,Kluyvera ascorbata,Fosfomycin-Trometamol,1,0.0,0.0,20,0.95
DRIAMS-A,Kluyvera ascorbata,Imipenem,1,0.0,0.0,20,0.95
DRIAMS-A,Kluyvera ascorbata,Levofloxacin,1,0.0,0.0,20,0.95
DRIAMS-A,Kluyvera ascorbata,Norfloxacin,1,0.0,0.0,20,0.95
DRIAMS-A,Kluyvera ascorbata,Tobramycin,1,0.0,0.0,20,0.95
DRIAMS-A,Kosakonia cowanii,Amikacin,1,0.0,0.0,1,0.0
DRIAMS-A,Kosakonia cowanii,Amoxicillin-Clavulanic acid,1,1.0,1.0,1,0.0
DRIAMS-A,Kosakonia cowanii,Ampicillin-Amoxicillin,1,1.0,1.0,1,0.0
DRIAMS-A,Kosakonia cowanii,Cefepime,1,0.0,0.0,1,0.0
DRIAMS-A,Kosakonia cowanii,Ceftazidime,1,0.0,0.0,1,0.0
DRIAMS-A,Kosakonia cowanii,Ceftriaxone,1,0.0,0.0,1,0.0
DRIAMS-A,Kosakonia cowanii,Ciprofloxacin,1,0.0,0.0,1,0.0
DRIAMS-A,Kosakonia cowanii,Colistin,1,0.0,0.0,1,0.0
DRIAMS-A,Kosakonia cowanii,Cotrimoxazole,1,0.0,0.0,1,0.0
DRIAMS-A,Kosakonia cowanii,Ertapenem,1,0.0,0.0,1,0.0
DRIAMS-A,Kosakonia cowanii,Imipenem,1,0.0,0.0,1,0.0
DRIAMS-A,Kosakonia cowanii,Levofloxacin,1,0.0,0.0,1,0.0
DRIAMS-A,Kosakonia cowanii,Meropenem,1,0.0,0.0,1,0.0
DRIAMS-A,Kosakonia cowanii,Piperacillin-Tazobactam,1,0.0,0.0,1,0.0
DRIAMS-A,Kosakonia cowanii,Tobramycin,1,0.0,0.0,1,0.0
DRIAMS-A,Lactobacillus delbrueckii,Amoxicillin-Clavulanic acid,1,0.0,0.0,188,0.9946808510638298
DRIAMS-A,Lactobacillus delbrueckii,Ampicillin-Amoxicillin,1,0.0,0.0,188,0.9946808510638298
DRIAMS-A,Lactobacillus delbrueckii,Cotrimoxazole,1,1.0,1.0,188,0.9946808510638298
DRIAMS-A,Lactobacillus delbrueckii,Levofloxacin,1,1.0,1.0,188,0.9946808510638298
DRIAMS-A,Lactobacillus delbrueckii,Vancomycin,1,0.0,0.0,188,0.9946808510638298
DRIAMS-A,Lactobacillus gasseri,Penicillin,1,0.0,0.0,840,0.9988095238095238
DRIAMS-A,Lactobacillus gasseri,Vancomycin,1,0.0,0.0,840,0.9988095238095238
DRIAMS-A,Lactobacillus rhamnosus,Ertapenem,1,1.0,1.0,554,0.9981949458483754
DRIAMS-A,Lactobacillus salivarius,Penicillin,1,0.0,0.0,60,0.9833333333333333
DRIAMS-A,Lactobacillus salivarius,Vancomycin,1,0.0,0.0,60,0.9833333333333333
DRIAMS-A,Lactococcus lactis,Daptomycin,1,0.0,0.0,19,0.9473684210526316
DRIAMS-A,Lactococcus lactis,Levofloxacin,1,0.0,0.0,19,0.9473684210526316
DRIAMS-A,Leclercia adecarboxylata,Amikacin,1,0.0,0.0,23,0.9565217391304348
DRIAMS-A,Leclercia adecarboxylata,Ampicillin-Amoxicillin,1,0.0,0.0,23,0.9565217391304348
DRIAMS-A,Leclercia adecarboxylata,Ceftazidime,1,0.0,0.0,23,0.9565217391304348
DRIAMS-A,Leclercia adecarboxylata,Colistin,1,0.0,0.0,23,0.9565217391304348
DRIAMS-A,Leclercia adecarboxylata,Cotrimoxazole,1,0.0,0.0,23,0.9565217391304348
DRIAMS-A,Leclercia adecarboxylata,Imipenem,1,0.0,0.0,23,0.9565217391304348
DRIAMS-A,Leclercia adecarboxylata,Levofloxacin,1,0.0,0.0,23,0.9565217391304348
DRIAMS-A,Leclercia adecarboxylata,Meropenem,1,0.0,0.0,23,0.9565217391304348
DRIAMS-A,Leclercia adecarboxylata,Tobramycin,1,0.0,0.0,23,0.9565217391304348
DRIAMS-A,Listeria monocytogenes,Ciprofloxacin,1,1.0,1.0,7,0.8571428571428572
DRIAMS-A,Listeria monocytogenes,Erythromycin,1,0.0,0.0,7,0.8571428571428572
DRIAMS-A,MIX!Achromobacter denitrificans,Amoxicillin-Clavulanic acid,1,1.0,1.0,7,0.8571428571428572
DRIAMS-A,MIX!Achromobacter denitrificans,Moxifloxacin,1,1.0,1.0,7,0.8571428571428572
DRIAMS-A,MIX!Achromobacter spanius,Cefepime,1,1.0,1.0,9,0.8888888888888888
DRIAMS-A,MIX!Achromobacter spanius,Ciprofloxacin,1,0.0,0.0,9,0.8888888888888888
DRIAMS-A,MIX!Achromobacter spanius,Cotrimoxazole,1,0.0,0.0,9,0.8888888888888888
DRIAMS-A,MIX!Achromobacter spanius,Meropenem,1,0.0,0.0,9,0.8888888888888888
DRIAMS-A,MIX!Achromobacter spanius,Piperacillin-Tazobactam,1,0.0,0.0,9,0.8888888888888888
DRIAMS-A,MIX!Acinetobacter baumannii,Aztreonam,1,1.0,1.0,55,0.9818181818181818
DRIAMS-A,MIX!Acinetobacter baumannii,Ceftazidime-Avibactam,1,1.0,1.0,55,0.9818181818181818
DRIAMS-A,MIX!Acinetobacter baumannii,Rifampicin,1,1.0,1.0,55,0.9818181818181818
DRIAMS-A,MIX!Acinetobacter baylyi,Levofloxacin,1,0.0,0.0,6,0.8333333333333334
DRIAMS-A,MIX!Acinetobacter calcoaceticus,Ceftazidime,1,0.0,0.0,4,0.75
DRIAMS-A,MIX!Acinetobacter johnsonii,Cefepime,1,1.0,1.0,9,0.8888888888888888
DRIAMS-A,MIX!Acinetobacter johnsonii,Ceftazidime,1,0.0,0.0,9,0.8888888888888888
DRIAMS-A,MIX!Acinetobacter johnsonii,Piperacillin-Tazobactam,1,0.0,0.0,9,0.8888888888888888
DRIAMS-A,MIX!Acinetobacter junii,Amikacin,1,0.0,0.0,7,0.8571428571428572
DRIAMS-A,MIX!Acinetobacter junii,Ceftriaxone,1,0.0,0.0,7,0.8571428571428572
DRIAMS-A,MIX!Acinetobacter junii,Imipenem,1,0.0,0.0,7,0.8571428571428572
DRIAMS-A,MIX!Acinetobacter junii,Tobramycin,1,0.0,0.0,7,0.8571428571428572
DRIAMS-A,MIX!Acinetobacter lwoffii,Colistin,1,0.0,0.0,5,0.8
DRIAMS-A,MIX!Acinetobacter parvus,Aminoglycosides,1,0.0,0.0,1,0.0
DRIAMS-A,MIX!Acinetobacter parvus,Chloramphenicol,1,1.0,1.0,1,0.0
DRIAMS-A,MIX!Acinetobacter parvus,Quinolones,1,0.0,0.0,1,0.0
DRIAMS-A,MIX!Acinetobacter tjernbergiae,Colistin,1,0.0,0.0,5,0.8
DRIAMS-A,MIX!Aerococcus sanguinicola,Cotrimoxazole,1,1.0,1.0,2,0.5
DRIAMS-A,MIX!Aerococcus sanguinicola,Levofloxacin,1,1.0,1.0,2,0.5
DRIAMS-A,MIX!Aerococcus sanguinicola,Penicillin,1,0.0,0.0,2,0.5
DRIAMS-A,MIX!Aeromonas bestiarum,Cefepime,1,0.0,0.0,2,0.5
DRIAMS-A,MIX!Aeromonas bestiarum,Ceftazidime,1,0.0,0.0,2,0.5
DRIAMS-A,MIX!Aeromonas bestiarum,Ceftriaxone,1,0.0,0.0,2,0.5
DRIAMS-A,MIX!Aeromonas bestiarum,Ciprofloxacin,1,0.0,0.0,2,0.5
DRIAMS-A,MIX!Aeromonas bestiarum,Cotrimoxazole,1,0.0,0.0,2,0.5
DRIAMS-A,MIX!Aeromonas bestiarum,Piperacillin-Tazobactam,1,0.0,0.0,2,0.5
DRIAMS-A,MIX!Aeromonas eucrenophila,Cefepime,1,0.0,0.0,2,0.5
DRIAMS-A,MIX!Aeromonas eucrenophila,Ceftazidime,1,0.0,0.0,2,0.5
DRIAMS-A,MIX!Aeromonas eucrenophila,Ceftriaxone,1,0.0,0.0,2,0.5
DRIAMS-A,MIX!Aeromonas eucrenophila,Ciprofloxacin,1,0.0,0.0,2,0.5
DRIAMS-A,MIX!Aeromonas eucrenophila,Cotrimoxazole,1,0.0,0.0,2,0.5
DRIAMS-A,MIX!Aeromonas eucrenophila,Piperacillin-Tazobactam,1,0.0,0.0,2,0.5
DRIAMS-A,MIX!Aeromonas ichthiosmia,Amoxicillin-Clavulanic acid,1,1.0,1.0,3,0.6666666666666667
DRIAMS-A,MIX!Aeromonas ichthiosmia,Levofloxacin,1,0.0,0.0,3,0.6666666666666667
DRIAMS-A,MIX!Aeromonas media,Cefepime,1,0.0,0.0,3,0.6666666666666667
DRIAMS-A,MIX!Aeromonas media,Ceftazidime,1,0.0,0.0,3,0.6666666666666667
DRIAMS-A,MIX!Aeromonas media,Ceftriaxone,1,0.0,0.0,3,0.6666666666666667
DRIAMS-A,MIX!Aeromonas media,Ciprofloxacin,1,0.0,0.0,3,0.6666666666666667
DRIAMS-A,MIX!Aeromonas media,Cotrimoxazole,1,0.0,0.0,3,0.6666666666666667
DRIAMS-A,MIX!Aeromonas media,Piperacillin-Tazobactam,1,0.0,0.0,3,0.6666666666666667
DRIAMS-A,MIX!Aeromonas veronii,Ampicillin-Amoxicillin,1,1.0,1.0,18,0.9444444444444444
DRIAMS-A,MIX!Aeromonas veronii,Cefpodoxime,1,0.0,0.0,18,0.9444444444444444
DRIAMS-A,MIX!Aeromonas veronii,Fosfomycin-Trometamol,1,0.0,0.0,18,0.9444444444444444
DRIAMS-A,MIX!Aeromonas veronii,Imipenem,1,1.0,1.0,18,0.9444444444444444
DRIAMS-A,MIX!Aeromonas veronii,Meropenem,1,1.0,1.0,18,0.9444444444444444
DRIAMS-A,MIX!Aggregatibacter aphrophilus,Moxifloxacin,1,0.0,0.0,18,0.9444444444444444
DRIAMS-A,MIX!Arcobacter butzleri,Ciprofloxacin,1,0.0,0.0,1,0.0
DRIAMS-A,MIX!Arcobacter butzleri,Erythromycin,1,1.0,1.0,1,0.0
DRIAMS-A,MIX!Bacillus altitudinis,Clindamycin,1,1.0,1.0,1,0.0
DRIAMS-A,MIX!Bacillus altitudinis,Levofloxacin,1,0.0,0.0,1,0.0
DRIAMS-A,MIX!Bacillus altitudinis,Penicillin,1,0.0,0.0,1,0.0
DRIAMS-A,MIX!Bacillus altitudinis,Vancomycin,1,0.0,0.0,1,0.0
DRIAMS-A,MIX!Bacillus cereus,Quinolones,1,0.0,0.0,50,0.98
DRIAMS-A,MIX!Bacillus pumilus,Clindamycin,1,1.0,1.0,3,0.6666666666666667
DRIAMS-A,MIX!Bacillus pumilus,Levofloxacin,1,0.0,0.0,3,0.6666666666666667
DRIAMS-A,MIX!Bacillus pumilus,Penicillin,1,0.0,0.0,3,0.6666666666666667
DRIAMS-A,MIX!Bacillus pumilus,Vancomycin,1,0.0,0.0,3,0.6666666666666667
DRIAMS-A,MIX!Bacillus weihenstephanensis,Clindamycin,1,0.0,0.0,7,0.8571428571428572
DRIAMS-A,MIX!Bacillus weihenstephanensis,Levofloxacin,1,0.0,0.0,7,0.8571428571428572
DRIAMS-A,MIX!Bacillus weihenstephanensis,Penicillin,1,1.0,1.0,7,0.8571428571428572
DRIAMS-A,MIX!Bacillus weihenstephanensis,Vancomycin,1,0.0,0.0,7,0.8571428571428572
DRIAMS-A,MIX!Bacteroides vulgatus,Meropenem,1,0.0,0.0,11,0.9090909090909091
DRIAMS-A,MIX!Bacteroides vulgatus,Metronidazole,1,0.0,0.0,11,0.9090909090909091
DRIAMS-A,MIX!Bacteroides vulgatus,Moxifloxacin,1,1.0,1.0,11,0.9090909090909091
DRIAMS-A,MIX!Bacteroides vulgatus,Piperacillin-Tazobactam,1,0.0,0.0,11,0.9090909090909091
DRIAMS-A,MIX!Brevibacterium ravenspurgense,Ceftriaxone,1,0.0,0.0,4,0.75
DRIAMS-A,MIX!Brevibacterium ravenspurgense,Imipenem,1,0.0,0.0,4,0.75
DRIAMS-A,MIX!Brevibacterium ravenspurgense,Levofloxacin,1,1.0,1.0,4,0.75
DRIAMS-A,MIX!Brevibacterium ravenspurgense,Penicillin,1,0.0,0.0,4,0.75
DRIAMS-A,MIX!Brevibacterium ravenspurgense,Piperacillin-Tazobactam,1,0.0,0.0,4,0.75
DRIAMS-A,MIX!Brevibacterium ravenspurgense,Vancomycin,1,0.0,0.0,4,0.75
DRIAMS-A,MIX!Burkholderia ambifaria,Ceftazidime,1,0.0,0.0,1,0.0
DRIAMS-A,MIX!Burkholderia ambifaria,Cotrimoxazole,1,0.0,0.0,1,0.0
DRIAMS-A,MIX!Burkholderia ambifaria,Meropenem,1,0.0,0.0,1,0.0
DRIAMS-A,MIX!Burkholderia cepacia,Ceftazidime,1,0.0,0.0,1,0.0
DRIAMS-A,MIX!Burkholderia cepacia,Cotrimoxazole,1,0.0,0.0,1,0.0
DRIAMS-A,MIX!Burkholderia cepacia,Levofloxacin,1,0.0,0.0,1,0.0
DRIAMS-A,MIX!Burkholderia cepacia,Meropenem,1,0.0,0.0,1,0.0
DRIAMS-A,MIX!Burkholderia gladioli,Ciprofloxacin,1,0.0,0.0,1,0.0
DRIAMS-A,MIX!Burkholderia gladioli,Cotrimoxazole,1,0.0,0.0,1,0.0
DRIAMS-A,MIX!Burkholderia gladioli,Imipenem,1,0.0,0.0,1,0.0
DRIAMS-A,MIX!Burkholderia gladioli,Levofloxacin,1,0.0,0.0,1,0.0
DRIAMS-A,MIX!Burkholderia gladioli,Piperacillin-Tazobactam,1,0.0,0.0,1,0.0
DRIAMS-A,MIX!Campylobacter coli,Clindamycin,1,1.0,1.0,2,0.5
DRIAMS-A,MIX!Campylobacter coli,Tetracycline,1,1.0,1.0,2,0.5
DRIAMS-A,MIX!Candida dubliniensis,5-Fluorocytosine,1,0.0,0.0,5,0.8
DRIAMS-A,MIX!Candida dubliniensis,Anidulafungin,1,0.0,0.0,5,0.8
DRIAMS-A,MIX!Candida dubliniensis,Caspofungin,1,0.0,0.0,5,0.8
DRIAMS-A,MIX!Candida dubliniensis,Fluconazole,1,0.0,0.0,5,0.8
DRIAMS-A,MIX!Candida dubliniensis,Itraconazole,1,0.0,0.0,5,0.8
DRIAMS-A,MIX!Candida dubliniensis,Micafungin,1,0.0,0.0,5,0.8
DRIAMS-A,MIX!Candida dubliniensis,Voriconazole,1,0.0,0.0,5,0.8
DRIAMS-A,MIX!Candida tropicalis,5-Fluorocytosine,1,0.0,0.0,2,0.5
DRIAMS-A,MIX!Candida tropicalis,Amphotericin B,1,0.0,0.0,2,0.5
DRIAMS-A,MIX!Candida tropicalis,Caspofungin,1,0.0,0.0,2,0.5
DRIAMS-A,MIX!Candida tropicalis,Fluconazole,1,0.0,0.0,2,0.5
DRIAMS-A,MIX!Candida tropicalis,Micafungin,1,0.0,0.0,2,0.5
DRIAMS-A,MIX!Candida tropicalis,Posaconazole,1,1.0,1.0,2,0.5
DRIAMS-A,MIX!Candida tropicalis,Voriconazole,1,0.0,0.0,2,0.5
DRIAMS-A,MIX!Citrobacter koseri,Amikacin,1,0.0,0.0,2,0.5
DRIAMS-A,MIX!Citrobacter koseri,Amoxicillin-Clavulanic acid,1,0.0,0.0,2,0.5
DRIAMS-A,MIX!Citrobacter koseri,Ampicillin-Amoxicillin,1,1.0,1.0,2,0.5
DRIAMS-A,MIX!Citrobacter koseri,Cefepime,1,0.0,0.0,2,0.5
DRIAMS-A,MIX!Citrobacter koseri,Cefpodoxime,1,1.0,1.0,2,0.5
DRIAMS-A,MIX!Citrobacter koseri,Ceftazidime,1,0.0,0.0,2,0.5
DRIAMS-A,MIX!Citrobacter koseri,Ceftriaxone,1,0.0,0.0,2,0.5
DRIAMS-A,MIX!Citrobacter koseri,Ciprofloxacin,1,0.0,0.0,2,0.5
DRIAMS-A,MIX!Citrobacter koseri,Colistin,1,0.0,0.0,2,0.5
DRIAMS-A,MIX!Citrobacter koseri,Cotrimoxazole,1,0.0,0.0,2,0.5
DRIAMS-A,MIX!Citrobacter koseri,Ertapenem,1,0.0,0.0,2,0.5
DRIAMS-A,MIX!Citrobacter koseri,Fosfomycin-Trometamol,1,0.0,0.0,2,0.5
DRIAMS-A,MIX!Citrobacter koseri,Imipenem,1,0.0,0.0,2,0.5
DRIAMS-A,MIX!Citrobacter koseri,Levofloxacin,1,0.0,0.0,2,0.5
DRIAMS-A,MIX!Citrobacter koseri,Meropenem,1,0.0,0.0,2,0.5
DRIAMS-A,MIX!Citrobacter koseri,Norfloxacin,1,0.0,0.0,2,0.5
DRIAMS-A,MIX!Citrobacter koseri,Piperacillin-Tazobactam,1,0.0,0.0,2,0.5
DRIAMS-A,MIX!Citrobacter koseri,Tobramycin,1,0.0,0.0,2,0.5
DRIAMS-A,MIX!Citrobacter sedlakii,Amikacin,1,0.0,0.0,1,0.0
DRIAMS-A,MIX!Citrobacter sedlakii,Amoxicillin-Clavulanic acid,1,0.0,0.0,1,0.0
DRIAMS-A,MIX!Citrobacter sedlakii,Ampicillin-Amoxicillin,1,1.0,1.0,1,0.0
DRIAMS-A,MIX!Citrobacter sedlakii,Cefepime,1,0.0,0.0,1,0.0
DRIAMS-A,MIX!Citrobacter sedlakii,Cefpodoxime,1,1.0,1.0,1,0.0
DRIAMS-A,MIX!Citrobacter sedlakii,Ceftazidime,1,0.0,0.0,1,0.0
DRIAMS-A,MIX!Citrobacter sedlakii,Ceftriaxone,1,0.0,0.0,1,0.0
DRIAMS-A,MIX!Citrobacter sedlakii,Ciprofloxacin,1,0.0,0.0,1,0.0
DRIAMS-A,MIX!Citrobacter sedlakii,Colistin,1,0.0,0.0,1,0.0
DRIAMS-A,MIX!Citrobacter sedlakii,Cotrimoxazole,1,0.0,0.0,1,0.0
DRIAMS-A,MIX!Citrobacter sedlakii,Ertapenem,1,0.0,0.0,1,0.0
DRIAMS-A,MIX!Citrobacter sedlakii,Fosfomycin-Trometamol,1,0.0,0.0,1,0.0
DRIAMS-A,MIX!Citrobacter sedlakii,Imipenem,1,0.0,0.0,1,0.0
DRIAMS-A,MIX!Citrobacter sedlakii,Levofloxacin,1,0.0,0.0,1,0.0
DRIAMS-A,MIX!Citrobacter sedlakii,Meropenem,1,0.0,0.0,1,0.0
DRIAMS-A,MIX!Citrobacter sedlakii,Norfloxacin,1,0.0,0.0,1,0.0
DRIAMS-A,MIX!Citrobacter sedlakii,Piperacillin-Tazobactam,1,0.0,0.0,1,0.0
DRIAMS-A,MIX!Citrobacter sedlakii,Tobramycin,1,0.0,0.0,1,0.0
DRIAMS-A,MIX!Clostridium glycolicum,Metronidazole,1,0.0,0.0,1,0.0
DRIAMS-A,MIX!Clostridium glycolicum,Penicillin,1,0.0,0.0,1,0.0
DRIAMS-A,MIX!Clostridium glycolicum,Vancomycin,1,0.0,0.0,1,0.0
DRIAMS-A,MIX!Corynebacterium aurimucosum,Clindamycin,1,1.0,1.0,58,0.9827586206896551
DRIAMS-A,MIX!Corynebacterium aurimucosum,Cotrimoxazole,1,1.0,1.0,58,0.9827586206896551
DRIAMS-A,MIX!Corynebacterium aurimucosum,Daptomycin,1,0.0,0.0,58,0.9827586206896551
DRIAMS-A,MIX!Corynebacterium aurimucosum,Doxycycline,1,0.0,0.0,58,0.9827586206896551
DRIAMS-A,MIX!Corynebacterium aurimucosum,Levofloxacin,1,1.0,1.0,58,0.9827586206896551
DRIAMS-A,MIX!Corynebacterium aurimucosum,Piperacillin-Tazobactam,1,1.0,1.0,58,0.9827586206896551
DRIAMS-A,MIX!Corynebacterium aurimucosum,Tetracycline,1,1.0,1.0,58,0.9827586206896551
DRIAMS-A,MIX!Corynebacterium macginleyi,Aminoglycosides,1,1.0,1.0,2,0.5
DRIAMS-A,MIX!Corynebacterium macginleyi,Chloramphenicol,1,0.0,0.0,2,0.5
DRIAMS-A,MIX!Corynebacterium macginleyi,Quinolones,1,0.0,0.0,2,0.5
DRIAMS-A,MIX!Corynebacterium striatum,Ceftriaxone,1,1.0,1.0,4,0.75
DRIAMS-A,MIX!Corynebacterium striatum,Ciprofloxacin,1,1.0,1.0,4,0.75
DRIAMS-A,MIX!Corynebacterium striatum,Erythromycin,1,1.0,1.0,4,0.75
DRIAMS-A,MIX!Corynebacterium striatum,Gentamicin,1,1.0,1.0,4,0.75
DRIAMS-A,MIX!Corynebacterium striatum,Meropenem,1,1.0,1.0,4,0.75
DRIAMS-A,MIX!Corynebacterium striatum,Penicillin,1,1.0,1.0,4,0.75
DRIAMS-A,MIX!Corynebacterium striatum,Vancomycin,1,0.0,0.0,4,0.75
DRIAMS-A,MIX!Corynebacterium tuberculostearicum,Erythromycin,1,1.0,1.0,27,0.962962962962963
DRIAMS-A,MIX!Corynebacterium tuberculostearicum,Gentamicin,1,0.0,0.0,27,0.962962962962963
DRIAMS-A,MIX!Corynebacterium tuberculostearicum,Imipenem,1,0.0,0.0,27,0.962962962962963
DRIAMS-A,MIX!Corynebacterium tuberculostearicum,Meropenem,1,0.0,0.0,27,0.962962962962963
DRIAMS-A,MIX!Corynebacterium ulcerans,Amoxicillin-Clavulanic acid,1,0.0,0.0,1,0.0
DRIAMS-A,MIX!Corynebacterium ulcerans,Ceftriaxone,1,0.0,0.0,1,0.0
DRIAMS-A,MIX!Corynebacterium ulcerans,Ciprofloxacin,1,0.0,0.0,1,0.0
DRIAMS-A,MIX!Corynebacterium ulcerans,Clindamycin,1,0.0,0.0,1,0.0
DRIAMS-A,MIX!Corynebacterium ulcerans,Erythromycin,1,0.0,0.0,1,0.0
DRIAMS-A,MIX!Corynebacterium ulcerans,Gentamicin,1,0.0,0.0,1,0.0
DRIAMS-A,MIX!Corynebacterium ulcerans,Meropenem,1,0.0,0.0,1,0.0
DRIAMS-A,MIX!Corynebacterium ulcerans,Penicillin,1,1.0,1.0,1,0.0
DRIAMS-A,MIX!Corynebacterium ulcerans,Rifampicin,1,0.0,0.0,1,0.0
DRIAMS-A,MIX!Corynebacterium ulcerans,Vancomycin,1,0.0,0.0,1,0.0
DRIAMS-A,MIX!Delftia acidovorans,Cefepime,1,1.0,1.0,2,0.5
DRIAMS-A,MIX!Delftia acidovorans,Ciprofloxacin,1,0.0,0.0,2,0.5
DRIAMS-A,MIX!Delftia acidovorans,Cotrimoxazole,1,0.0,0.0,2,0.5
DRIAMS-A,MIX!Delftia acidovorans,Meropenem,1,0.0,0.0,2,0.5
DRIAMS-A,MIX!Delftia acidovorans,Piperacillin-Tazobactam,1,0.0,0.0,2,0.5
DRIAMS-A,MIX!Enterobacter aerogenes,Amikacin,1,0.0,0.0,13,0.9230769230769231
DRIAMS-A,MIX!Enterobacter aerogenes,Amoxicillin-Clavulanic acid,1,1.0,1.0,13,0.9230769230769231
DRIAMS-A,MIX!Enterobacter aerogenes,Ampicillin-Amoxicillin,1,1.0,1.0,13,0.9230769230769231
DRIAMS-A,MIX!Enterobacter aerogenes,Cefepime,1,0.0,0.0,13,0.9230769230769231
DRIAMS-A,MIX!Enterobacter aerogenes,Cefpodoxime,1,1.0,1.0,13,0.9230769230769231
DRIAMS-A,MIX!Enterobacter aerogenes,Ceftazidime,1,1.0,1.0,13,0.9230769230769231
DRIAMS-A,MIX!Enterobacter aerogenes,Ceftriaxone,1,1.0,1.0,13,0.9230769230769231
DRIAMS-A,MIX!Enterobacter aerogenes,Ciprofloxacin,1,0.0,0.0,13,0.9230769230769231
DRIAMS-A,MIX!Enterobacter aerogenes,Colistin,1,0.0,0.0,13,0.9230769230769231
DRIAMS-A,MIX!Enterobacter aerogenes,Cotrimoxazole,1,0.0,0.0,13,0.9230769230769231
DRIAMS-A,MIX!Enterobacter aerogenes,Ertapenem,1,1.0,1.0,13,0.9230769230769231
DRIAMS-A,MIX!Enterobacter aerogenes,Fosfomycin-Trometamol,1,1.0,1.0,13,0.9230769230769231
DRIAMS-A,MIX!Enterobacter aerogenes,Imipenem,1,1.0,1.0,13,0.9230769230769231
DRIAMS-A,MIX!Enterobacter aerogenes,Levofloxacin,1,0.0,0.0,13,0.9230769230769231
DRIAMS-A,MIX!Enterobacter aerogenes,Meropenem,1,1.0,1.0,13,0.9230769230769231
DRIAMS-A,MIX!Enterobacter aerogenes,Norfloxacin,1,0.0,0.0,13,0.9230769230769231
DRIAMS-A,MIX!Enterobacter aerogenes,Piperacillin-Tazobactam,1,1.0,1.0,13,0.9230769230769231
DRIAMS-A,MIX!Enterobacter aerogenes,Tobramycin,1,0.0,0.0,13,0.9230769230769231
DRIAMS-A,MIX!Enterobacter cloacae,Aminoglycosides,1,0.0,0.0,162,0.9938271604938271
DRIAMS-A,MIX!Enterobacter cloacae,Chloramphenicol,1,0.0,0.0,162,0.9938271604938271
DRIAMS-A,MIX!Enterobacter cloacae,Quinolones,1,0.0,0.0,162,0.9938271604938271
DRIAMS-A,MIX!Enterobacter ludwigii,Cefpodoxime,1,1.0,1.0,10,0.9
DRIAMS-A,MIX!Enterobacter ludwigii,Fosfomycin-Trometamol,1,1.0,1.0,10,0.9
DRIAMS-A,MIX!Enterobacter ludwigii,Norfloxacin,1,0.0,0.0,10,0.9
DRIAMS-A,MIX!Enterococcus avium,Tigecycline,1,0.0,0.0,5,0.8
DRIAMS-A,MIX!Enterococcus faecalis,Amoxicillin,1,0.0,0.0,126,0.9920634920634921
DRIAMS-A,MIX!Enterococcus faecalis,Daptomycin,1,0.0,0.0,126,0.9920634920634921
DRIAMS-A,MIX!Enterococcus faecalis,Fosfomycin,1,0.0,0.0,126,0.9920634920634921
DRIAMS-A,MIX!Enterococcus faecalis,Gentamicin_high_level,1,0.0,0.0,126,0.9920634920634921
DRIAMS-A,MIX!Enterococcus faecium,Amoxicillin,1,1.0,1.0,49,0.9795918367346939
DRIAMS-A,MIX!Enterococcus faecium,Cotrimoxazole,1,0.0,0.0,49,0.9795918367346939
DRIAMS-A,MIX!Enterococcus gallinarum,Ampicillin-Amoxicillin,1,0.0,0.0,2,0.5
DRIAMS-A,MIX!Enterococcus gallinarum,Imipenem,1,0.0,0.0,2,0.5
DRIAMS-A,MIX!Enterococcus gallinarum,Levofloxacin,1,0.0,0.0,2,0.5
DRIAMS-A,MIX!Enterococcus gallinarum,Linezolid,1,0.0,0.0,2,0.5
DRIAMS-A,MIX!Enterococcus gallinarum,Teicoplanin,1,0.0,0.0,2,0.5
DRIAMS-A,MIX!Enterococcus gallinarum,Tigecycline,1,0.0,0.0,2,0.5
DRIAMS-A,MIX!Enterococcus gallinarum,Vancomycin,1,1.0,1.0,2,0.5
DRIAMS-A,MIX!Enterococcus hirae,Amoxicillin,1,0.0,0.0,2,0.5
DRIAMS-A,MIX!Enterococcus hirae,Gentamicin_high_level,1,0.0,0.0,2,0.5
DRIAMS-A,MIX!Enterococcus hirae,Imipenem,1,0.0,0.0,2,0.5
DRIAMS-A,MIX!Enterococcus hirae,Vancomycin,1,0.0,0.0,2,0.5
DRIAMS-A,MIX!Enterococcus mundtii,Ampicillin-Amoxicillin,1,0.0,0.0,2,0.5
DRIAMS-A,MIX!Enterococcus mundtii,Imipenem,1,0.0,0.0,2,0.5
DRIAMS-A,MIX!Enterococcus mundtii,Levofloxacin,1,0.0,0.0,2,0.5
DRIAMS-A,MIX!Enterococcus mundtii,Linezolid,1,0.0,0.0,2,0.5
DRIAMS-A,MIX!Enterococcus mundtii,Teicoplanin,1,0.0,0.0,2,0.5
DRIAMS-A,MIX!Enterococcus mundtii,Tigecycline,1,0.0,0.0,2,0.5
DRIAMS-A,MIX!Enterococcus mundtii,Vancomycin,1,0.0,0.0,2,0.5
DRIAMS-A,MIX!Finegoldia magna,Amoxicillin,1,0.0,0.0,22,0.9545454545454546
DRIAMS-A,MIX!Finegoldia magna,Amoxicillin-Clavulanic acid,1,0.0,0.0,22,0.9545454545454546
DRIAMS-A,MIX!Finegoldia magna,Ceftriaxone,1,0.0,0.0,22,0.9545454545454546
DRIAMS-A,MIX!Finegoldia magna,Ciprofloxacin,1,1.0,1.0,22,0.9545454545454546
DRIAMS-A,MIX!Finegoldia magna,Daptomycin,1,1.0,1.0,22,0.9545454545454546
DRIAMS-A,MIX!Finegoldia magna,Doxycycline,1,0.0,0.0,22,0.9545454545454546
DRIAMS-A,MIX!Finegoldia magna,Erythromycin,1,0.0,0.0,22,0.9545454545454546
DRIAMS-A,MIX!Finegoldia magna,Linezolid,1,0.0,0.0,22,0.9545454545454546
DRIAMS-A,MIX!Finegoldia magna,Metronidazole,1,0.0,0.0,22,0.9545454545454546
DRIAMS-A,MIX!Finegoldia magna,Moxifloxacin,1,1.0,1.0,22,0.9545454545454546
DRIAMS-A,MIX!Finegoldia magna,Penicillin,1,0.0,0.0,22,0.9545454545454546
DRIAMS-A,MIX!Finegoldia magna,Vancomycin,1,0.0,0.0,22,0.9545454545454546
DRIAMS-A,MIX!Fusobacterium nucleatum,Ceftriaxone,1,0.0,0.0,52,0.9807692307692307
DRIAMS-A,MIX!Fusobacterium nucleatum,Meropenem,1,0.0,0.0,52,0.9807692307692307
DRIAMS-A,MIX!Fusobacterium nucleatum,Moxifloxacin,1,0.0,0.0,52,0.9807692307692307
DRIAMS-A,MIX!Fusobacterium nucleatum,Penicillin,1,0.0,0.0,52,0.9807692307692307
DRIAMS-A,MIX!Fusobacterium periodonticum,Ceftriaxone,1,0.0,0.0,5,0.8
DRIAMS-A,MIX!Fusobacterium periodonticum,Clindamycin,1,0.0,0.0,5,0.8
DRIAMS-A,MIX!Fusobacterium periodonticum,Metronidazole,1,0.0,0.0,5,0.8
DRIAMS-A,MIX!Fusobacterium periodonticum,Moxifloxacin,1,0.0,0.0,5,0.8
DRIAMS-A,MIX!Fusobacterium periodonticum,Penicillin,1,1.0,1.0,5,0.8
DRIAMS-A,MIX!Fusobacterium sp,Ceftriaxone,1,0.0,0.0,9,0.8888888888888888
DRIAMS-A,MIX!Fusobacterium sp,Clindamycin,1,0.0,0.0,9,0.8888888888888888
DRIAMS-A,MIX!Fusobacterium sp,Levofloxacin,1,0.0,0.0,9,0.8888888888888888
DRIAMS-A,MIX!Fusobacterium sp,Moxifloxacin,1,0.0,0.0,9,0.8888888888888888
DRIAMS-A,MIX!Fusobacterium sp,Penicillin,1,0.0,0.0,9,0.8888888888888888
DRIAMS-A,MIX!Haemophilus influenzae,Ampicillin-Amoxicillin,1,1.0,1.0,135,0.9925925925925926
DRIAMS-A,MIX!Haemophilus influenzae,Clindamycin,1,1.0,1.0,135,0.9925925925925926
DRIAMS-A,MIX!Haemophilus influenzae,Piperacillin-Tazobactam,1,0.0,0.0,135,0.9925925925925926
DRIAMS-A,MIX!Haemophilus parainfluenzae,Chloramphenicol,1,1.0,1.0,276,0.9963768115942029
DRIAMS-A,MIX!Haemophilus parainfluenzae,Clindamycin,1,1.0,1.0,276,0.9963768115942029
DRIAMS-A,MIX!Haemophilus parainfluenzae,Quinolones,1,1.0,1.0,276,0.9963768115942029
DRIAMS-A,MIX!Haemophilus pittmaniae,Cotrimoxazole,1,1.0,1.0,12,0.9166666666666666
DRIAMS-A,MIX!Helcococcus kunzii,Levofloxacin,1,0.0,0.0,2,0.5
DRIAMS-A,MIX!Helcococcus kunzii,Penicillin,1,0.0,0.0,2,0.5
DRIAMS-A,MIX!Helcococcus kunzii,Vancomycin,1,0.0,0.0,2,0.5
DRIAMS-A,MIX!Klebsiella pneumoniae,Ceftazidime-Avibactam,1,0.0,0.0,162,0.9938271604938271
DRIAMS-A,MIX!Klebsiella pneumoniae,Ceftobiprole,1,1.0,1.0,162,0.9938271604938271
DRIAMS-A,MIX!Klebsiella pneumoniae,Ceftolozane-Tazobactam,1,1.0,1.0,162,0.9938271604938271
DRIAMS-A,MIX!Klebsiella pneumoniae,Fosfomycin,1,1.0,1.0,162,0.9938271604938271
DRIAMS-A,MIX!Klebsiella pneumoniae,Tigecycline,1,0.0,0.0,162,0.9938271604938271
DRIAMS-A,MIX!Klebsiella variicola,Cefpodoxime,1,0.0,0.0,10,0.9
DRIAMS-A,MIX!Klebsiella variicola,Fosfomycin-Trometamol,1,1.0,1.0,10,0.9
DRIAMS-A,MIX!Klebsiella variicola,Norfloxacin,1,0.0,0.0,10,0.9
DRIAMS-A,MIX!Lactobacillus paracasei,Amoxicillin,1,0.0,0.0,40,0.975
DRIAMS-A,MIX!Lactobacillus paracasei,Amoxicillin-Clavulanic acid,1,0.0,0.0,40,0.975
DRIAMS-A,MIX!Lactobacillus paracasei,Clindamycin,1,0.0,0.0,40,0.975
DRIAMS-A,MIX!Lactobacillus paracasei,Moxifloxacin,1,0.0,0.0,40,0.975
DRIAMS-A,MIX!Lactobacillus rhamnosus,Ceftriaxone,1,1.0,1.0,60,0.9833333333333333
DRIAMS-A,MIX!Morganella morganii,Cefpodoxime,1,1.0,1.0,9,0.8888888888888888
DRIAMS-A,MIX!Morganella morganii,Fosfomycin-Trometamol,1,1.0,1.0,9,0.8888888888888888
DRIAMS-A,MIX!Morganella morganii,Norfloxacin,1,0.0,0.0,9,0.8888888888888888
DRIAMS-A,MIX!Neisseria meningitidis,Ceftriaxone,1,0.0,0.0,20,0.95
DRIAMS-A,MIX!Neisseria meningitidis,Ciprofloxacin,1,0.0,0.0,20,0.95
DRIAMS-A,MIX!Neisseria meningitidis,Penicillin,1,0.0,0.0,20,0.95
DRIAMS-A,MIX!Neisseria meningitidis,Rifampicin,1,0.0,0.0,20,0.95
DRIAMS-A,MIX!Paenibacillus jamilae,Clindamycin,1,1.0,1.0,1,0.0
DRIAMS-A,MIX!Paenibacillus jamilae,Levofloxacin,1,0.0,0.0,1,0.0
DRIAMS-A,MIX!Paenibacillus jamilae,Penicillin,1,1.0,1.0,1,0.0
DRIAMS-A,MIX!Paenibacillus jamilae,Vancomycin,1,0.0,0.0,1,0.0
DRIAMS-A,MIX!Pandoraea pnomenusa,Cefepime,1,0.0,0.0,1,0.0
DRIAMS-A,MIX!Pandoraea pnomenusa,Ciprofloxacin,1,0.0,0.0,1,0.0
DRIAMS-A,MIX!Pandoraea pnomenusa,Colistin,1,1.0,1.0,1,0.0
DRIAMS-A,MIX!Pandoraea pnomenusa,Cotrimoxazole,1,0.0,0.0,1,0.0
DRIAMS-A,MIX!Pandoraea pnomenusa,Levofloxacin,1,0.0,0.0,1,0.0
DRIAMS-A,MIX!Pandoraea pnomenusa,Meropenem,1,1.0,1.0,1,0.0
DRIAMS-A,MIX!Pandoraea pnomenusa,Piperacillin-Tazobactam,1,0.0,0.0,1,0.0
DRIAMS-A,MIX!Parvimonas micra,Amoxicillin-Clavulanic acid,1,0.0,0.0,10,0.9
DRIAMS-A,MIX!Parvimonas micra,Clindamycin,1,0.0,0.0,10,0.9
DRIAMS-A,MIX!Parvimonas micra,Erythromycin,1,0.0,0.0,10,0.9
DRIAMS-A,MIX!Parvimonas micra,Metronidazole,1,0.0,0.0,10,0.9
DRIAMS-A,MIX!Parvimonas micra,Moxifloxacin,1,0.0,0.0,10,0.9
DRIAMS-A,MIX!Pasteurella bettyae,Cotrimoxazole,1,0.0,0.0,7,0.8571428571428572
DRIAMS-A,MIX!Pasteurella dagmatis,Amoxicillin,1,0.0,0.0,1,0.0
DRIAMS-A,MIX!Pasteurella dagmatis,Ceftriaxone,1,0.0,0.0,1,0.0
DRIAMS-A,MIX!Pasteurella dagmatis,Cotrimoxazole,1,0.0,0.0,1,0.0
DRIAMS-A,MIX!Pasteurella dagmatis,Levofloxacin,1,0.0,0.0,1,0.0
DRIAMS-A,MIX!Pasteurella multocida,Ampicillin-Amoxicillin,1,0.0,0.0,13,0.9230769230769231
DRIAMS-A,MIX!Peptoniphilus harei,Clindamycin,1,1.0,1.0,12,0.9166666666666666
DRIAMS-A,MIX!Peptoniphilus harei,Levofloxacin,1,1.0,1.0,12,0.9166666666666666
DRIAMS-A,MIX!Peptoniphilus harei,Moxifloxacin,1,0.0,0.0,12,0.9166666666666666
DRIAMS-A,MIX!Peptoniphilus harei,Penicillin,1,0.0,0.0,12,0.9166666666666666
DRIAMS-A,MIX!Prevotella melaninogenica,Moxifloxacin,1,0.0,0.0,29,0.9655172413793104
DRIAMS-A,MIX!Proteus vulgaris,Amikacin,1,0.0,0.0,4,0.75
DRIAMS-A,MIX!Proteus vulgaris,Amoxicillin-Clavulanic acid,1,1.0,1.0,4,0.75
DRIAMS-A,MIX!Proteus vulgaris,Ampicillin-Amoxicillin,1,1.0,1.0,4,0.75
DRIAMS-A,MIX!Proteus vulgaris,Cefepime,1,0.0,0.0,4,0.75
DRIAMS-A,MIX!Proteus vulgaris,Ceftazidime,1,1.0,1.0,4,0.75
DRIAMS-A,MIX!Proteus vulgaris,Ceftriaxone,1,1.0,1.0,4,0.75
DRIAMS-A,MIX!Proteus vulgaris,Ciprofloxacin,1,0.0,0.0,4,0.75
DRIAMS-A,MIX!Proteus vulgaris,Colistin,1,1.0,1.0,4,0.75
DRIAMS-A,MIX!Proteus vulgaris,Cotrimoxazole,1,0.0,0.0,4,0.75
DRIAMS-A,MIX!Proteus vulgaris,Ertapenem,1,0.0,0.0,4,0.75
DRIAMS-A,MIX!Proteus vulgaris,Imipenem,1,1.0,1.0,4,0.75
DRIAMS-A,MIX!Proteus vulgaris,Levofloxacin,1,0.0,0.0,4,0.75
DRIAMS-A,MIX!Proteus vulgaris,Meropenem,1,0.0,0.0,4,0.75
DRIAMS-A,MIX!Proteus vulgaris,Piperacillin-Tazobactam,1,0.0,0.0,4,0.75
DRIAMS-A,MIX!Proteus vulgaris,Tobramycin,1,0.0,0.0,4,0.75
DRIAMS-A,MIX!Pseudomonas aeruginosa,Aminoglycosides,1,0.0,0.0,56,0.9821428571428571
DRIAMS-A,MIX!Pseudomonas aeruginosa,Chloramphenicol,1,1.0,1.0,56,0.9821428571428571
DRIAMS-A,MIX!Pseudomonas aeruginosa,Quinolones,1,0.0,0.0,56,0.9821428571428571
DRIAMS-A,MIX!Pseudomonas citronellolis,Cefepime,1,0.0,0.0,5,0.8
DRIAMS-A,MIX!Pseudomonas citronellolis,Ciprofloxacin,1,0.0,0.0,5,0.8
DRIAMS-A,MIX!Pseudomonas citronellolis,Colistin,1,0.0,0.0,5,0.8
DRIAMS-A,MIX!Pseudomonas citronellolis,Meropenem,1,0.0,0.0,5,0.8
DRIAMS-A,MIX!Pseudomonas citronellolis,Piperacillin-Tazobactam,1,0.0,0.0,5,0.8
DRIAMS-A,MIX!Pseudomonas citronellolis,Tobramycin,1,0.0,0.0,5,0.8
DRIAMS-A,MIX!Pseudomonas mosselii,Amikacin,1,0.0,0.0,6,0.8333333333333334
DRIAMS-A,MIX!Pseudomonas mosselii,Ceftazidime,1,0.0,0.0,6,0.8333333333333334
DRIAMS-A,MIX!Pseudomonas mosselii,Imipenem,1,0.0,0.0,6,0.8333333333333334
DRIAMS-A,MIX!Pseudomonas mosselii,Levofloxacin,1,0.0,0.0,6,0.8333333333333334
DRIAMS-A,MIX!Pseudomonas nitroreducens,Amikacin,1,0.0,0.0,1,0.0
DRIAMS-A,MIX!Pseudomonas nitroreducens,Cefepime,1,0.0,0.0,1,0.0
DRIAMS-A,MIX!Pseudomonas nitroreducens,Ceftazidime,1,0.0,0.0,1,0.0
DRIAMS-A,MIX!Pseudomonas nitroreducens,Ciprofloxacin,1,0.0,0.0,1,0.0
DRIAMS-A,MIX!Pseudomonas nitroreducens,Colistin,1,0.0,0.0,1,0.0
DRIAMS-A,MIX!Pseudomonas nitroreducens,Imipenem,1,1.0,1.0,1,0.0
DRIAMS-A,MIX!Pseudomonas nitroreducens,Levofloxacin,1,0.0,0.0,1,0.0
DRIAMS-A,MIX!Pseudomonas nitroreducens,Meropenem,1,1.0,1.0,1,0.0
DRIAMS-A,MIX!Pseudomonas nitroreducens,Piperacillin-Tazobactam,1,0.0,0.0,1,0.0
DRIAMS-A,MIX!Pseudomonas nitroreducens,Tobramycin,1,0.0,0.0,1,0.0
DRIAMS-A,MIX!Pseudomonas plecoglossicida,Amikacin,1,0.0,0.0,1,0.0
DRIAMS-A,MIX!Pseudomonas plecoglossicida,Cefepime,1,0.0,0.0,1,0.0
DRIAMS-A,MIX!Pseudomonas plecoglossicida,Ceftazidime,1,0.0,0.0,1,0.0
DRIAMS-A,MIX!Pseudomonas plecoglossicida,Ciprofloxacin,1,0.0,0.0,1,0.0
DRIAMS-A,MIX!Pseudomonas plecoglossicida,Colistin,1,0.0,0.0,1,0.0
DRIAMS-A,MIX!Pseudomonas plecoglossicida,Imipenem,1,0.0,0.0,1,0.0
DRIAMS-A,MIX!Pseudomonas plecoglossicida,Levofloxacin,1,0.0,0.0,1,0.0
DRIAMS-A,MIX!Pseudomonas plecoglossicida,Meropenem,1,0.0,0.0,1,0.0
DRIAMS-A,MIX!Pseudomonas plecoglossicida,Piperacillin-Tazobactam,1,1.0,1.0,1,0.0
DRIAMS-A,MIX!Pseudomonas plecoglossicida,Tobramycin,1,0.0,0.0,1,0.0
DRIAMS-A,MIX!Pseudomonas putida,Cefepime,1,0.0,0.0,2,0.5
DRIAMS-A,MIX!Pseudomonas putida,Ciprofloxacin,1,0.0,0.0,2,0.5
DRIAMS-A,MIX!Pseudomonas putida,Colistin,1,0.0,0.0,2,0.5
DRIAMS-A,MIX!Pseudomonas putida,Meropenem,1,0.0,0.0,2,0.5
DRIAMS-A,MIX!Pseudomonas putida,Piperacillin-Tazobactam,1,0.0,0.0,2,0.5
DRIAMS-A,MIX!Pseudomonas putida,Tobramycin,1,0.0,0.0,2,0.5
DRIAMS-A,MIX!Pseudomonas putida_Group,Amikacin,1,0.0,0.0,2,0.5
DRIAMS-A,MIX!Pseudomonas putida_Group,Cefepime,1,0.0,0.0,2,0.5
DRIAMS-A,MIX!Pseudomonas putida_Group,Ceftazidime,1,0.0,0.0,2,0.5
DRIAMS-A,MIX!Pseudomonas putida_Group,Ciprofloxacin,1,0.0,0.0,2,0.5
DRIAMS-A,MIX!Pseudomonas putida_Group,Colistin,1,0.0,0.0,2,0.5
DRIAMS-A,MIX!Pseudomonas putida_Group,Imipenem,1,0.0,0.0,2,0.5
DRIAMS-A,MIX!Pseudomonas putida_Group,Levofloxacin,1,0.0,0.0,2,0.5
DRIAMS-A,MIX!Pseudomonas putida_Group,Meropenem,1,1.0,1.0,2,0.5
DRIAMS-A,MIX!Pseudomonas putida_Group,Piperacillin-Tazobactam,1,0.0,0.0,2,0.5
DRIAMS-A,MIX!Pseudomonas putida_Group,Tobramycin,1,0.0,0.0,2,0.5
DRIAMS-A,MIX!Pseudomonas sp,Aztreonam,1,1.0,1.0,1,0.0
DRIAMS-A,MIX!Pseudomonas sp,Cefepime,1,0.0,0.0,1,0.0
DRIAMS-A,MIX!Pseudomonas sp,Ciprofloxacin,1,0.0,0.0,1,0.0
DRIAMS-A,MIX!Pseudomonas sp,Colistin,1,0.0,0.0,1,0.0
DRIAMS-A,MIX!Pseudomonas sp,Meropenem,1,0.0,0.0,1,0.0
DRIAMS-A,MIX!Pseudomonas sp,Piperacillin-Tazobactam,1,0.0,0.0,1,0.0
DRIAMS-A,MIX!Pseudomonas sp,Tobramycin,1,0.0,0.0,1,0.0
DRIAMS-A,MIX!Pseudomonas sp[2],Amikacin,1,0.0,0.0,1,0.0
DRIAMS-A,MIX!Pseudomonas sp[2],Cefepime,1,0.0,0.0,1,0.0
DRIAMS-A,MIX!Pseudomonas sp[2],Ceftazidime,1,0.0,0.0,1,0.0
DRIAMS-A,MIX!Pseudomonas sp[2],Ciprofloxacin,1,0.0,0.0,1,0.0
DRIAMS-A,MIX!Pseudomonas sp[2],Colistin,1,0.0,0.0,1,0.0
DRIAMS-A,MIX!Pseudomonas sp[2],Imipenem,1,0.0,0.0,1,0.0
DRIAMS-A,MIX!Pseudomonas sp[2],Levofloxacin,1,0.0,0.0,1,0.0
DRIAMS-A,MIX!Pseudomonas sp[2],Meropenem,1,0.0,0.0,1,0.0
DRIAMS-A,MIX!Pseudomonas sp[2],Piperacillin-Tazobactam,1,1.0,1.0,1,0.0
DRIAMS-A,MIX!Pseudomonas sp[2],Tobramycin,1,0.0,0.0,1,0.0
DRIAMS-A,MIX!Pseudomonas synxantha,Cefepime,1,1.0,1.0,2,0.5
DRIAMS-A,MIX!Pseudomonas synxantha,Ciprofloxacin,1,0.0,0.0,2,0.5
DRIAMS-A,MIX!Pseudomonas synxantha,Colistin,1,0.0,0.0,2,0.5
DRIAMS-A,MIX!Pseudomonas synxantha,Meropenem,1,1.0,1.0,2,0.5
DRIAMS-A,MIX!Pseudomonas synxantha,Piperacillin-Tazobactam,1,0.0,0.0,2,0.5
DRIAMS-A,MIX!Pseudomonas synxantha,Tobramycin,1,0.0,0.0,2,0.5
DRIAMS-A,MIX!Salmonella sp,Amikacin,1,1.0,1.0,3,0.6666666666666667
DRIAMS-A,MIX!Salmonella sp,Amoxicillin-Clavulanic acid,1,0.0,0.0,3,0.6666666666666667
DRIAMS-A,MIX!Salmonella sp,Ampicillin-Amoxicillin,1,0.0,0.0,3,0.6666666666666667
DRIAMS-A,MIX!Salmonella sp,Cefepime,1,0.0,0.0,3,0.6666666666666667
DRIAMS-A,MIX!Salmonella sp,Ceftazidime,1,0.0,0.0,3,0.6666666666666667
DRIAMS-A,MIX!Salmonella sp,Ceftriaxone,1,0.0,0.0,3,0.6666666666666667
DRIAMS-A,MIX!Salmonella sp,Ciprofloxacin,1,0.0,0.0,3,0.6666666666666667
DRIAMS-A,MIX!Salmonella sp,Colistin,1,0.0,0.0,3,0.6666666666666667
DRIAMS-A,MIX!Salmonella sp,Cotrimoxazole,1,0.0,0.0,3,0.6666666666666667
DRIAMS-A,MIX!Salmonella sp,Ertapenem,1,0.0,0.0,3,0.6666666666666667
DRIAMS-A,MIX!Salmonella sp,Imipenem,1,0.0,0.0,3,0.6666666666666667
DRIAMS-A,MIX!Salmonella sp,Levofloxacin,1,0.0,0.0,3,0.6666666666666667
DRIAMS-A,MIX!Salmonella sp,Meropenem,1,0.0,0.0,3,0.6666666666666667
DRIAMS-A,MIX!Salmonella sp,Piperacillin-Tazobactam,1,0.0,0.0,3,0.6666666666666667
DRIAMS-A,MIX!Salmonella sp,Tobramycin,1,1.0,1.0,3,0.6666666666666667
DRIAMS-A,MIX!Serratia liquefaciens,Aminoglycosides,1,0.0,0.0,4,0.75
DRIAMS-A,MIX!Serratia liquefaciens,Cefpodoxime,1,1.0,1.0,4,0.75
DRIAMS-A,MIX!Serratia liquefaciens,Chloramphenicol,1,0.0,0.0,4,0.75
DRIAMS-A,MIX!Serratia liquefaciens,Fosfomycin-Trometamol,1,0.0,0.0,4,0.75
DRIAMS-A,MIX!Serratia liquefaciens,Norfloxacin,1,0.0,0.0,4,0.75
DRIAMS-A,MIX!Serratia liquefaciens,Quinolones,1,0.0,0.0,4,0.75
DRIAMS-A,MIX!Staphylococcus auricularis,Amoxicillin-Clavulanic acid,1,0.0,0.0,1,0.0
DRIAMS-A,MIX!Staphylococcus auricularis,Cefazolin,1,0.0,0.0,1,0.0
DRIAMS-A,MIX!Staphylococcus auricularis,Cefepime,1,0.0,0.0,1,0.0
DRIAMS-A,MIX!Staphylococcus auricularis,Ceftriaxone,1,0.0,0.0,1,0.0
DRIAMS-A,MIX!Staphylococcus auricularis,Cefuroxime,1,0.0,0.0,1,0.0
DRIAMS-A,MIX!Staphylococcus auricularis,Ciprofloxacin,1,0.0,0.0,1,0.0
DRIAMS-A,MIX!Staphylococcus auricularis,Cotrimoxazole,1,0.0,0.0,1,0.0
DRIAMS-A,MIX!Staphylococcus auricularis,Daptomycin,1,0.0,0.0,1,0.0
DRIAMS-A,MIX!Staphylococcus auricularis,Erythromycin,1,0.0,0.0,1,0.0
DRIAMS-A,MIX!Staphylococcus auricularis,Fusidic acid,1,0.0,0.0,1,0.0
DRIAMS-A,MIX!Staphylococcus auricularis,Imipenem,1,0.0,0.0,1,0.0
DRIAMS-A,MIX!Staphylococcus auricularis,Meropenem,1,0.0,0.0,1,0.0
DRIAMS-A,MIX!Staphylococcus auricularis,Oxacillin,1,0.0,0.0,1,0.0
DRIAMS-A,MIX!Staphylococcus auricularis,Piperacillin-Tazobactam,1,0.0,0.0,1,0.0
DRIAMS-A,MIX!Staphylococcus auricularis,Rifampicin,1,0.0,0.0,1,0.0
DRIAMS-A,MIX!Staphylococcus auricularis,Tigecycline,1,0.0,0.0,1,0.0
DRIAMS-A,MIX!Staphylococcus auricularis,Vancomycin,1,0.0,0.0,1,0.0
DRIAMS-A,MIX!Staphylococcus cohnii,Mupirocin,1,0.0,0.0,6,0.8333333333333334
DRIAMS-A,MIX!Staphylococcus gallinarum,Amoxicillin-Clavulanic acid,1,0.0,0.0,1,0.0
DRIAMS-A,MIX!Staphylococcus gallinarum,Ampicillin-Amoxicillin,1,1.0,1.0,1,0.0
DRIAMS-A,MIX!Staphylococcus gallinarum,Cefazolin,1,0.0,0.0,1,0.0
DRIAMS-A,MIX!Staphylococcus gallinarum,Cefepime,1,0.0,0.0,1,0.0
DRIAMS-A,MIX!Staphylococcus gallinarum,Ceftriaxone,1,0.0,0.0,1,0.0
DRIAMS-A,MIX!Staphylococcus gallinarum,Cefuroxime,1,0.0,0.0,1,0.0
DRIAMS-A,MIX!Staphylococcus gallinarum,Ciprofloxacin,1,0.0,0.0,1,0.0
DRIAMS-A,MIX!Staphylococcus gallinarum,Clindamycin,1,0.0,0.0,1,0.0
DRIAMS-A,MIX!Staphylococcus gallinarum,Cotrimoxazole,1,0.0,0.0,1,0.0
DRIAMS-A,MIX!Staphylococcus gallinarum,Daptomycin,1,0.0,0.0,1,0.0
DRIAMS-A,MIX!Staphylococcus gallinarum,Erythromycin,1,0.0,0.0,1,0.0
DRIAMS-A,MIX!Staphylococcus gallinarum,Fusidic acid,1,1.0,1.0,1,0.0
DRIAMS-A,MIX!Staphylococcus gallinarum,Gentamicin,1,0.0,0.0,1,0.0
DRIAMS-A,MIX!Staphylococcus gallinarum,Imipenem,1,0.0,0.0,1,0.0
DRIAMS-A,MIX!Staphylococcus gallinarum,Linezolid,1,0.0,0.0,1,0.0
DRIAMS-A,MIX!Staphylococcus gallinarum,Meropenem,1,0.0,0.0,1,0.0
DRIAMS-A,MIX!Staphylococcus gallinarum,Mupirocin,1,0.0,0.0,1,0.0
DRIAMS-A,MIX!Staphylococcus gallinarum,Oxacillin,1,0.0,0.0,1,0.0
DRIAMS-A,MIX!Staphylococcus gallinarum,Penicillin,1,1.0,1.0,1,0.0
DRIAMS-A,MIX!Staphylococcus gallinarum,Piperacillin-Tazobactam,1,0.0,0.0,1,0.0
DRIAMS-A,MIX!Staphylococcus gallinarum,Rifampicin,1,0.0,0.0,1,0.0
DRIAMS-A,MIX!Staphylococcus gallinarum,Teicoplanin,1,0.0,0.0,1,0.0
DRIAMS-A,MIX!Staphylococcus gallinarum,Tetracycline,1,0.0,0.0,1,0.0
DRIAMS-A,MIX!Staphylococcus gallinarum,Tigecycline,1,0.0,0.0,1,0.0
DRIAMS-A,MIX!Staphylococcus gallinarum,Vancomycin,1,0.0,0.0,1,0.0
DRIAMS-A,MIX!Staphylococcus pettenkoferi,Amoxicillin-Clavulanic acid,1,0.0,0.0,1,0.0
DRIAMS-A,MIX!Staphylococcus pettenkoferi,Ampicillin-Amoxicillin,1,1.0,1.0,1,0.0
DRIAMS-A,MIX!Staphylococcus pettenkoferi,Cefazolin,1,0.0,0.0,1,0.0
DRIAMS-A,MIX!Staphylococcus pettenkoferi,Cefepime,1,0.0,0.0,1,0.0
DRIAMS-A,MIX!Staphylococcus pettenkoferi,Ceftriaxone,1,0.0,0.0,1,0.0
DRIAMS-A,MIX!Staphylococcus pettenkoferi,Cefuroxime,1,0.0,0.0,1,0.0
DRIAMS-A,MIX!Staphylococcus pettenkoferi,Ciprofloxacin,1,1.0,1.0,1,0.0
DRIAMS-A,MIX!Staphylococcus pettenkoferi,Clindamycin,1,1.0,1.0,1,0.0
DRIAMS-A,MIX!Staphylococcus pettenkoferi,Cotrimoxazole,1,0.0,0.0,1,0.0
DRIAMS-A,MIX!Staphylococcus pettenkoferi,Daptomycin,1,0.0,0.0,1,0.0
DRIAMS-A,MIX!Staphylococcus pettenkoferi,Erythromycin,1,1.0,1.0,1,0.0
DRIAMS-A,MIX!Staphylococcus pettenkoferi,Fusidic acid,1,0.0,0.0,1,0.0
DRIAMS-A,MIX!Staphylococcus pettenkoferi,Gentamicin,1,0.0,0.0,1,0.0
DRIAMS-A,MIX!Staphylococcus pettenkoferi,Imipenem,1,0.0,0.0,1,0.0
DRIAMS-A,MIX!Staphylococcus pettenkoferi,Linezolid,1,0.0,0.0,1,0.0
DRIAMS-A,MIX!Staphylococcus pettenkoferi,Meropenem,1,0.0,0.0,1,0.0
DRIAMS-A,MIX!Staphylococcus pettenkoferi,Oxacillin,1,0.0,0.0,1,0.0
DRIAMS-A,MIX!Staphylococcus pettenkoferi,Penicillin,1,1.0,1.0,1,0.0
DRIAMS-A,MIX!Staphylococcus pettenkoferi,Piperacillin-Tazobactam,1,0.0,0.0,1,0.0
DRIAMS-A,MIX!Staphylococcus pettenkoferi,Rifampicin,1,0.0,0.0,1,0.0
DRIAMS-A,MIX!Staphylococcus pettenkoferi,Teicoplanin,1,0.0,0.0,1,0.0
DRIAMS-A,MIX!Staphylococcus pettenkoferi,Tetracycline,1,0.0,0.0,1,0.0
DRIAMS-A,MIX!Staphylococcus pettenkoferi,Tigecycline,1,0.0,0.0,1,0.0
DRIAMS-A,MIX!Staphylococcus pettenkoferi,Vancomycin,1,0.0,0.0,1,0.0
DRIAMS-A,MIX!Staphylococcus pseudintermedius,Amoxicillin-Clavulanic acid,1,0.0,0.0,2,0.5
DRIAMS-A,MIX!Staphylococcus pseudintermedius,Ampicillin-Amoxicillin,1,1.0,1.0,2,0.5
DRIAMS-A,MIX!Staphylococcus pseudintermedius,Cefazolin,1,0.0,0.0,2,0.5
DRIAMS-A,MIX!Staphylococcus pseudintermedius,Cefepime,1,0.0,0.0,2,0.5
DRIAMS-A,MIX!Staphylococcus pseudintermedius,Ceftriaxone,1,0.0,0.0,2,0.5
DRIAMS-A,MIX!Staphylococcus pseudintermedius,Cefuroxime,1,0.0,0.0,2,0.5
DRIAMS-A,MIX!Staphylococcus pseudintermedius,Ciprofloxacin,1,0.0,0.0,2,0.5
DRIAMS-A,MIX!Staphylococcus pseudintermedius,Clindamycin,1,0.0,0.0,2,0.5
DRIAMS-A,MIX!Staphylococcus pseudintermedius,Cotrimoxazole,1,0.0,0.0,2,0.5
DRIAMS-A,MIX!Staphylococcus pseudintermedius,Daptomycin,1,0.0,0.0,2,0.5
DRIAMS-A,MIX!Staphylococcus pseudintermedius,Erythromycin,1,0.0,0.0,2,0.5
DRIAMS-A,MIX!Staphylococcus pseudintermedius,Fusidic acid,1,0.0,0.0,2,0.5
DRIAMS-A,MIX!Staphylococcus pseudintermedius,Gentamicin,1,0.0,0.0,2,0.5
DRIAMS-A,MIX!Staphylococcus pseudintermedius,Imipenem,1,0.0,0.0,2,0.5
DRIAMS-A,MIX!Staphylococcus pseudintermedius,Linezolid,1,0.0,0.0,2,0.5
DRIAMS-A,MIX!Staphylococcus pseudintermedius,Meropenem,1,0.0,0.0,2,0.5
DRIAMS-A,MIX!Staphylococcus pseudintermedius,Oxacillin,1,0.0,0.0,2,0.5
DRIAMS-A,MIX!Staphylococcus pseudintermedius,Penicillin,1,1.0,1.0,2,0.5
DRIAMS-A,MIX!Staphylococcus pseudintermedius,Piperacillin-Tazobactam,1,0.0,0.0,2,0.5
DRIAMS-A,MIX!Staphylococcus pseudintermedius,Rifampicin,1,0.0,0.0,2,0.5
DRIAMS-A,MIX!Staphylococcus pseudintermedius,Teicoplanin,1,0.0,0.0,2,0.5
DRIAMS-A,MIX!Staphylococcus pseudintermedius,Tetracycline,1,0.0,0.0,2,0.5
DRIAMS-A,MIX!Staphylococcus pseudintermedius,Tigecycline,1,0.0,0.0,2,0.5
DRIAMS-A,MIX!Staphylococcus pseudintermedius,Vancomycin,1,0.0,0.0,2,0.5
DRIAMS-A,MIX!Staphylococcus saprophyticus,Amoxicillin-Clavulanic acid,1,1.0,1.0,1,0.0
DRIAMS-A,MIX!Staphylococcus saprophyticus,Ampicillin-Amoxicillin,1,1.0,1.0,1,0.0
DRIAMS-A,MIX!Staphylococcus saprophyticus,Cefazolin,1,1.0,1.0,1,0.0
DRIAMS-A,MIX!Staphylococcus saprophyticus,Cefepime,1,1.0,1.0,1,0.0
DRIAMS-A,MIX!Staphylococcus saprophyticus,Ceftriaxone,1,1.0,1.0,1,0.0
DRIAMS-A,MIX!Staphylococcus saprophyticus,Cefuroxime,1,1.0,1.0,1,0.0
DRIAMS-A,MIX!Staphylococcus saprophyticus,Ciprofloxacin,1,0.0,0.0,1,0.0
DRIAMS-A,MIX!Staphylococcus saprophyticus,Clindamycin,1,0.0,0.0,1,0.0
DRIAMS-A,MIX!Staphylococcus saprophyticus,Cotrimoxazole,1,0.0,0.0,1,0.0
DRIAMS-A,MIX!Staphylococcus saprophyticus,Daptomycin,1,0.0,0.0,1,0.0
DRIAMS-A,MIX!Staphylococcus saprophyticus,Erythromycin,1,0.0,0.0,1,0.0
DRIAMS-A,MIX!Staphylococcus saprophyticus,Fusidic acid,1,0.0,0.0,1,0.0
DRIAMS-A,MIX!Staphylococcus saprophyticus,Gentamicin,1,0.0,0.0,1,0.0
DRIAMS-A,MIX!Staphylococcus saprophyticus,Imipenem,1,1.0,1.0,1,0.0
DRIAMS-A,MIX!Staphylococcus saprophyticus,Linezolid,1,0.0,0.0,1,0.0
DRIAMS-A,MIX!Staphylococcus saprophyticus,Meropenem,1,1.0,1.0,1,0.0
DRIAMS-A,MIX!Staphylococcus saprophyticus,Mupirocin,1,0.0,0.0,1,0.0
DRIAMS-A,MIX!Staphylococcus saprophyticus,Oxacillin,1,1.0,1.0,1,0.0
DRIAMS-A,MIX!Staphylococcus saprophyticus,Penicillin,1,1.0,1.0,1,0.0
DRIAMS-A,MIX!Staphylococcus saprophyticus,Piperacillin-Tazobactam,1,1.0,1.0,1,0.0
DRIAMS-A,MIX!Staphylococcus saprophyticus,Rifampicin,1,0.0,0.0,1,0.0
DRIAMS-A,MIX!Staphylococcus saprophyticus,Teicoplanin,1,0.0,0.0,1,0.0
DRIAMS-A,MIX!Staphylococcus saprophyticus,Tetracycline,1,0.0,0.0,1,0.0
DRIAMS-A,MIX!Staphylococcus saprophyticus,Tigecycline,1,0.0,0.0,1,0.0
DRIAMS-A,MIX!Staphylococcus saprophyticus,Vancomycin,1,0.0,0.0,1,0.0
DRIAMS-A,MIX!Staphylococcus sp[1],Amoxicillin-Clavulanic acid,1,0.0,0.0,1,0.0
DRIAMS-A,MIX!Staphylococcus sp[1],Ampicillin-Amoxicillin,1,1.0,1.0,1,0.0
DRIAMS-A,MIX!Staphylococcus sp[1],Cefazolin,1,0.0,0.0,1,0.0
DRIAMS-A,MIX!Staphylococcus sp[1],Cefepime,1,0.0,0.0,1,0.0
DRIAMS-A,MIX!Staphylococcus sp[1],Ceftriaxone,1,0.0,0.0,1,0.0
DRIAMS-A,MIX!Staphylococcus sp[1],Cefuroxime,1,0.0,0.0,1,0.0
DRIAMS-A,MIX!Staphylococcus sp[1],Ciprofloxacin,1,0.0,0.0,1,0.0
DRIAMS-A,MIX!Staphylococcus sp[1],Clindamycin,1,0.0,0.0,1,0.0
DRIAMS-A,MIX!Staphylococcus sp[1],Cotrimoxazole,1,0.0,0.0,1,0.0
DRIAMS-A,MIX!Staphylococcus sp[1],Daptomycin,1,0.0,0.0,1,0.0
DRIAMS-A,MIX!Staphylococcus sp[1],Erythromycin,1,0.0,0.0,1,0.0
DRIAMS-A,MIX!Staphylococcus sp[1],Fusidic acid,1,1.0,1.0,1,0.0
DRIAMS-A,MIX!Staphylococcus sp[1],Gentamicin,1,0.0,0.0,1,0.0
DRIAMS-A,MIX!Staphylococcus sp[1],Imipenem,1,0.0,0.0,1,0.0
DRIAMS-A,MIX!Staphylococcus sp[1],Linezolid,1,0.0,0.0,1,0.0
DRIAMS-A,MIX!Staphylococcus sp[1],Meropenem,1,0.0,0.0,1,0.0
DRIAMS-A,MIX!Staphylococcus sp[1],Oxacillin,1,0.0,0.0,1,0.0
DRIAMS-A,MIX!Staphylococcus sp[1],Penicillin,1,1.0,1.0,1,0.0
DRIAMS-A,MIX!Staphylococcus sp[1],Piperacillin-Tazobactam,1,0.0,0.0,1,0.0
DRIAMS-A,MIX!Staphylococcus sp[1],Rifampicin,1,0.0,0.0,1,0.0
DRIAMS-A,MIX!Staphylococcus sp[1],Tetracycline,1,1.0,1.0,1,0.0
DRIAMS-A,MIX!Staphylococcus sp[1],Tigecycline,1,0.0,0.0,1,0.0
DRIAMS-A,MIX!Staphylococcus sp[1],Vancomycin,1,0.0,0.0,1,0.0
DRIAMS-A,MIX!Stenotrophomonas maltophilia,Ceftazidime,1,1.0,1.0,85,0.9882352941176471
DRIAMS-A,MIX!Stenotrophomonas maltophilia,Gentamicin,1,1.0,1.0,85,0.9882352941176471
DRIAMS-A,MIX!Stenotrophomonas maltophilia,Ticarcillin-Clavulan acid,1,1.0,1.0,85,0.9882352941176471
DRIAMS-A,MIX!Stenotrophomonas maltophilia,Tigecycline,1,1.0,1.0,85,0.9882352941176471
DRIAMS-A,MIX!Streptococcus intermedius,Penicillin,1,0.0,0.0,7,0.8571428571428572
DRIAMS-A,MIX!Streptococcus intermedius,Vancomycin,1,0.0,0.0,7,0.8571428571428572
DRIAMS-A,MIX!Streptococcus mitis,Teicoplanin,1,0.0,0.0,13,0.9230769230769231
DRIAMS-A,MIX!Streptococcus parasanguinis,Ceftriaxone,1,1.0,1.0,24,0.9583333333333334
DRIAMS-A,MIX!Streptococcus parasanguinis,Clindamycin,1,0.0,0.0,24,0.9583333333333334
DRIAMS-A,MIX!Streptococcus parasanguinis,Gentamicin_high_level,1,0.0,0.0,24,0.9583333333333334
DRIAMS-A,MIX!Streptococcus parasanguinis,Meropenem,1,0.0,0.0,24,0.9583333333333334
DRIAMS-A,MIX!Streptococcus parasanguinis,Penicillin_with_endokarditis,1,1.0,1.0,24,0.9583333333333334
DRIAMS-A,MIX!Streptococcus parasanguinis,Penicillin_without_endokarditis,1,1.0,1.0,24,0.9583333333333334
DRIAMS-A,MIX!Streptococcus peroris,Penicillin,1,0.0,0.0,3,0.6666666666666667
DRIAMS-A,MIX!Streptococcus peroris,Vancomycin,1,0.0,0.0,3,0.6666666666666667
DRIAMS-A,MIX!Streptococcus pneumoniae,Amoxicillin,1,1.0,1.0,17,0.9411764705882353
DRIAMS-A,MIX!Streptococcus pneumoniae,Amoxicillin-Clavulanic acid,1,1.0,1.0,17,0.9411764705882353
DRIAMS-A,MIX!Streptococcus pneumoniae,Clarithromycin,1,0.0,0.0,17,0.9411764705882353
DRIAMS-A,MIX!Streptococcus pneumoniae,Gentamicin_high_level,1,0.0,0.0,17,0.9411764705882353
DRIAMS-A,MIX!Streptococcus pneumoniae,Meropenem,1,0.0,0.0,17,0.9411764705882353
DRIAMS-A,MIX!Streptococcus pneumoniae,Oxacillin,1,0.0,0.0,17,0.9411764705882353
DRIAMS-A,MIX!Streptococcus pneumoniae,Penicillin_with_meningitis,1,0.0,0.0,17,0.9411764705882353
DRIAMS-A,MIX!Streptococcus pneumoniae,Penicillin_with_other_infections,1,0.0,0.0,17,0.9411764705882353
DRIAMS-A,MIX!Streptococcus pneumoniae,Penicillin_with_pneumonia,1,0.0,0.0,17,0.9411764705882353
DRIAMS-A,MIX!Streptococcus pneumoniae,Rifampicin,1,0.0,0.0,17,0.9411764705882353
DRIAMS-A,MIX!Streptococcus pseudopneumoniae,Ceftriaxone,1,1.0,1.0,3,0.6666666666666667
DRIAMS-A,MIX!Streptococcus pseudopneumoniae,Clindamycin,1,0.0,0.0,3,0.6666666666666667
DRIAMS-A,MIX!Streptococcus pseudopneumoniae,Gentamicin_high_level,1,0.0,0.0,3,0.6666666666666667
DRIAMS-A,MIX!Streptococcus pseudopneumoniae,Meropenem,1,0.0,0.0,3,0.6666666666666667
DRIAMS-A,MIX!Streptococcus pseudopneumoniae,Penicillin,1,1.0,1.0,3,0.6666666666666667
DRIAMS-A,MIX!Streptococcus pseudopneumoniae,Penicillin_with_endokarditis,1,1.0,1.0,3,0.6666666666666667
DRIAMS-A,MIX!Streptococcus pseudopneumoniae,Penicillin_without_endokarditis,1,1.0,1.0,3,0.6666666666666667
DRIAMS-A,MIX!Streptococcus pseudopneumoniae,Vancomycin,1,0.0,0.0,3,0.6666666666666667
DRIAMS-A,MIX!Veillonella parvula,Amoxicillin,1,1.0,1.0,54,0.9814814814814815
DRIAMS-A,MIX!Veillonella parvula,Ceftriaxone,1,0.0,0.0,54,0.9814814814814815
DRIAMS-A,MIX!Veillonella parvula,Clindamycin,1,0.0,0.0,54,0.9814814814814815
DRIAMS-A,MIX!Veillonella parvula,Moxifloxacin,1,0.0,0.0,54,0.9814814814814815
DRIAMS-A,Micrococcus luteus,Meropenem,1,0.0,0.0,225,0.9955555555555555
DRIAMS-A,Moraxella sp,Amoxicillin-Clavulanic acid,1,0.0,0.0,5,0.8
DRIAMS-A,Moraxella sp,Ciprofloxacin,1,0.0,0.0,5,0.8
DRIAMS-A,Moraxella sp,Erythromycin,1,1.0,1.0,5,0.8
DRIAMS-A,Moraxella sp,Meropenem,1,0.0,0.0,5,0.8
DRIAMS-A,Morganella morganii,Amoxicillin-Clavulanic acid_uncomplicated_HWI,1,1.0,1.0,1092,0.9990842490842491
DRIAMS-A,Morganella morganii,Tetracycline,1,1.0,1.0,1092,0.9990842490842491
DRIAMS-A,Neisseria elongata,Amoxicillin-Clavulanic acid,1,0.0,0.0,31,0.967741935483871
DRIAMS-A,Neisseria elongata,Ceftriaxone,1,0.0,0.0,31,0.967741935483871
DRIAMS-A,Neisseria elongata,Cefuroxime,1,0.0,0.0,31,0.967741935483871
DRIAMS-A,Neisseria elongata,Ciprofloxacin,1,1.0,1.0,31,0.967741935483871
DRIAMS-A,Oligella urethralis,Cefepime,1,0.0,0.0,45,0.9777777777777777
DRIAMS-A,Oligella urethralis,Ceftriaxone,1,0.0,0.0,45,0.9777777777777777
DRIAMS-A,Oligella urethralis,Ciprofloxacin,1,1.0,1.0,45,0.9777777777777777
DRIAMS-A,Oligella urethralis,Cotrimoxazole,1,1.0,1.0,45,0.9777777777777777
DRIAMS-A,Oligella urethralis,Meropenem,1,0.0,0.0,45,0.9777777777777777
DRIAMS-A,Oligella urethralis,Piperacillin-Tazobactam,1,1.0,1.0,45,0.9777777777777777
DRIAMS-A,Paenibacillus amylolyticus,Clindamycin,1,1.0,1.0,3,0.6666666666666667
DRIAMS-A,Paenibacillus amylolyticus,Levofloxacin,1,0.0,0.0,3,0.6666666666666667
DRIAMS-A,Paenibacillus amylolyticus,Penicillin,1,1.0,1.0,3,0.6666666666666667
DRIAMS-A,Paenibacillus amylolyticus,Vancomycin,1,0.0,0.0,3,0.6666666666666667
DRIAMS-A,Paenibacillus jamilae,Clindamycin,1,1.0,1.0,1,0.0
DRIAMS-A,Paenibacillus jamilae,Levofloxacin,1,0.0,0.0,1,0.0
DRIAMS-A,Paenibacillus jamilae,Penicillin,1,1.0,1.0,1,0.0
DRIAMS-A,Paenibacillus jamilae,Vancomycin,1,0.0,0.0,1,0.0
DRIAMS-A,Pandoraea sputorum,Colistin,1,1.0,1.0,8,0.875
DRIAMS-A,Pantoea septica,Aminoglycosides,1,0.0,0.0,7,0.8571428571428572
DRIAMS-A,Pantoea septica,Chloramphenicol,1,0.0,0.0,7,0.8571428571428572
DRIAMS-A,Pantoea septica,Fosfomycin-Trometamol,1,1.0,1.0,7,0.8571428571428572
DRIAMS-A,Pantoea septica,Norfloxacin,1,0.0,0.0,7,0.8571428571428572
DRIAMS-A,Pantoea septica,Quinolones,1,0.0,0.0,7,0.8571428571428572
DRIAMS-A,Parabacteroides distasonis,Ertapenem,1,0.0,0.0,71,0.9859154929577465
DRIAMS-A,Parvimonas micra,Meropenem,1,0.0,0.0,396,0.9974747474747475
DRIAMS-A,Pasteurella dagmatis,Amoxicillin,1,0.0,0.0,3,0.6666666666666667
DRIAMS-A,Pasteurella dagmatis,Ceftriaxone,1,0.0,0.0,3,0.6666666666666667
DRIAMS-A,Pasteurella dagmatis,Cotrimoxazole,1,0.0,0.0,3,0.6666666666666667
DRIAMS-A,Pasteurella dagmatis,Levofloxacin,1,0.0,0.0,3,0.6666666666666667
DRIAMS-A,Pasteurella multocida,Ciprofloxacin,1,0.0,0.0,52,0.9807692307692307
DRIAMS-A,Pasteurella multocida,Clindamycin,1,1.0,1.0,52,0.9807692307692307
DRIAMS-A,Pediococcus pentosaceus,Clindamycin,1,0.0,0.0,7,0.8571428571428572
DRIAMS-A,Pediococcus pentosaceus,Levofloxacin,1,1.0,1.0,7,0.8571428571428572
DRIAMS-A,Pediococcus pentosaceus,Penicillin,1,1.0,1.0,7,0.8571428571428572
DRIAMS-A,Peptoniphilus coxii,Levofloxacin,1,1.0,1.0,30,0.9666666666666667
DRIAMS-A,Peptoniphilus sp,Amoxicillin,1,0.0,0.0,2,0.5
DRIAMS-A,Peptoniphilus sp,Amoxicillin-Clavulanic acid,1,0.0,0.0,2,0.5
DRIAMS-A,Peptoniphilus sp,Clindamycin,1,1.0,1.0,2,0.5
DRIAMS-A,Peptoniphilus sp,Erythromycin,1,0.0,0.0,2,0.5
DRIAMS-A,Peptoniphilus sp,Levofloxacin,1,0.0,0.0,2,0.5
DRIAMS-A,Peptoniphilus sp,Moxifloxacin,1,0.0,0.0,2,0.5
DRIAMS-A,Peptoniphilus sp,Rifampicin,1,1.0,1.0,2,0.5
DRIAMS-A,Peptostreptococcus anaerobius,Clindamycin,1,0.0,0.0,72,0.9861111111111112
DRIAMS-A,Prevotella buccae,Piperacillin-Tazobactam,1,0.0,0.0,46,0.9782608695652174
DRIAMS-A,Prevotella disiens,Ciprofloxacin,1,0.0,0.0,42,0.9761904761904762
DRIAMS-A,Prevotella disiens,Clindamycin,1,1.0,1.0,42,0.9761904761904762
DRIAMS-A,Prevotella disiens,Meropenem,1,0.0,0.0,42,0.9761904761904762
DRIAMS-A,Prevotella disiens,Metronidazole,1,0.0,0.0,42,0.9761904761904762
DRIAMS-A,Prevotella disiens,Moxifloxacin,1,0.0,0.0,42,0.9761904761904762
DRIAMS-A,Prevotella disiens,Piperacillin-Tazobactam,1,0.0,0.0,42,0.9761904761904762
DRIAMS-A,Prevotella intermedia,Clindamycin,1,0.0,0.0,41,0.975609756097561
DRIAMS-A,Prevotella intermedia,Metronidazole,1,0.0,0.0,41,0.975609756097561
DRIAMS-A,Prevotella intermedia,Moxifloxacin,1,0.0,0.0,41,0.975609756097561
DRIAMS-A,Prevotella intermedia,Penicillin,1,0.0,0.0,41,0.975609756097561
DRIAMS-A,Prevotella timonensis,Metronidazole,1,0.0,0.0,43,0.9767441860465116
DRIAMS-A,Prevotella veroralis,Amoxicillin,1,1.0,1.0,10,0.9
DRIAMS-A,Prevotella veroralis,Clindamycin,1,0.0,0.0,10,0.9
DRIAMS-A,Prevotella veroralis,Moxifloxacin,1,0.0,0.0,10,0.9
DRIAMS-A,Propionibacterium acnes,Cefuroxime,1,0.0,0.0,2837,0.9996475149806133
DRIAMS-A,Propionibacterium acnes,Doxycycline,1,0.0,0.0,2837,0.9996475149806133
DRIAMS-A,Propionibacterium acnes,Linezolid,1,0.0,0.0,2837,0.9996475149806133
DRIAMS-A,Propionibacterium acnes,Meropenem,1,0.0,0.0,2837,0.9996475149806133
DRIAMS-A,Propionibacterium acnes,Tetracycline,1,0.0,0.0,2837,0.9996475149806133
DRIAMS-A,Propionibacterium sp,Ceftriaxone,1,0.0,0.0,39,0.9743589743589743
DRIAMS-A,Propionibacterium sp,Clindamycin,1,0.0,0.0,39,0.9743589743589743
DRIAMS-A,Propionibacterium sp,Daptomycin,1,0.0,0.0,39,0.9743589743589743
DRIAMS-A,Propionibacterium sp,Levofloxacin,1,0.0,0.0,39,0.9743589743589743
DRIAMS-A,Propionibacterium sp,Penicillin,1,0.0,0.0,39,0.9743589743589743
DRIAMS-A,Propionibacterium sp,Rifampicin,1,0.0,0.0,39,0.9743589743589743
DRIAMS-A,Proteus mirabilis,Aminoglycosides,1,0.0,0.0,2094,0.9995224450811844
DRIAMS-A,Proteus mirabilis,Aztreonam,1,0.0,0.0,2094,0.9995224450811844
DRIAMS-A,Proteus mirabilis,Ceftazidime-Avibactam,1,0.0,0.0,2094,0.9995224450811844
DRIAMS-A,Proteus mirabilis,Chloramphenicol,1,0.0,0.0,2094,0.9995224450811844
DRIAMS-A,Proteus mirabilis,Fosfomycin,1,0.0,0.0,2094,0.9995224450811844
DRIAMS-A,Proteus mirabilis,Gentamicin,1,0.0,0.0,2094,0.9995224450811844
DRIAMS-A,Proteus mirabilis,Quinolones,1,0.0,0.0,2094,0.9995224450811844
DRIAMS-A,Proteus mirabilis,Tigecycline,1,1.0,1.0,2094,0.9995224450811844
DRIAMS-A,Proteus penneri,Amikacin,1,1.0,1.0,1,0.0
DRIAMS-A,Proteus penneri,Amoxicillin-Clavulanic acid,1,1.0,1.0,1,0.0
DRIAMS-A,Proteus penneri,Ampicillin-Amoxicillin,1,1.0,1.0,1,0.0
DRIAMS-A,Proteus penneri,Cefepime,1,0.0,0.0,1,0.0
DRIAMS-A,Proteus penneri,Ceftazidime,1,0.0,0.0,1,0.0
DRIAMS-A,Proteus penneri,Ceftriaxone,1,1.0,1.0,1,0.0
DRIAMS-A,Proteus penneri,Ciprofloxacin,1,0.0,0.0,1,0.0
DRIAMS-A,Proteus penneri,Colistin,1,1.0,1.0,1,0.0
DRIAMS-A,Proteus penneri,Cotrimoxazole,1,0.0,0.0,1,0.0
DRIAMS-A,Proteus penneri,Ertapenem,1,0.0,0.0,1,0.0
DRIAMS-A,Proteus penneri,Levofloxacin,1,0.0,0.0,1,0.0
DRIAMS-A,Proteus penneri,Meropenem,1,0.0,0.0,1,0.0
DRIAMS-A,Proteus penneri,Piperacillin-Tazobactam,1,0.0,0.0,1,0.0
DRIAMS-A,Proteus penneri,Tobramycin,1,1.0,1.0,1,0.0
DRIAMS-A,Providencia alcalifaciens,Amikacin,1,0.0,0.0,29,0.9655172413793104
DRIAMS-A,Providencia alcalifaciens,Amoxicillin-Clavulanic acid,1,1.0,1.0,29,0.9655172413793104
DRIAMS-A,Providencia alcalifaciens,Ampicillin-Amoxicillin,1,1.0,1.0,29,0.9655172413793104
DRIAMS-A,Providencia alcalifaciens,Cefepime,1,0.0,0.0,29,0.9655172413793104
DRIAMS-A,Providencia alcalifaciens,Ceftazidime,1,0.0,0.0,29,0.9655172413793104
DRIAMS-A,Providencia alcalifaciens,Ceftriaxone,1,0.0,0.0,29,0.9655172413793104
DRIAMS-A,Providencia alcalifaciens,Ciprofloxacin,1,0.0,0.0,29,0.9655172413793104
DRIAMS-A,Providencia alcalifaciens,Colistin,1,1.0,1.0,29,0.9655172413793104
DRIAMS-A,Providencia alcalifaciens,Cotrimoxazole,1,0.0,0.0,29,0.9655172413793104
DRIAMS-A,Providencia alcalifaciens,Ertapenem,1,0.0,0.0,29,0.9655172413793104
DRIAMS-A,Providencia alcalifaciens,Imipenem,1,1.0,1.0,29,0.9655172413793104
DRIAMS-A,Providencia alcalifaciens,Levofloxacin,1,0.0,0.0,29,0.9655172413793104
DRIAMS-A,Providencia alcalifaciens,Meropenem,1,0.0,0.0,29,0.9655172413793104
DRIAMS-A,Providencia alcalifaciens,Piperacillin-Tazobactam,1,0.0,0.0,29,0.9655172413793104
DRIAMS-A,Providencia alcalifaciens,Tobramycin,1,0.0,0.0,29,0.9655172413793104
DRIAMS-A,Pseudomonas aeruginosa,Ampicillin-Sulbactam,1,1.0,1.0,4852,0.9997938994229184
DRIAMS-A,Pseudomonas aeruginosa,Fosfomycin-Trometamol,1,1.0,1.0,4852,0.9997938994229184
DRIAMS-A,Pseudomonas aeruginosa,Norfloxacin,1,0.0,0.0,4852,0.9997938994229184
DRIAMS-A,Pseudomonas brenneri,Cefepime,1,0.0,0.0,1,0.0
DRIAMS-A,Pseudomonas brenneri,Ciprofloxacin,1,0.0,0.0,1,0.0
DRIAMS-A,Pseudomonas brenneri,Colistin,1,0.0,0.0,1,0.0
DRIAMS-A,Pseudomonas brenneri,Meropenem,1,0.0,0.0,1,0.0
DRIAMS-A,Pseudomonas brenneri,Piperacillin-Tazobactam,1,0.0,0.0,1,0.0
DRIAMS-A,Pseudomonas brenneri,Tobramycin,1,0.0,0.0,1,0.0
DRIAMS-A,Pseudomonas flavescens,Cefepime,1,0.0,0.0,1,0.0
DRIAMS-A,Pseudomonas flavescens,Ciprofloxacin,1,0.0,0.0,1,0.0
DRIAMS-A,Pseudomonas flavescens,Colistin,1,0.0,0.0,1,0.0
DRIAMS-A,Pseudomonas flavescens,Meropenem,1,0.0,0.0,1,0.0
DRIAMS-A,Pseudomonas flavescens,Piperacillin-Tazobactam,1,0.0,0.0,1,0.0
DRIAMS-A,Pseudomonas flavescens,Tobramycin,1,0.0,0.0,1,0.0
DRIAMS-A,Pseudomonas fulva,Amikacin,1,0.0,0.0,10,0.9
DRIAMS-A,Pseudomonas fulva,Cefepime,1,0.0,0.0,10,0.9
DRIAMS-A,Pseudomonas fulva,Ceftazidime,1,0.0,0.0,10,0.9
DRIAMS-A,Pseudomonas fulva,Ciprofloxacin,1,0.0,0.0,10,0.9
DRIAMS-A,Pseudomonas fulva,Colistin,1,0.0,0.0,10,0.9
DRIAMS-A,Pseudomonas fulva,Imipenem,1,0.0,0.0,10,0.9
DRIAMS-A,Pseudomonas fulva,Levofloxacin,1,0.0,0.0,10,0.9
DRIAMS-A,Pseudomonas fulva,Meropenem,1,1.0,1.0,10,0.9
DRIAMS-A,Pseudomonas fulva,Piperacillin-Tazobactam,1,0.0,0.0,10,0.9
DRIAMS-A,Pseudomonas fulva,Tobramycin,1,0.0,0.0,10,0.9
DRIAMS-A,Pseudomonas libanensis,Cefepime,1,1.0,1.0,5,0.8
DRIAMS-A,Pseudomonas libanensis,Ciprofloxacin,1,0.0,0.0,5,0.8
DRIAMS-A,Pseudomonas libanensis,Colistin,1,0.0,0.0,5,0.8
DRIAMS-A,Pseudomonas libanensis,Meropenem,1,1.0,1.0,5,0.8
DRIAMS-A,Pseudomonas libanensis,Piperacillin-Tazobactam,1,0.0,0.0,5,0.8
DRIAMS-A,Pseudomonas libanensis,Tobramycin,1,0.0,0.0,5,0.8
DRIAMS-A,Pseudomonas luteola,Amikacin,1,0.0,0.0,1,0.0
DRIAMS-A,Pseudomonas luteola,Cefepime,1,0.0,0.0,1,0.0
DRIAMS-A,Pseudomonas luteola,Ceftazidime,1,0.0,0.0,1,0.0
DRIAMS-A,Pseudomonas luteola,Ciprofloxacin,1,0.0,0.0,1,0.0
DRIAMS-A,Pseudomonas luteola,Colistin,1,0.0,0.0,1,0.0
DRIAMS-A,Pseudomonas luteola,Imipenem,1,0.0,0.0,1,0.0
DRIAMS-A,Pseudomonas luteola,Levofloxacin,1,0.0,0.0,1,0.0
DRIAMS-A,Pseudomonas luteola,Meropenem,1,0.0,0.0,1,0.0
DRIAMS-A,Pseudomonas luteola,Piperacillin-Tazobactam,1,0.0,0.0,1,0.0
DRIAMS-A,Pseudomonas luteola,Tobramycin,1,0.0,0.0,1,0.0
DRIAMS-A,Pseudomonas mendocina,Amikacin,1,0.0,0.0,9,0.8888888888888888
DRIAMS-A,Pseudomonas mendocina,Cefepime,1,0.0,0.0,9,0.8888888888888888
DRIAMS-A,Pseudomonas mendocina,Ceftazidime,1,0.0,0.0,9,0.8888888888888888
DRIAMS-A,Pseudomonas mendocina,Ciprofloxacin,1,0.0,0.0,9,0.8888888888888888
DRIAMS-A,Pseudomonas mendocina,Colistin,1,0.0,0.0,9,0.8888888888888888
DRIAMS-A,Pseudomonas mendocina,Imipenem,1,0.0,0.0,9,0.8888888888888888
DRIAMS-A,Pseudomonas mendocina,Levofloxacin,1,0.0,0.0,9,0.8888888888888888
DRIAMS-A,Pseudomonas mendocina,Meropenem,1,0.0,0.0,9,0.8888888888888888
DRIAMS-A,Pseudomonas mendocina,Piperacillin-Tazobactam,1,0.0,0.0,9,0.8888888888888888
DRIAMS-A,Pseudomonas mendocina,Tobramycin,1,0.0,0.0,9,0.8888888888888888
DRIAMS-A,Pseudomonas oryzihabitans,Aminoglycosides,1,0.0,0.0,17,0.9411764705882353
DRIAMS-A,Pseudomonas oryzihabitans,Chloramphenicol,1,1.0,1.0,17,0.9411764705882353
DRIAMS-A,Pseudomonas oryzihabitans,Quinolones,1,0.0,0.0,17,0.9411764705882353
DRIAMS-A,Pseudomonas putida_Group,Amikacin,1,0.0,0.0,3,0.6666666666666667
DRIAMS-A,Pseudomonas putida_Group,Ceftazidime,1,0.0,0.0,3,0.6666666666666667
DRIAMS-A,Pseudomonas putida_Group,Colistin,1,0.0,0.0,3,0.6666666666666667
DRIAMS-A,Pseudomonas putida_Group,Cotrimoxazole,1,0.0,0.0,3,0.6666666666666667
DRIAMS-A,Pseudomonas putida_Group,Imipenem,1,0.0,0.0,3,0.6666666666666667
DRIAMS-A,Pseudomonas putida_Group,Levofloxacin,1,0.0,0.0,3,0.6666666666666667
DRIAMS-A,Pseudomonas putida_Group,Tobramycin,1,0.0,0.0,3,0.6666666666666667
DRIAMS-A,Pseudomonas rhodesiae,Imipenem,1,1.0,1.0,3,0.6666666666666667
DRIAMS-A,Pseudomonas rhodesiae,Meropenem,1,1.0,1.0,3,0.6666666666666667
DRIAMS-A,Pseudomonas stutzeri,Aminoglycosides,1,0.0,0.0,31,0.967741935483871
DRIAMS-A,Pseudomonas stutzeri,Chloramphenicol,1,1.0,1.0,31,0.967741935483871
DRIAMS-A,Pseudomonas stutzeri,Quinolones,1,0.0,0.0,31,0.967741935483871
DRIAMS-A,Raoultella ornithinolytica,Amikacin,1,0.0,0.0,155,0.9935483870967742
DRIAMS-A,Raoultella ornithinolytica,Amoxicillin-Clavulanic acid,1,0.0,0.0,155,0.9935483870967742
DRIAMS-A,Raoultella ornithinolytica,Ampicillin-Amoxicillin,1,1.0,1.0,155,0.9935483870967742
DRIAMS-A,Raoultella ornithinolytica,Cefepime,1,0.0,0.0,155,0.9935483870967742
DRIAMS-A,Raoultella ornithinolytica,Cefpodoxime,1,0.0,0.0,155,0.9935483870967742
DRIAMS-A,Raoultella ornithinolytica,Ceftazidime,1,0.0,0.0,155,0.9935483870967742
DRIAMS-A,Raoultella ornithinolytica,Ceftriaxone,1,0.0,0.0,155,0.9935483870967742
DRIAMS-A,Raoultella ornithinolytica,Ciprofloxacin,1,0.0,0.0,155,0.9935483870967742
DRIAMS-A,Raoultella ornithinolytica,Colistin,1,0.0,0.0,155,0.9935483870967742
DRIAMS-A,Raoultella ornithinolytica,Cotrimoxazole,1,0.0,0.0,155,0.9935483870967742
DRIAMS-A,Raoultella ornithinolytica,Ertapenem,1,0.0,0.0,155,0.9935483870967742
DRIAMS-A,Raoultella ornithinolytica,Fosfomycin-Trometamol,1,1.0,1.0,155,0.9935483870967742
DRIAMS-A,Raoultella ornithinolytica,Imipenem,1,0.0,0.0,155,0.9935483870967742
DRIAMS-A,Raoultella ornithinolytica,Levofloxacin,1,0.0,0.0,155,0.9935483870967742
DRIAMS-A,Raoultella ornithinolytica,Meropenem,1,0.0,0.0,155,0.9935483870967742
DRIAMS-A,Raoultella ornithinolytica,Norfloxacin,1,0.0,0.0,155,0.9935483870967742
DRIAMS-A,Raoultella ornithinolytica,Piperacillin-Tazobactam,1,0.0,0.0,155,0.9935483870967742
DRIAMS-A,Raoultella ornithinolytica,Tobramycin,1,0.0,0.0,155,0.9935483870967742
DRIAMS-A,Ruminococcus gnavus,Amoxicillin,1,0.0,0.0,13,0.9230769230769231
DRIAMS-A,Ruminococcus gnavus,Clindamycin,1,0.0,0.0,13,0.9230769230769231
DRIAMS-A,Ruminococcus gnavus,Penicillin,1,1.0,1.0,13,0.9230769230769231
DRIAMS-A,Ruminococcus gnavus,Piperacillin-Tazobactam,1,0.0,0.0,13,0.9230769230769231
DRIAMS-A,Ruminococcus gnavus,Vancomycin,1,0.0,0.0,13,0.9230769230769231
DRIAMS-A,Salmonella anatum,Azithromycin,1,0.0,0.0,33,0.9696969696969697
DRIAMS-A,Serratia marcescens,Aminoglycosides,1,0.0,0.0,1219,0.9991796554552912
DRIAMS-A,Serratia marcescens,Amoxicillin-Clavulanic acid_uncomplicated_HWI,1,1.0,1.0,1219,0.9991796554552912
DRIAMS-A,Serratia marcescens,Chloramphenicol,1,0.0,0.0,1219,0.9991796554552912
DRIAMS-A,Serratia marcescens,Moxifloxacin,1,0.0,0.0,1219,0.9991796554552912
DRIAMS-A,Serratia marcescens,Nitrofurantoin,1,1.0,1.0,1219,0.9991796554552912
DRIAMS-A,Serratia marcescens,Quinolones,1,0.0,0.0,1219,0.9991796554552912
DRIAMS-A,Serratia ureilytica,Cefpodoxime,1,1.0,1.0,41,0.975609756097561
DRIAMS-A,Serratia ureilytica,Fosfomycin-Trometamol,1,0.0,0.0,41,0.975609756097561
DRIAMS-A,Serratia ureilytica,Norfloxacin,1,0.0,0.0,41,0.975609756097561
DRIAMS-A,Sphingobacterium spiritivorum,Cefepime,1,1.0,1.0,3,0.6666666666666667
DRIAMS-A,Sphingobacterium spiritivorum,Ciprofloxacin,1,0.0,0.0,3,0.6666666666666667
DRIAMS-A,Sphingobacterium spiritivorum,Cotrimoxazole,1,0.0,0.0,3,0.6666666666666667
DRIAMS-A,Sphingobacterium spiritivorum,Meropenem,1,0.0,0.0,3,0.6666666666666667
DRIAMS-A,Sphingobacterium spiritivorum,Piperacillin-Tazobactam,1,1.0,1.0,3,0.6666666666666667
DRIAMS-A,Sphingomonas sanguinis,Cefepime,1,1.0,1.0,1,0.0
DRIAMS-A,Sphingomonas sanguinis,Ciprofloxacin,1,0.0,0.0,1,0.0
DRIAMS-A,Sphingomonas sanguinis,Cotrimoxazole,1,0.0,0.0,1,0.0
DRIAMS-A,Sphingomonas sanguinis,Meropenem,1,0.0,0.0,1,0.0
DRIAMS-A,Sphingomonas sanguinis,Piperacillin-Tazobactam,1,1.0,1.0,1,0.0
DRIAMS-A,Staphylococcus aureus,Ceftobiprole,1,1.0,1.0,6994,0.999857020303117
DRIAMS-A,Staphylococcus aureus,Ertapenem,1,0.0,0.0,6994,0.999857020303117
DRIAMS-A,Staphylococcus aureus,Fosfomycin,1,0.0,0.0,6994,0.999857020303117
DRIAMS-A,Staphylococcus aureus,Moxifloxacin,1,0.0,0.0,6994,0.999857020303117
DRIAMS-A,Staphylococcus capitis,Cefoxitin_screen,1,0.0,0.0,794,0.9987405541561712
DRIAMS-A,Staphylococcus delphini,Amoxicillin-Clavulanic acid,1,0.0,0.0,1,0.0
DRIAMS-A,Staphylococcus delphini,Ampicillin-Amoxicillin,1,1.0,1.0,1,0.0
DRIAMS-A,Staphylococcus delphini,Cefazolin,1,0.0,0.0,1,0.0
DRIAMS-A,Staphylococcus delphini,Cefepime,1,0.0,0.0,1,0.0
DRIAMS-A,Staphylococcus delphini,Ceftriaxone,1,0.0,0.0,1,0.0
DRIAMS-A,Staphylococcus delphini,Cefuroxime,1,0.0,0.0,1,0.0
DRIAMS-A,Staphylococcus delphini,Ciprofloxacin,1,0.0,0.0,1,0.0
DRIAMS-A,Staphylococcus delphini,Clindamycin,1,0.0,0.0,1,0.0
DRIAMS-A,Staphylococcus delphini,Cotrimoxazole,1,0.0,0.0,1,0.0
DRIAMS-A,Staphylococcus delphini,Daptomycin,1,0.0,0.0,1,0.0
DRIAMS-A,Staphylococcus delphini,Erythromycin,1,0.0,0.0,1,0.0
DRIAMS-A,Staphylococcus delphini,Fusidic acid,1,0.0,0.0,1,0.0
DRIAMS-A,Staphylococcus delphini,Gentamicin,1,0.0,0.0,1,0.0
DRIAMS-A,Staphylococcus delphini,Imipenem,1,0.0,0.0,1,0.0
DRIAMS-A,Staphylococcus delphini,Linezolid,1,0.0,0.0,1,0.0
DRIAMS-A,Staphylococcus delphini,Meropenem,1,0.0,0.0,1,0.0
DRIAMS-A,Staphylococcus delphini,Oxacillin,1,0.0,0.0,1,0.0
DRIAMS-A,Staphylococcus delphini,Penicillin,1,1.0,1.0,1,0.0
DRIAMS-A,Staphylococcus delphini,Piperacillin-Tazobactam,1,0.0,0.0,1,0.0
DRIAMS-A,Staphylococcus delphini,Rifampicin,1,0.0,0.0,1,0.0
DRIAMS-A,Staphylococcus delphini,Teicoplanin,1,0.0,0.0,1,0.0
DRIAMS-A,Staphylococcus delphini,Tetracycline,1,0.0,0.0,1,0.0
DRIAMS-A,Staphylococcus delphini,Tigecycline,1,0.0,0.0,1,0.0
DRIAMS-A,Staphylococcus delphini,Vancomycin,1,0.0,0.0,1,0.0
DRIAMS-A,Staphylococcus intermedius,Cefoxitin_screen,1,0.0,0.0,4,0.75
DRIAMS-A,Staphylococcus saccharolyticus,Ciprofloxacin,1,0.0,0.0,78,0.9871794871794872
DRIAMS-A,Staphylococcus saccharolyticus,Imipenem,1,0.0,0.0,78,0.9871794871794872
DRIAMS-A,Staphylococcus saccharolyticus,Levofloxacin,1,0.0,0.0,78,0.9871794871794872
DRIAMS-A,Staphylococcus simulans,Moxifloxacin,1,0.0,0.0,160,0.99375
DRIAMS-A,Staphylococcus warneri,Moxifloxacin,1,0.0,0.0,222,0.9954954954954955
DRIAMS-A,Stenotrophomonas maltophilia,Amoxicillin-Clavulanic acid,1,0.0,0.0,660,0.9984848484848485
DRIAMS-A,Stenotrophomonas maltophilia,Moxifloxacin,1,0.0,0.0,660,0.9984848484848485
DRIAMS-A,Stenotrophomonas maltophilia,Tetracycline,1,1.0,1.0,660,0.9984848484848485
DRIAMS-A,Streptococcus agalactiae,Ceftriaxone,1,0.0,0.0,2714,0.9996315401621223
DRIAMS-A,Streptococcus agalactiae,Ciprofloxacin,1,1.0,1.0,2714,0.9996315401621223
DRIAMS-A,Streptococcus agalactiae,Imipenem,1,0.0,0.0,2714,0.9996315401621223
DRIAMS-A,Streptococcus agalactiae,Meropenem_with_meningitis,1,0.0,0.0,2714,0.9996315401621223
DRIAMS-A,Streptococcus agalactiae,Meropenem_with_pneumonia,1,0.0,0.0,2714,0.9996315401621223
DRIAMS-A,Streptococcus agalactiae,Rifampicin,1,1.0,1.0,2714,0.9996315401621223
DRIAMS-A,Streptococcus anginosus,Daptomycin,1,0.0,0.0,1868,0.9994646680942184
DRIAMS-A,Streptococcus anginosus,Doxycycline,1,0.0,0.0,1868,0.9994646680942184
DRIAMS-A,Streptococcus anginosus,Erythromycin,1,1.0,1.0,1868,0.9994646680942184
DRIAMS-A,Streptococcus anginosus,Fosfomycin,1,1.0,1.0,1868,0.9994646680942184
DRIAMS-A,Streptococcus anginosus,Rifampicin,1,0.0,0.0,1868,0.9994646680942184
DRIAMS-A,Streptococcus canis,Aminoglycosides,1,1.0,1.0,60,0.9833333333333333
DRIAMS-A,Streptococcus canis,Chloramphenicol,1,0.0,0.0,60,0.9833333333333333
DRIAMS-A,Streptococcus canis,Quinolones,1,1.0,1.0,60,0.9833333333333333
DRIAMS-A,Streptococcus constellatus,Amoxicillin,1,0.0,0.0,810,0.9987654320987654
DRIAMS-A,Streptococcus constellatus,Cefuroxime,1,0.0,0.0,810,0.9987654320987654
DRIAMS-A,Streptococcus constellatus,Fusidic acid,1,1.0,1.0,810,0.9987654320987654
DRIAMS-A,Streptococcus constellatus,Meropenem,1,0.0,0.0,810,0.9987654320987654
DRIAMS-A,Streptococcus cristatus,Penicillin_with_endokarditis,1,0.0,0.0,34,0.9705882352941176
DRIAMS-A,Streptococcus cristatus,Penicillin_without_endokarditis,1,0.0,0.0,34,0.9705882352941176
DRIAMS-A,Streptococcus dysgalactiae,Amoxicillin,1,0.0,0.0,585,0.9982905982905983
DRIAMS-A,Streptococcus dysgalactiae,Rifampicin,1,0.0,0.0,585,0.9982905982905983
DRIAMS-A,Streptococcus equinus,Ceftriaxone,1,0.0,0.0,7,0.8571428571428572
DRIAMS-A,Streptococcus equinus,Clindamycin,1,0.0,0.0,7,0.8571428571428572
DRIAMS-A,Streptococcus equinus,Gentamicin_high_level,1,0.0,0.0,7,0.8571428571428572
DRIAMS-A,Streptococcus equinus,Meropenem,1,0.0,0.0,7,0.8571428571428572
DRIAMS-A,Streptococcus infantis,Ceftriaxone,1,1.0,1.0,18,0.9444444444444444
DRIAMS-A,Streptococcus infantis,Clarithromycin,1,0.0,0.0,18,0.9444444444444444
DRIAMS-A,Streptococcus infantis,Clindamycin,1,0.0,0.0,18,0.9444444444444444
DRIAMS-A,Streptococcus infantis,Gentamicin_high_level,1,0.0,0.0,18,0.9444444444444444
DRIAMS-A,Streptococcus infantis,Levofloxacin,1,0.0,0.0,18,0.9444444444444444
DRIAMS-A,Streptococcus infantis,Meropenem,1,1.0,1.0,18,0.9444444444444444
DRIAMS-A,Streptococcus infantis,Oxacillin,1,0.0,0.0,18,0.9444444444444444
DRIAMS-A,Streptococcus infantis,Penicillin_with_endokarditis,1,1.0,1.0,18,0.9444444444444444
DRIAMS-A,Streptococcus infantis,Penicillin_with_meningitis,1,0.0,0.0,18,0.9444444444444444
DRIAMS-A,Streptococcus infantis,Penicillin_with_other_infections,1,0.0,0.0,18,0.9444444444444444
DRIAMS-A,Streptococcus infantis,Penicillin_with_pneumonia,1,0.0,0.0,18,0.9444444444444444
DRIAMS-A,Streptococcus infantis,Penicillin_without_endokarditis,1,1.0,1.0,18,0.9444444444444444
DRIAMS-A,Streptococcus infantis,Teicoplanin,1,0.0,0.0,18,0.9444444444444444
DRIAMS-A,Streptococcus intermedius,Gentamicin_high_level,1,0.0,0.0,377,0.9973474801061007
DRIAMS-A,Streptococcus mitis,Moxifloxacin,1,0.0,0.0,666,0.9984984984984985
DRIAMS-A,Streptococcus mutans,Ceftriaxone,1,0.0,0.0,26,0.9615384615384616
DRIAMS-A,Streptococcus mutans,Clindamycin,1,0.0,0.0,26,0.9615384615384616
DRIAMS-A,Streptococcus mutans,Gentamicin,1,0.0,0.0,26,0.9615384615384616
DRIAMS-A,Streptococcus mutans,Meropenem,1,0.0,0.0,26,0.9615384615384616
DRIAMS-A,Streptococcus mutans,Penicillin,1,0.0,0.0,26,0.9615384615384616
DRIAMS-A,Streptococcus mutans,Penicillin_with_pneumonia,1,0.0,0.0,26,0.9615384615384616
DRIAMS-A,Streptococcus mutans,Penicillin_without_meningitis,1,0.0,0.0,26,0.9615384615384616
DRIAMS-A,Streptococcus mutans,Vancomycin,1,0.0,0.0,26,0.9615384615384616
DRIAMS-A,Streptococcus oralis,Amoxicillin-Clavulanic acid,1,1.0,1.0,929,0.9989235737351991
DRIAMS-A,Streptococcus oralis,Doxycycline,1,1.0,1.0,929,0.9989235737351991
DRIAMS-A,Streptococcus oralis,Meropenem_with_meningitis,1,0.0,0.0,929,0.9989235737351991
DRIAMS-A,Streptococcus oralis,Meropenem_with_pneumonia,1,0.0,0.0,929,0.9989235737351991
DRIAMS-A,Streptococcus oralis,Minocycline,1,1.0,1.0,929,0.9989235737351991
DRIAMS-A,Streptococcus parasanguinis,Ciprofloxacin,1,0.0,0.0,385,0.9974025974025974
DRIAMS-A,Streptococcus parasanguinis,Teicoplanin,1,0.0,0.0,385,0.9974025974025974
DRIAMS-A,Streptococcus peroris,Gentamicin,1,0.0,0.0,44,0.9772727272727273
DRIAMS-A,Streptococcus pneumoniae,Gentamicin,1,0.0,0.0,426,0.9976525821596244
DRIAMS-A,Streptococcus pseudopneumoniae,Cotrimoxazole,1,0.0,0.0,58,0.9827586206896551
DRIAMS-A,Streptococcus pyogenes,Amoxicillin-Clavulanic acid,1,0.0,0.0,883,0.9988674971687429
DRIAMS-A,Streptococcus salivarius,Clarithromycin,1,0.0,0.0,288,0.9965277777777778
DRIAMS-A,Streptococcus salivarius,Oxacillin,1,0.0,0.0,288,0.9965277777777778
DRIAMS-A,Streptococcus salivarius,Penicillin_with_meningitis,1,0.0,0.0,288,0.9965277777777778
DRIAMS-A,Streptococcus salivarius,Penicillin_with_other_infections,1,0.0,0.0,288,0.9965277777777778
DRIAMS-A,Streptococcus salivarius,Penicillin_with_pneumonia,1,0.0,0.0,288,0.9965277777777778
DRIAMS-A,Streptococcus sanguinis,Amoxicillin-Clavulanic acid,1,1.0,1.0,136,0.9926470588235294
DRIAMS-A,Streptococcus sanguinis,Levofloxacin,1,0.0,0.0,136,0.9926470588235294
DRIAMS-A,Streptococcus sinensis,Penicillin_with_endokarditis,1,0.0,0.0,4,0.75
DRIAMS-A,Streptococcus sinensis,Penicillin_without_endokarditis,1,0.0,0.0,4,0.75
DRIAMS-A,Streptococcus vestibularis,Amoxicillin,1,0.0,0.0,445,0.9977528089887641
DRIAMS-A,Trueperella pyogenes,Cotrimoxazole,1,0.0,0.0,1,0.0
DRIAMS-A,Trueperella pyogenes,Piperacillin-Tazobactam,1,0.0,0.0,1,0.0
DRIAMS-A,Turicella otitidis,Clindamycin,1,1.0,1.0,92,0.9891304347826086
DRIAMS-A,Turicella otitidis,Cotrimoxazole,1,0.0,0.0,92,0.9891304347826086
DRIAMS-A,Veillonella parvula,Imipenem,1,0.0,0.0,133,0.9924812030075187
DRIAMS-A,Veillonella parvula,Meropenem,1,0.0,0.0,133,0.9924812030075187
DRIAMS-A,Veillonella parvula,Metronidazole,1,0.0,0.0,133,0.9924812030075187
DRIAMS-A,Veillonella parvula,Piperacillin-Tazobactam,1,0.0,0.0,133,0.9924812030075187
DRIAMS-A,Yersinia intermedia,Amikacin,1,0.0,0.0,1,0.0
DRIAMS-A,Yersinia intermedia,Amoxicillin-Clavulanic acid,1,1.0,1.0,1,0.0
DRIAMS-A,Yersinia intermedia,Ampicillin-Amoxicillin,1,1.0,1.0,1,0.0
DRIAMS-A,Yersinia intermedia,Cefepime,1,0.0,0.0,1,0.0
DRIAMS-A,Yersinia intermedia,Ceftazidime,1,0.0,0.0,1,0.0
DRIAMS-A,Yersinia intermedia,Ceftriaxone,1,0.0,0.0,1,0.0
DRIAMS-A,Yersinia intermedia,Ciprofloxacin,1,0.0,0.0,1,0.0
DRIAMS-A,Yersinia intermedia,Colistin,1,0.0,0.0,1,0.0
DRIAMS-A,Yersinia intermedia,Cotrimoxazole,1,0.0,0.0,1,0.0
DRIAMS-A,Yersinia intermedia,Ertapenem,1,0.0,0.0,1,0.0
DRIAMS-A,Yersinia intermedia,Imipenem,1,0.0,0.0,1,0.0
DRIAMS-A,Yersinia intermedia,Levofloxacin,1,0.0,0.0,1,0.0
DRIAMS-A,Yersinia intermedia,Meropenem,1,0.0,0.0,1,0.0
DRIAMS-A,Yersinia intermedia,Piperacillin-Tazobactam,1,0.0,0.0,1,0.0
DRIAMS-A,Yersinia intermedia,Tobramycin,1,0.0,0.0,1,0.0
DRIAMS-B,Staphylococcus aureus,Benzylpenicillin,348,227.0,0.6522988505747126,353,0.014164305949008527
DRIAMS-B,Staphylococcus aureus,Ciprofloxacin,348,26.0,0.07471264367816093,353,0.014164305949008527
DRIAMS-B,Staphylococcus aureus,Clindamycin,348,37.0,0.10632183908045977,353,0.014164305949008527
DRIAMS-B,Staphylococcus aureus,Gentamicin,348,8.0,0.022988505747126436,353,0.014164305949008527
DRIAMS-B,Staphylococcus aureus,Levofloxacin,348,26.0,0.07471264367816093,353,0.014164305949008527
DRIAMS-B,Staphylococcus aureus,Rifampicin,348,0.0,0.0,353,0.014164305949008527
DRIAMS-B,Staphylococcus aureus,Erythromycin,347,38.0,0.10951008645533142,353,0.016997167138810165
DRIAMS-B,Staphylococcus aureus,Amoxicillin-Clavulanic acid,346,21.0,0.06069364161849711,353,0.019830028328611915
DRIAMS-B,Staphylococcus aureus,Cefepime,346,21.0,0.06069364161849711,353,0.019830028328611915
DRIAMS-B,Staphylococcus aureus,Fosfomycin,346,2.0,0.005780346820809248,353,0.019830028328611915
DRIAMS-B,Staphylococcus aureus,Fusidic acid,346,20.0,0.057803468208092484,353,0.019830028328611915
DRIAMS-B,Staphylococcus aureus,Linezolid,346,0.0,0.0,353,0.019830028328611915
DRIAMS-B,Staphylococcus aureus,Mupirocin,346,1.0,0.002890173410404624,353,0.019830028328611915
DRIAMS-B,Staphylococcus aureus,Oxacillin,346,21.0,0.06069364161849711,353,0.019830028328611915
DRIAMS-B,Staphylococcus aureus,Teicoplanin,346,0.0,0.0,353,0.019830028328611915
DRIAMS-B,Staphylococcus aureus,Vancomycin,346,0.0,0.0,353,0.019830028328611915
DRIAMS-B,Staphylococcus aureus,Cotrimoxazol,345,7.0,0.020289855072463767,353,0.022662889518413554
DRIAMS-B,Staphylococcus aureus,Tigecycline,345,0.0,0.0,353,0.022662889518413554
DRIAMS-B,Staphylococcus aureus,Tetracycline,343,7.0,0.02040816326530612,353,0.028328611898016942
DRIAMS-B,Staphylococcus aureus,Daptomycin,338,0.0,0.0,353,0.04249291784702547
DRIAMS-B,Staphylococcus epidermidis,Amoxicillin-Clavulanic acid,220,129.0,0.5863636363636363,239,0.07949790794979084
DRIAMS-B,Staphylococcus epidermidis,Benzylpenicillin,220,217.0,0.9863636363636363,239,0.07949790794979084
DRIAMS-B,Staphylococcus epidermidis,Cefepime,220,129.0,0.5863636363636363,239,0.07949790794979084
DRIAMS-B,Staphylococcus epidermidis,Ciprofloxacin,220,94.0,0.42727272727272725,239,0.07949790794979084
DRIAMS-B,Staphylococcus epidermidis,Gentamicin,220,59.0,0.2681818181818182,239,0.07949790794979084
DRIAMS-B,Staphylococcus epidermidis,Levofloxacin,220,94.0,0.42727272727272725,239,0.07949790794979084
DRIAMS-B,Staphylococcus epidermidis,Oxacillin,220,129.0,0.5863636363636363,239,0.07949790794979084
DRIAMS-B,Staphylococcus epidermidis,Rifampicin,220,3.0,0.013636363636363636,239,0.07949790794979084
DRIAMS-B,Staphylococcus epidermidis,Cotrimoxazol,218,57.0,0.26146788990825687,239,0.08786610878661083
DRIAMS-B,Staphylococcus epidermidis,Fosfomycin,218,10.0,0.045871559633027525,239,0.08786610878661083
DRIAMS-B,Staphylococcus epidermidis,Fusidic acid,218,101.0,0.463302752293578,239,0.08786610878661083
DRIAMS-B,Staphylococcus epidermidis,Linezolid,218,0.0,0.0,239,0.08786610878661083
DRIAMS-B,Staphylococcus epidermidis,Mupirocin,218,4.0,0.01834862385321101,239,0.08786610878661083
DRIAMS-B,Staphylococcus epidermidis,Vancomycin,218,0.0,0.0,239,0.08786610878661083
DRIAMS-B,Staphylococcus epidermidis,Tigecycline,217,0.0,0.0,239,0.09205020920502094
DRIAMS-B,Staphylococcus epidermidis,Clindamycin,216,89.0,0.41203703703703703,239,0.09623430962343094
DRIAMS-B,Staphylococcus epidermidis,Erythromycin,216,97.0,0.44907407407407407,239,0.09623430962343094
DRIAMS-B,Staphylococcus epidermidis,Daptomycin,214,1.0,0.004672897196261682,239,0.10460251046025104
DRIAMS-B,Escherichia coli,Amoxicillin-Clavulanic acid,213,76.0,0.3568075117370892,213,0.0
DRIAMS-B,Escherichia coli,Ampicillin,213,136.0,0.6384976525821596,213,0.0
DRIAMS-B,Escherichia coli,Cefepime,213,43.0,0.20187793427230047,213,0.0
DRIAMS-B,Escherichia coli,Cefoxitin,213,27.0,0.1267605633802817,213,0.0
DRIAMS-B,Escherichia coli,Ceftazidime,213,45.0,0.2112676056338028,213,0.0
DRIAMS-B,Escherichia coli,Ceftriaxone,213,45.0,0.2112676056338028,213,0.0
DRIAMS-B,Escherichia coli,Cefuroxime,213,54.0,0.2535211267605634,213,0.0
DRIAMS-B,Escherichia coli,Ciprofloxacin,213,59.0,0.27699530516431925,213,0.0
DRIAMS-B,Escherichia coli,Cotrimoxazol,213,66.0,0.30985915492957744,213,0.0
DRIAMS-B,Escherichia coli,Ertapenem,213,2.0,0.009389671361502348,213,0.0
DRIAMS-B,Escherichia coli,Fosfomycin,213,0.0,0.0,213,0.0
DRIAMS-B,Escherichia coli,Gentamicin,213,27.0,0.1267605633802817,213,0.0
DRIAMS-B,Escherichia coli,Imipenem,213,0.0,0.0,213,0.0
DRIAMS-B,Escherichia coli,Nitrofurantoin,213,3.0,0.014084507042253521,213,0.0
DRIAMS-B,Escherichia coli,Norfloxacin,213,72.0,0.3380281690140845,213,0.0
DRIAMS-B,Escherichia coli,Piperacillin-Tazobactam,213,49.0,0.2300469483568075,213,0.0
DRIAMS-B,Escherichia coli,Amikacin,205,12.0,0.05853658536585366,213,0.03755868544600938
DRIAMS-B,Escherichia coli,Meropenem,205,0.0,0.0,213,0.03755868544600938
DRIAMS-B,Enterococcus faecalis,Ciprofloxacin,172,14.0,0.08139534883720931,172,0.0
DRIAMS-B,Enterococcus faecalis,Levofloxacin,172,14.0,0.08139534883720931,172,0.0
DRIAMS-B,Enterococcus faecalis,Linezolid,172,0.0,0.0,172,0.0
DRIAMS-B,Staphylococcus epidermidis,Tetracycline,172,29.0,0.1686046511627907,239,0.2803347280334728
DRIAMS-B,Enterococcus faecalis,Amoxicillin-Clavulanic acid,171,1.0,0.005847953216374269,172,0.005813953488372103
DRIAMS-B,Enterococcus faecalis,Ampicillin,171,1.0,0.005847953216374269,172,0.005813953488372103
DRIAMS-B,Enterococcus faecalis,Nitrofurantoin,171,5.0,0.029239766081871343,172,0.005813953488372103
DRIAMS-B,Enterococcus faecalis,Piperacillin-Tazobactam,171,1.0,0.005847953216374269,172,0.005813953488372103
DRIAMS-B,Enterococcus faecalis,Teicoplanin,171,1.0,0.005847953216374269,172,0.005813953488372103
DRIAMS-B,Enterococcus faecalis,Tigecycline,171,0.0,0.0,172,0.005813953488372103
DRIAMS-B,Enterococcus faecalis,Vancomycin,171,1.0,0.005847953216374269,172,0.005813953488372103
DRIAMS-B,Enterococcus faecalis,Imipenem,170,1.0,0.0058823529411764705,172,0.011627906976744207
DRIAMS-B,Enterococcus faecalis,Gentamicin_high_level,166,27.0,0.16265060240963855,172,0.03488372093023251
DRIAMS-B,Klebsiella pneumoniae,Amoxicillin-Clavulanic acid,152,24.0,0.15789473684210525,152,0.0
DRIAMS-B,Klebsiella pneumoniae,Ampicillin,152,152.0,1.0,152,0.0
DRIAMS-B,Klebsiella pneumoniae,Cefepime,152,18.0,0.11842105263157894,152,0.0
DRIAMS-B,Klebsiella pneumoniae,Cefoxitin,152,17.0,0.1118421052631579,152,0.0
DRIAMS-B,Klebsiella pneumoniae,Ceftazidime,152,18.0,0.11842105263157894,152,0.0
DRIAMS-B,Klebsiella pneumoniae,Ceftriaxone,152,18.0,0.11842105263157894,152,0.0
DRIAMS-B,Klebsiella pneumoniae,Cefuroxime,152,31.0,0.20394736842105263,152,0.0
DRIAMS-B,Klebsiella pneumoniae,Ciprofloxacin,152,22.0,0.14473684210526316,152,0.0
DRIAMS-B,Klebsiella pneumoniae,Cotrimoxazol,152,12.0,0.07894736842105263,152,0.0
DRIAMS-B,Klebsiella pneumoniae,Ertapenem,152,6.0,0.039473684210526314,152,0.0
DRIAMS-B,Klebsiella pneumoniae,Fosfomycin,152,28.0,0.18421052631578946,152,0.0
DRIAMS-B,Klebsiella pneumoniae,Gentamicin,152,3.0,0.019736842105263157,152,0.0
DRIAMS-B,Klebsiella pneumoniae,Imipenem,152,1.0,0.006578947368421052,152,0.0
DRIAMS-B,Klebsiella pneumoniae,Nitrofurantoin,152,150.0,0.9868421052631579,152,0.0
DRIAMS-B,Klebsiella pneumoniae,Norfloxacin,152,29.0,0.19078947368421054,152,0.0
DRIAMS-B,Klebsiella pneumoniae,Piperacillin-Tazobactam,151,32.0,0.2119205298013245,152,0.006578947368421018
DRIAMS-B,Klebsiella pneumoniae,Amikacin,147,0.0,0.0,152,0.03289473684210531
DRIAMS-B,Klebsiella pneumoniae,Meropenem,147,1.0,0.006802721088435374,152,0.03289473684210531
DRIAMS-B,Pseudomonas aeruginosa,Cefepime,142,5.0,0.035211267605633804,142,0.0
DRIAMS-B,Pseudomonas aeruginosa,Ciprofloxacin,142,16.0,0.11267605633802817,142,0.0
DRIAMS-B,Pseudomonas aeruginosa,Piperacillin-Tazobactam,142,12.0,0.08450704225352113,142,0.0
DRIAMS-B,Pseudomonas aeruginosa,Imipenem,139,15.0,0.1079136690647482,142,0.021126760563380254
DRIAMS-B,Pseudomonas aeruginosa,Ceftazidime,138,2.0,0.014492753623188406,142,0.028169014084507005
DRIAMS-B,Pseudomonas aeruginosa,Amikacin,135,9.0,0.06666666666666667,142,0.04929577464788737
DRIAMS-B,Pseudomonas aeruginosa,Meropenem,129,10.0,0.07751937984496124,142,0.09154929577464788
DRIAMS-B,Proteus mirabilis,Amoxicillin-Clavulanic acid,85,4.0,0.047058823529411764,85,0.0
DRIAMS-B,Proteus mirabilis,Ampicillin,85,29.0,0.3411764705882353,85,0.0
DRIAMS-B,Proteus mirabilis,Cefepime,85,0.0,0.0,85,0.0
DRIAMS-B,Proteus mirabilis,Cefoxitin,85,2.0,0.023529411764705882,85,0.0
DRIAMS-B,Proteus mirabilis,Ceftriaxone,85,1.0,0.011764705882352941,85,0.0
DRIAMS-B,Proteus mirabilis,Ciprofloxacin,85,15.0,0.17647058823529413,85,0.0
DRIAMS-B,Proteus mirabilis,Cotrimoxazol,85,29.0,0.3411764705882353,85,0.0
DRIAMS-B,Proteus mirabilis,Ertapenem,85,0.0,0.0,85,0.0
DRIAMS-B,Proteus mirabilis,Fosfomycin,85,9.0,0.10588235294117647,85,0.0
DRIAMS-B,Proteus mirabilis,Gentamicin,85,8.0,0.09411764705882353,85,0.0
DRIAMS-B,Proteus mirabilis,Nitrofurantoin,85,85.0,1.0,85,0.0
DRIAMS-B,Proteus mirabilis,Norfloxacin,85,15.0,0.17647058823529413,85,0.0
DRIAMS-B,Proteus mirabilis,Piperacillin-Tazobactam,85,1.0,0.011764705882352941,85,0.0
DRIAMS-B,Proteus mirabilis,Cefuroxime,84,0.0,0.0,85,0.0117647058823529
DRIAMS-B,Proteus mirabilis,Amikacin,83,0.0,0.0,85,0.02352941176470591
DRIAMS-B,Proteus mirabilis,Ceftazidime,83,1.0,0.012048192771084338,85,0.02352941176470591
DRIAMS-B,Proteus mirabilis,Imipenem,83,25.0,0.30120481927710846,85,0.02352941176470591
DRIAMS-B,Proteus mirabilis,Meropenem,83,0.0,0.0,85,0.02352941176470591
DRIAMS-B,Streptococcus agalactiae,Amoxicillin-Clavulanic acid,79,0.0,0.0,79,0.0
DRIAMS-B,Streptococcus agalactiae,Ampicillin,79,0.0,0.0,79,0.0
DRIAMS-B,Streptococcus agalactiae,Benzylpenicillin,79,0.0,0.0,79,0.0
DRIAMS-B,Streptococcus agalactiae,Ceftriaxone,79,0.0,0.0,79,0.0
DRIAMS-B,Streptococcus agalactiae,Clarithromycin,79,19.0,0.24050632911392406,79,0.0
DRIAMS-B,Streptococcus agalactiae,Clindamycin,79,14.0,0.17721518987341772,79,0.0
DRIAMS-B,Streptococcus agalactiae,Cotrimoxazol,79,0.0,0.0,79,0.0
DRIAMS-B,Streptococcus agalactiae,Erythromycin,79,19.0,0.24050632911392406,79,0.0
DRIAMS-B,Streptococcus agalactiae,Linezolid,79,0.0,0.0,79,0.0
DRIAMS-B,Streptococcus agalactiae,Tetracycline,79,56.0,0.7088607594936709,79,0.0
DRIAMS-B,Streptococcus agalactiae,Vancomycin,79,0.0,0.0,79,0.0
DRIAMS-B,Streptococcus agalactiae,Levofloxacin,76,6.0,0.07894736842105263,79,0.03797468354430378
DRIAMS-B,Enterococcus faecalis,Strepomycin_high_level,70,21.0,0.3,172,0.5930232558139534
DRIAMS-B,Enterobacter cloacae,Amoxicillin-Clavulanic acid,69,69.0,1.0,69,0.0
DRIAMS-B,Enterobacter cloacae,Ampicillin,69,69.0,1.0,69,0.0
DRIAMS-B,Enterobacter cloacae,Cefepime,69,9.0,0.13043478260869565,69,0.0
DRIAMS-B,Enterobacter cloacae,Cefoxitin,69,69.0,1.0,69,0.0
DRIAMS-B,Enterobacter cloacae,Ceftazidime,69,17.0,0.2463768115942029,69,0.0
DRIAMS-B,Enterobacter cloacae,Ceftriaxone,69,17.0,0.2463768115942029,69,0.0
DRIAMS-B,Enterobacter cloacae,Cefuroxime,69,69.0,1.0,69,0.0
DRIAMS-B,Enterobacter cloacae,Ciprofloxacin,69,1.0,0.014492753623188406,69,0.0
DRIAMS-B,Enterobacter cloacae,Cotrimoxazol,69,1.0,0.014492753623188406,69,0.0
DRIAMS-B,Enterobacter cloacae,Ertapenem,69,11.0,0.15942028985507245,69,0.0
DRIAMS-B,Enterobacter cloacae,Fosfomycin,69,28.0,0.4057971014492754,69,0.0
DRIAMS-B,Enterobacter cloacae,Gentamicin,69,0.0,0.0,69,0.0
DRIAMS-B,Enterobacter cloacae,Imipenem,69,0.0,0.0,69,0.0
DRIAMS-B,Enterobacter cloacae,Nitrofurantoin,69,69.0,1.0,69,0.0
DRIAMS-B,Enterobacter cloacae,Norfloxacin,69,4.0,0.057971014492753624,69,0.0
DRIAMS-B,Enterobacter cloacae,Piperacillin-Tazobactam,68,19.0,0.27941176470588236,69,0.01449275362318836
DRIAMS-B,Enterobacter cloacae,Amikacin,67,0.0,0.0,69,0.02898550724637683
DRIAMS-B,Enterobacter cloacae,Meropenem,67,0.0,0.0,69,0.02898550724637683
DRIAMS-B,Streptococcus pyogenes,Amoxicillin-Clavulanic acid,49,0.0,0.0,49,0.0
DRIAMS-B,Streptococcus pyogenes,Ampicillin,49,0.0,0.0,49,0.0
DRIAMS-B,Streptococcus pyogenes,Benzylpenicillin,49,0.0,0.0,49,0.0
DRIAMS-B,Streptococcus pyogenes,Ceftriaxone,49,0.0,0.0,49,0.0
DRIAMS-B,Streptococcus pyogenes,Clarithromycin,49,5.0,0.10204081632653061,49,0.0
DRIAMS-B,Streptococcus pyogenes,Clindamycin,49,4.0,0.08163265306122448,49,0.0
DRIAMS-B,Streptococcus pyogenes,Cotrimoxazol,49,1.0,0.02040816326530612,49,0.0
DRIAMS-B,Streptococcus pyogenes,Erythromycin,49,5.0,0.10204081632653061,49,0.0
DRIAMS-B,Streptococcus pyogenes,Linezolid,49,0.0,0.0,49,0.0
DRIAMS-B,Streptococcus pyogenes,Tetracycline,49,6.0,0.12244897959183673,49,0.0
DRIAMS-B,Streptococcus pyogenes,Vancomycin,49,0.0,0.0,49,0.0
DRIAMS-B,Streptococcus pyogenes,Levofloxacin,48,0.0,0.0,49,0.020408163265306145
DRIAMS-B,Klebsiella oxytoca,Amoxicillin-Clavulanic acid,46,10.0,0.21739130434782608,46,0.0
DRIAMS-B,Klebsiella oxytoca,Ampicillin,46,46.0,1.0,46,0.0
DRIAMS-B,Klebsiella oxytoca,Cefepime,46,1.0,0.021739130434782608,46,0.0
DRIAMS-B,Klebsiella oxytoca,Ceftriaxone,46,7.0,0.15217391304347827,46,0.0
DRIAMS-B,Klebsiella oxytoca,Cefuroxime,46,8.0,0.17391304347826086,46,0.0
DRIAMS-B,Klebsiella oxytoca,Ciprofloxacin,46,2.0,0.043478260869565216,46,0.0
DRIAMS-B,Klebsiella oxytoca,Cotrimoxazol,46,2.0,0.043478260869565216,46,0.0
DRIAMS-B,Klebsiella oxytoca,Gentamicin,46,3.0,0.06521739130434782,46,0.0
DRIAMS-B,Klebsiella oxytoca,Imipenem,46,0.0,0.0,46,0.0
DRIAMS-B,Klebsiella oxytoca,Piperacillin-Tazobactam,46,7.0,0.15217391304347827,46,0.0
DRIAMS-B,Aerococcus urinae,Ampicillin,44,0.0,0.0,44,0.0
DRIAMS-B,Aerococcus urinae,Benzylpenicillin,44,0.0,0.0,44,0.0
DRIAMS-B,Aerococcus urinae,Ciprofloxacin,44,5.0,0.11363636363636363,44,0.0
DRIAMS-B,Aerococcus urinae,Levofloxacin,44,5.0,0.11363636363636363,44,0.0
DRIAMS-B,Aerococcus urinae,Rifampicin,44,1.0,0.022727272727272728,44,0.0
DRIAMS-B,Klebsiella oxytoca,Amikacin,44,0.0,0.0,46,0.04347826086956519
DRIAMS-B,Klebsiella oxytoca,Meropenem,44,0.0,0.0,46,0.04347826086956519
DRIAMS-B,Klebsiella variicola,Amoxicillin-Clavulanic acid,43,0.0,0.0,43,0.0
DRIAMS-B,Klebsiella variicola,Ampicillin,43,43.0,1.0,43,0.0
DRIAMS-B,Klebsiella variicola,Cefepime,43,0.0,0.0,43,0.0
DRIAMS-B,Klebsiella variicola,Cefoxitin,43,1.0,0.023255813953488372,43,0.0
DRIAMS-B,Klebsiella variicola,Ceftazidime,43,0.0,0.0,43,0.0
DRIAMS-B,Klebsiella variicola,Ceftriaxone,43,0.0,0.0,43,0.0
DRIAMS-B,Klebsiella variicola,Cefuroxime,43,1.0,0.023255813953488372,43,0.0
DRIAMS-B,Klebsiella variicola,Ciprofloxacin,43,1.0,0.023255813953488372,43,0.0
DRIAMS-B,Klebsiella variicola,Cotrimoxazol,43,0.0,0.0,43,0.0
DRIAMS-B,Klebsiella variicola,Ertapenem,43,0.0,0.0,43,0.0
DRIAMS-B,Klebsiella variicola,Fosfomycin,43,10.0,0.23255813953488372,43,0.0
DRIAMS-B,Klebsiella variicola,Gentamicin,43,0.0,0.0,43,0.0
DRIAMS-B,Klebsiella variicola,Imipenem,43,0.0,0.0,43,0.0
DRIAMS-B,Klebsiella variicola,Nitrofurantoin,43,43.0,1.0,43,0.0
DRIAMS-B,Klebsiella variicola,Norfloxacin,43,1.0,0.023255813953488372,43,0.0
DRIAMS-B,Klebsiella variicola,Piperacillin-Tazobactam,43,1.0,0.023255813953488372,43,0.0
DRIAMS-B,Enterococcus faecium,Tigecycline,42,1.0,0.023809523809523808,43,0.023255813953488413
DRIAMS-B,Klebsiella oxytoca,Cefoxitin,42,1.0,0.023809523809523808,46,0.08695652173913049
DRIAMS-B,Klebsiella oxytoca,Ceftazidime,42,1.0,0.023809523809523808,46,0.08695652173913049
DRIAMS-B,Klebsiella oxytoca,Ertapenem,42,0.0,0.0,46,0.08695652173913049
DRIAMS-B,Klebsiella oxytoca,Fosfomycin,42,12.0,0.2857142857142857,46,0.08695652173913049
DRIAMS-B,Klebsiella oxytoca,Nitrofurantoin,42,41.0,0.9761904761904762,46,0.08695652173913049
DRIAMS-B,Klebsiella oxytoca,Norfloxacin,42,5.0,0.11904761904761904,46,0.08695652173913049
DRIAMS-B,Enterococcus faecium,Amoxicillin-Clavulanic acid,41,35.0,0.8536585365853658,43,0.046511627906976716
DRIAMS-B,Enterococcus faecium,Ampicillin,41,35.0,0.8536585365853658,43,0.046511627906976716
DRIAMS-B,Enterococcus faecium,Ciprofloxacin,41,27.0,0.6585365853658537,43,0.046511627906976716
DRIAMS-B,Enterococcus faecium,Gentamicin_high_level,41,8.0,0.1951219512195122,43,0.046511627906976716
DRIAMS-B,Enterococcus faecium,Imipenem,41,35.0,0.8536585365853658,43,0.046511627906976716
DRIAMS-B,Enterococcus faecium,Levofloxacin,41,27.0,0.6585365853658537,43,0.046511627906976716
DRIAMS-B,Enterococcus faecium,Linezolid,41,0.0,0.0,43,0.046511627906976716
DRIAMS-B,Enterococcus faecium,Piperacillin-Tazobactam,41,35.0,0.8536585365853658,43,0.046511627906976716
DRIAMS-B,Enterococcus faecium,Teicoplanin,41,8.0,0.1951219512195122,43,0.046511627906976716
DRIAMS-B,Enterococcus faecium,Vancomycin,41,13.0,0.3170731707317073,43,0.046511627906976716
DRIAMS-B,Klebsiella variicola,Amikacin,41,0.0,0.0,43,0.046511627906976716
DRIAMS-B,Klebsiella variicola,Meropenem,41,0.0,0.0,43,0.046511627906976716
DRIAMS-B,Citrobacter koseri,Amoxicillin-Clavulanic acid,40,0.0,0.0,40,0.0
DRIAMS-B,Citrobacter koseri,Ampicillin,40,40.0,1.0,40,0.0
DRIAMS-B,Citrobacter koseri,Cefepime,40,0.0,0.0,40,0.0
DRIAMS-B,Citrobacter koseri,Cefoxitin,40,1.0,0.025,40,0.0
DRIAMS-B,Citrobacter koseri,Ceftazidime,40,0.0,0.0,40,0.0
DRIAMS-B,Citrobacter koseri,Ceftriaxone,40,0.0,0.0,40,0.0
DRIAMS-B,Citrobacter koseri,Cefuroxime,40,13.0,0.325,40,0.0
DRIAMS-B,Citrobacter koseri,Ciprofloxacin,40,0.0,0.0,40,0.0
DRIAMS-B,Citrobacter koseri,Cotrimoxazol,40,0.0,0.0,40,0.0
DRIAMS-B,Citrobacter koseri,Ertapenem,40,0.0,0.0,40,0.0
DRIAMS-B,Citrobacter koseri,Fosfomycin,40,1.0,0.025,40,0.0
DRIAMS-B,Citrobacter koseri,Gentamicin,40,0.0,0.0,40,0.0
DRIAMS-B,Citrobacter koseri,Imipenem,40,0.0,0.0,40,0.0
DRIAMS-B,Citrobacter koseri,Nitrofurantoin,40,0.0,0.0,40,0.0
DRIAMS-B,Citrobacter koseri,Norfloxacin,40,2.0,0.05,40,0.0
DRIAMS-B,Citrobacter koseri,Amikacin,39,0.0,0.0,40,0.025000000000000022
DRIAMS-B,Citrobacter koseri,Meropenem,39,0.0,0.0,40,0.025000000000000022
DRIAMS-B,Citrobacter koseri,Piperacillin-Tazobactam,39,2.0,0.05128205128205128,40,0.025000000000000022
DRIAMS-B,Staphylococcus hominis,Benzylpenicillin,38,38.0,1.0,39,0.02564102564102566
DRIAMS-B,Staphylococcus hominis,Ciprofloxacin,38,1.0,0.02631578947368421,39,0.02564102564102566
DRIAMS-B,Staphylococcus hominis,Cotrimoxazol,38,2.0,0.05263157894736842,39,0.02564102564102566
DRIAMS-B,Staphylococcus hominis,Fosfomycin,38,38.0,1.0,39,0.02564102564102566
DRIAMS-B,Staphylococcus hominis,Fusidic acid,38,16.0,0.42105263157894735,39,0.02564102564102566
DRIAMS-B,Staphylococcus hominis,Gentamicin,38,0.0,0.0,39,0.02564102564102566
DRIAMS-B,Staphylococcus hominis,Levofloxacin,38,1.0,0.02631578947368421,39,0.02564102564102566
DRIAMS-B,Staphylococcus hominis,Linezolid,38,0.0,0.0,39,0.02564102564102566
DRIAMS-B,Staphylococcus hominis,Mupirocin,38,4.0,0.10526315789473684,39,0.02564102564102566
DRIAMS-B,Staphylococcus hominis,Rifampicin,38,0.0,0.0,39,0.02564102564102566
DRIAMS-B,Staphylococcus hominis,Tigecycline,38,0.0,0.0,39,0.02564102564102566
DRIAMS-B,Staphylococcus hominis,Vancomycin,38,0.0,0.0,39,0.02564102564102566
DRIAMS-B,Staphylococcus hominis,Clindamycin,37,14.0,0.3783783783783784,39,0.05128205128205132
DRIAMS-B,Staphylococcus hominis,Erythromycin,37,18.0,0.4864864864864865,39,0.05128205128205132
DRIAMS-B,Enterococcus faecium,Nitrofurantoin,36,5.0,0.1388888888888889,43,0.16279069767441856
DRIAMS-B,Staphylococcus hominis,Amoxicillin-Clavulanic acid,35,10.0,0.2857142857142857,39,0.10256410256410253
DRIAMS-B,Staphylococcus hominis,Cefepime,35,10.0,0.2857142857142857,39,0.10256410256410253
DRIAMS-B,Staphylococcus hominis,Daptomycin,35,0.0,0.0,39,0.10256410256410253
DRIAMS-B,Staphylococcus hominis,Oxacillin,35,10.0,0.2857142857142857,39,0.10256410256410253
DRIAMS-B,Staphylococcus haemolyticus,Teicoplanin,32,1.0,0.03125,33,0.030303030303030276
DRIAMS-B,Staphylococcus hominis,Tetracycline,32,6.0,0.1875,39,0.17948717948717952
DRIAMS-B,Morganella morganii,Amoxicillin-Clavulanic acid,31,31.0,1.0,31,0.0
DRIAMS-B,Morganella morganii,Ampicillin,31,31.0,1.0,31,0.0
DRIAMS-B,Morganella morganii,Cefepime,31,0.0,0.0,31,0.0
DRIAMS-B,Morganella morganii,Cefoxitin,31,27.0,0.8709677419354839,31,0.0
DRIAMS-B,Morganella morganii,Ceftazidime,31,1.0,0.03225806451612903,31,0.0
DRIAMS-B,Morganella morganii,Ceftriaxone,31,1.0,0.03225806451612903,31,0.0
DRIAMS-B,Morganella morganii,Cefuroxime,31,31.0,1.0,31,0.0
DRIAMS-B,Morganella morganii,Ciprofloxacin,31,4.0,0.12903225806451613,31,0.0
DRIAMS-B,Morganella morganii,Cotrimoxazol,31,4.0,0.12903225806451613,31,0.0
DRIAMS-B,Morganella morganii,Ertapenem,31,0.0,0.0,31,0.0
DRIAMS-B,Morganella morganii,Gentamicin,31,1.0,0.03225806451612903,31,0.0
DRIAMS-B,Morganella morganii,Imipenem,31,7.0,0.22580645161290322,31,0.0
DRIAMS-B,Morganella morganii,Nitrofurantoin,31,31.0,1.0,31,0.0
DRIAMS-B,Morganella morganii,Norfloxacin,31,4.0,0.12903225806451613,31,0.0
DRIAMS-B,Morganella morganii,Piperacillin-Tazobactam,31,0.0,0.0,31,0.0
DRIAMS-B,Morganella morganii,Fosfomycin,30,30.0,1.0,31,0.032258064516129004
DRIAMS-B,Staphylococcus caprae,Teicoplanin,30,0.0,0.0,30,0.0
DRIAMS-B,Staphylococcus caprae,Tetracycline,30,2.0,0.06666666666666667,30,0.0
DRIAMS-B,Staphylococcus epidermidis,Teicoplanin,30,0.0,0.0,239,0.8744769874476988
DRIAMS-B,Morganella morganii,Amikacin,29,0.0,0.0,31,0.06451612903225812
DRIAMS-B,Morganella morganii,Meropenem,29,0.0,0.0,31,0.06451612903225812
DRIAMS-B,Staphylococcus capitis,Teicoplanin,29,0.0,0.0,29,0.0
DRIAMS-B,Staphylococcus haemolyticus,Amoxicillin-Clavulanic acid,27,20.0,0.7407407407407407,33,0.18181818181818177
DRIAMS-B,Staphylococcus haemolyticus,Benzylpenicillin,27,27.0,1.0,33,0.18181818181818177
DRIAMS-B,Staphylococcus haemolyticus,Cefepime,27,20.0,0.7407407407407407,33,0.18181818181818177
DRIAMS-B,Staphylococcus haemolyticus,Ciprofloxacin,27,19.0,0.7037037037037037,33,0.18181818181818177
DRIAMS-B,Staphylococcus haemolyticus,Cotrimoxazol,27,11.0,0.4074074074074074,33,0.18181818181818177
DRIAMS-B,Staphylococcus haemolyticus,Daptomycin,27,0.0,0.0,33,0.18181818181818177
DRIAMS-B,Staphylococcus haemolyticus,Fosfomycin,27,24.0,0.8888888888888888,33,0.18181818181818177
DRIAMS-B,Staphylococcus haemolyticus,Fusidic acid,27,10.0,0.37037037037037035,33,0.18181818181818177
DRIAMS-B,Staphylococcus haemolyticus,Gentamicin,27,19.0,0.7037037037037037,33,0.18181818181818177
DRIAMS-B,Staphylococcus haemolyticus,Levofloxacin,27,19.0,0.7037037037037037,33,0.18181818181818177
DRIAMS-B,Staphylococcus haemolyticus,Linezolid,27,0.0,0.0,33,0.18181818181818177
DRIAMS-B,Staphylococcus haemolyticus,Mupirocin,27,1.0,0.037037037037037035,33,0.18181818181818177
DRIAMS-B,Staphylococcus haemolyticus,Oxacillin,27,20.0,0.7407407407407407,33,0.18181818181818177
DRIAMS-B,Staphylococcus haemolyticus,Rifampicin,27,6.0,0.2222222222222222,33,0.18181818181818177
DRIAMS-B,Staphylococcus haemolyticus,Tigecycline,27,1.0,0.037037037037037035,33,0.18181818181818177
DRIAMS-B,Staphylococcus haemolyticus,Vancomycin,27,0.0,0.0,33,0.18181818181818177
DRIAMS-B,Streptococcus dysgalactiae,Amoxicillin-Clavulanic acid,27,0.0,0.0,27,0.0
DRIAMS-B,Streptococcus dysgalactiae,Ampicillin,27,0.0,0.0,27,0.0
DRIAMS-B,Streptococcus dysgalactiae,Benzylpenicillin,27,0.0,0.0,27,0.0
DRIAMS-B,Streptococcus dysgalactiae,Ceftriaxone,27,0.0,0.0,27,0.0
DRIAMS-B,Streptococcus dysgalactiae,Clarithromycin,27,6.0,0.2222222222222222,27,0.0
DRIAMS-B,Streptococcus dysgalactiae,Clindamycin,27,6.0,0.2222222222222222,27,0.0
DRIAMS-B,Streptococcus dysgalactiae,Erythromycin,27,6.0,0.2222222222222222,27,0.0
DRIAMS-B,Streptococcus dysgalactiae,Levofloxacin,27,1.0,0.037037037037037035,27,0.0
DRIAMS-B,Staphylococcus capitis,Amoxicillin-Clavulanic acid,26,2.0,0.07692307692307693,29,0.10344827586206895
DRIAMS-B,Staphylococcus capitis,Benzylpenicillin,26,26.0,1.0,29,0.10344827586206895
DRIAMS-B,Staphylococcus capitis,Cefepime,26,2.0,0.07692307692307693,29,0.10344827586206895
DRIAMS-B,Staphylococcus capitis,Ciprofloxacin,26,2.0,0.07692307692307693,29,0.10344827586206895
DRIAMS-B,Staphylococcus capitis,Clindamycin,26,10.0,0.38461538461538464,29,0.10344827586206895
DRIAMS-B,Staphylococcus capitis,Cotrimoxazol,26,0.0,0.0,29,0.10344827586206895
DRIAMS-B,Staphylococcus capitis,Erythromycin,26,10.0,0.38461538461538464,29,0.10344827586206895
DRIAMS-B,Staphylococcus capitis,Fosfomycin,26,24.0,0.9230769230769231,29,0.10344827586206895
DRIAMS-B,Staphylococcus capitis,Fusidic acid,26,12.0,0.46153846153846156,29,0.10344827586206895
DRIAMS-B,Staphylococcus capitis,Gentamicin,26,0.0,0.0,29,0.10344827586206895
DRIAMS-B,Staphylococcus capitis,Levofloxacin,26,2.0,0.07692307692307693,29,0.10344827586206895
DRIAMS-B,Staphylococcus capitis,Linezolid,26,0.0,0.0,29,0.10344827586206895
DRIAMS-B,Staphylococcus capitis,Mupirocin,26,0.0,0.0,29,0.10344827586206895
DRIAMS-B,Staphylococcus capitis,Oxacillin,26,2.0,0.07692307692307693,29,0.10344827586206895
DRIAMS-B,Staphylococcus capitis,Rifampicin,26,0.0,0.0,29,0.10344827586206895
DRIAMS-B,Staphylococcus capitis,Tetracycline,26,0.0,0.0,29,0.10344827586206895
DRIAMS-B,Staphylococcus capitis,Tigecycline,26,0.0,0.0,29,0.10344827586206895
DRIAMS-B,Staphylococcus capitis,Vancomycin,26,0.0,0.0,29,0.10344827586206895
DRIAMS-B,Staphylococcus haemolyticus,Tetracycline,26,10.0,0.38461538461538464,33,0.21212121212121215
DRIAMS-B,Staphylococcus lugdunensis,Teicoplanin,26,0.0,0.0,27,0.03703703703703709
DRIAMS-B,Staphylococcus lugdunensis,Amoxicillin-Clavulanic acid,25,1.0,0.04,27,0.07407407407407407
DRIAMS-B,Staphylococcus lugdunensis,Benzylpenicillin,25,6.0,0.24,27,0.07407407407407407
DRIAMS-B,Staphylococcus lugdunensis,Cefepime,25,1.0,0.04,27,0.07407407407407407
DRIAMS-B,Staphylococcus lugdunensis,Ciprofloxacin,25,0.0,0.0,27,0.07407407407407407
DRIAMS-B,Staphylococcus lugdunensis,Cotrimoxazol,25,0.0,0.0,27,0.07407407407407407
DRIAMS-B,Staphylococcus lugdunensis,Daptomycin,25,0.0,0.0,27,0.07407407407407407
DRIAMS-B,Staphylococcus lugdunensis,Erythromycin,25,0.0,0.0,27,0.07407407407407407
DRIAMS-B,Staphylococcus lugdunensis,Fosfomycin,25,0.0,0.0,27,0.07407407407407407
DRIAMS-B,Staphylococcus lugdunensis,Fusidic acid,25,0.0,0.0,27,0.07407407407407407
DRIAMS-B,Staphylococcus lugdunensis,Gentamicin,25,0.0,0.0,27,0.07407407407407407
DRIAMS-B,Staphylococcus lugdunensis,Levofloxacin,25,0.0,0.0,27,0.07407407407407407
DRIAMS-B,Staphylococcus lugdunensis,Linezolid,25,0.0,0.0,27,0.07407407407407407
DRIAMS-B,Staphylococcus lugdunensis,Mupirocin,25,0.0,0.0,27,0.07407407407407407
DRIAMS-B,Staphylococcus lugdunensis,Rifampicin,25,0.0,0.0,27,0.07407407407407407
DRIAMS-B,Staphylococcus lugdunensis,Tetracycline,25,0.0,0.0,27,0.07407407407407407
DRIAMS-B,Staphylococcus lugdunensis,Tigecycline,25,0.0,0.0,27,0.07407407407407407
DRIAMS-B,Staphylococcus lugdunensis,Vancomycin,25,0.0,0.0,27,0.07407407407407407
DRIAMS-B,Enterobacter aerogenes,Amikacin,24,0.0,0.0,24,0.0
DRIAMS-B,Enterobacter aerogenes,Amoxicillin-Clavulanic acid,24,24.0,1.0,24,0.0
DRIAMS-B,Enterobacter aerogenes,Ampicillin,24,24.0,1.0,24,0.0
DRIAMS-B,Enterobacter aerogenes,Cefepime,24,1.0,0.041666666666666664,24,0.0
DRIAMS-B,Enterobacter aerogenes,Cefoxitin,24,24.0,1.0,24,0.0
DRIAMS-B,Enterobacter aerogenes,Ceftazidime,24,5.0,0.20833333333333334,24,0.0
DRIAMS-B,Enterobacter aerogenes,Ceftriaxone,24,5.0,0.20833333333333334,24,0.0
DRIAMS-B,Enterobacter aerogenes,Cefuroxime,24,21.0,0.875,24,0.0
DRIAMS-B,Enterobacter aerogenes,Ciprofloxacin,24,3.0,0.125,24,0.0
DRIAMS-B,Enterobacter aerogenes,Cotrimoxazol,24,0.0,0.0,24,0.0
DRIAMS-B,Enterobacter aerogenes,Ertapenem,24,0.0,0.0,24,0.0
DRIAMS-B,Enterobacter aerogenes,Fosfomycin,24,5.0,0.20833333333333334,24,0.0
DRIAMS-B,Enterobacter aerogenes,Gentamicin,24,0.0,0.0,24,0.0
DRIAMS-B,Enterobacter aerogenes,Imipenem,24,0.0,0.0,24,0.0
DRIAMS-B,Enterobacter aerogenes,Meropenem,24,0.0,0.0,24,0.0
DRIAMS-B,Enterobacter aerogenes,Nitrofurantoin,24,24.0,1.0,24,0.0
DRIAMS-B,Enterobacter aerogenes,Norfloxacin,24,3.0,0.125,24,0.0
DRIAMS-B,Enterobacter aerogenes,Piperacillin-Tazobactam,24,8.0,0.3333333333333333,24,0.0
DRIAMS-B,Staphylococcus capitis,Daptomycin,24,0.0,0.0,29,0.1724137931034483
DRIAMS-B,Staphylococcus caprae,Amoxicillin-Clavulanic acid,24,0.0,0.0,30,0.19999999999999996
DRIAMS-B,Staphylococcus caprae,Benzylpenicillin,24,23.0,0.9583333333333334,30,0.19999999999999996
DRIAMS-B,Staphylococcus caprae,Cefepime,24,0.0,0.0,30,0.19999999999999996
DRIAMS-B,Staphylococcus caprae,Ciprofloxacin,24,0.0,0.0,30,0.19999999999999996
DRIAMS-B,Staphylococcus caprae,Clindamycin,24,0.0,0.0,30,0.19999999999999996
DRIAMS-B,Staphylococcus caprae,Cotrimoxazol,24,0.0,0.0,30,0.19999999999999996
DRIAMS-B,Staphylococcus caprae,Daptomycin,24,0.0,0.0,30,0.19999999999999996
DRIAMS-B,Staphylococcus caprae,Erythromycin,24,0.0,0.0,30,0.19999999999999996
DRIAMS-B,Staphylococcus caprae,Fosfomycin,24,20.0,0.8333333333333334,30,0.19999999999999996
DRIAMS-B,Staphylococcus caprae,Fusidic acid,24,6.0,0.25,30,0.19999999999999996
DRIAMS-B,Staphylococcus caprae,Gentamicin,24,0.0,0.0,30,0.19999999999999996
DRIAMS-B,Staphylococcus caprae,Levofloxacin,24,0.0,0.0,30,0.19999999999999996
DRIAMS-B,Staphylococcus caprae,Linezolid,24,0.0,0.0,30,0.19999999999999996
DRIAMS-B,Staphylococcus caprae,Mupirocin,24,0.0,0.0,30,0.19999999999999996
DRIAMS-B,Staphylococcus caprae,Oxacillin,24,0.0,0.0,30,0.19999999999999996
DRIAMS-B,Staphylococcus caprae,Rifampicin,24,0.0,0.0,30,0.19999999999999996
DRIAMS-B,Staphylococcus caprae,Tigecycline,24,0.0,0.0,30,0.19999999999999996
DRIAMS-B,Staphylococcus caprae,Vancomycin,24,0.0,0.0,30,0.19999999999999996
DRIAMS-B,Staphylococcus lugdunensis,Clindamycin,24,0.0,0.0,27,0.11111111111111116
DRIAMS-B,Streptococcus dysgalactiae,Cotrimoxazol,24,0.0,0.0,27,0.11111111111111116
DRIAMS-B,Streptococcus dysgalactiae,Linezolid,24,0.0,0.0,27,0.11111111111111116
DRIAMS-B,Streptococcus dysgalactiae,Tetracycline,24,6.0,0.25,27,0.11111111111111116
DRIAMS-B,Streptococcus dysgalactiae,Vancomycin,24,0.0,0.0,27,0.11111111111111116
DRIAMS-B,Staphylococcus haemolyticus,Clindamycin,23,16.0,0.6956521739130435,33,0.303030303030303
DRIAMS-B,Staphylococcus haemolyticus,Erythromycin,23,21.0,0.9130434782608695,33,0.303030303030303
DRIAMS-B,Streptococcus pneumoniae,Benzylpenicillin_others,23,2.0,0.08695652173913043,23,0.0
DRIAMS-B,Streptococcus pneumoniae,Benzylpenicillin_with_meningitis,23,2.0,0.08695652173913043,23,0.0
DRIAMS-B,Streptococcus pneumoniae,Benzylpenicillin_with_pneumonia,23,1.0,0.043478260869565216,23,0.0
DRIAMS-B,Streptococcus pneumoniae,Ceftriaxone,23,1.0,0.043478260869565216,23,0.0
DRIAMS-B,Streptococcus pneumoniae,Clarithromycin,23,2.0,0.08695652173913043,23,0.0
DRIAMS-B,Streptococcus pneumoniae,Erythromycin,23,2.0,0.08695652173913043,23,0.0
DRIAMS-B,Staphylococcus lugdunensis,Oxacillin,22,1.0,0.045454545454545456,27,0.18518518518518523
DRIAMS-B,Streptococcus anginosus,Ceftriaxone,22,0.0,0.0,22,0.0
DRIAMS-B,Streptococcus anginosus,Clindamycin,22,2.0,0.09090909090909091,22,0.0
DRIAMS-B,Streptococcus pneumoniae,Levofloxacin,22,0.0,0.0,23,0.04347826086956519
DRIAMS-B,Campylobacter jejuni,Ciprofloxacin,21,15.0,0.7142857142857143,21,0.0
DRIAMS-B,Campylobacter jejuni,Erythromycin,21,0.0,0.0,21,0.0
DRIAMS-B,Streptococcus anginosus,Ampicillin,20,0.0,0.0,22,0.09090909090909094
DRIAMS-B,Streptococcus anginosus,Benzylpenicillin,20,0.0,0.0,22,0.09090909090909094
DRIAMS-B,Streptococcus anginosus,Vancomycin,20,0.0,0.0,22,0.09090909090909094
DRIAMS-B,Proteus vulgaris,Amoxicillin-Clavulanic acid,18,2.0,0.1111111111111111,18,0.0
DRIAMS-B,Proteus vulgaris,Ampicillin,18,18.0,1.0,18,0.0
DRIAMS-B,Proteus vulgaris,Cefepime,18,0.0,0.0,18,0.0
DRIAMS-B,Proteus vulgaris,Cefoxitin,18,0.0,0.0,18,0.0
DRIAMS-B,Proteus vulgaris,Ceftazidime,18,0.0,0.0,18,0.0
DRIAMS-B,Proteus vulgaris,Ceftriaxone,18,0.0,0.0,18,0.0
DRIAMS-B,Proteus vulgaris,Cefuroxime,18,18.0,1.0,18,0.0
DRIAMS-B,Proteus vulgaris,Ciprofloxacin,18,0.0,0.0,18,0.0
DRIAMS-B,Proteus vulgaris,Cotrimoxazol,18,2.0,0.1111111111111111,18,0.0
DRIAMS-B,Proteus vulgaris,Ertapenem,18,0.0,0.0,18,0.0
DRIAMS-B,Proteus vulgaris,Fosfomycin,18,1.0,0.05555555555555555,18,0.0
DRIAMS-B,Proteus vulgaris,Gentamicin,18,0.0,0.0,18,0.0
DRIAMS-B,Proteus vulgaris,Imipenem,18,8.0,0.4444444444444444,18,0.0
DRIAMS-B,Proteus vulgaris,Nitrofurantoin,18,18.0,1.0,18,0.0
DRIAMS-B,Proteus vulgaris,Norfloxacin,18,0.0,0.0,18,0.0
DRIAMS-B,Proteus vulgaris,Piperacillin-Tazobactam,18,0.0,0.0,18,0.0
DRIAMS-B,Streptococcus pneumoniae,Amoxicillin-Clavulanic acid,18,1.0,0.05555555555555555,23,0.21739130434782605
DRIAMS-B,Streptococcus pneumoniae,Ampicillin,18,1.0,0.05555555555555555,23,0.21739130434782605
DRIAMS-B,Streptococcus pneumoniae,Clindamycin,18,2.0,0.1111111111111111,23,0.21739130434782605
DRIAMS-B,Streptococcus pneumoniae,Linezolid,18,0.0,0.0,23,0.21739130434782605
DRIAMS-B,Streptococcus pneumoniae,Tetracycline,18,2.0,0.1111111111111111,23,0.21739130434782605
DRIAMS-B,Streptococcus pneumoniae,Vancomycin,18,0.0,0.0,23,0.21739130434782605
DRIAMS-B,Enterobacter kobei,Amikacin,17,0.0,0.0,17,0.0
DRIAMS-B,Enterobacter kobei,Amoxicillin-Clavulanic acid,17,17.0,1.0,17,0.0
DRIAMS-B,Enterobacter kobei,Ampicillin,17,17.0,1.0,17,0.0
DRIAMS-B,Enterobacter kobei,Cefepime,17,1.0,0.058823529411764705,17,0.0
DRIAMS-B,Enterobacter kobei,Cefoxitin,17,17.0,1.0,17,0.0
DRIAMS-B,Enterobacter kobei,Ceftazidime,17,3.0,0.17647058823529413,17,0.0
DRIAMS-B,Enterobacter kobei,Ceftriaxone,17,3.0,0.17647058823529413,17,0.0
DRIAMS-B,Enterobacter kobei,Cefuroxime,17,17.0,1.0,17,0.0
DRIAMS-B,Enterobacter kobei,Ciprofloxacin,17,0.0,0.0,17,0.0
DRIAMS-B,Enterobacter kobei,Cotrimoxazol,17,1.0,0.058823529411764705,17,0.0
DRIAMS-B,Enterobacter kobei,Ertapenem,17,1.0,0.058823529411764705,17,0.0
DRIAMS-B,Enterobacter kobei,Fosfomycin,17,9.0,0.5294117647058824,17,0.0
DRIAMS-B,Enterobacter kobei,Gentamicin,17,0.0,0.0,17,0.0
DRIAMS-B,Enterobacter kobei,Imipenem,17,0.0,0.0,17,0.0
DRIAMS-B,Enterobacter kobei,Meropenem,17,0.0,0.0,17,0.0
DRIAMS-B,Enterobacter kobei,Nitrofurantoin,17,16.0,0.9411764705882353,17,0.0
DRIAMS-B,Enterobacter kobei,Norfloxacin,17,1.0,0.058823529411764705,17,0.0
DRIAMS-B,Enterobacter kobei,Piperacillin-Tazobactam,17,3.0,0.17647058823529413,17,0.0
DRIAMS-B,Proteus vulgaris,Amikacin,17,0.0,0.0,18,0.05555555555555558
DRIAMS-B,Proteus vulgaris,Meropenem,17,0.0,0.0,18,0.05555555555555558
DRIAMS-B,Streptococcus oralis,Ampicillin,17,0.0,0.0,17,0.0
DRIAMS-B,Streptococcus oralis,Benzylpenicillin,17,0.0,0.0,17,0.0
DRIAMS-B,Streptococcus oralis,Ceftriaxone,17,0.0,0.0,17,0.0
DRIAMS-B,Streptococcus oralis,Clindamycin,17,0.0,0.0,17,0.0
DRIAMS-B,Streptococcus oralis,Vancomycin,17,0.0,0.0,17,0.0
DRIAMS-B,Streptococcus pneumoniae,Cotrimoxazol,17,1.0,0.058823529411764705,23,0.26086956521739135
DRIAMS-B,Serratia marcescens,Amoxicillin-Clavulanic acid,16,16.0,1.0,16,0.0
DRIAMS-B,Serratia marcescens,Ampicillin,16,16.0,1.0,16,0.0
DRIAMS-B,Serratia marcescens,Cefepime,16,0.0,0.0,16,0.0
DRIAMS-B,Serratia marcescens,Cefoxitin,16,16.0,1.0,16,0.0
DRIAMS-B,Serratia marcescens,Ceftazidime,16,0.0,0.0,16,0.0
DRIAMS-B,Serratia marcescens,Ceftriaxone,16,2.0,0.125,16,0.0
DRIAMS-B,Serratia marcescens,Cefuroxime,16,16.0,1.0,16,0.0
DRIAMS-B,Serratia marcescens,Ciprofloxacin,16,0.0,0.0,16,0.0
DRIAMS-B,Serratia marcescens,Cotrimoxazol,16,0.0,0.0,16,0.0
DRIAMS-B,Serratia marcescens,Ertapenem,16,0.0,0.0,16,0.0
DRIAMS-B,Serratia marcescens,Fosfomycin,16,4.0,0.25,16,0.0
DRIAMS-B,Serratia marcescens,Gentamicin,16,2.0,0.125,16,0.0
DRIAMS-B,Serratia marcescens,Nitrofurantoin,16,16.0,1.0,16,0.0
DRIAMS-B,Serratia marcescens,Norfloxacin,16,1.0,0.0625,16,0.0
DRIAMS-B,Serratia marcescens,Piperacillin-Tazobactam,16,2.0,0.125,16,0.0
DRIAMS-B,Citrobacter freundii,Amoxicillin-Clavulanic acid,15,15.0,1.0,15,0.0
DRIAMS-B,Citrobacter freundii,Ampicillin,15,15.0,1.0,15,0.0
DRIAMS-B,Citrobacter freundii,Cefepime,15,2.0,0.13333333333333333,15,0.0
DRIAMS-B,Citrobacter freundii,Cefoxitin,15,15.0,1.0,15,0.0
DRIAMS-B,Citrobacter freundii,Ceftazidime,15,5.0,0.3333333333333333,15,0.0
DRIAMS-B,Citrobacter freundii,Ceftriaxone,15,5.0,0.3333333333333333,15,0.0
DRIAMS-B,Citrobacter freundii,Cefuroxime,15,7.0,0.4666666666666667,15,0.0
DRIAMS-B,Citrobacter freundii,Ciprofloxacin,15,0.0,0.0,15,0.0
DRIAMS-B,Citrobacter freundii,Cotrimoxazol,15,0.0,0.0,15,0.0
DRIAMS-B,Citrobacter freundii,Ertapenem,15,0.0,0.0,15,0.0
DRIAMS-B,Citrobacter freundii,Fosfomycin,15,1.0,0.06666666666666667,15,0.0
DRIAMS-B,Citrobacter freundii,Gentamicin,15,0.0,0.0,15,0.0
DRIAMS-B,Citrobacter freundii,Imipenem,15,0.0,0.0,15,0.0
DRIAMS-B,Citrobacter freundii,Nitrofurantoin,15,0.0,0.0,15,0.0
DRIAMS-B,Citrobacter freundii,Norfloxacin,15,0.0,0.0,15,0.0
DRIAMS-B,Citrobacter freundii,Piperacillin-Tazobactam,15,6.0,0.4,15,0.0
DRIAMS-B,Serratia marcescens,Amikacin,15,2.0,0.13333333333333333,16,0.0625
DRIAMS-B,Serratia marcescens,Meropenem,15,0.0,0.0,16,0.0625
DRIAMS-B,Citrobacter freundii,Amikacin,14,0.0,0.0,15,0.06666666666666665
DRIAMS-B,Citrobacter freundii,Meropenem,14,0.0,0.0,15,0.06666666666666665
DRIAMS-B,Serratia marcescens,Imipenem,14,0.0,0.0,16,0.125
DRIAMS-B,Staphylococcus simulans,Amoxicillin-Clavulanic acid,12,0.0,0.0,13,0.07692307692307687
DRIAMS-B,Staphylococcus simulans,Benzylpenicillin,12,12.0,1.0,13,0.07692307692307687
DRIAMS-B,Staphylococcus simulans,Cefepime,12,0.0,0.0,13,0.07692307692307687
DRIAMS-B,Staphylococcus simulans,Ciprofloxacin,12,0.0,0.0,13,0.07692307692307687
DRIAMS-B,Staphylococcus simulans,Clindamycin,12,0.0,0.0,13,0.07692307692307687
DRIAMS-B,Staphylococcus simulans,Cotrimoxazol,12,0.0,0.0,13,0.07692307692307687
DRIAMS-B,Staphylococcus simulans,Daptomycin,12,0.0,0.0,13,0.07692307692307687
DRIAMS-B,Staphylococcus simulans,Erythromycin,12,9.0,0.75,13,0.07692307692307687
DRIAMS-B,Staphylococcus simulans,Fosfomycin,12,0.0,0.0,13,0.07692307692307687
DRIAMS-B,Staphylococcus simulans,Fusidic acid,12,0.0,0.0,13,0.07692307692307687
DRIAMS-B,Staphylococcus simulans,Gentamicin,12,0.0,0.0,13,0.07692307692307687
DRIAMS-B,Staphylococcus simulans,Levofloxacin,12,0.0,0.0,13,0.07692307692307687
DRIAMS-B,Staphylococcus simulans,Linezolid,12,0.0,0.0,13,0.07692307692307687
DRIAMS-B,Staphylococcus simulans,Mupirocin,12,0.0,0.0,13,0.07692307692307687
DRIAMS-B,Staphylococcus simulans,Oxacillin,12,0.0,0.0,13,0.07692307692307687
DRIAMS-B,Staphylococcus simulans,Rifampicin,12,0.0,0.0,13,0.07692307692307687
DRIAMS-B,Staphylococcus simulans,Tetracycline,12,0.0,0.0,13,0.07692307692307687
DRIAMS-B,Staphylococcus simulans,Tigecycline,12,0.0,0.0,13,0.07692307692307687
DRIAMS-B,Staphylococcus simulans,Vancomycin,12,0.0,0.0,13,0.07692307692307687
DRIAMS-B,Streptococcus anginosus,Clarithromycin,11,0.0,0.0,22,0.5
DRIAMS-B,Finegoldia magna,Amoxicillin-Clavulanic acid,9,0.0,0.0,9,0.0
DRIAMS-B,Finegoldia magna,Benzylpenicillin,9,0.0,0.0,9,0.0
DRIAMS-B,Finegoldia magna,Clindamycin,9,0.0,0.0,9,0.0
DRIAMS-B,Finegoldia magna,Imipenem,9,0.0,0.0,9,0.0
DRIAMS-B,Finegoldia magna,Metronidazole,9,0.0,0.0,9,0.0
DRIAMS-B,Finegoldia magna,Vancomycin,9,0.0,0.0,9,0.0
DRIAMS-B,Staphylococcus saprophyticus,Benzylpenicillin,9,9.0,1.0,9,0.0
DRIAMS-B,Staphylococcus saprophyticus,Ciprofloxacin,9,0.0,0.0,9,0.0
DRIAMS-B,Staphylococcus saprophyticus,Clindamycin,9,1.0,0.1111111111111111,9,0.0
DRIAMS-B,Staphylococcus saprophyticus,Cotrimoxazol,9,0.0,0.0,9,0.0
DRIAMS-B,Staphylococcus saprophyticus,Daptomycin,9,0.0,0.0,9,0.0
DRIAMS-B,Staphylococcus saprophyticus,Erythromycin,9,3.0,0.3333333333333333,9,0.0
DRIAMS-B,Staphylococcus saprophyticus,Fosfomycin,9,9.0,1.0,9,0.0
DRIAMS-B,Staphylococcus saprophyticus,Fusidic acid,9,9.0,1.0,9,0.0
DRIAMS-B,Staphylococcus saprophyticus,Gentamicin,9,0.0,0.0,9,0.0
DRIAMS-B,Staphylococcus saprophyticus,Levofloxacin,9,0.0,0.0,9,0.0
DRIAMS-B,Staphylococcus saprophyticus,Linezolid,9,0.0,0.0,9,0.0
DRIAMS-B,Staphylococcus saprophyticus,Mupirocin,9,0.0,0.0,9,0.0
DRIAMS-B,Staphylococcus saprophyticus,Rifampicin,9,0.0,0.0,9,0.0
DRIAMS-B,Staphylococcus saprophyticus,Teicoplanin,9,0.0,0.0,9,0.0
DRIAMS-B,Staphylococcus saprophyticus,Tetracycline,9,1.0,0.1111111111111111,9,0.0
DRIAMS-B,Staphylococcus saprophyticus,Tigecycline,9,0.0,0.0,9,0.0
DRIAMS-B,Staphylococcus saprophyticus,Vancomycin,9,0.0,0.0,9,0.0
DRIAMS-B,Stenotrophomonas maltophilia,Cotrimoxazol,9,0.0,0.0,9,0.0
DRIAMS-B,Providencia rettgeri,Amikacin,8,0.0,0.0,8,0.0
DRIAMS-B,Providencia rettgeri,Amoxicillin-Clavulanic acid,8,8.0,1.0,8,0.0
DRIAMS-B,Providencia rettgeri,Ampicillin,8,8.0,1.0,8,0.0
DRIAMS-B,Providencia rettgeri,Cefepime,8,0.0,0.0,8,0.0
DRIAMS-B,Providencia rettgeri,Cefoxitin,8,0.0,0.0,8,0.0
DRIAMS-B,Providencia rettgeri,Ceftazidime,8,0.0,0.0,8,0.0
DRIAMS-B,Providencia rettgeri,Ceftriaxone,8,0.0,0.0,8,0.0
DRIAMS-B,Providencia rettgeri,Cefuroxime,8,0.0,0.0,8,0.0
DRIAMS-B,Providencia rettgeri,Ciprofloxacin,8,0.0,0.0,8,0.0
DRIAMS-B,Providencia rettgeri,Cotrimoxazol,8,0.0,0.0,8,0.0
DRIAMS-B,Providencia rettgeri,Ertapenem,8,0.0,0.0,8,0.0
DRIAMS-B,Providencia rettgeri,Fosfomycin,8,4.0,0.5,8,0.0
DRIAMS-B,Providencia rettgeri,Gentamicin,8,0.0,0.0,8,0.0
DRIAMS-B,Providencia rettgeri,Imipenem,8,0.0,0.0,8,0.0
DRIAMS-B,Providencia rettgeri,Meropenem,8,0.0,0.0,8,0.0
DRIAMS-B,Providencia rettgeri,Nitrofurantoin,8,8.0,1.0,8,0.0
DRIAMS-B,Providencia rettgeri,Norfloxacin,8,0.0,0.0,8,0.0
DRIAMS-B,Providencia rettgeri,Piperacillin-Tazobactam,8,0.0,0.0,8,0.0
DRIAMS-B,Staphylococcus saprophyticus,Amoxicillin-Clavulanic acid,8,1.0,0.125,9,0.11111111111111116
DRIAMS-B,Staphylococcus saprophyticus,Cefepime,8,1.0,0.125,9,0.11111111111111116
DRIAMS-B,Staphylococcus saprophyticus,Oxacillin,8,1.0,0.125,9,0.11111111111111116
DRIAMS-B,Streptococcus anginosus,Amoxicillin-Clavulanic acid,8,0.0,0.0,22,0.6363636363636364
DRIAMS-B,Aerococcus sanguinicola,Ampicillin,7,0.0,0.0,7,0.0
DRIAMS-B,Aerococcus sanguinicola,Benzylpenicillin,7,0.0,0.0,7,0.0
DRIAMS-B,Aerococcus sanguinicola,Ciprofloxacin,7,0.0,0.0,7,0.0
DRIAMS-B,Aerococcus sanguinicola,Levofloxacin,7,0.0,0.0,7,0.0
DRIAMS-B,Aerococcus sanguinicola,Rifampicin,7,0.0,0.0,7,0.0
DRIAMS-B,Enterococcus avium,Amoxicillin-Clavulanic acid,7,0.0,0.0,7,0.0
DRIAMS-B,Enterococcus avium,Ampicillin,7,0.0,0.0,7,0.0
DRIAMS-B,Enterococcus avium,Imipenem,7,0.0,0.0,7,0.0
DRIAMS-B,Enterococcus avium,Levofloxacin,7,1.0,0.14285714285714285,7,0.0
DRIAMS-B,Enterococcus avium,Piperacillin-Tazobactam,7,0.0,0.0,7,0.0
DRIAMS-B,Enterococcus faecium,Strepomycin_high_level,7,5.0,0.7142857142857143,43,0.8372093023255813
DRIAMS-B,Enterobacter asburiae,Amikacin,6,0.0,0.0,6,0.0
DRIAMS-B,Enterobacter asburiae,Amoxicillin-Clavulanic acid,6,6.0,1.0,6,0.0
DRIAMS-B,Enterobacter asburiae,Ampicillin,6,6.0,1.0,6,0.0
DRIAMS-B,Enterobacter asburiae,Cefepime,6,0.0,0.0,6,0.0
DRIAMS-B,Enterobacter asburiae,Cefoxitin,6,6.0,1.0,6,0.0
DRIAMS-B,Enterobacter asburiae,Ceftazidime,6,1.0,0.16666666666666666,6,0.0
DRIAMS-B,Enterobacter asburiae,Ceftriaxone,6,1.0,0.16666666666666666,6,0.0
DRIAMS-B,Enterobacter asburiae,Cefuroxime,6,6.0,1.0,6,0.0
DRIAMS-B,Enterobacter asburiae,Ciprofloxacin,6,1.0,0.16666666666666666,6,0.0
DRIAMS-B,Enterobacter asburiae,Cotrimoxazol,6,0.0,0.0,6,0.0
DRIAMS-B,Enterobacter asburiae,Ertapenem,6,0.0,0.0,6,0.0
DRIAMS-B,Enterobacter asburiae,Fosfomycin,6,5.0,0.8333333333333334,6,0.0
DRIAMS-B,Enterobacter asburiae,Gentamicin,6,0.0,0.0,6,0.0
DRIAMS-B,Enterobacter asburiae,Meropenem,6,0.0,0.0,6,0.0
DRIAMS-B,Enterobacter asburiae,Nitrofurantoin,6,5.0,0.8333333333333334,6,0.0
DRIAMS-B,Enterobacter asburiae,Norfloxacin,6,3.0,0.5,6,0.0
DRIAMS-B,Enterobacter asburiae,Piperacillin-Tazobactam,6,1.0,0.16666666666666666,6,0.0
DRIAMS-B,Enterococcus avium,Ciprofloxacin,6,0.0,0.0,7,0.1428571428571429
DRIAMS-B,Enterococcus avium,Gentamicin_high_level,6,1.0,0.16666666666666666,7,0.1428571428571429
DRIAMS-B,Enterococcus avium,Linezolid,6,0.0,0.0,7,0.1428571428571429
DRIAMS-B,Enterococcus avium,Nitrofurantoin,6,0.0,0.0,7,0.1428571428571429
DRIAMS-B,Enterococcus avium,Teicoplanin,6,0.0,0.0,7,0.1428571428571429
DRIAMS-B,Enterococcus avium,Tigecycline,6,0.0,0.0,7,0.1428571428571429
DRIAMS-B,Enterococcus avium,Vancomycin,6,0.0,0.0,7,0.1428571428571429
DRIAMS-B,Prevotella disiens,Amoxicillin-Clavulanic acid,6,0.0,0.0,6,0.0
DRIAMS-B,Prevotella disiens,Benzylpenicillin,6,6.0,1.0,6,0.0
DRIAMS-B,Prevotella disiens,Clindamycin,6,0.0,0.0,6,0.0
DRIAMS-B,Prevotella disiens,Imipenem,6,0.0,0.0,6,0.0
DRIAMS-B,Prevotella disiens,Metronidazole,6,0.0,0.0,6,0.0
DRIAMS-B,Raoultella ornithinolytica,Amoxicillin-Clavulanic acid,6,0.0,0.0,6,0.0
DRIAMS-B,Raoultella ornithinolytica,Ampicillin,6,6.0,1.0,6,0.0
DRIAMS-B,Raoultella ornithinolytica,Cefepime,6,0.0,0.0,6,0.0
DRIAMS-B,Raoultella ornithinolytica,Cefoxitin,6,0.0,0.0,6,0.0
DRIAMS-B,Raoultella ornithinolytica,Ceftazidime,6,0.0,0.0,6,0.0
DRIAMS-B,Raoultella ornithinolytica,Ceftriaxone,6,0.0,0.0,6,0.0
DRIAMS-B,Raoultella ornithinolytica,Cefuroxime,6,0.0,0.0,6,0.0
DRIAMS-B,Raoultella ornithinolytica,Ciprofloxacin,6,0.0,0.0,6,0.0
DRIAMS-B,Raoultella ornithinolytica,Cotrimoxazol,6,0.0,0.0,6,0.0
DRIAMS-B,Raoultella ornithinolytica,Ertapenem,6,0.0,0.0,6,0.0
DRIAMS-B,Raoultella ornithinolytica,Fosfomycin,6,2.0,0.3333333333333333,6,0.0
DRIAMS-B,Raoultella ornithinolytica,Gentamicin,6,0.0,0.0,6,0.0
DRIAMS-B,Raoultella ornithinolytica,Imipenem,6,0.0,0.0,6,0.0
DRIAMS-B,Raoultella ornithinolytica,Nitrofurantoin,6,6.0,1.0,6,0.0
DRIAMS-B,Raoultella ornithinolytica,Norfloxacin,6,0.0,0.0,6,0.0
DRIAMS-B,Raoultella ornithinolytica,Piperacillin-Tazobactam,6,0.0,0.0,6,0.0
DRIAMS-B,Streptococcus canis,Amoxicillin-Clavulanic acid,6,0.0,0.0,6,0.0
DRIAMS-B,Streptococcus canis,Ampicillin,6,0.0,0.0,6,0.0
DRIAMS-B,Streptococcus canis,Benzylpenicillin,6,0.0,0.0,6,0.0
DRIAMS-B,Streptococcus canis,Ceftriaxone,6,0.0,0.0,6,0.0
DRIAMS-B,Streptococcus canis,Clarithromycin,6,2.0,0.3333333333333333,6,0.0
DRIAMS-B,Streptococcus canis,Clindamycin,6,2.0,0.3333333333333333,6,0.0
DRIAMS-B,Streptococcus canis,Cotrimoxazol,6,0.0,0.0,6,0.0
DRIAMS-B,Streptococcus canis,Erythromycin,6,2.0,0.3333333333333333,6,0.0
DRIAMS-B,Streptococcus canis,Levofloxacin,6,0.0,0.0,6,0.0
DRIAMS-B,Streptococcus canis,Linezolid,6,0.0,0.0,6,0.0
DRIAMS-B,Streptococcus canis,Tetracycline,6,0.0,0.0,6,0.0
DRIAMS-B,Streptococcus canis,Vancomycin,6,0.0,0.0,6,0.0
DRIAMS-B,Streptococcus constellatus,Ampicillin,6,0.0,0.0,6,0.0
DRIAMS-B,Streptococcus constellatus,Benzylpenicillin,6,0.0,0.0,6,0.0
DRIAMS-B,Streptococcus constellatus,Ceftriaxone,6,0.0,0.0,6,0.0
DRIAMS-B,Streptococcus constellatus,Clindamycin,6,1.0,0.16666666666666666,6,0.0
DRIAMS-B,Streptococcus gallolyticus,Ampicillin,6,0.0,0.0,6,0.0
DRIAMS-B,Streptococcus gallolyticus,Benzylpenicillin,6,0.0,0.0,6,0.0
DRIAMS-B,Streptococcus gallolyticus,Ceftriaxone,6,0.0,0.0,6,0.0
DRIAMS-B,Streptococcus gallolyticus,Clindamycin,6,2.0,0.3333333333333333,6,0.0
DRIAMS-B,Streptococcus gallolyticus,Vancomycin,6,0.0,0.0,6,0.0
DRIAMS-B,Streptococcus massiliensis,Ampicillin,6,0.0,0.0,6,0.0
DRIAMS-B,Streptococcus massiliensis,Benzylpenicillin,6,0.0,0.0,6,0.0
DRIAMS-B,Streptococcus massiliensis,Ceftriaxone,6,0.0,0.0,6,0.0
DRIAMS-B,Streptococcus massiliensis,Clindamycin,6,0.0,0.0,6,0.0
DRIAMS-B,Streptococcus massiliensis,Vancomycin,6,0.0,0.0,6,0.0
DRIAMS-B,Enterococcus avium,Strepomycin_high_level,5,0.0,0.0,7,0.2857142857142857
DRIAMS-B,Raoultella ornithinolytica,Amikacin,5,0.0,0.0,6,0.16666666666666663
DRIAMS-B,Raoultella ornithinolytica,Meropenem,5,0.0,0.0,6,0.16666666666666663
DRIAMS-B,Salmonella spp,Ampicillin,5,0.0,0.0,5,0.0
DRIAMS-B,Salmonella spp,Ceftriaxone,5,0.0,0.0,5,0.0
DRIAMS-B,Salmonella spp,Ciprofloxacin,5,3.0,0.6,5,0.0
DRIAMS-B,Salmonella spp,Cotrimoxazol,5,0.0,0.0,5,0.0
DRIAMS-B,Salmonella spp,Ertapenem,5,0.0,0.0,5,0.0
DRIAMS-B,Salmonella spp,Imipenem,5,0.0,0.0,5,0.0
DRIAMS-B,Staphylococcus simulans,Teicoplanin,5,0.0,0.0,13,0.6153846153846154
DRIAMS-B,Staphylococcus warneri,Teicoplanin,5,0.0,0.0,5,0.0
DRIAMS-B,Streptococcus constellatus,Vancomycin,5,0.0,0.0,6,0.16666666666666663
DRIAMS-B,Bacteroides fragilis,Amoxicillin-Clavulanic acid,4,0.0,0.0,4,0.0
DRIAMS-B,Bacteroides fragilis,Benzylpenicillin,4,4.0,1.0,4,0.0
DRIAMS-B,Bacteroides fragilis,Clindamycin,4,3.0,0.75,4,0.0
DRIAMS-B,Bacteroides fragilis,Imipenem,4,0.0,0.0,4,0.0
DRIAMS-B,Bacteroides fragilis,Metronidazole,4,0.0,0.0,4,0.0
DRIAMS-B,Sphingomonas paucimobilis,Amikacin,4,0.0,0.0,4,0.0
DRIAMS-B,Sphingomonas paucimobilis,Cefepime,4,0.0,0.0,4,0.0
DRIAMS-B,Sphingomonas paucimobilis,Ceftazidime,4,4.0,1.0,4,0.0
DRIAMS-B,Sphingomonas paucimobilis,Ciprofloxacin,4,0.0,0.0,4,0.0
DRIAMS-B,Sphingomonas paucimobilis,Imipenem,4,0.0,0.0,4,0.0
DRIAMS-B,Sphingomonas paucimobilis,Meropenem,4,0.0,0.0,4,0.0
DRIAMS-B,Sphingomonas paucimobilis,Piperacillin-Tazobactam,4,4.0,1.0,4,0.0
DRIAMS-B,Staphylococcus warneri,Amoxicillin-Clavulanic acid,4,0.0,0.0,5,0.19999999999999996
DRIAMS-B,Staphylococcus warneri,Benzylpenicillin,4,4.0,1.0,5,0.19999999999999996
DRIAMS-B,Staphylococcus warneri,Cefepime,4,0.0,0.0,5,0.19999999999999996
DRIAMS-B,Staphylococcus warneri,Ciprofloxacin,4,0.0,0.0,5,0.19999999999999996
DRIAMS-B,Staphylococcus warneri,Clindamycin,4,0.0,0.0,5,0.19999999999999996
DRIAMS-B,Staphylococcus warneri,Cotrimoxazol,4,0.0,0.0,5,0.19999999999999996
DRIAMS-B,Staphylococcus warneri,Daptomycin,4,0.0,0.0,5,0.19999999999999996
DRIAMS-B,Staphylococcus warneri,Erythromycin,4,1.0,0.25,5,0.19999999999999996
DRIAMS-B,Staphylococcus warneri,Fosfomycin,4,3.0,0.75,5,0.19999999999999996
DRIAMS-B,Staphylococcus warneri,Fusidic acid,4,0.0,0.0,5,0.19999999999999996
DRIAMS-B,Staphylococcus warneri,Gentamicin,4,0.0,0.0,5,0.19999999999999996
DRIAMS-B,Staphylococcus warneri,Levofloxacin,4,0.0,0.0,5,0.19999999999999996
DRIAMS-B,Staphylococcus warneri,Linezolid,4,0.0,0.0,5,0.19999999999999996
DRIAMS-B,Staphylococcus warneri,Mupirocin,4,0.0,0.0,5,0.19999999999999996
DRIAMS-B,Staphylococcus warneri,Oxacillin,4,0.0,0.0,5,0.19999999999999996
DRIAMS-B,Staphylococcus warneri,Rifampicin,4,0.0,0.0,5,0.19999999999999996
DRIAMS-B,Staphylococcus warneri,Tetracycline,4,0.0,0.0,5,0.19999999999999996
DRIAMS-B,Staphylococcus warneri,Tigecycline,4,0.0,0.0,5,0.19999999999999996
DRIAMS-B,Staphylococcus warneri,Vancomycin,4,0.0,0.0,5,0.19999999999999996
DRIAMS-B,Streptococcus gordonii,Ampicillin,4,0.0,0.0,4,0.0
DRIAMS-B,Streptococcus gordonii,Benzylpenicillin,4,0.0,0.0,4,0.0
DRIAMS-B,Streptococcus gordonii,Ceftriaxone,4,0.0,0.0,4,0.0
DRIAMS-B,Streptococcus gordonii,Clindamycin,4,0.0,0.0,4,0.0
DRIAMS-B,Streptococcus gordonii,Vancomycin,4,0.0,0.0,4,0.0
DRIAMS-B,Streptococcus intermedius,Ampicillin,4,0.0,0.0,4,0.0
DRIAMS-B,Streptococcus intermedius,Benzylpenicillin,4,0.0,0.0,4,0.0
DRIAMS-B,Streptococcus intermedius,Ceftriaxone,4,0.0,0.0,4,0.0
DRIAMS-B,Streptococcus intermedius,Clindamycin,4,2.0,0.5,4,0.0
DRIAMS-B,Streptococcus intermedius,Vancomycin,4,0.0,0.0,4,0.0
DRIAMS-B,Streptococcus mitis,Ceftriaxone,4,0.0,0.0,4,0.0
DRIAMS-B,Streptococcus mutans,Ampicillin,4,0.0,0.0,4,0.0
DRIAMS-B,Streptococcus mutans,Benzylpenicillin,4,0.0,0.0,4,0.0
DRIAMS-B,Streptococcus mutans,Ceftriaxone,4,0.0,0.0,4,0.0
DRIAMS-B,Streptococcus mutans,Clindamycin,4,0.0,0.0,4,0.0
DRIAMS-B,Streptococcus mutans,Vancomycin,4,0.0,0.0,4,0.0
DRIAMS-B,Achromobacter xylosoxidans,Amikacin,3,3.0,1.0,3,0.0
DRIAMS-B,Achromobacter xylosoxidans,Amoxicillin-Clavulanic acid,3,0.0,0.0,3,0.0
DRIAMS-B,Achromobacter xylosoxidans,Ampicillin,3,3.0,1.0,3,0.0
DRIAMS-B,Achromobacter xylosoxidans,Cefepime,3,3.0,1.0,3,0.0
DRIAMS-B,Achromobacter xylosoxidans,Cefoxitin,3,3.0,1.0,3,0.0
DRIAMS-B,Achromobacter xylosoxidans,Ceftazidime,3,0.0,0.0,3,0.0
DRIAMS-B,Achromobacter xylosoxidans,Ceftriaxone,3,3.0,1.0,3,0.0
DRIAMS-B,Achromobacter xylosoxidans,Cefuroxime,3,3.0,1.0,3,0.0
DRIAMS-B,Achromobacter xylosoxidans,Ciprofloxacin,3,3.0,1.0,3,0.0
DRIAMS-B,Achromobacter xylosoxidans,Cotrimoxazol,3,0.0,0.0,3,0.0
DRIAMS-B,Achromobacter xylosoxidans,Fosfomycin,3,3.0,1.0,3,0.0
DRIAMS-B,Achromobacter xylosoxidans,Imipenem,3,0.0,0.0,3,0.0
DRIAMS-B,Achromobacter xylosoxidans,Meropenem,3,0.0,0.0,3,0.0
DRIAMS-B,Achromobacter xylosoxidans,Nitrofurantoin,3,3.0,1.0,3,0.0
DRIAMS-B,Achromobacter xylosoxidans,Norfloxacin,3,3.0,1.0,3,0.0
DRIAMS-B,Achromobacter xylosoxidans,Piperacillin-Tazobactam,3,0.0,0.0,3,0.0
DRIAMS-B,Acinetobacter pittii,Amikacin,3,0.0,0.0,3,0.0
DRIAMS-B,Acinetobacter pittii,Ciprofloxacin,3,0.0,0.0,3,0.0
DRIAMS-B,Acinetobacter pittii,Cotrimoxazol,3,0.0,0.0,3,0.0
DRIAMS-B,Acinetobacter pittii,Imipenem,3,0.0,0.0,3,0.0
DRIAMS-B,Acinetobacter pittii,Meropenem,3,0.0,0.0,3,0.0
DRIAMS-B,Anaerococcus vaginalis,Amoxicillin-Clavulanic acid,3,0.0,0.0,3,0.0
DRIAMS-B,Anaerococcus vaginalis,Benzylpenicillin,3,0.0,0.0,3,0.0
DRIAMS-B,Anaerococcus vaginalis,Clindamycin,3,0.0,0.0,3,0.0
DRIAMS-B,Anaerococcus vaginalis,Imipenem,3,0.0,0.0,3,0.0
DRIAMS-B,Anaerococcus vaginalis,Metronidazole,3,0.0,0.0,3,0.0
DRIAMS-B,Anaerococcus vaginalis,Vancomycin,3,0.0,0.0,3,0.0
DRIAMS-B,Campylobacter lari,Ciprofloxacin,3,0.0,0.0,3,0.0
DRIAMS-B,Campylobacter lari,Erythromycin,3,0.0,0.0,3,0.0
DRIAMS-B,Citrobacter braakii,Amikacin,3,0.0,0.0,3,0.0
DRIAMS-B,Citrobacter braakii,Amoxicillin-Clavulanic acid,3,3.0,1.0,3,0.0
DRIAMS-B,Citrobacter braakii,Ampicillin,3,3.0,1.0,3,0.0
DRIAMS-B,Citrobacter braakii,Cefepime,3,0.0,0.0,3,0.0
DRIAMS-B,Citrobacter braakii,Cefoxitin,3,3.0,1.0,3,0.0
DRIAMS-B,Citrobacter braakii,Ceftazidime,3,1.0,0.3333333333333333,3,0.0
DRIAMS-B,Citrobacter braakii,Ceftriaxone,3,1.0,0.3333333333333333,3,0.0
DRIAMS-B,Citrobacter braakii,Cefuroxime,3,1.0,0.3333333333333333,3,0.0
DRIAMS-B,Citrobacter braakii,Ciprofloxacin,3,0.0,0.0,3,0.0
DRIAMS-B,Citrobacter braakii,Cotrimoxazol,3,0.0,0.0,3,0.0
DRIAMS-B,Citrobacter braakii,Ertapenem,3,0.0,0.0,3,0.0
DRIAMS-B,Citrobacter braakii,Fosfomycin,3,0.0,0.0,3,0.0
DRIAMS-B,Citrobacter braakii,Gentamicin,3,0.0,0.0,3,0.0
DRIAMS-B,Citrobacter braakii,Imipenem,3,0.0,0.0,3,0.0
DRIAMS-B,Citrobacter braakii,Meropenem,3,0.0,0.0,3,0.0
DRIAMS-B,Citrobacter braakii,Nitrofurantoin,3,0.0,0.0,3,0.0
DRIAMS-B,Citrobacter braakii,Norfloxacin,3,0.0,0.0,3,0.0
DRIAMS-B,Citrobacter braakii,Piperacillin-Tazobactam,3,1.0,0.3333333333333333,3,0.0
DRIAMS-B,Enterobacter asburiae,Imipenem,3,0.0,0.0,6,0.5
DRIAMS-B,Enterobacter ludwigii,Amikacin,3,0.0,0.0,3,0.0
DRIAMS-B,Enterobacter ludwigii,Amoxicillin-Clavulanic acid,3,3.0,1.0,3,0.0
DRIAMS-B,Enterobacter ludwigii,Ampicillin,3,3.0,1.0,3,0.0
DRIAMS-B,Enterobacter ludwigii,Cefepime,3,0.0,0.0,3,0.0
DRIAMS-B,Enterobacter ludwigii,Cefoxitin,3,3.0,1.0,3,0.0
DRIAMS-B,Enterobacter ludwigii,Ceftazidime,3,1.0,0.3333333333333333,3,0.0
DRIAMS-B,Enterobacter ludwigii,Ceftriaxone,3,1.0,0.3333333333333333,3,0.0
DRIAMS-B,Enterobacter ludwigii,Cefuroxime,3,3.0,1.0,3,0.0
DRIAMS-B,Enterobacter ludwigii,Ciprofloxacin,3,0.0,0.0,3,0.0
DRIAMS-B,Enterobacter ludwigii,Cotrimoxazol,3,0.0,0.0,3,0.0
DRIAMS-B,Enterobacter ludwigii,Ertapenem,3,0.0,0.0,3,0.0
DRIAMS-B,Enterobacter ludwigii,Fosfomycin,3,3.0,1.0,3,0.0
DRIAMS-B,Enterobacter ludwigii,Gentamicin,3,0.0,0.0,3,0.0
DRIAMS-B,Enterobacter ludwigii,Imipenem,3,0.0,0.0,3,0.0
DRIAMS-B,Enterobacter ludwigii,Meropenem,3,0.0,0.0,3,0.0
DRIAMS-B,Enterobacter ludwigii,Nitrofurantoin,3,3.0,1.0,3,0.0
DRIAMS-B,Enterobacter ludwigii,Norfloxacin,3,0.0,0.0,3,0.0
DRIAMS-B,Enterobacter ludwigii,Piperacillin-Tazobactam,3,1.0,0.3333333333333333,3,0.0
DRIAMS-B,Proteus hauseri,Amikacin,3,0.0,0.0,3,0.0
DRIAMS-B,Proteus hauseri,Amoxicillin-Clavulanic acid,3,1.0,0.3333333333333333,3,0.0
DRIAMS-B,Proteus hauseri,Ampicillin,3,3.0,1.0,3,0.0
DRIAMS-B,Proteus hauseri,Cefepime,3,0.0,0.0,3,0.0
DRIAMS-B,Proteus hauseri,Cefoxitin,3,0.0,0.0,3,0.0
DRIAMS-B,Proteus hauseri,Ceftazidime,3,0.0,0.0,3,0.0
DRIAMS-B,Proteus hauseri,Ceftriaxone,3,0.0,0.0,3,0.0
DRIAMS-B,Proteus hauseri,Cefuroxime,3,3.0,1.0,3,0.0
DRIAMS-B,Proteus hauseri,Ciprofloxacin,3,0.0,0.0,3,0.0
DRIAMS-B,Proteus hauseri,Cotrimoxazol,3,0.0,0.0,3,0.0
DRIAMS-B,Proteus hauseri,Ertapenem,3,0.0,0.0,3,0.0
DRIAMS-B,Proteus hauseri,Fosfomycin,3,0.0,0.0,3,0.0
DRIAMS-B,Proteus hauseri,Gentamicin,3,0.0,0.0,3,0.0
DRIAMS-B,Proteus hauseri,Imipenem,3,0.0,0.0,3,0.0
DRIAMS-B,Proteus hauseri,Meropenem,3,0.0,0.0,3,0.0
DRIAMS-B,Proteus hauseri,Nitrofurantoin,3,3.0,1.0,3,0.0
DRIAMS-B,Proteus hauseri,Norfloxacin,3,0.0,0.0,3,0.0
DRIAMS-B,Proteus hauseri,Piperacillin-Tazobactam,3,0.0,0.0,3,0.0
DRIAMS-B,Pseudomonas monteilii,Amikacin,3,0.0,0.0,3,0.0
DRIAMS-B,Pseudomonas monteilii,Cefepime,3,0.0,0.0,3,0.0
DRIAMS-B,Pseudomonas monteilii,Ciprofloxacin,3,0.0,0.0,3,0.0
DRIAMS-B,Pseudomonas monteilii,Imipenem,3,0.0,0.0,3,0.0
DRIAMS-B,Pseudomonas monteilii,Piperacillin-Tazobactam,3,0.0,0.0,3,0.0
DRIAMS-B,Staphylococcus cohnii,Teicoplanin,3,0.0,0.0,3,0.0
DRIAMS-B,Staphylococcus cohnii,Tetracycline,3,0.0,0.0,3,0.0
DRIAMS-B,Staphylococcus hominis,Teicoplanin,3,0.0,0.0,39,0.9230769230769231
DRIAMS-B,Staphylococcus schleiferi,Amoxicillin-Clavulanic acid,3,0.0,0.0,3,0.0
DRIAMS-B,Staphylococcus schleiferi,Cefepime,3,0.0,0.0,3,0.0
DRIAMS-B,Staphylococcus schleiferi,Ciprofloxacin,3,0.0,0.0,3,0.0
DRIAMS-B,Staphylococcus schleiferi,Clindamycin,3,0.0,0.0,3,0.0
DRIAMS-B,Staphylococcus schleiferi,Cotrimoxazol,3,0.0,0.0,3,0.0
DRIAMS-B,Staphylococcus schleiferi,Daptomycin,3,0.0,0.0,3,0.0
DRIAMS-B,Staphylococcus schleiferi,Erythromycin,3,0.0,0.0,3,0.0
DRIAMS-B,Staphylococcus schleiferi,Fosfomycin,3,2.0,0.6666666666666666,3,0.0
DRIAMS-B,Staphylococcus schleiferi,Fusidic acid,3,0.0,0.0,3,0.0
DRIAMS-B,Staphylococcus schleiferi,Gentamicin,3,0.0,0.0,3,0.0
DRIAMS-B,Staphylococcus schleiferi,Levofloxacin,3,0.0,0.0,3,0.0
DRIAMS-B,Staphylococcus schleiferi,Linezolid,3,0.0,0.0,3,0.0
DRIAMS-B,Staphylococcus schleiferi,Mupirocin,3,0.0,0.0,3,0.0
DRIAMS-B,Staphylococcus schleiferi,Oxacillin,3,0.0,0.0,3,0.0
DRIAMS-B,Staphylococcus schleiferi,Rifampicin,3,0.0,0.0,3,0.0
DRIAMS-B,Staphylococcus schleiferi,Teicoplanin,3,0.0,0.0,3,0.0
DRIAMS-B,Staphylococcus schleiferi,Tetracycline,3,0.0,0.0,3,0.0
DRIAMS-B,Staphylococcus schleiferi,Tigecycline,3,0.0,0.0,3,0.0
DRIAMS-B,Staphylococcus schleiferi,Vancomycin,3,0.0,0.0,3,0.0
DRIAMS-B,Streptococcus dysgalactiae,Rifampicin,3,0.0,0.0,27,0.8888888888888888
DRIAMS-B,Streptococcus mitis,Ampicillin,3,0.0,0.0,4,0.25
DRIAMS-B,Streptococcus mitis,Benzylpenicillin,3,0.0,0.0,4,0.25
DRIAMS-B,Streptococcus mitis,Clarithromycin,3,0.0,0.0,4,0.25
DRIAMS-B,Streptococcus mitis,Clindamycin,3,0.0,0.0,4,0.25
DRIAMS-B,Streptococcus mitis,Vancomycin,3,0.0,0.0,4,0.25
DRIAMS-B,Actinomyces oris,Benzylpenicillin,2,0.0,0.0,2,0.0
DRIAMS-B,Actinomyces oris,Clindamycin,2,0.0,0.0,2,0.0
DRIAMS-B,Aeromonas caviae,Amoxicillin-Clavulanic acid,2,2.0,1.0,2,0.0
DRIAMS-B,Aeromonas caviae,Ampicillin,2,2.0,1.0,2,0.0
DRIAMS-B,Aeromonas caviae,Ceftriaxone,2,2.0,1.0,2,0.0
DRIAMS-B,Aeromonas caviae,Ciprofloxacin,2,2.0,1.0,2,0.0
DRIAMS-B,Aeromonas caviae,Cotrimoxazol,2,0.0,0.0,2,0.0
DRIAMS-B,Aeromonas caviae,Imipenem,2,0.0,0.0,2,0.0
DRIAMS-B,Aeromonas caviae,Meropenem,2,0.0,0.0,2,0.0
DRIAMS-B,Aeromonas caviae,Piperacillin-Tazobactam,2,2.0,1.0,2,0.0
DRIAMS-B,Clostridium perfringens,Amoxicillin-Clavulanic acid,2,0.0,0.0,2,0.0
DRIAMS-B,Clostridium perfringens,Benzylpenicillin,2,0.0,0.0,2,0.0
DRIAMS-B,Clostridium perfringens,Clindamycin,2,0.0,0.0,2,0.0
DRIAMS-B,Clostridium perfringens,Imipenem,2,0.0,0.0,2,0.0
DRIAMS-B,Clostridium perfringens,Metronidazole,2,0.0,0.0,2,0.0
DRIAMS-B,Clostridium perfringens,Vancomycin,2,0.0,0.0,2,0.0
DRIAMS-B,Corynebacterium riegelii,Benzylpenicillin,2,2.0,1.0,2,0.0
DRIAMS-B,Corynebacterium riegelii,Ciprofloxacin,2,0.0,0.0,2,0.0
DRIAMS-B,Corynebacterium riegelii,Clindamycin,2,2.0,1.0,2,0.0
DRIAMS-B,Corynebacterium riegelii,Gentamicin,2,0.0,0.0,2,0.0
DRIAMS-B,Corynebacterium riegelii,Rifampicin,2,0.0,0.0,2,0.0
DRIAMS-B,Corynebacterium riegelii,Tetracycline,2,0.0,0.0,2,0.0
DRIAMS-B,Corynebacterium riegelii,Vancomycin,2,0.0,0.0,2,0.0
DRIAMS-B,Corynebacterium tuberculostearicum,Benzylpenicillin,2,2.0,1.0,2,0.0
DRIAMS-B,Corynebacterium tuberculostearicum,Clindamycin,2,2.0,1.0,2,0.0
DRIAMS-B,Corynebacterium tuberculostearicum,Linezolid,2,0.0,0.0,2,0.0
DRIAMS-B,Corynebacterium tuberculostearicum,Rifampicin,2,2.0,1.0,2,0.0
DRIAMS-B,Enterococcus mundtii,Tigecycline,2,0.0,0.0,2,0.0
DRIAMS-B,Granulicatella adiacens,Ampicillin,2,0.0,0.0,2,0.0
DRIAMS-B,Granulicatella adiacens,Benzylpenicillin,2,0.0,0.0,2,0.0
DRIAMS-B,Granulicatella adiacens,Ceftriaxone,2,0.0,0.0,2,0.0
DRIAMS-B,Granulicatella adiacens,Clindamycin,2,0.0,0.0,2,0.0
DRIAMS-B,Granulicatella adiacens,Vancomycin,2,0.0,0.0,2,0.0
DRIAMS-B,Haemophilus influenzae,Amoxicillin-Clavulanic acid,2,0.0,0.0,2,0.0
DRIAMS-B,Haemophilus influenzae,Ampicillin,2,1.0,0.5,2,0.0
DRIAMS-B,Haemophilus influenzae,Ceftriaxone,2,0.0,0.0,2,0.0
DRIAMS-B,Haemophilus influenzae,Ciprofloxacin,2,0.0,0.0,2,0.0
DRIAMS-B,Hafnia alvei,Amikacin,2,0.0,0.0,2,0.0
DRIAMS-B,Hafnia alvei,Amoxicillin-Clavulanic acid,2,2.0,1.0,2,0.0
DRIAMS-B,Hafnia alvei,Ampicillin,2,2.0,1.0,2,0.0
DRIAMS-B,Hafnia alvei,Cefepime,2,0.0,0.0,2,0.0
DRIAMS-B,Hafnia alvei,Cefoxitin,2,1.0,0.5,2,0.0
DRIAMS-B,Hafnia alvei,Ceftazidime,2,1.0,0.5,2,0.0
DRIAMS-B,Hafnia alvei,Ceftriaxone,2,1.0,0.5,2,0.0
DRIAMS-B,Hafnia alvei,Cefuroxime,2,1.0,0.5,2,0.0
DRIAMS-B,Hafnia alvei,Ciprofloxacin,2,0.0,0.0,2,0.0
DRIAMS-B,Hafnia alvei,Cotrimoxazol,2,0.0,0.0,2,0.0
DRIAMS-B,Hafnia alvei,Ertapenem,2,0.0,0.0,2,0.0
DRIAMS-B,Hafnia alvei,Fosfomycin,2,2.0,1.0,2,0.0
DRIAMS-B,Hafnia alvei,Gentamicin,2,0.0,0.0,2,0.0
DRIAMS-B,Hafnia alvei,Imipenem,2,0.0,0.0,2,0.0
DRIAMS-B,Hafnia alvei,Meropenem,2,0.0,0.0,2,0.0
DRIAMS-B,Hafnia alvei,Nitrofurantoin,2,0.0,0.0,2,0.0
DRIAMS-B,Hafnia alvei,Norfloxacin,2,0.0,0.0,2,0.0
DRIAMS-B,Hafnia alvei,Piperacillin-Tazobactam,2,1.0,0.5,2,0.0
DRIAMS-B,Neisseria gonorrhoeae,Benzylpenicillin,2,2.0,1.0,2,0.0
DRIAMS-B,Neisseria gonorrhoeae,Ceftriaxone,2,0.0,0.0,2,0.0
DRIAMS-B,Neisseria gonorrhoeae,Ciprofloxacin,2,0.0,0.0,2,0.0
DRIAMS-B,Neisseria gonorrhoeae,Tetracycline,2,2.0,1.0,2,0.0
DRIAMS-B,Pasteurella multocida,Amoxicillin-Clavulanic acid,2,0.0,0.0,2,0.0
DRIAMS-B,Pasteurella multocida,Benzylpenicillin,2,0.0,0.0,2,0.0
DRIAMS-B,Pasteurella multocida,Ciprofloxacin,2,0.0,0.0,2,0.0
DRIAMS-B,Pasteurella multocida,Cotrimoxazol,2,0.0,0.0,2,0.0
DRIAMS-B,Pasteurella multocida,Levofloxacin,2,0.0,0.0,2,0.0
DRIAMS-B,Prevotella bivia,Amoxicillin-Clavulanic acid,2,0.0,0.0,2,0.0
DRIAMS-B,Prevotella bivia,Benzylpenicillin,2,2.0,1.0,2,0.0
DRIAMS-B,Prevotella bivia,Clindamycin,2,0.0,0.0,2,0.0
DRIAMS-B,Prevotella bivia,Imipenem,2,0.0,0.0,2,0.0
DRIAMS-B,Prevotella bivia,Metronidazole,2,0.0,0.0,2,0.0
DRIAMS-B,Pseudomonas sp,Amikacin,2,0.0,0.0,2,0.0
DRIAMS-B,Pseudomonas sp,Cefepime,2,0.0,0.0,2,0.0
DRIAMS-B,Pseudomonas sp,Ciprofloxacin,2,0.0,0.0,2,0.0
DRIAMS-B,Pseudomonas sp,Imipenem,2,0.0,0.0,2,0.0
DRIAMS-B,Pseudomonas sp,Piperacillin-Tazobactam,2,0.0,0.0,2,0.0
DRIAMS-B,Salmonella anatum,Ampicillin,2,2.0,1.0,2,0.0
DRIAMS-B,Salmonella anatum,Ceftriaxone,2,0.0,0.0,2,0.0
DRIAMS-B,Salmonella anatum,Ciprofloxacin,2,1.0,0.5,2,0.0
DRIAMS-B,Salmonella anatum,Cotrimoxazol,2,0.0,0.0,2,0.0
DRIAMS-B,Salmonella anatum,Ertapenem,2,0.0,0.0,2,0.0
DRIAMS-B,Salmonella anatum,Imipenem,2,0.0,0.0,2,0.0
DRIAMS-B,Staphylococcus pettenkoferi,Amoxicillin-Clavulanic acid,2,2.0,1.0,2,0.0
DRIAMS-B,Staphylococcus pettenkoferi,Benzylpenicillin,2,2.0,1.0,2,0.0
DRIAMS-B,Staphylococcus pettenkoferi,Cefepime,2,2.0,1.0,2,0.0
DRIAMS-B,Staphylococcus pettenkoferi,Ciprofloxacin,2,0.0,0.0,2,0.0
DRIAMS-B,Staphylococcus pettenkoferi,Clindamycin,2,0.0,0.0,2,0.0
DRIAMS-B,Staphylococcus pettenkoferi,Cotrimoxazol,2,0.0,0.0,2,0.0
DRIAMS-B,Staphylococcus pettenkoferi,Daptomycin,2,0.0,0.0,2,0.0
DRIAMS-B,Staphylococcus pettenkoferi,Erythromycin,2,0.0,0.0,2,0.0
DRIAMS-B,Staphylococcus pettenkoferi,Fosfomycin,2,2.0,1.0,2,0.0
DRIAMS-B,Staphylococcus pettenkoferi,Fusidic acid,2,0.0,0.0,2,0.0
DRIAMS-B,Staphylococcus pettenkoferi,Gentamicin,2,0.0,0.0,2,0.0
DRIAMS-B,Staphylococcus pettenkoferi,Levofloxacin,2,0.0,0.0,2,0.0
DRIAMS-B,Staphylococcus pettenkoferi,Linezolid,2,0.0,0.0,2,0.0
DRIAMS-B,Staphylococcus pettenkoferi,Mupirocin,2,0.0,0.0,2,0.0
DRIAMS-B,Staphylococcus pettenkoferi,Oxacillin,2,2.0,1.0,2,0.0
DRIAMS-B,Staphylococcus pettenkoferi,Rifampicin,2,0.0,0.0,2,0.0
DRIAMS-B,Staphylococcus pettenkoferi,Teicoplanin,2,0.0,0.0,2,0.0
DRIAMS-B,Staphylococcus pettenkoferi,Tetracycline,2,0.0,0.0,2,0.0
DRIAMS-B,Staphylococcus pettenkoferi,Tigecycline,2,0.0,0.0,2,0.0
DRIAMS-B,Staphylococcus pettenkoferi,Vancomycin,2,0.0,0.0,2,0.0
DRIAMS-B,Staphylococcus saccharolyticus,Amoxicillin-Clavulanic acid,2,0.0,0.0,2,0.0
DRIAMS-B,Staphylococcus saccharolyticus,Benzylpenicillin,2,0.0,0.0,2,0.0
DRIAMS-B,Staphylococcus saccharolyticus,Clindamycin,2,0.0,0.0,2,0.0
DRIAMS-B,Staphylococcus saccharolyticus,Imipenem,2,0.0,0.0,2,0.0
DRIAMS-B,Staphylococcus saccharolyticus,Metronidazole,2,2.0,1.0,2,0.0
DRIAMS-B,Staphylococcus saccharolyticus,Vancomycin,2,0.0,0.0,2,0.0
DRIAMS-B,Staphylococcus xylosus,Amoxicillin-Clavulanic acid,2,0.0,0.0,2,0.0
DRIAMS-B,Staphylococcus xylosus,Benzylpenicillin,2,2.0,1.0,2,0.0
DRIAMS-B,Staphylococcus xylosus,Cefepime,2,0.0,0.0,2,0.0
DRIAMS-B,Staphylococcus xylosus,Ciprofloxacin,2,0.0,0.0,2,0.0
DRIAMS-B,Staphylococcus xylosus,Cotrimoxazol,2,0.0,0.0,2,0.0
DRIAMS-B,Staphylococcus xylosus,Daptomycin,2,0.0,0.0,2,0.0
DRIAMS-B,Staphylococcus xylosus,Erythromycin,2,0.0,0.0,2,0.0
DRIAMS-B,Staphylococcus xylosus,Fosfomycin,2,1.0,0.5,2,0.0
DRIAMS-B,Staphylococcus xylosus,Fusidic acid,2,2.0,1.0,2,0.0
DRIAMS-B,Staphylococcus xylosus,Gentamicin,2,0.0,0.0,2,0.0
DRIAMS-B,Staphylococcus xylosus,Levofloxacin,2,0.0,0.0,2,0.0
DRIAMS-B,Staphylococcus xylosus,Linezolid,2,0.0,0.0,2,0.0
DRIAMS-B,Staphylococcus xylosus,Mupirocin,2,0.0,0.0,2,0.0
DRIAMS-B,Staphylococcus xylosus,Oxacillin,2,0.0,0.0,2,0.0
DRIAMS-B,Staphylococcus xylosus,Rifampicin,2,0.0,0.0,2,0.0
DRIAMS-B,Staphylococcus xylosus,Teicoplanin,2,0.0,0.0,2,0.0
DRIAMS-B,Staphylococcus xylosus,Tetracycline,2,0.0,0.0,2,0.0
DRIAMS-B,Staphylococcus xylosus,Tigecycline,2,0.0,0.0,2,0.0
DRIAMS-B,Staphylococcus xylosus,Vancomycin,2,0.0,0.0,2,0.0
DRIAMS-B,Streptococcus anginosus,Cotrimoxazol,2,0.0,0.0,22,0.9090909090909091
DRIAMS-B,Streptococcus anginosus,Erythromycin,2,0.0,0.0,22,0.9090909090909091
DRIAMS-B,Streptococcus anginosus,Levofloxacin,2,0.0,0.0,22,0.9090909090909091
DRIAMS-B,Streptococcus anginosus,Linezolid,2,0.0,0.0,22,0.9090909090909091
DRIAMS-B,Streptococcus anginosus,Tetracycline,2,1.0,0.5,22,0.9090909090909091
DRIAMS-B,Streptococcus canis,Rifampicin,2,0.0,0.0,6,0.6666666666666667
DRIAMS-B,Streptococcus constellatus,Clarithromycin,2,0.0,0.0,6,0.6666666666666667
DRIAMS-B,Streptococcus cristatus,Ampicillin,2,0.0,0.0,2,0.0
DRIAMS-B,Streptococcus cristatus,Benzylpenicillin,2,0.0,0.0,2,0.0
DRIAMS-B,Streptococcus cristatus,Ceftriaxone,2,0.0,0.0,2,0.0
DRIAMS-B,Streptococcus cristatus,Clarithromycin,2,0.0,0.0,2,0.0
DRIAMS-B,Streptococcus cristatus,Clindamycin,2,0.0,0.0,2,0.0
DRIAMS-B,Streptococcus cristatus,Vancomycin,2,0.0,0.0,2,0.0
DRIAMS-B,Streptococcus mutans,Clarithromycin,2,0.0,0.0,4,0.5
DRIAMS-B,Streptococcus oralis,Clarithromycin,2,0.0,0.0,17,0.8823529411764706
DRIAMS-B,Streptococcus oralis,Gentamicin,2,2.0,1.0,17,0.8823529411764706
DRIAMS-B,Streptococcus parasanguinis,Ampicillin,2,1.0,0.5,2,0.0
DRIAMS-B,Streptococcus parasanguinis,Benzylpenicillin,2,1.0,0.5,2,0.0
DRIAMS-B,Streptococcus parasanguinis,Ceftriaxone,2,1.0,0.5,2,0.0
DRIAMS-B,Streptococcus parasanguinis,Clindamycin,2,0.0,0.0,2,0.0
DRIAMS-B,Streptococcus parasanguinis,Vancomycin,2,0.0,0.0,2,0.0
DRIAMS-B,Streptococcus pseudopneumoniae,Amoxicillin-Clavulanic acid,2,0.0,0.0,2,0.0
DRIAMS-B,Streptococcus pseudopneumoniae,Ampicillin,2,0.0,0.0,2,0.0
DRIAMS-B,Streptococcus pseudopneumoniae,Benzylpenicillin_others,2,0.0,0.0,2,0.0
DRIAMS-B,Streptococcus pseudopneumoniae,Benzylpenicillin_with_meningitis,2,0.0,0.0,2,0.0
DRIAMS-B,Streptococcus pseudopneumoniae,Benzylpenicillin_with_pneumonia,2,0.0,0.0,2,0.0
DRIAMS-B,Streptococcus pseudopneumoniae,Ceftriaxone,2,0.0,0.0,2,0.0
DRIAMS-B,Streptococcus pseudopneumoniae,Clarithromycin,2,2.0,1.0,2,0.0
DRIAMS-B,Streptococcus pseudopneumoniae,Clindamycin,2,0.0,0.0,2,0.0
DRIAMS-B,Streptococcus pseudopneumoniae,Cotrimoxazol,2,0.0,0.0,2,0.0
DRIAMS-B,Streptococcus pseudopneumoniae,Erythromycin,2,2.0,1.0,2,0.0
DRIAMS-B,Streptococcus pseudopneumoniae,Levofloxacin,2,0.0,0.0,2,0.0
DRIAMS-B,Streptococcus pseudopneumoniae,Linezolid,2,0.0,0.0,2,0.0
DRIAMS-B,Streptococcus pseudopneumoniae,Tetracycline,2,2.0,1.0,2,0.0
DRIAMS-B,Streptococcus pseudopneumoniae,Vancomycin,2,0.0,0.0,2,0.0
DRIAMS-B,Achromobacter xylosoxidans,Gentamicin,1,1.0,1.0,3,0.6666666666666667
DRIAMS-B,Acinetobacter guillouiae,Amikacin,1,0.0,0.0,1,0.0
DRIAMS-B,Acinetobacter guillouiae,Ciprofloxacin,1,0.0,0.0,1,0.0
DRIAMS-B,Acinetobacter guillouiae,Cotrimoxazol,1,0.0,0.0,1,0.0
DRIAMS-B,Acinetobacter guillouiae,Imipenem,1,0.0,0.0,1,0.0
DRIAMS-B,Acinetobacter guillouiae,Meropenem,1,0.0,0.0,1,0.0
DRIAMS-B,Acinetobacter johnsonii,Amikacin,1,0.0,0.0,1,0.0
DRIAMS-B,Acinetobacter johnsonii,Ciprofloxacin,1,0.0,0.0,1,0.0
DRIAMS-B,Acinetobacter johnsonii,Cotrimoxazol,1,0.0,0.0,1,0.0
DRIAMS-B,Acinetobacter johnsonii,Imipenem,1,0.0,0.0,1,0.0
DRIAMS-B,Acinetobacter ursingii,Amikacin,1,0.0,0.0,1,0.0
DRIAMS-B,Acinetobacter ursingii,Ciprofloxacin,1,0.0,0.0,1,0.0
DRIAMS-B,Acinetobacter ursingii,Cotrimoxazol,1,0.0,0.0,1,0.0
DRIAMS-B,Acinetobacter ursingii,Imipenem,1,0.0,0.0,1,0.0
DRIAMS-B,Actinomyces odontolyticus,Amoxicillin-Clavulanic acid,1,0.0,0.0,1,0.0
DRIAMS-B,Actinomyces odontolyticus,Benzylpenicillin,1,0.0,0.0,1,0.0
DRIAMS-B,Actinomyces odontolyticus,Clindamycin,1,0.0,0.0,1,0.0
DRIAMS-B,Actinomyces odontolyticus,Imipenem,1,0.0,0.0,1,0.0
DRIAMS-B,Actinomyces odontolyticus,Metronidazole,1,1.0,1.0,1,0.0
DRIAMS-B,Actinomyces odontolyticus,Vancomycin,1,0.0,0.0,1,0.0
DRIAMS-B,Bacillus cereus,Benzylpenicillin,1,1.0,1.0,1,0.0
DRIAMS-B,Bacillus cereus,Clindamycin,1,0.0,0.0,1,0.0
DRIAMS-B,Bacillus cereus,Cotrimoxazol,1,0.0,0.0,1,0.0
DRIAMS-B,Bacillus cereus,Imipenem,1,0.0,0.0,1,0.0
DRIAMS-B,Bacillus cereus,Levofloxacin,1,0.0,0.0,1,0.0
DRIAMS-B,Bacillus cereus,Vancomycin,1,0.0,0.0,1,0.0
DRIAMS-B,Bacillus mycoides,Benzylpenicillin,1,1.0,1.0,1,0.0
DRIAMS-B,Bacillus mycoides,Ciprofloxacin,1,0.0,0.0,1,0.0
DRIAMS-B,Bacillus mycoides,Clindamycin,1,1.0,1.0,1,0.0
DRIAMS-B,Bacillus mycoides,Vancomycin,1,0.0,0.0,1,0.0
DRIAMS-B,Bacillus thuringiensis,Benzylpenicillin,1,1.0,1.0,1,0.0
DRIAMS-B,Bacillus thuringiensis,Ciprofloxacin,1,0.0,0.0,1,0.0
DRIAMS-B,Bacillus thuringiensis,Clindamycin,1,1.0,1.0,1,0.0
DRIAMS-B,Bacillus thuringiensis,Vancomycin,1,0.0,0.0,1,0.0
DRIAMS-B,Bacteroides stercoris,Amoxicillin-Clavulanic acid,1,0.0,0.0,1,0.0
DRIAMS-B,Bacteroides stercoris,Benzylpenicillin,1,1.0,1.0,1,0.0
DRIAMS-B,Bacteroides stercoris,Clindamycin,1,0.0,0.0,1,0.0
DRIAMS-B,Bacteroides stercoris,Imipenem,1,0.0,0.0,1,0.0
DRIAMS-B,Bacteroides stercoris,Metronidazole,1,0.0,0.0,1,0.0
DRIAMS-B,Campylobacter coli,Ciprofloxacin,1,1.0,1.0,1,0.0
DRIAMS-B,Campylobacter coli,Erythromycin,1,0.0,0.0,1,0.0
DRIAMS-B,Corynebacterium striatum,Benzylpenicillin,1,1.0,1.0,1,0.0
DRIAMS-B,Corynebacterium striatum,Ciprofloxacin,1,0.0,0.0,1,0.0
DRIAMS-B,Corynebacterium striatum,Clindamycin,1,0.0,0.0,1,0.0
DRIAMS-B,Corynebacterium striatum,Gentamicin,1,0.0,0.0,1,0.0
DRIAMS-B,Corynebacterium striatum,Rifampicin,1,0.0,0.0,1,0.0
DRIAMS-B,Corynebacterium striatum,Tetracycline,1,0.0,0.0,1,0.0
DRIAMS-B,Cronobacter sakazakii,Amikacin,1,0.0,0.0,1,0.0
DRIAMS-B,Cronobacter sakazakii,Amoxicillin-Clavulanic acid,1,0.0,0.0,1,0.0
DRIAMS-B,Cronobacter sakazakii,Ampicillin,1,1.0,1.0,1,0.0
DRIAMS-B,Cronobacter sakazakii,Cefepime,1,0.0,0.0,1,0.0
DRIAMS-B,Cronobacter sakazakii,Cefoxitin,1,1.0,1.0,1,0.0
DRIAMS-B,Cronobacter sakazakii,Ceftazidime,1,0.0,0.0,1,0.0
DRIAMS-B,Cronobacter sakazakii,Ceftriaxone,1,0.0,0.0,1,0.0
DRIAMS-B,Cronobacter sakazakii,Cefuroxime,1,1.0,1.0,1,0.0
DRIAMS-B,Cronobacter sakazakii,Ciprofloxacin,1,0.0,0.0,1,0.0
DRIAMS-B,Cronobacter sakazakii,Cotrimoxazol,1,0.0,0.0,1,0.0
DRIAMS-B,Cronobacter sakazakii,Ertapenem,1,0.0,0.0,1,0.0
DRIAMS-B,Cronobacter sakazakii,Fosfomycin,1,1.0,1.0,1,0.0
DRIAMS-B,Cronobacter sakazakii,Gentamicin,1,0.0,0.0,1,0.0
DRIAMS-B,Cronobacter sakazakii,Imipenem,1,0.0,0.0,1,0.0
DRIAMS-B,Cronobacter sakazakii,Meropenem,1,0.0,0.0,1,0.0
DRIAMS-B,Cronobacter sakazakii,Nitrofurantoin,1,0.0,0.0,1,0.0
DRIAMS-B,Cronobacter sakazakii,Norfloxacin,1,0.0,0.0,1,0.0
DRIAMS-B,Cronobacter sakazakii,Piperacillin-Tazobactam,1,0.0,0.0,1,0.0
DRIAMS-B,Enterococcus casseliflavus,Amoxicillin-Clavulanic acid,1,0.0,0.0,1,0.0
DRIAMS-B,Enterococcus casseliflavus,Ampicillin,1,0.0,0.0,1,0.0
DRIAMS-B,Enterococcus casseliflavus,Ciprofloxacin,1,0.0,0.0,1,0.0
DRIAMS-B,Enterococcus casseliflavus,Gentamicin_high_level,1,0.0,0.0,1,0.0
DRIAMS-B,Enterococcus casseliflavus,Imipenem,1,0.0,0.0,1,0.0
DRIAMS-B,Enterococcus casseliflavus,Levofloxacin,1,0.0,0.0,1,0.0
DRIAMS-B,Enterococcus casseliflavus,Linezolid,1,0.0,0.0,1,0.0
DRIAMS-B,Enterococcus casseliflavus,Nitrofurantoin,1,0.0,0.0,1,0.0
DRIAMS-B,Enterococcus casseliflavus,Piperacillin-Tazobactam,1,0.0,0.0,1,0.0
DRIAMS-B,Enterococcus casseliflavus,Teicoplanin,1,0.0,0.0,1,0.0
DRIAMS-B,Enterococcus casseliflavus,Tigecycline,1,0.0,0.0,1,0.0
DRIAMS-B,Enterococcus casseliflavus,Vancomycin,1,1.0,1.0,1,0.0
DRIAMS-B,Enterococcus gallinarum,Amoxicillin-Clavulanic acid,1,0.0,0.0,1,0.0
DRIAMS-B,Enterococcus gallinarum,Ampicillin,1,0.0,0.0,1,0.0
DRIAMS-B,Enterococcus gallinarum,Ciprofloxacin,1,1.0,1.0,1,0.0
DRIAMS-B,Enterococcus gallinarum,Gentamicin_high_level,1,0.0,0.0,1,0.0
DRIAMS-B,Enterococcus gallinarum,Imipenem,1,0.0,0.0,1,0.0
DRIAMS-B,Enterococcus gallinarum,Levofloxacin,1,1.0,1.0,1,0.0
DRIAMS-B,Enterococcus gallinarum,Linezolid,1,0.0,0.0,1,0.0
DRIAMS-B,Enterococcus gallinarum,Nitrofurantoin,1,0.0,0.0,1,0.0
DRIAMS-B,Enterococcus gallinarum,Piperacillin-Tazobactam,1,0.0,0.0,1,0.0
DRIAMS-B,Enterococcus gallinarum,Teicoplanin,1,0.0,0.0,1,0.0
DRIAMS-B,Enterococcus gallinarum,Tigecycline,1,0.0,0.0,1,0.0
DRIAMS-B,Enterococcus gallinarum,Vancomycin,1,1.0,1.0,1,0.0
DRIAMS-B,Haemophilus influenzae,Erythromycin,1,1.0,1.0,2,0.5
DRIAMS-B,Listeria monocytogenes,Ampicillin,1,0.0,0.0,1,0.0
DRIAMS-B,Listeria monocytogenes,Benzylpenicillin,1,0.0,0.0,1,0.0
DRIAMS-B,Listeria monocytogenes,Meropenem,1,0.0,0.0,1,0.0
DRIAMS-B,Peptoniphilus harei,Amoxicillin-Clavulanic acid,1,0.0,0.0,1,0.0
DRIAMS-B,Peptoniphilus harei,Benzylpenicillin,1,0.0,0.0,1,0.0
DRIAMS-B,Peptoniphilus harei,Clindamycin,1,0.0,0.0,1,0.0
DRIAMS-B,Peptoniphilus harei,Imipenem,1,0.0,0.0,1,0.0
DRIAMS-B,Peptoniphilus harei,Metronidazole,1,0.0,0.0,1,0.0
DRIAMS-B,Peptoniphilus harei,Vancomycin,1,0.0,0.0,1,0.0
DRIAMS-B,Peptoniphilus olsenii,Amoxicillin-Clavulanic acid,1,0.0,0.0,1,0.0
DRIAMS-B,Peptoniphilus olsenii,Benzylpenicillin,1,0.0,0.0,1,0.0
DRIAMS-B,Peptoniphilus olsenii,Clindamycin,1,0.0,0.0,1,0.0
DRIAMS-B,Peptoniphilus olsenii,Imipenem,1,0.0,0.0,1,0.0
DRIAMS-B,Peptoniphilus olsenii,Metronidazole,1,0.0,0.0,1,0.0
DRIAMS-B,Peptoniphilus olsenii,Vancomycin,1,0.0,0.0,1,0.0
DRIAMS-B,Rothia mucilaginosa,Benzylpenicillin,1,0.0,0.0,1,0.0
DRIAMS-B,Rothia mucilaginosa,Clindamycin,1,0.0,0.0,1,0.0
DRIAMS-B,Rothia mucilaginosa,Levofloxacin,1,0.0,0.0,1,0.0
DRIAMS-B,Rothia mucilaginosa,Vancomycin,1,0.0,0.0,1,0.0
DRIAMS-B,Salmonella newington,Ampicillin,1,0.0,0.0,1,0.0
DRIAMS-B,Salmonella newington,Ceftriaxone,1,0.0,0.0,1,0.0
DRIAMS-B,Salmonella newington,Ciprofloxacin,1,1.0,1.0,1,0.0
DRIAMS-B,Salmonella newington,Cotrimoxazol,1,0.0,0.0,1,0.0
DRIAMS-B,Salmonella newington,Ertapenem,1,0.0,0.0,1,0.0
DRIAMS-B,Salmonella newington,Imipenem,1,0.0,0.0,1,0.0
DRIAMS-B,Staphylococcus aureus,Imipenem,1,0.0,0.0,353,0.9971671388101983
DRIAMS-B,Staphylococcus aureus,Minocycline,1,0.0,0.0,353,0.9971671388101983
DRIAMS-B,Staphylococcus schleiferi,Benzylpenicillin,1,1.0,1.0,3,0.6666666666666667
DRIAMS-B,Staphylococcus xylosus,Clindamycin,1,0.0,0.0,2,0.5
DRIAMS-B,Streptococcus agalactiae,Rifampicin,1,1.0,1.0,79,0.9873417721518988
DRIAMS-B,Streptococcus dysgalactiae,Minocycline,1,0.0,0.0,27,0.962962962962963
DRIAMS-B,Streptococcus dysgalactiae,Teicoplanin,1,0.0,0.0,27,0.962962962962963
DRIAMS-B,Streptococcus equinus,Ampicillin,1,0.0,0.0,1,0.0
DRIAMS-B,Streptococcus equinus,Benzylpenicillin,1,0.0,0.0,1,0.0
DRIAMS-B,Streptococcus equinus,Ceftriaxone,1,0.0,0.0,1,0.0
DRIAMS-B,Streptococcus equinus,Clindamycin,1,0.0,0.0,1,0.0
DRIAMS-B,Streptococcus equinus,Vancomycin,1,0.0,0.0,1,0.0
DRIAMS-B,Streptococcus intermedius,Amoxicillin-Clavulanic acid,1,0.0,0.0,4,0.75
DRIAMS-B,Streptococcus mitis,Benzylpenicillin_others,1,0.0,0.0,4,0.75
DRIAMS-B,Streptococcus mitis,Benzylpenicillin_with_meningitis,1,0.0,0.0,4,0.75
DRIAMS-B,Streptococcus mitis,Benzylpenicillin_with_pneumonia,1,0.0,0.0,4,0.75
DRIAMS-B,Streptococcus mitis,Erythromycin,1,0.0,0.0,4,0.75
DRIAMS-B,Streptococcus mitis,Levofloxacin,1,0.0,0.0,4,0.75
DRIAMS-B,Streptococcus mutans,Amoxicillin-Clavulanic acid,1,0.0,0.0,4,0.75
DRIAMS-B,Streptococcus mutans,Cotrimoxazol,1,0.0,0.0,4,0.75
DRIAMS-B,Streptococcus mutans,Erythromycin,1,0.0,0.0,4,0.75
DRIAMS-B,Streptococcus mutans,Levofloxacin,1,0.0,0.0,4,0.75
DRIAMS-B,Streptococcus mutans,Linezolid,1,0.0,0.0,4,0.75
DRIAMS-B,Streptococcus mutans,Tetracycline,1,0.0,0.0,4,0.75
DRIAMS-B,Streptococcus oralis,Amoxicillin-Clavulanic acid,1,0.0,0.0,17,0.9411764705882353
DRIAMS-B,Streptococcus oralis,Cotrimoxazol,1,0.0,0.0,17,0.9411764705882353
DRIAMS-B,Streptococcus oralis,Erythromycin,1,0.0,0.0,17,0.9411764705882353
DRIAMS-B,Streptococcus oralis,Levofloxacin,1,0.0,0.0,17,0.9411764705882353
DRIAMS-B,Streptococcus oralis,Linezolid,1,0.0,0.0,17,0.9411764705882353
DRIAMS-B,Streptococcus oralis,Tetracycline,1,0.0,0.0,17,0.9411764705882353
DRIAMS-B,Streptococcus vestibularis,Amoxicillin-Clavulanic acid,1,0.0,0.0,1,0.0
DRIAMS-B,Streptococcus vestibularis,Ampicillin,1,0.0,0.0,1,0.0
DRIAMS-B,Streptococcus vestibularis,Benzylpenicillin_others,1,0.0,0.0,1,0.0
DRIAMS-B,Streptococcus vestibularis,Benzylpenicillin_with_meningitis,1,0.0,0.0,1,0.0
DRIAMS-B,Streptococcus vestibularis,Benzylpenicillin_with_pneumonia,1,0.0,0.0,1,0.0
DRIAMS-B,Streptococcus vestibularis,Ceftriaxone,1,0.0,0.0,1,0.0
DRIAMS-B,Streptococcus vestibularis,Clarithromycin,1,0.0,0.0,1,0.0
DRIAMS-B,Streptococcus vestibularis,Clindamycin,1,0.0,0.0,1,0.0
DRIAMS-B,Streptococcus vestibularis,Cotrimoxazol,1,0.0,0.0,1,0.0
DRIAMS-B,Streptococcus vestibularis,Erythromycin,1,0.0,0.0,1,0.0
DRIAMS-B,Streptococcus vestibularis,Levofloxacin,1,0.0,0.0,1,0.0
DRIAMS-B,Streptococcus vestibularis,Linezolid,1,0.0,0.0,1,0.0
DRIAMS-B,Streptococcus vestibularis,Tetracycline,1,0.0,0.0,1,0.0
DRIAMS-B,Streptococcus vestibularis,Vancomycin,1,0.0,0.0,1,0.0
DRIAMS-C,Escherichia coli,Polymyxin B,927,0.0,0.0,927,0.0
DRIAMS-C,Escherichia coli,Ceftriaxone,916,151.0,0.1648471615720524,927,0.011866235167206085
DRIAMS-C,Escherichia coli,Ceftazidime,915,146.0,0.15956284153005465,927,0.012944983818770184
DRIAMS-C,Escherichia coli,Gentamicin,911,93.0,0.10208562019758508,927,0.017259978425027023
DRIAMS-C,Escherichia coli,Cefuroxime,909,188.0,0.2068206820682068,927,0.01941747572815533
DRIAMS-C,Escherichia coli,Amoxicillin-Clavulanic acid,902,230.0,0.2549889135254989,927,0.02696871628910469
DRIAMS-C,Escherichia coli,Cotrimoxazole,896,304.0,0.3392857142857143,927,0.033441208198489725
DRIAMS-C,Escherichia coli,Ciprofloxacin,889,191.0,0.21484814398200225,927,0.04099244875943908
DRIAMS-C,Escherichia coli,Ampicillin,884,544.0,0.6153846153846154,927,0.04638619201726002
DRIAMS-C,Staphylococcus aureus,Amoxicillin-Clavulanic acid,738,41.0,0.05555555555555555,738,0.0
DRIAMS-C,Staphylococcus aureus,Ampicillin,738,547.0,0.7411924119241192,738,0.0
DRIAMS-C,Staphylococcus aureus,Ciprofloxacin,738,33.0,0.044715447154471545,738,0.0
DRIAMS-C,Staphylococcus aureus,Cotrimoxazole,738,5.0,0.006775067750677507,738,0.0
DRIAMS-C,Staphylococcus aureus,Gentamicin,738,15.0,0.02032520325203252,738,0.0
DRIAMS-C,Staphylococcus aureus,Oxacillin,738,41.0,0.05555555555555555,738,0.0
DRIAMS-C,Staphylococcus aureus,Penicillin,738,547.0,0.7411924119241192,738,0.0
DRIAMS-C,Staphylococcus aureus,Clarithromycin,651,91.0,0.13978494623655913,738,0.11788617886178865
DRIAMS-C,Staphylococcus aureus,Clindamycin,651,79.0,0.12135176651305683,738,0.11788617886178865
DRIAMS-C,Staphylococcus aureus,Fusidic acid,651,17.0,0.026113671274961597,738,0.11788617886178865
DRIAMS-C,Staphylococcus aureus,Vancomycin,651,0.0,0.0,738,0.11788617886178865
DRIAMS-C,Staphylococcus aureus,Doxycycline,650,25.0,0.038461538461538464,738,0.1192411924119241
DRIAMS-C,Staphylococcus aureus,Rifampicin,648,4.0,0.006172839506172839,738,0.12195121951219512
DRIAMS-C,Escherichia coli,Amikacin,624,6.0,0.009615384615384616,927,0.3268608414239482
DRIAMS-C,Escherichia coli,Imipenem,623,0.0,0.0,927,0.32793959007551243
DRIAMS-C,Escherichia coli,Piperacillin-Tazobactam,623,52.0,0.08346709470304976,927,0.32793959007551243
DRIAMS-C,Escherichia coli,Cefepime,622,126.0,0.20257234726688103,927,0.32901833872707664
DRIAMS-C,Enterococcus faecalis,Amoxicillin-Clavulanic acid,530,0.0,0.0,530,0.0
DRIAMS-C,Enterococcus faecalis,Ampicillin,530,0.0,0.0,530,0.0
DRIAMS-C,Enterococcus faecalis,Mupirocin,530,530.0,1.0,530,0.0
DRIAMS-C,Enterococcus faecalis,Oxacillin,530,528.0,0.9962264150943396,530,0.0
DRIAMS-C,Enterococcus faecalis,Piperacillin-Tazobactam,530,0.0,0.0,530,0.0
DRIAMS-C,Escherichia coli,Fosfomycin,471,38.0,0.08067940552016985,927,0.49190938511326865
DRIAMS-C,Escherichia coli,Nitrofurantoin,471,0.0,0.0,927,0.49190938511326865
DRIAMS-C,Escherichia coli,Norfloxacin,446,122.0,0.273542600896861,927,0.5188781014023732
DRIAMS-C,Klebsiella pneumoniae,Ampicillin,366,366.0,1.0,366,0.0
DRIAMS-C,Klebsiella pneumoniae,Ceftriaxone,366,55.0,0.15027322404371585,366,0.0
DRIAMS-C,Klebsiella pneumoniae,Ciprofloxacin,366,48.0,0.13114754098360656,366,0.0
DRIAMS-C,Klebsiella pneumoniae,Cotrimoxazole,366,74.0,0.20218579234972678,366,0.0
DRIAMS-C,Klebsiella pneumoniae,Gentamicin,366,23.0,0.06284153005464481,366,0.0
DRIAMS-C,Klebsiella pneumoniae,Polymyxin B,366,0.0,0.0,366,0.0
DRIAMS-C,Klebsiella pneumoniae,Amoxicillin-Clavulanic acid,365,54.0,0.14794520547945206,366,0.002732240437158473
DRIAMS-C,Klebsiella pneumoniae,Ceftazidime,365,57.0,0.15616438356164383,366,0.002732240437158473
DRIAMS-C,Enterococcus faecalis,Nitrofurantoin,362,0.0,0.0,530,0.31698113207547174
DRIAMS-C,Klebsiella pneumoniae,Cefuroxime,360,63.0,0.175,366,0.016393442622950838
DRIAMS-C,Enterococcus faecalis,Cotrimoxazole,357,353.0,0.988795518207283,530,0.3264150943396227
DRIAMS-C,Pseudomonas aeruginosa,Amikacin,357,19.0,0.05322128851540616,357,0.0
DRIAMS-C,Pseudomonas aeruginosa,Amoxicillin-Clavulanic acid,357,357.0,1.0,357,0.0
DRIAMS-C,Pseudomonas aeruginosa,Ampicillin,357,357.0,1.0,357,0.0
DRIAMS-C,Pseudomonas aeruginosa,Cefepime,357,34.0,0.09523809523809523,357,0.0
DRIAMS-C,Pseudomonas aeruginosa,Ceftazidime,357,32.0,0.0896358543417367,357,0.0
DRIAMS-C,Pseudomonas aeruginosa,Ceftriaxone,357,357.0,1.0,357,0.0
DRIAMS-C,Pseudomonas aeruginosa,Cefuroxime,357,353.0,0.988795518207283,357,0.0
DRIAMS-C,Pseudomonas aeruginosa,Ciprofloxacin,357,33.0,0.09243697478991597,357,0.0
DRIAMS-C,Pseudomonas aeruginosa,Cotrimoxazole,357,357.0,1.0,357,0.0
DRIAMS-C,Pseudomonas aeruginosa,Gentamicin,357,27.0,0.07563025210084033,357,0.0
DRIAMS-C,Pseudomonas aeruginosa,Imipenem,357,31.0,0.08683473389355742,357,0.0
DRIAMS-C,Pseudomonas aeruginosa,Piperacillin-Tazobactam,357,32.0,0.0896358543417367,357,0.0
DRIAMS-C,Pseudomonas aeruginosa,Polymyxin B,357,0.0,0.0,357,0.0
DRIAMS-C,Klebsiella pneumoniae,Fosfomycin,230,196.0,0.8521739130434782,366,0.3715846994535519
DRIAMS-C,Klebsiella pneumoniae,Nitrofurantoin,230,29.0,0.12608695652173912,366,0.3715846994535519
DRIAMS-C,Klebsiella pneumoniae,Norfloxacin,230,30.0,0.13043478260869565,366,0.3715846994535519
DRIAMS-C,Proteus mirabilis,Amoxicillin-Clavulanic acid,220,14.0,0.06363636363636363,220,0.0
DRIAMS-C,Proteus mirabilis,Ampicillin,220,96.0,0.43636363636363634,220,0.0
DRIAMS-C,Proteus mirabilis,Ceftazidime,220,7.0,0.031818181818181815,220,0.0
DRIAMS-C,Proteus mirabilis,Ceftriaxone,220,16.0,0.07272727272727272,220,0.0
DRIAMS-C,Proteus mirabilis,Cefuroxime,220,11.0,0.05,220,0.0
DRIAMS-C,Proteus mirabilis,Ciprofloxacin,220,24.0,0.10909090909090909,220,0.0
DRIAMS-C,Proteus mirabilis,Cotrimoxazole,220,80.0,0.36363636363636365,220,0.0
DRIAMS-C,Proteus mirabilis,Gentamicin,220,26.0,0.11818181818181818,220,0.0
DRIAMS-C,Proteus mirabilis,Polymyxin B,220,220.0,1.0,220,0.0
DRIAMS-C,Klebsiella pneumoniae,Amikacin,185,4.0,0.021621621621621623,366,0.49453551912568305
DRIAMS-C,Klebsiella pneumoniae,Cefepime,185,53.0,0.2864864864864865,366,0.49453551912568305
DRIAMS-C,Klebsiella pneumoniae,Imipenem,185,5.0,0.02702702702702703,366,0.49453551912568305
DRIAMS-C,Klebsiella pneumoniae,Piperacillin-Tazobactam,184,39.0,0.21195652173913043,366,0.4972677595628415
DRIAMS-C,Enterococcus faecalis,Gentamicin,176,176.0,1.0,530,0.6679245283018869
DRIAMS-C,Enterococcus faecalis,Clindamycin,175,172.0,0.9828571428571429,530,0.6698113207547169
DRIAMS-C,Enterococcus faecalis,Linezolid,175,0.0,0.0,530,0.6698113207547169
DRIAMS-C,Enterococcus faecalis,Vancomycin,174,0.0,0.0,530,0.6716981132075472
DRIAMS-C,Enterobacter cloacae,Amoxicillin-Clavulanic acid,170,170.0,1.0,170,0.0
DRIAMS-C,Enterobacter cloacae,Ampicillin,170,170.0,1.0,170,0.0
DRIAMS-C,Enterobacter cloacae,Ceftazidime,170,44.0,0.25882352941176473,170,0.0
DRIAMS-C,Enterobacter cloacae,Ceftriaxone,170,46.0,0.27058823529411763,170,0.0
DRIAMS-C,Enterobacter cloacae,Cefuroxime,170,68.0,0.4,170,0.0
DRIAMS-C,Enterobacter cloacae,Ciprofloxacin,170,2.0,0.011764705882352941,170,0.0
DRIAMS-C,Enterobacter cloacae,Cotrimoxazole,170,9.0,0.052941176470588235,170,0.0
DRIAMS-C,Enterobacter cloacae,Gentamicin,170,1.0,0.0058823529411764705,170,0.0
DRIAMS-C,Enterobacter cloacae,Polymyxin B,170,0.0,0.0,170,0.0
DRIAMS-C,Klebsiella oxytoca,Amoxicillin-Clavulanic acid,132,15.0,0.11363636363636363,132,0.0
DRIAMS-C,Klebsiella oxytoca,Ampicillin,132,132.0,1.0,132,0.0
DRIAMS-C,Klebsiella oxytoca,Ceftazidime,132,0.0,0.0,132,0.0
DRIAMS-C,Klebsiella oxytoca,Ceftriaxone,132,13.0,0.09848484848484848,132,0.0
DRIAMS-C,Klebsiella oxytoca,Cefuroxime,132,14.0,0.10606060606060606,132,0.0
DRIAMS-C,Klebsiella oxytoca,Ciprofloxacin,132,0.0,0.0,132,0.0
DRIAMS-C,Klebsiella oxytoca,Cotrimoxazole,132,6.0,0.045454545454545456,132,0.0
DRIAMS-C,Klebsiella oxytoca,Gentamicin,132,0.0,0.0,132,0.0
DRIAMS-C,Klebsiella oxytoca,Polymyxin B,132,0.0,0.0,132,0.0
DRIAMS-C,Proteus mirabilis,Fosfomycin,131,31.0,0.2366412213740458,220,0.40454545454545454
DRIAMS-C,Proteus mirabilis,Nitrofurantoin,131,129.0,0.9847328244274809,220,0.40454545454545454
DRIAMS-C,Proteus mirabilis,Norfloxacin,131,21.0,0.16030534351145037,220,0.40454545454545454
DRIAMS-C,Citrobacter koseri,Amoxicillin-Clavulanic acid,119,8.0,0.06722689075630252,119,0.0
DRIAMS-C,Citrobacter koseri,Ampicillin,119,119.0,1.0,119,0.0
DRIAMS-C,Citrobacter koseri,Ceftazidime,119,0.0,0.0,119,0.0
DRIAMS-C,Citrobacter koseri,Ceftriaxone,119,0.0,0.0,119,0.0
DRIAMS-C,Citrobacter koseri,Cefuroxime,119,21.0,0.17647058823529413,119,0.0
DRIAMS-C,Citrobacter koseri,Ciprofloxacin,119,0.0,0.0,119,0.0
DRIAMS-C,Citrobacter koseri,Cotrimoxazole,119,0.0,0.0,119,0.0
DRIAMS-C,Citrobacter koseri,Gentamicin,119,0.0,0.0,119,0.0
DRIAMS-C,Citrobacter koseri,Polymyxin B,119,0.0,0.0,119,0.0
DRIAMS-C,Enterobacter cloacae,Amikacin,114,0.0,0.0,170,0.3294117647058824
DRIAMS-C,Enterobacter cloacae,Cefepime,114,15.0,0.13157894736842105,170,0.3294117647058824
DRIAMS-C,Enterobacter cloacae,Imipenem,114,0.0,0.0,170,0.3294117647058824
DRIAMS-C,Enterobacter cloacae,Piperacillin-Tazobactam,114,37.0,0.32456140350877194,170,0.3294117647058824
DRIAMS-C,Proteus mirabilis,Amikacin,105,0.0,0.0,220,0.5227272727272727
DRIAMS-C,Proteus mirabilis,Cefepime,105,11.0,0.10476190476190476,220,0.5227272727272727
DRIAMS-C,Proteus mirabilis,Imipenem,105,6.0,0.05714285714285714,220,0.5227272727272727
DRIAMS-C,Proteus mirabilis,Piperacillin-Tazobactam,105,6.0,0.05714285714285714,220,0.5227272727272727
DRIAMS-C,Enterococcus faecium,Amoxicillin-Clavulanic acid,93,77.0,0.8279569892473119,93,0.0
DRIAMS-C,Enterococcus faecium,Ampicillin,93,77.0,0.8279569892473119,93,0.0
DRIAMS-C,Enterococcus faecium,Clindamycin,93,91.0,0.978494623655914,93,0.0
DRIAMS-C,Enterococcus faecium,Gentamicin,93,92.0,0.989247311827957,93,0.0
DRIAMS-C,Enterococcus faecium,Linezolid,93,3.0,0.03225806451612903,93,0.0
DRIAMS-C,Enterococcus faecium,Mupirocin,93,1.0,0.010752688172043012,93,0.0
DRIAMS-C,Enterococcus faecium,Oxacillin,93,93.0,1.0,93,0.0
DRIAMS-C,Enterococcus faecium,Vancomycin,93,4.0,0.043010752688172046,93,0.0
DRIAMS-C,Morganella morganii,Amoxicillin-Clavulanic acid,93,93.0,1.0,93,0.0
DRIAMS-C,Morganella morganii,Ampicillin,93,93.0,1.0,93,0.0
DRIAMS-C,Morganella morganii,Ceftazidime,93,1.0,0.010752688172043012,93,0.0
DRIAMS-C,Morganella morganii,Ceftriaxone,93,1.0,0.010752688172043012,93,0.0
DRIAMS-C,Morganella morganii,Cefuroxime,93,91.0,0.978494623655914,93,0.0
DRIAMS-C,Morganella morganii,Cotrimoxazole,93,10.0,0.10752688172043011,93,0.0
DRIAMS-C,Morganella morganii,Gentamicin,93,2.0,0.021505376344086023,93,0.0
DRIAMS-C,Morganella morganii,Polymyxin B,93,93.0,1.0,93,0.0
DRIAMS-C,Enterococcus faecium,Piperacillin-Tazobactam,92,76.0,0.8260869565217391,93,0.010752688172043001
DRIAMS-C,Morganella morganii,Ciprofloxacin,92,3.0,0.03260869565217391,93,0.010752688172043001
DRIAMS-C,Staphylococcus aureus,Nitrofurantoin,89,0.0,0.0,738,0.8794037940379403
DRIAMS-C,Staphylococcus aureus,Norfloxacin,89,10.0,0.11235955056179775,738,0.8794037940379403
DRIAMS-C,Staphylococcus aureus,Novobiocin,89,0.0,0.0,738,0.8794037940379403
DRIAMS-C,Serratia marcescens,Amoxicillin-Clavulanic acid,87,87.0,1.0,87,0.0
DRIAMS-C,Serratia marcescens,Ampicillin,87,87.0,1.0,87,0.0
DRIAMS-C,Serratia marcescens,Cefuroxime,87,87.0,1.0,87,0.0
DRIAMS-C,Serratia marcescens,Ciprofloxacin,87,3.0,0.034482758620689655,87,0.0
DRIAMS-C,Serratia marcescens,Cotrimoxazole,87,7.0,0.08045977011494253,87,0.0
DRIAMS-C,Serratia marcescens,Gentamicin,87,6.0,0.06896551724137931,87,0.0
DRIAMS-C,Serratia marcescens,Polymyxin B,87,87.0,1.0,87,0.0
DRIAMS-C,Serratia marcescens,Ceftazidime,85,7.0,0.08235294117647059,87,0.02298850574712641
DRIAMS-C,Serratia marcescens,Ceftriaxone,85,8.0,0.09411764705882353,87,0.02298850574712641
DRIAMS-C,Klebsiella oxytoca,Amikacin,83,0.0,0.0,132,0.3712121212121212
DRIAMS-C,Klebsiella oxytoca,Cefepime,83,0.0,0.0,132,0.3712121212121212
DRIAMS-C,Klebsiella oxytoca,Imipenem,83,0.0,0.0,132,0.3712121212121212
DRIAMS-C,Klebsiella oxytoca,Piperacillin-Tazobactam,83,14.0,0.1686746987951807,132,0.3712121212121212
DRIAMS-C,Enterobacter cloacae,Fosfomycin,78,58.0,0.7435897435897436,170,0.5411764705882354
DRIAMS-C,Enterobacter cloacae,Nitrofurantoin,78,10.0,0.1282051282051282,170,0.5411764705882354
DRIAMS-C,Enterobacter cloacae,Norfloxacin,78,2.0,0.02564102564102564,170,0.5411764705882354
DRIAMS-C,Proteus vulgaris,Amoxicillin-Clavulanic acid,68,6.0,0.08823529411764706,68,0.0
DRIAMS-C,Proteus vulgaris,Ampicillin,68,68.0,1.0,68,0.0
DRIAMS-C,Proteus vulgaris,Ceftazidime,68,0.0,0.0,68,0.0
DRIAMS-C,Proteus vulgaris,Ceftriaxone,68,0.0,0.0,68,0.0
DRIAMS-C,Proteus vulgaris,Cefuroxime,68,65.0,0.9558823529411765,68,0.0
DRIAMS-C,Proteus vulgaris,Ciprofloxacin,68,1.0,0.014705882352941176,68,0.0
DRIAMS-C,Proteus vulgaris,Cotrimoxazole,68,1.0,0.014705882352941176,68,0.0
DRIAMS-C,Proteus vulgaris,Gentamicin,68,0.0,0.0,68,0.0
DRIAMS-C,Proteus vulgaris,Polymyxin B,68,67.0,0.9852941176470589,68,0.0
DRIAMS-C,Citrobacter koseri,Amikacin,67,0.0,0.0,119,0.4369747899159664
DRIAMS-C,Citrobacter koseri,Cefepime,67,0.0,0.0,119,0.4369747899159664
DRIAMS-C,Citrobacter koseri,Imipenem,67,0.0,0.0,119,0.4369747899159664
DRIAMS-C,Citrobacter koseri,Piperacillin-Tazobactam,67,6.0,0.08955223880597014,119,0.4369747899159664
DRIAMS-C,Staphylococcus lugdunensis,Amoxicillin-Clavulanic acid,67,6.0,0.08955223880597014,67,0.0
DRIAMS-C,Staphylococcus lugdunensis,Ampicillin,67,38.0,0.5671641791044776,67,0.0
DRIAMS-C,Staphylococcus lugdunensis,Ciprofloxacin,67,0.0,0.0,67,0.0
DRIAMS-C,Staphylococcus lugdunensis,Cotrimoxazole,67,0.0,0.0,67,0.0
DRIAMS-C,Staphylococcus lugdunensis,Gentamicin,67,0.0,0.0,67,0.0
DRIAMS-C,Staphylococcus lugdunensis,Oxacillin,67,6.0,0.08955223880597014,67,0.0
DRIAMS-C,Staphylococcus lugdunensis,Penicillin,67,38.0,0.5671641791044776,67,0.0
DRIAMS-C,Enterobacter aerogenes,Amoxicillin-Clavulanic acid,63,63.0,1.0,63,0.0
DRIAMS-C,Enterobacter aerogenes,Ampicillin,63,63.0,1.0,63,0.0
DRIAMS-C,Enterobacter aerogenes,Ceftazidime,63,16.0,0.25396825396825395,63,0.0
DRIAMS-C,Enterobacter aerogenes,Ceftriaxone,63,15.0,0.23809523809523808,63,0.0
DRIAMS-C,Enterobacter aerogenes,Cefuroxime,63,22.0,0.3492063492063492,63,0.0
DRIAMS-C,Enterobacter aerogenes,Ciprofloxacin,63,0.0,0.0,63,0.0
DRIAMS-C,Enterobacter aerogenes,Cotrimoxazole,63,0.0,0.0,63,0.0
DRIAMS-C,Enterobacter aerogenes,Gentamicin,63,0.0,0.0,63,0.0
DRIAMS-C,Enterobacter aerogenes,Polymyxin B,63,0.0,0.0,63,0.0
DRIAMS-C,Staphylococcus lugdunensis,Clarithromycin,63,6.0,0.09523809523809523,67,0.05970149253731338
DRIAMS-C,Staphylococcus lugdunensis,Clindamycin,63,3.0,0.047619047619047616,67,0.05970149253731338
DRIAMS-C,Staphylococcus lugdunensis,Doxycycline,63,9.0,0.14285714285714285,67,0.05970149253731338
DRIAMS-C,Staphylococcus lugdunensis,Fusidic acid,63,1.0,0.015873015873015872,67,0.05970149253731338
DRIAMS-C,Staphylococcus lugdunensis,Rifampicin,63,0.0,0.0,67,0.05970149253731338
DRIAMS-C,Staphylococcus lugdunensis,Vancomycin,63,0.0,0.0,67,0.05970149253731338
DRIAMS-C,Klebsiella oxytoca,Fosfomycin,61,50.0,0.819672131147541,132,0.5378787878787878
DRIAMS-C,Klebsiella oxytoca,Nitrofurantoin,61,3.0,0.04918032786885246,132,0.5378787878787878
DRIAMS-C,Klebsiella oxytoca,Norfloxacin,61,0.0,0.0,132,0.5378787878787878
DRIAMS-C,Serratia marcescens,Amikacin,61,0.0,0.0,87,0.29885057471264365
DRIAMS-C,Serratia marcescens,Imipenem,61,0.0,0.0,87,0.29885057471264365
DRIAMS-C,Serratia marcescens,Piperacillin-Tazobactam,61,13.0,0.21311475409836064,87,0.29885057471264365
DRIAMS-C,Haemophilus influenzae,Amoxicillin-Clavulanic acid,60,4.0,0.06666666666666667,60,0.0
DRIAMS-C,Haemophilus influenzae,Ampicillin,60,7.0,0.11666666666666667,60,0.0
DRIAMS-C,Haemophilus influenzae,Ceftriaxone,60,0.0,0.0,60,0.0
DRIAMS-C,Haemophilus influenzae,Cefuroxime,60,14.0,0.23333333333333334,60,0.0
DRIAMS-C,Haemophilus influenzae,Ciprofloxacin,60,1.0,0.016666666666666666,60,0.0
DRIAMS-C,Haemophilus influenzae,Clarithromycin,60,59.0,0.9833333333333333,60,0.0
DRIAMS-C,Haemophilus influenzae,Penicillin,60,19.0,0.31666666666666665,60,0.0
DRIAMS-C,Serratia marcescens,Cefepime,59,6.0,0.1016949152542373,87,0.32183908045977017
DRIAMS-C,Citrobacter freundii,Amoxicillin-Clavulanic acid,57,57.0,1.0,57,0.0
DRIAMS-C,Citrobacter freundii,Ampicillin,57,57.0,1.0,57,0.0
DRIAMS-C,Citrobacter freundii,Ceftazidime,57,17.0,0.2982456140350877,57,0.0
DRIAMS-C,Citrobacter freundii,Ceftriaxone,57,17.0,0.2982456140350877,57,0.0
DRIAMS-C,Citrobacter freundii,Cefuroxime,57,18.0,0.3157894736842105,57,0.0
DRIAMS-C,Citrobacter freundii,Ciprofloxacin,57,0.0,0.0,57,0.0
DRIAMS-C,Citrobacter freundii,Cotrimoxazole,57,1.0,0.017543859649122806,57,0.0
DRIAMS-C,Citrobacter freundii,Gentamicin,57,2.0,0.03508771929824561,57,0.0
DRIAMS-C,Citrobacter freundii,Polymyxin B,57,0.0,0.0,57,0.0
DRIAMS-C,Citrobacter koseri,Fosfomycin,54,2.0,0.037037037037037035,119,0.546218487394958
DRIAMS-C,Citrobacter koseri,Nitrofurantoin,54,0.0,0.0,119,0.546218487394958
DRIAMS-C,Citrobacter koseri,Norfloxacin,54,0.0,0.0,119,0.546218487394958
DRIAMS-C,Morganella morganii,Piperacillin-Tazobactam,53,0.0,0.0,93,0.4301075268817204
DRIAMS-C,Campylobacter jejuni,Azithromycin,52,1.0,0.019230769230769232,52,0.0
DRIAMS-C,Campylobacter jejuni,Cefalotin-Cefazolin,52,51.0,0.9807692307692307,52,0.0
DRIAMS-C,Campylobacter jejuni,Ciprofloxacin,52,27.0,0.5192307692307693,52,0.0
DRIAMS-C,Campylobacter jejuni,Clarithromycin,52,1.0,0.019230769230769232,52,0.0
DRIAMS-C,Campylobacter jejuni,Erythromycin,52,1.0,0.019230769230769232,52,0.0
DRIAMS-C,Campylobacter jejuni,Tetracycline,52,23.0,0.4423076923076923,52,0.0
DRIAMS-C,Morganella morganii,Amikacin,52,0.0,0.0,93,0.4408602150537635
DRIAMS-C,Morganella morganii,Cefepime,52,1.0,0.019230769230769232,93,0.4408602150537635
DRIAMS-C,Morganella morganii,Imipenem,50,2.0,0.04,93,0.4623655913978495
DRIAMS-C,Morganella morganii,Fosfomycin,46,45.0,0.9782608695652174,93,0.5053763440860215
DRIAMS-C,Morganella morganii,Nitrofurantoin,46,40.0,0.8695652173913043,93,0.5053763440860215
DRIAMS-C,Morganella morganii,Norfloxacin,46,3.0,0.06521739130434782,93,0.5053763440860215
DRIAMS-C,Proteus vulgaris,Fosfomycin,42,8.0,0.19047619047619047,68,0.38235294117647056
DRIAMS-C,Proteus vulgaris,Nitrofurantoin,42,42.0,1.0,68,0.38235294117647056
DRIAMS-C,Proteus vulgaris,Norfloxacin,42,1.0,0.023809523809523808,68,0.38235294117647056
DRIAMS-C,Enterobacter aerogenes,Cefepime,40,0.0,0.0,63,0.3650793650793651
DRIAMS-C,Citrobacter freundii,Amikacin,37,0.0,0.0,57,0.3508771929824561
DRIAMS-C,Citrobacter freundii,Imipenem,37,0.0,0.0,57,0.3508771929824561
DRIAMS-C,Citrobacter freundii,Piperacillin-Tazobactam,37,9.0,0.24324324324324326,57,0.3508771929824561
DRIAMS-C,Enterobacter aerogenes,Amikacin,37,0.0,0.0,63,0.4126984126984127
DRIAMS-C,Enterobacter aerogenes,Imipenem,37,0.0,0.0,63,0.4126984126984127
DRIAMS-C,Enterobacter aerogenes,Piperacillin-Tazobactam,37,13.0,0.35135135135135137,63,0.4126984126984127
DRIAMS-C,Citrobacter freundii,Cefepime,34,2.0,0.058823529411764705,57,0.4035087719298246
DRIAMS-C,Enterobacter aerogenes,Fosfomycin,33,21.0,0.6363636363636364,63,0.47619047619047616
DRIAMS-C,Enterobacter aerogenes,Nitrofurantoin,33,11.0,0.3333333333333333,63,0.47619047619047616
DRIAMS-C,Enterobacter aerogenes,Norfloxacin,33,0.0,0.0,63,0.47619047619047616
DRIAMS-C,Citrobacter freundii,Fosfomycin,28,2.0,0.07142857142857142,57,0.5087719298245614
DRIAMS-C,Citrobacter freundii,Nitrofurantoin,28,0.0,0.0,57,0.5087719298245614
DRIAMS-C,Citrobacter freundii,Norfloxacin,28,0.0,0.0,57,0.5087719298245614
DRIAMS-C,Bacteroides fragilis,Metronidazole,27,1.0,0.037037037037037035,27,0.0
DRIAMS-C,Proteus vulgaris,Amikacin,27,0.0,0.0,68,0.6029411764705883
DRIAMS-C,Proteus vulgaris,Cefepime,27,0.0,0.0,68,0.6029411764705883
DRIAMS-C,Proteus vulgaris,Imipenem,27,0.0,0.0,68,0.6029411764705883
DRIAMS-C,Proteus vulgaris,Piperacillin-Tazobactam,27,0.0,0.0,68,0.6029411764705883
DRIAMS-C,Serratia marcescens,Fosfomycin,27,12.0,0.4444444444444444,87,0.6896551724137931
DRIAMS-C,Serratia marcescens,Nitrofurantoin,27,27.0,1.0,87,0.6896551724137931
DRIAMS-C,Serratia marcescens,Norfloxacin,27,1.0,0.037037037037037035,87,0.6896551724137931
DRIAMS-C,Stenotrophomonas maltophilia,Cotrimoxazole,27,0.0,0.0,27,0.0
DRIAMS-C,Bacteroides fragilis,Amoxicillin-Clavulanic acid,26,1.0,0.038461538461538464,27,0.03703703703703709
DRIAMS-C,Bacteroides fragilis,Ampicillin,26,24.0,0.9230769230769231,27,0.03703703703703709
DRIAMS-C,Bacteroides fragilis,Clindamycin,26,6.0,0.23076923076923078,27,0.03703703703703709
DRIAMS-C,Bacteroides fragilis,Penicillin,26,26.0,1.0,27,0.03703703703703709
DRIAMS-C,Staphylococcus aureus,Mupirocin,25,1.0,0.04,738,0.9661246612466124
DRIAMS-C,Streptococcus pneumoniae,Amoxicillin-Clavulanic acid,24,0.0,0.0,24,0.0
DRIAMS-C,Streptococcus pneumoniae,Ampicillin,24,0.0,0.0,24,0.0
DRIAMS-C,Streptococcus pneumoniae,Clarithromycin,24,1.0,0.041666666666666664,24,0.0
DRIAMS-C,Streptococcus pneumoniae,Clindamycin,24,1.0,0.041666666666666664,24,0.0
DRIAMS-C,Streptococcus pneumoniae,Cotrimoxazole,24,0.0,0.0,24,0.0
DRIAMS-C,Streptococcus pneumoniae,Doxycycline,24,1.0,0.041666666666666664,24,0.0
DRIAMS-C,Streptococcus pneumoniae,Gentamicin,24,24.0,1.0,24,0.0
DRIAMS-C,Streptococcus pneumoniae,Moxifloxacin,24,0.0,0.0,24,0.0
DRIAMS-C,Streptococcus pneumoniae,Oxacillin,24,0.0,0.0,24,0.0
DRIAMS-C,Streptococcus pneumoniae,Penicillin,24,0.0,0.0,24,0.0
DRIAMS-C,Streptococcus pneumoniae,Vancomycin,24,0.0,0.0,24,0.0
DRIAMS-C,Bacteroides fragilis,Clarithromycin,23,9.0,0.391304347826087,27,0.14814814814814814
DRIAMS-C,Aerococcus urinae,Amoxicillin-Clavulanic acid,21,0.0,0.0,21,0.0
DRIAMS-C,Aerococcus urinae,Ampicillin,21,0.0,0.0,21,0.0
DRIAMS-C,Staphylococcus epidermidis,Amoxicillin-Clavulanic acid,21,5.0,0.23809523809523808,21,0.0
DRIAMS-C,Staphylococcus epidermidis,Ampicillin,21,20.0,0.9523809523809523,21,0.0
DRIAMS-C,Staphylococcus epidermidis,Ciprofloxacin,21,5.0,0.23809523809523808,21,0.0
DRIAMS-C,Staphylococcus epidermidis,Clarithromycin,21,3.0,0.14285714285714285,21,0.0
DRIAMS-C,Staphylococcus epidermidis,Clindamycin,21,2.0,0.09523809523809523,21,0.0
DRIAMS-C,Staphylococcus epidermidis,Cotrimoxazole,21,8.0,0.38095238095238093,21,0.0
DRIAMS-C,Staphylococcus epidermidis,Doxycycline,21,0.0,0.0,21,0.0
DRIAMS-C,Staphylococcus epidermidis,Fusidic acid,21,9.0,0.42857142857142855,21,0.0
DRIAMS-C,Staphylococcus epidermidis,Gentamicin,21,8.0,0.38095238095238093,21,0.0
DRIAMS-C,Staphylococcus epidermidis,Oxacillin,21,5.0,0.23809523809523808,21,0.0
DRIAMS-C,Staphylococcus epidermidis,Penicillin,21,20.0,0.9523809523809523,21,0.0
DRIAMS-C,Staphylococcus epidermidis,Rifampicin,21,0.0,0.0,21,0.0
DRIAMS-C,Staphylococcus epidermidis,Vancomycin,21,0.0,0.0,21,0.0
DRIAMS-C,Enterobacter asburiae,Amoxicillin-Clavulanic acid,19,19.0,1.0,19,0.0
DRIAMS-C,Enterobacter asburiae,Ampicillin,19,19.0,1.0,19,0.0
DRIAMS-C,Enterobacter asburiae,Ceftazidime,19,5.0,0.2631578947368421,19,0.0
DRIAMS-C,Enterobacter asburiae,Ceftriaxone,19,5.0,0.2631578947368421,19,0.0
DRIAMS-C,Enterobacter asburiae,Cefuroxime,19,5.0,0.2631578947368421,19,0.0
DRIAMS-C,Enterobacter asburiae,Ciprofloxacin,19,0.0,0.0,19,0.0
DRIAMS-C,Enterobacter asburiae,Cotrimoxazole,19,2.0,0.10526315789473684,19,0.0
DRIAMS-C,Enterobacter asburiae,Gentamicin,19,0.0,0.0,19,0.0
DRIAMS-C,Enterobacter asburiae,Polymyxin B,19,0.0,0.0,19,0.0
DRIAMS-C,Haemophilus parainfluenzae,Amoxicillin-Clavulanic acid,17,0.0,0.0,17,0.0
DRIAMS-C,Haemophilus parainfluenzae,Ampicillin,17,1.0,0.058823529411764705,17,0.0
DRIAMS-C,Haemophilus parainfluenzae,Cefuroxime,17,0.0,0.0,17,0.0
DRIAMS-C,Haemophilus parainfluenzae,Ciprofloxacin,17,0.0,0.0,17,0.0
DRIAMS-C,Haemophilus parainfluenzae,Clarithromycin,17,17.0,1.0,17,0.0
DRIAMS-C,Haemophilus parainfluenzae,Penicillin,17,13.0,0.7647058823529411,17,0.0
DRIAMS-C,Haemophilus parainfluenzae,Ceftriaxone,16,0.0,0.0,17,0.05882352941176472
DRIAMS-C,Aerococcus urinae,Ciprofloxacin,15,0.0,0.0,21,0.2857142857142857
DRIAMS-C,Aerococcus urinae,Nitrofurantoin,15,0.0,0.0,21,0.2857142857142857
DRIAMS-C,Enterobacter asburiae,Cefepime,14,0.0,0.0,19,0.26315789473684215
DRIAMS-C,Enterobacter asburiae,Imipenem,14,0.0,0.0,19,0.26315789473684215
DRIAMS-C,Enterobacter asburiae,Piperacillin-Tazobactam,14,5.0,0.35714285714285715,19,0.26315789473684215
DRIAMS-C,Enterobacter asburiae,Amikacin,13,0.0,0.0,19,0.3157894736842105
DRIAMS-C,Prevotella bivia,Amoxicillin-Clavulanic acid,12,0.0,0.0,12,0.0
DRIAMS-C,Prevotella bivia,Ampicillin,12,7.0,0.5833333333333334,12,0.0
DRIAMS-C,Prevotella bivia,Clarithromycin,12,6.0,0.5,12,0.0
DRIAMS-C,Prevotella bivia,Clindamycin,12,6.0,0.5,12,0.0
DRIAMS-C,Prevotella bivia,Metronidazole,12,0.0,0.0,12,0.0
DRIAMS-C,Prevotella bivia,Penicillin,12,7.0,0.5833333333333334,12,0.0
DRIAMS-C,Aerococcus sanguinicola,Amoxicillin-Clavulanic acid,10,0.0,0.0,10,0.0
DRIAMS-C,Aerococcus sanguinicola,Ampicillin,10,0.0,0.0,10,0.0
DRIAMS-C,Aerococcus sanguinicola,Ciprofloxacin,10,8.0,0.8,10,0.0
DRIAMS-C,Aerococcus sanguinicola,Nitrofurantoin,10,0.0,0.0,10,0.0
DRIAMS-C,Enterobacter asburiae,Fosfomycin,10,9.0,0.9,19,0.4736842105263158
DRIAMS-C,Enterobacter asburiae,Nitrofurantoin,10,1.0,0.1,19,0.4736842105263158
DRIAMS-C,Enterobacter asburiae,Norfloxacin,10,0.0,0.0,19,0.4736842105263158
DRIAMS-C,Pasteurella multocida,Ampicillin,10,0.0,0.0,10,0.0
DRIAMS-C,Pasteurella multocida,Cefotaxime,10,0.0,0.0,10,0.0
DRIAMS-C,Pasteurella multocida,Ciprofloxacin,10,0.0,0.0,10,0.0
DRIAMS-C,Pasteurella multocida,Cotrimoxazole,10,0.0,0.0,10,0.0
DRIAMS-C,Pasteurella multocida,Penicillin,10,0.0,0.0,10,0.0
DRIAMS-C,Peptoniphilus harei,Amoxicillin-Clavulanic acid,10,0.0,0.0,10,0.0
DRIAMS-C,Peptoniphilus harei,Ampicillin,10,0.0,0.0,10,0.0
DRIAMS-C,Peptoniphilus harei,Clarithromycin,10,5.0,0.5,10,0.0
DRIAMS-C,Peptoniphilus harei,Clindamycin,10,0.0,0.0,10,0.0
DRIAMS-C,Peptoniphilus harei,Metronidazole,10,0.0,0.0,10,0.0
DRIAMS-C,Peptoniphilus harei,Penicillin,10,0.0,0.0,10,0.0
DRIAMS-C,Pseudomonas aeruginosa,Norfloxacin,10,0.0,0.0,357,0.9719887955182073
DRIAMS-C,Raoultella ornithinolytica,Amoxicillin-Clavulanic acid,10,0.0,0.0,10,0.0
DRIAMS-C,Raoultella ornithinolytica,Ampicillin,10,10.0,1.0,10,0.0
DRIAMS-C,Raoultella ornithinolytica,Ceftazidime,10,0.0,0.0,10,0.0
DRIAMS-C,Raoultella ornithinolytica,Ceftriaxone,10,0.0,0.0,10,0.0
DRIAMS-C,Raoultella ornithinolytica,Cefuroxime,10,0.0,0.0,10,0.0
DRIAMS-C,Raoultella ornithinolytica,Ciprofloxacin,10,0.0,0.0,10,0.0
DRIAMS-C,Raoultella ornithinolytica,Cotrimoxazole,10,0.0,0.0,10,0.0
DRIAMS-C,Raoultella ornithinolytica,Gentamicin,10,0.0,0.0,10,0.0
DRIAMS-C,Raoultella ornithinolytica,Polymyxin B,10,0.0,0.0,10,0.0
DRIAMS-C,Acinetobacter ursingii,Amikacin,9,0.0,0.0,9,0.0
DRIAMS-C,Acinetobacter ursingii,Amoxicillin-Clavulanic acid,9,9.0,1.0,9,0.0
DRIAMS-C,Acinetobacter ursingii,Ampicillin,9,9.0,1.0,9,0.0
DRIAMS-C,Acinetobacter ursingii,Cefepime,9,3.0,0.3333333333333333,9,0.0
DRIAMS-C,Acinetobacter ursingii,Ceftazidime,9,7.0,0.7777777777777778,9,0.0
DRIAMS-C,Acinetobacter ursingii,Ceftriaxone,9,6.0,0.6666666666666666,9,0.0
DRIAMS-C,Acinetobacter ursingii,Cefuroxime,9,9.0,1.0,9,0.0
DRIAMS-C,Acinetobacter ursingii,Ciprofloxacin,9,0.0,0.0,9,0.0
DRIAMS-C,Acinetobacter ursingii,Cotrimoxazole,9,0.0,0.0,9,0.0
DRIAMS-C,Acinetobacter ursingii,Gentamicin,9,0.0,0.0,9,0.0
DRIAMS-C,Acinetobacter ursingii,Imipenem,9,0.0,0.0,9,0.0
DRIAMS-C,Acinetobacter ursingii,Piperacillin-Tazobactam,9,2.0,0.2222222222222222,9,0.0
DRIAMS-C,Acinetobacter ursingii,Polymyxin B,9,0.0,0.0,9,0.0
DRIAMS-C,Enterococcus faecalis,Imipenem,9,0.0,0.0,530,0.9830188679245283
DRIAMS-C,Enterococcus faecium,Nitrofurantoin,9,3.0,0.3333333333333333,93,0.9032258064516129
DRIAMS-C,Parvimonas micra,Amoxicillin-Clavulanic acid,9,0.0,0.0,9,0.0
DRIAMS-C,Parvimonas micra,Ampicillin,9,0.0,0.0,9,0.0
DRIAMS-C,Parvimonas micra,Clarithromycin,9,0.0,0.0,9,0.0
DRIAMS-C,Parvimonas micra,Clindamycin,9,0.0,0.0,9,0.0
DRIAMS-C,Parvimonas micra,Metronidazole,9,0.0,0.0,9,0.0
DRIAMS-C,Parvimonas micra,Penicillin,9,0.0,0.0,9,0.0
DRIAMS-C,Providencia rettgeri,Amoxicillin-Clavulanic acid,9,7.0,0.7777777777777778,9,0.0
DRIAMS-C,Providencia rettgeri,Ampicillin,9,7.0,0.7777777777777778,9,0.0
DRIAMS-C,Providencia rettgeri,Ceftazidime,9,0.0,0.0,9,0.0
DRIAMS-C,Providencia rettgeri,Ceftriaxone,9,0.0,0.0,9,0.0
DRIAMS-C,Providencia rettgeri,Cefuroxime,9,2.0,0.2222222222222222,9,0.0
DRIAMS-C,Providencia rettgeri,Ciprofloxacin,9,0.0,0.0,9,0.0
DRIAMS-C,Providencia rettgeri,Cotrimoxazole,9,2.0,0.2222222222222222,9,0.0
DRIAMS-C,Providencia rettgeri,Fosfomycin,9,3.0,0.3333333333333333,9,0.0
DRIAMS-C,Providencia rettgeri,Gentamicin,9,0.0,0.0,9,0.0
DRIAMS-C,Providencia rettgeri,Nitrofurantoin,9,9.0,1.0,9,0.0
DRIAMS-C,Providencia rettgeri,Norfloxacin,9,0.0,0.0,9,0.0
DRIAMS-C,Providencia rettgeri,Polymyxin B,9,9.0,1.0,9,0.0
DRIAMS-C,Pseudomonas aeruginosa,Fosfomycin,9,8.0,0.8888888888888888,357,0.9747899159663865
DRIAMS-C,Pseudomonas aeruginosa,Nitrofurantoin,9,8.0,0.8888888888888888,357,0.9747899159663865
DRIAMS-C,Actinomyces odontolyticus,Amoxicillin-Clavulanic acid,8,0.0,0.0,8,0.0
DRIAMS-C,Actinomyces odontolyticus,Ampicillin,8,0.0,0.0,8,0.0
DRIAMS-C,Actinomyces odontolyticus,Clarithromycin,8,0.0,0.0,8,0.0
DRIAMS-C,Enterococcus avium,Amoxicillin-Clavulanic acid,8,0.0,0.0,8,0.0
DRIAMS-C,Enterococcus avium,Ampicillin,8,0.0,0.0,8,0.0
DRIAMS-C,Enterococcus avium,Clindamycin,8,8.0,1.0,8,0.0
DRIAMS-C,Enterococcus avium,Gentamicin,8,7.0,0.875,8,0.0
DRIAMS-C,Enterococcus avium,Linezolid,8,0.0,0.0,8,0.0
DRIAMS-C,Enterococcus avium,Mupirocin,8,0.0,0.0,8,0.0
DRIAMS-C,Enterococcus avium,Oxacillin,8,8.0,1.0,8,0.0
DRIAMS-C,Enterococcus avium,Piperacillin-Tazobactam,8,0.0,0.0,8,0.0
DRIAMS-C,Enterococcus avium,Vancomycin,8,0.0,0.0,8,0.0
DRIAMS-C,Enterococcus gallinarum,Amoxicillin-Clavulanic acid,8,0.0,0.0,8,0.0
DRIAMS-C,Enterococcus gallinarum,Ampicillin,8,0.0,0.0,8,0.0
DRIAMS-C,Enterococcus gallinarum,Clindamycin,8,8.0,1.0,8,0.0
DRIAMS-C,Enterococcus gallinarum,Gentamicin,8,8.0,1.0,8,0.0
DRIAMS-C,Enterococcus gallinarum,Linezolid,8,0.0,0.0,8,0.0
DRIAMS-C,Enterococcus gallinarum,Mupirocin,8,0.0,0.0,8,0.0
DRIAMS-C,Enterococcus gallinarum,Oxacillin,8,8.0,1.0,8,0.0
DRIAMS-C,Enterococcus gallinarum,Piperacillin-Tazobactam,8,0.0,0.0,8,0.0
DRIAMS-C,Enterococcus gallinarum,Vancomycin,8,7.0,0.875,8,0.0
DRIAMS-C,Pasteurella multocida,Tetracycline,8,0.0,0.0,10,0.19999999999999996
DRIAMS-C,Granulicatella adiacens,Amoxicillin-Clavulanic acid,7,0.0,0.0,7,0.0
DRIAMS-C,Granulicatella adiacens,Ampicillin,7,0.0,0.0,7,0.0
DRIAMS-C,Granulicatella adiacens,Clarithromycin,7,0.0,0.0,7,0.0
DRIAMS-C,Granulicatella adiacens,Clindamycin,7,0.0,0.0,7,0.0
DRIAMS-C,Granulicatella adiacens,Cotrimoxazole,7,7.0,1.0,7,0.0
DRIAMS-C,Granulicatella adiacens,Doxycycline,7,0.0,0.0,7,0.0
DRIAMS-C,Granulicatella adiacens,Gentamicin,7,7.0,1.0,7,0.0
DRIAMS-C,Granulicatella adiacens,Moxifloxacin,7,0.0,0.0,7,0.0
DRIAMS-C,Granulicatella adiacens,Oxacillin,7,1.0,0.14285714285714285,7,0.0
DRIAMS-C,Granulicatella adiacens,Penicillin,7,0.0,0.0,7,0.0
DRIAMS-C,Granulicatella adiacens,Vancomycin,7,0.0,0.0,7,0.0
DRIAMS-C,Pantoea agglomerans,Amikacin,7,0.0,0.0,7,0.0
DRIAMS-C,Pantoea agglomerans,Amoxicillin-Clavulanic acid,7,1.0,0.14285714285714285,7,0.0
DRIAMS-C,Pantoea agglomerans,Ampicillin,7,1.0,0.14285714285714285,7,0.0
DRIAMS-C,Pantoea agglomerans,Cefepime,7,0.0,0.0,7,0.0
DRIAMS-C,Pantoea agglomerans,Ceftazidime,7,0.0,0.0,7,0.0
DRIAMS-C,Pantoea agglomerans,Ceftriaxone,7,0.0,0.0,7,0.0
DRIAMS-C,Pantoea agglomerans,Cefuroxime,7,0.0,0.0,7,0.0
DRIAMS-C,Pantoea agglomerans,Ciprofloxacin,7,0.0,0.0,7,0.0
DRIAMS-C,Pantoea agglomerans,Cotrimoxazole,7,0.0,0.0,7,0.0
DRIAMS-C,Pantoea agglomerans,Gentamicin,7,0.0,0.0,7,0.0
DRIAMS-C,Pantoea agglomerans,Imipenem,7,0.0,0.0,7,0.0
DRIAMS-C,Pantoea agglomerans,Piperacillin-Tazobactam,7,0.0,0.0,7,0.0
DRIAMS-C,Pantoea agglomerans,Polymyxin B,7,0.0,0.0,7,0.0
DRIAMS-C,Prevotella bergensis,Amoxicillin-Clavulanic acid,7,0.0,0.0,7,0.0
DRIAMS-C,Prevotella bergensis,Ampicillin,7,2.0,0.2857142857142857,7,0.0
DRIAMS-C,Prevotella bergensis,Clarithromycin,7,2.0,0.2857142857142857,7,0.0
DRIAMS-C,Prevotella bergensis,Clindamycin,7,2.0,0.2857142857142857,7,0.0
DRIAMS-C,Prevotella bergensis,Metronidazole,7,0.0,0.0,7,0.0
DRIAMS-C,Prevotella bergensis,Penicillin,7,2.0,0.2857142857142857,7,0.0
DRIAMS-C,Prevotella disiens,Amoxicillin-Clavulanic acid,7,0.0,0.0,7,0.0
DRIAMS-C,Prevotella disiens,Ampicillin,7,0.0,0.0,7,0.0
DRIAMS-C,Prevotella disiens,Clarithromycin,7,0.0,0.0,7,0.0
DRIAMS-C,Prevotella disiens,Clindamycin,7,0.0,0.0,7,0.0
DRIAMS-C,Prevotella disiens,Metronidazole,7,0.0,0.0,7,0.0
DRIAMS-C,Prevotella disiens,Penicillin,7,1.0,0.14285714285714285,7,0.0
DRIAMS-C,Staphylococcus aureus,Daptomycin,7,0.0,0.0,738,0.9905149051490515
DRIAMS-C,Staphylococcus saprophyticus,Amoxicillin-Clavulanic acid,7,0.0,0.0,7,0.0
DRIAMS-C,Staphylococcus saprophyticus,Ampicillin,7,0.0,0.0,7,0.0
DRIAMS-C,Staphylococcus saprophyticus,Ciprofloxacin,7,0.0,0.0,7,0.0
DRIAMS-C,Staphylococcus saprophyticus,Cotrimoxazole,7,0.0,0.0,7,0.0
DRIAMS-C,Staphylococcus saprophyticus,Gentamicin,7,0.0,0.0,7,0.0
DRIAMS-C,Staphylococcus saprophyticus,Nitrofurantoin,7,0.0,0.0,7,0.0
DRIAMS-C,Staphylococcus saprophyticus,Norfloxacin,7,0.0,0.0,7,0.0
DRIAMS-C,Staphylococcus saprophyticus,Novobiocin,7,7.0,1.0,7,0.0
DRIAMS-C,Staphylococcus saprophyticus,Oxacillin,7,0.0,0.0,7,0.0
DRIAMS-C,Actinomyces odontolyticus,Clindamycin,6,0.0,0.0,8,0.25
DRIAMS-C,Actinomyces odontolyticus,Doxycycline,6,0.0,0.0,8,0.25
DRIAMS-C,Actinomyces odontolyticus,Penicillin,6,0.0,0.0,8,0.25
DRIAMS-C,Aerococcus urinae,Penicillin,6,1.0,0.16666666666666666,21,0.7142857142857143
DRIAMS-C,Aerococcus urinae,Vancomycin,6,0.0,0.0,21,0.7142857142857143
DRIAMS-C,Alcaligenes faecalis,Amikacin,6,0.0,0.0,6,0.0
DRIAMS-C,Alcaligenes faecalis,Amoxicillin-Clavulanic acid,6,0.0,0.0,6,0.0
DRIAMS-C,Alcaligenes faecalis,Ampicillin,6,0.0,0.0,6,0.0
DRIAMS-C,Alcaligenes faecalis,Cefepime,6,0.0,0.0,6,0.0
DRIAMS-C,Alcaligenes faecalis,Ceftazidime,6,0.0,0.0,6,0.0
DRIAMS-C,Alcaligenes faecalis,Ceftriaxone,6,0.0,0.0,6,0.0
DRIAMS-C,Alcaligenes faecalis,Cefuroxime,6,6.0,1.0,6,0.0
DRIAMS-C,Alcaligenes faecalis,Ciprofloxacin,6,6.0,1.0,6,0.0
DRIAMS-C,Alcaligenes faecalis,Cotrimoxazole,6,0.0,0.0,6,0.0
DRIAMS-C,Alcaligenes faecalis,Gentamicin,6,0.0,0.0,6,0.0
DRIAMS-C,Alcaligenes faecalis,Imipenem,6,0.0,0.0,6,0.0
DRIAMS-C,Alcaligenes faecalis,Piperacillin-Tazobactam,6,0.0,0.0,6,0.0
DRIAMS-C,Alcaligenes faecalis,Polymyxin B,6,0.0,0.0,6,0.0
DRIAMS-C,Arthrobacter cumminsii,Clindamycin,6,3.0,0.5,6,0.0
DRIAMS-C,Arthrobacter cumminsii,Doxycycline,6,0.0,0.0,6,0.0
DRIAMS-C,Arthrobacter cumminsii,Penicillin,6,0.0,0.0,6,0.0
DRIAMS-C,Arthrobacter cumminsii,Vancomycin,6,0.0,0.0,6,0.0
DRIAMS-C,Candida albicans,5-Fluorocytosine,6,0.0,0.0,6,0.0
DRIAMS-C,Candida albicans,Amphotericin B,6,0.0,0.0,6,0.0
DRIAMS-C,Candida albicans,Caspofungin,6,0.0,0.0,6,0.0
DRIAMS-C,Candida albicans,Fluconazole,6,0.0,0.0,6,0.0
DRIAMS-C,Candida albicans,Voriconazole,6,0.0,0.0,6,0.0
DRIAMS-C,Enterococcus faecium,Cotrimoxazole,6,6.0,1.0,93,0.935483870967742
DRIAMS-C,Finegoldia magna,Amoxicillin-Clavulanic acid,6,0.0,0.0,6,0.0
DRIAMS-C,Finegoldia magna,Ampicillin,6,0.0,0.0,6,0.0
DRIAMS-C,Finegoldia magna,Clindamycin,6,0.0,0.0,6,0.0
DRIAMS-C,Finegoldia magna,Metronidazole,6,0.0,0.0,6,0.0
DRIAMS-C,Finegoldia magna,Penicillin,6,0.0,0.0,6,0.0
DRIAMS-C,Hafnia alvei,Amikacin,6,0.0,0.0,6,0.0
DRIAMS-C,Hafnia alvei,Amoxicillin-Clavulanic acid,6,6.0,1.0,6,0.0
DRIAMS-C,Hafnia alvei,Ampicillin,6,6.0,1.0,6,0.0
DRIAMS-C,Hafnia alvei,Cefepime,6,0.0,0.0,6,0.0
DRIAMS-C,Hafnia alvei,Ceftazidime,6,0.0,0.0,6,0.0
DRIAMS-C,Hafnia alvei,Ceftriaxone,6,0.0,0.0,6,0.0
DRIAMS-C,Hafnia alvei,Cefuroxime,6,0.0,0.0,6,0.0
DRIAMS-C,Hafnia alvei,Ciprofloxacin,6,0.0,0.0,6,0.0
DRIAMS-C,Hafnia alvei,Cotrimoxazole,6,0.0,0.0,6,0.0
DRIAMS-C,Hafnia alvei,Gentamicin,6,0.0,0.0,6,0.0
DRIAMS-C,Hafnia alvei,Imipenem,6,0.0,0.0,6,0.0
DRIAMS-C,Hafnia alvei,Piperacillin-Tazobactam,6,0.0,0.0,6,0.0
DRIAMS-C,Hafnia alvei,Polymyxin B,6,0.0,0.0,6,0.0
DRIAMS-C,Klebsiella pneumoniae,Colistin,6,5.0,0.8333333333333334,366,0.9836065573770492
DRIAMS-C,Proteus mirabilis,Meropenem,6,6.0,1.0,220,0.9727272727272728
DRIAMS-C,Proteus mirabilis,Meropenem-Vaborbactam,6,0.0,0.0,220,0.9727272727272728
DRIAMS-C,Pseudomonas aeruginosa,Colistin,6,0.0,0.0,357,0.9831932773109243
DRIAMS-C,Raoultella ornithinolytica,Amikacin,6,0.0,0.0,10,0.4
DRIAMS-C,Raoultella ornithinolytica,Cefepime,6,0.0,0.0,10,0.4
DRIAMS-C,Raoultella ornithinolytica,Imipenem,6,0.0,0.0,10,0.4
DRIAMS-C,Raoultella ornithinolytica,Piperacillin-Tazobactam,6,0.0,0.0,10,0.4
DRIAMS-C,Staphylococcus lugdunensis,Mupirocin,6,0.0,0.0,67,0.9104477611940298
DRIAMS-C,Staphylococcus saprophyticus,Penicillin,6,4.0,0.6666666666666666,7,0.1428571428571429
DRIAMS-C,Achromobacter xylosoxidans,Amikacin,5,4.0,0.8,5,0.0
DRIAMS-C,Achromobacter xylosoxidans,Amoxicillin-Clavulanic acid,5,1.0,0.2,5,0.0
DRIAMS-C,Achromobacter xylosoxidans,Ampicillin,5,5.0,1.0,5,0.0
DRIAMS-C,Achromobacter xylosoxidans,Cefepime,5,5.0,1.0,5,0.0
DRIAMS-C,Achromobacter xylosoxidans,Ceftazidime,5,3.0,0.6,5,0.0
DRIAMS-C,Achromobacter xylosoxidans,Ceftriaxone,5,5.0,1.0,5,0.0
DRIAMS-C,Achromobacter xylosoxidans,Cefuroxime,5,5.0,1.0,5,0.0
DRIAMS-C,Achromobacter xylosoxidans,Ciprofloxacin,5,4.0,0.8,5,0.0
DRIAMS-C,Achromobacter xylosoxidans,Cotrimoxazole,5,0.0,0.0,5,0.0
DRIAMS-C,Achromobacter xylosoxidans,Gentamicin,5,4.0,0.8,5,0.0
DRIAMS-C,Achromobacter xylosoxidans,Imipenem,5,0.0,0.0,5,0.0
DRIAMS-C,Achromobacter xylosoxidans,Piperacillin-Tazobactam,5,0.0,0.0,5,0.0
DRIAMS-C,Achromobacter xylosoxidans,Polymyxin B,5,0.0,0.0,5,0.0
DRIAMS-C,Acinetobacter baumannii,Amoxicillin-Clavulanic acid,5,5.0,1.0,5,0.0
DRIAMS-C,Acinetobacter baumannii,Ampicillin,5,5.0,1.0,5,0.0
DRIAMS-C,Acinetobacter baumannii,Ceftazidime,5,3.0,0.6,5,0.0
DRIAMS-C,Acinetobacter baumannii,Ceftriaxone,5,5.0,1.0,5,0.0
DRIAMS-C,Acinetobacter baumannii,Cefuroxime,5,5.0,1.0,5,0.0
DRIAMS-C,Acinetobacter baumannii,Ciprofloxacin,5,0.0,0.0,5,0.0
DRIAMS-C,Acinetobacter baumannii,Cotrimoxazole,5,0.0,0.0,5,0.0
DRIAMS-C,Acinetobacter baumannii,Fosfomycin,5,5.0,1.0,5,0.0
DRIAMS-C,Acinetobacter baumannii,Gentamicin,5,0.0,0.0,5,0.0
DRIAMS-C,Acinetobacter baumannii,Nitrofurantoin,5,5.0,1.0,5,0.0
DRIAMS-C,Acinetobacter baumannii,Norfloxacin,5,0.0,0.0,5,0.0
DRIAMS-C,Acinetobacter baumannii,Polymyxin B,5,0.0,0.0,5,0.0
DRIAMS-C,Actinomyces odontolyticus,Cotrimoxazole,5,2.0,0.4,8,0.375
DRIAMS-C,Actinomyces turicensis,Amoxicillin-Clavulanic acid,5,0.0,0.0,5,0.0
DRIAMS-C,Actinomyces turicensis,Ampicillin,5,0.0,0.0,5,0.0
DRIAMS-C,Actinomyces turicensis,Clarithromycin,5,1.0,0.2,5,0.0
DRIAMS-C,Actinomyces turicensis,Clindamycin,5,1.0,0.2,5,0.0
DRIAMS-C,Actinomyces turicensis,Cotrimoxazole,5,3.0,0.6,5,0.0
DRIAMS-C,Actinomyces turicensis,Doxycycline,5,1.0,0.2,5,0.0
DRIAMS-C,Actinomyces turicensis,Gentamicin,5,0.0,0.0,5,0.0
DRIAMS-C,Actinomyces turicensis,Moxifloxacin,5,0.0,0.0,5,0.0
DRIAMS-C,Actinomyces turicensis,Oxacillin,5,0.0,0.0,5,0.0
DRIAMS-C,Actinomyces turicensis,Penicillin,5,0.0,0.0,5,0.0
DRIAMS-C,Actinomyces turicensis,Vancomycin,5,0.0,0.0,5,0.0
DRIAMS-C,Aerococcus urinae,Rifampicin,5,0.0,0.0,21,0.7619047619047619
DRIAMS-C,Arthrobacter cumminsii,Rifampicin,5,0.0,0.0,6,0.16666666666666663
DRIAMS-C,Bacteroides thetaiotaomicron,Amoxicillin-Clavulanic acid,5,0.0,0.0,5,0.0
DRIAMS-C,Bacteroides thetaiotaomicron,Ampicillin,5,5.0,1.0,5,0.0
DRIAMS-C,Bacteroides thetaiotaomicron,Clarithromycin,5,1.0,0.2,5,0.0
DRIAMS-C,Bacteroides thetaiotaomicron,Clindamycin,5,1.0,0.2,5,0.0
DRIAMS-C,Bacteroides thetaiotaomicron,Metronidazole,5,0.0,0.0,5,0.0
DRIAMS-C,Bacteroides thetaiotaomicron,Penicillin,5,5.0,1.0,5,0.0
DRIAMS-C,Bacteroides vulgatus,Amoxicillin-Clavulanic acid,5,0.0,0.0,5,0.0
DRIAMS-C,Bacteroides vulgatus,Ampicillin,5,5.0,1.0,5,0.0
DRIAMS-C,Bacteroides vulgatus,Clarithromycin,5,0.0,0.0,5,0.0
DRIAMS-C,Bacteroides vulgatus,Clindamycin,5,0.0,0.0,5,0.0
DRIAMS-C,Bacteroides vulgatus,Metronidazole,5,0.0,0.0,5,0.0
DRIAMS-C,Bacteroides vulgatus,Penicillin,5,5.0,1.0,5,0.0
DRIAMS-C,Citrobacter amalonaticus,Amikacin,5,0.0,0.0,5,0.0
DRIAMS-C,Citrobacter amalonaticus,Amoxicillin-Clavulanic acid,5,5.0,1.0,5,0.0
DRIAMS-C,Citrobacter amalonaticus,Ampicillin,5,5.0,1.0,5,0.0
DRIAMS-C,Citrobacter amalonaticus,Cefepime,5,0.0,0.0,5,0.0
DRIAMS-C,Citrobacter amalonaticus,Ceftazidime,5,0.0,0.0,5,0.0
DRIAMS-C,Citrobacter amalonaticus,Ceftriaxone,5,2.0,0.4,5,0.0
DRIAMS-C,Citrobacter amalonaticus,Cefuroxime,5,2.0,0.4,5,0.0
DRIAMS-C,Citrobacter amalonaticus,Ciprofloxacin,5,0.0,0.0,5,0.0
DRIAMS-C,Citrobacter amalonaticus,Cotrimoxazole,5,0.0,0.0,5,0.0
DRIAMS-C,Citrobacter amalonaticus,Gentamicin,5,0.0,0.0,5,0.0
DRIAMS-C,Citrobacter amalonaticus,Imipenem,5,0.0,0.0,5,0.0
DRIAMS-C,Citrobacter amalonaticus,Piperacillin-Tazobactam,5,0.0,0.0,5,0.0
DRIAMS-C,Citrobacter amalonaticus,Polymyxin B,5,0.0,0.0,5,0.0
DRIAMS-C,Finegoldia magna,Clarithromycin,5,0.0,0.0,6,0.16666666666666663
DRIAMS-C,Lactobacillus paracasei,Ampicillin,5,4.0,0.8,5,0.0
DRIAMS-C,Lactobacillus paracasei,Vancomycin,5,5.0,1.0,5,0.0
DRIAMS-C,Streptococcus oralis,Gentamicin,5,5.0,1.0,5,0.0
DRIAMS-C,Aerococcus urinae,Meropenem,4,0.0,0.0,21,0.8095238095238095
DRIAMS-C,Arthrobacter cumminsii,Gentamicin,4,3.0,0.75,6,0.33333333333333337
DRIAMS-C,Bacteroides ovatus,Amoxicillin-Clavulanic acid,4,0.0,0.0,4,0.0
DRIAMS-C,Bacteroides ovatus,Ampicillin,4,4.0,1.0,4,0.0
DRIAMS-C,Bacteroides ovatus,Clarithromycin,4,0.0,0.0,4,0.0
DRIAMS-C,Bacteroides ovatus,Clindamycin,4,0.0,0.0,4,0.0
DRIAMS-C,Bacteroides ovatus,Metronidazole,4,0.0,0.0,4,0.0
DRIAMS-C,Bacteroides ovatus,Penicillin,4,4.0,1.0,4,0.0
DRIAMS-C,Bifidobacterium breve,Amoxicillin-Clavulanic acid,4,0.0,0.0,4,0.0
DRIAMS-C,Bifidobacterium breve,Ampicillin,4,0.0,0.0,4,0.0
DRIAMS-C,Bifidobacterium breve,Ciprofloxacin,4,4.0,1.0,4,0.0
DRIAMS-C,Bifidobacterium breve,Clindamycin,4,0.0,0.0,4,0.0
DRIAMS-C,Bifidobacterium breve,Doxycycline,4,4.0,1.0,4,0.0
DRIAMS-C,Bifidobacterium breve,Gentamicin,4,4.0,1.0,4,0.0
DRIAMS-C,Bifidobacterium breve,Linezolid,4,0.0,0.0,4,0.0
DRIAMS-C,Bifidobacterium breve,Penicillin,4,4.0,1.0,4,0.0
DRIAMS-C,Bifidobacterium breve,Rifampicin,4,0.0,0.0,4,0.0
DRIAMS-C,Bifidobacterium breve,Vancomycin,4,0.0,0.0,4,0.0
DRIAMS-C,Enterobacter cancerogenus,Amikacin,4,0.0,0.0,4,0.0
DRIAMS-C,Enterobacter cancerogenus,Amoxicillin-Clavulanic acid,4,4.0,1.0,4,0.0
DRIAMS-C,Enterobacter cancerogenus,Ampicillin,4,4.0,1.0,4,0.0
DRIAMS-C,Enterobacter cancerogenus,Cefepime,4,0.0,0.0,4,0.0
DRIAMS-C,Enterobacter cancerogenus,Ciprofloxacin,4,0.0,0.0,4,0.0
DRIAMS-C,Enterobacter cancerogenus,Cotrimoxazole,4,0.0,0.0,4,0.0
DRIAMS-C,Enterobacter cancerogenus,Gentamicin,4,0.0,0.0,4,0.0
DRIAMS-C,Enterobacter cancerogenus,Imipenem,4,0.0,0.0,4,0.0
DRIAMS-C,Enterobacter cancerogenus,Polymyxin B,4,0.0,0.0,4,0.0
DRIAMS-C,Enterobacter ludwigii,Amoxicillin-Clavulanic acid,4,4.0,1.0,4,0.0
DRIAMS-C,Enterobacter ludwigii,Ampicillin,4,4.0,1.0,4,0.0
DRIAMS-C,Enterobacter ludwigii,Ceftazidime,4,0.0,0.0,4,0.0
DRIAMS-C,Enterobacter ludwigii,Ceftriaxone,4,0.0,0.0,4,0.0
DRIAMS-C,Enterobacter ludwigii,Cefuroxime,4,0.0,0.0,4,0.0
DRIAMS-C,Enterobacter ludwigii,Ciprofloxacin,4,0.0,0.0,4,0.0
DRIAMS-C,Enterobacter ludwigii,Cotrimoxazole,4,0.0,0.0,4,0.0
DRIAMS-C,Enterobacter ludwigii,Gentamicin,4,0.0,0.0,4,0.0
DRIAMS-C,Enterobacter ludwigii,Polymyxin B,4,0.0,0.0,4,0.0
DRIAMS-C,Escherichia coli,Ertapenem,4,0.0,0.0,927,0.9956850053937433
DRIAMS-C,Klebsiella pneumoniae,Meropenem,4,0.0,0.0,366,0.9890710382513661
DRIAMS-C,Lactobacillus paracasei,Amoxicillin-Clavulanic acid,4,4.0,1.0,5,0.19999999999999996
DRIAMS-C,Lactobacillus paracasei,Clarithromycin,4,0.0,0.0,5,0.19999999999999996
DRIAMS-C,Lactobacillus paracasei,Clindamycin,4,0.0,0.0,5,0.19999999999999996
DRIAMS-C,Lactobacillus paracasei,Cotrimoxazole,4,0.0,0.0,5,0.19999999999999996
DRIAMS-C,Lactobacillus paracasei,Doxycycline,4,0.0,0.0,5,0.19999999999999996
DRIAMS-C,Lactobacillus paracasei,Gentamicin,4,0.0,0.0,5,0.19999999999999996
DRIAMS-C,Lactobacillus paracasei,Moxifloxacin,4,0.0,0.0,5,0.19999999999999996
DRIAMS-C,Lactobacillus paracasei,Oxacillin,4,4.0,1.0,5,0.19999999999999996
DRIAMS-C,Lactobacillus paracasei,Penicillin,4,4.0,1.0,5,0.19999999999999996
DRIAMS-C,Providencia stuartii,Amoxicillin-Clavulanic acid,4,4.0,1.0,4,0.0
DRIAMS-C,Providencia stuartii,Ampicillin,4,4.0,1.0,4,0.0
DRIAMS-C,Providencia stuartii,Ceftazidime,4,0.0,0.0,4,0.0
DRIAMS-C,Providencia stuartii,Ceftriaxone,4,0.0,0.0,4,0.0
DRIAMS-C,Providencia stuartii,Cefuroxime,4,2.0,0.5,4,0.0
DRIAMS-C,Providencia stuartii,Ciprofloxacin,4,0.0,0.0,4,0.0
DRIAMS-C,Providencia stuartii,Cotrimoxazole,4,0.0,0.0,4,0.0
DRIAMS-C,Providencia stuartii,Gentamicin,4,0.0,0.0,4,0.0
DRIAMS-C,Providencia stuartii,Polymyxin B,4,4.0,1.0,4,0.0
DRIAMS-C,Raoultella ornithinolytica,Fosfomycin,4,4.0,1.0,10,0.6
DRIAMS-C,Raoultella ornithinolytica,Nitrofurantoin,4,0.0,0.0,10,0.6
DRIAMS-C,Raoultella ornithinolytica,Norfloxacin,4,0.0,0.0,10,0.6
DRIAMS-C,Staphylococcus capitis,Amoxicillin-Clavulanic acid,4,1.0,0.25,4,0.0
DRIAMS-C,Staphylococcus capitis,Ampicillin,4,3.0,0.75,4,0.0
DRIAMS-C,Staphylococcus capitis,Ciprofloxacin,4,0.0,0.0,4,0.0
DRIAMS-C,Staphylococcus capitis,Clarithromycin,4,0.0,0.0,4,0.0
DRIAMS-C,Staphylococcus capitis,Clindamycin,4,0.0,0.0,4,0.0
DRIAMS-C,Staphylococcus capitis,Cotrimoxazole,4,0.0,0.0,4,0.0
DRIAMS-C,Staphylococcus capitis,Doxycycline,4,0.0,0.0,4,0.0
DRIAMS-C,Staphylococcus capitis,Fusidic acid,4,1.0,0.25,4,0.0
DRIAMS-C,Staphylococcus capitis,Gentamicin,4,0.0,0.0,4,0.0
DRIAMS-C,Staphylococcus capitis,Oxacillin,4,1.0,0.25,4,0.0
DRIAMS-C,Staphylococcus capitis,Penicillin,4,3.0,0.75,4,0.0
DRIAMS-C,Staphylococcus capitis,Rifampicin,4,0.0,0.0,4,0.0
DRIAMS-C,Staphylococcus capitis,Vancomycin,4,0.0,0.0,4,0.0
DRIAMS-C,Staphylococcus lugdunensis,Nitrofurantoin,4,0.0,0.0,67,0.9402985074626866
DRIAMS-C,Staphylococcus lugdunensis,Norfloxacin,4,0.0,0.0,67,0.9402985074626866
DRIAMS-C,Staphylococcus lugdunensis,Novobiocin,4,0.0,0.0,67,0.9402985074626866
DRIAMS-C,Streptococcus gallolyticus,Amoxicillin-Clavulanic acid,4,0.0,0.0,5,0.19999999999999996
DRIAMS-C,Streptococcus gallolyticus,Ampicillin,4,0.0,0.0,5,0.19999999999999996
DRIAMS-C,Streptococcus gallolyticus,Clarithromycin,4,2.0,0.5,5,0.19999999999999996
DRIAMS-C,Streptococcus gallolyticus,Clindamycin,4,2.0,0.5,5,0.19999999999999996
DRIAMS-C,Streptococcus gallolyticus,Cotrimoxazole,4,2.0,0.5,5,0.19999999999999996
DRIAMS-C,Streptococcus gallolyticus,Doxycycline,4,2.0,0.5,5,0.19999999999999996
DRIAMS-C,Streptococcus gallolyticus,Gentamicin,4,4.0,1.0,5,0.19999999999999996
DRIAMS-C,Streptococcus gallolyticus,Moxifloxacin,4,0.0,0.0,5,0.19999999999999996
DRIAMS-C,Streptococcus gallolyticus,Oxacillin,4,0.0,0.0,5,0.19999999999999996
DRIAMS-C,Streptococcus gallolyticus,Penicillin,4,0.0,0.0,5,0.19999999999999996
DRIAMS-C,Streptococcus gallolyticus,Vancomycin,4,0.0,0.0,5,0.19999999999999996
DRIAMS-C,Actinomyces neuii,Amoxicillin-Clavulanic acid,3,0.0,0.0,3,0.0
DRIAMS-C,Actinomyces neuii,Ampicillin,3,0.0,0.0,3,0.0
DRIAMS-C,Actinomyces neuii,Clarithromycin,3,1.0,0.3333333333333333,3,0.0
DRIAMS-C,Actinomyces neuii,Clindamycin,3,1.0,0.3333333333333333,3,0.0
DRIAMS-C,Actinomyces neuii,Cotrimoxazole,3,0.0,0.0,3,0.0
DRIAMS-C,Actinomyces neuii,Doxycycline,3,0.0,0.0,3,0.0
DRIAMS-C,Actinomyces neuii,Gentamicin,3,0.0,0.0,3,0.0
DRIAMS-C,Actinomyces neuii,Moxifloxacin,3,0.0,0.0,3,0.0
DRIAMS-C,Actinomyces neuii,Oxacillin,3,0.0,0.0,3,0.0
DRIAMS-C,Actinomyces neuii,Penicillin,3,0.0,0.0,3,0.0
DRIAMS-C,Actinomyces neuii,Vancomycin,3,0.0,0.0,3,0.0
DRIAMS-C,Actinomyces odontolyticus,Gentamicin,3,0.0,0.0,8,0.625
DRIAMS-C,Actinomyces odontolyticus,Moxifloxacin,3,2.0,0.6666666666666666,8,0.625
DRIAMS-C,Actinomyces odontolyticus,Oxacillin,3,0.0,0.0,8,0.625
DRIAMS-C,Actinomyces odontolyticus,Vancomycin,3,0.0,0.0,8,0.625
DRIAMS-C,Arthrobacter cumminsii,Amoxicillin-Clavulanic acid,3,0.0,0.0,6,0.5
DRIAMS-C,Arthrobacter cumminsii,Ampicillin,3,0.0,0.0,6,0.5
DRIAMS-C,Arthrobacter cumminsii,Ciprofloxacin,3,1.0,0.3333333333333333,6,0.5
DRIAMS-C,Arthrobacter cumminsii,Clarithromycin,3,3.0,1.0,6,0.5
DRIAMS-C,Arthrobacter cumminsii,Cotrimoxazole,3,3.0,1.0,6,0.5
DRIAMS-C,Arthrobacter cumminsii,Linezolid,3,0.0,0.0,6,0.5
DRIAMS-C,Arthrobacter cumminsii,Moxifloxacin,3,0.0,0.0,6,0.5
DRIAMS-C,Arthrobacter cumminsii,Oxacillin,3,0.0,0.0,6,0.5
DRIAMS-C,Bacillus cereus,Amoxicillin-Clavulanic acid,3,3.0,1.0,3,0.0
DRIAMS-C,Bacillus cereus,Ampicillin,3,3.0,1.0,3,0.0
DRIAMS-C,Bacillus cereus,Clarithromycin,3,0.0,0.0,3,0.0
DRIAMS-C,Bacillus cereus,Clindamycin,3,0.0,0.0,3,0.0
DRIAMS-C,Bacillus cereus,Cotrimoxazole,3,1.0,0.3333333333333333,3,0.0
DRIAMS-C,Bacillus cereus,Doxycycline,3,0.0,0.0,3,0.0
DRIAMS-C,Bacillus cereus,Gentamicin,3,0.0,0.0,3,0.0
DRIAMS-C,Bacillus cereus,Moxifloxacin,3,0.0,0.0,3,0.0
DRIAMS-C,Bacillus cereus,Oxacillin,3,3.0,1.0,3,0.0
DRIAMS-C,Bacillus cereus,Penicillin,3,3.0,1.0,3,0.0
DRIAMS-C,Bacillus cereus,Vancomycin,3,0.0,0.0,3,0.0
DRIAMS-C,Bacteroides uniformis,Amoxicillin-Clavulanic acid,3,0.0,0.0,3,0.0
DRIAMS-C,Bacteroides uniformis,Ampicillin,3,3.0,1.0,3,0.0
DRIAMS-C,Bacteroides uniformis,Clarithromycin,3,0.0,0.0,3,0.0
DRIAMS-C,Bacteroides uniformis,Clindamycin,3,0.0,0.0,3,0.0
DRIAMS-C,Bacteroides uniformis,Metronidazole,3,0.0,0.0,3,0.0
DRIAMS-C,Bacteroides uniformis,Penicillin,3,3.0,1.0,3,0.0
DRIAMS-C,Candida parapsilosis,5-Fluorocytosine,3,0.0,0.0,3,0.0
DRIAMS-C,Candida parapsilosis,Amphotericin B,3,0.0,0.0,3,0.0
DRIAMS-C,Candida parapsilosis,Caspofungin,3,0.0,0.0,3,0.0
DRIAMS-C,Candida parapsilosis,Fluconazole,3,0.0,0.0,3,0.0
DRIAMS-C,Candida parapsilosis,Voriconazole,3,0.0,0.0,3,0.0
DRIAMS-C,Capnocytophaga sputigena,Ampicillin,3,0.0,0.0,3,0.0
DRIAMS-C,Capnocytophaga sputigena,Ceftriaxone,3,0.0,0.0,3,0.0
DRIAMS-C,Capnocytophaga sputigena,Meropenem,3,0.0,0.0,3,0.0
DRIAMS-C,Citrobacter braakii,Amoxicillin-Clavulanic acid,3,2.0,0.6666666666666666,3,0.0
DRIAMS-C,Citrobacter braakii,Ampicillin,3,3.0,1.0,3,0.0
DRIAMS-C,Citrobacter braakii,Ceftazidime,3,1.0,0.3333333333333333,3,0.0
DRIAMS-C,Citrobacter braakii,Ceftriaxone,3,1.0,0.3333333333333333,3,0.0
DRIAMS-C,Citrobacter braakii,Cefuroxime,3,1.0,0.3333333333333333,3,0.0
DRIAMS-C,Citrobacter braakii,Ciprofloxacin,3,0.0,0.0,3,0.0
DRIAMS-C,Citrobacter braakii,Cotrimoxazole,3,0.0,0.0,3,0.0
DRIAMS-C,Citrobacter braakii,Gentamicin,3,0.0,0.0,3,0.0
DRIAMS-C,Citrobacter braakii,Polymyxin B,3,0.0,0.0,3,0.0
DRIAMS-C,Citrobacter freundii,Ertapenem,3,0.0,0.0,57,0.9473684210526316
DRIAMS-C,Enterobacter cancerogenus,Ceftazidime,3,0.0,0.0,4,0.25
DRIAMS-C,Enterobacter cancerogenus,Ceftriaxone,3,0.0,0.0,4,0.25
DRIAMS-C,Enterobacter cancerogenus,Cefuroxime,3,0.0,0.0,4,0.25
DRIAMS-C,Enterobacter cancerogenus,Piperacillin-Tazobactam,3,0.0,0.0,4,0.25
DRIAMS-C,Enterobacter kobei,Amoxicillin-Clavulanic acid,3,3.0,1.0,3,0.0
DRIAMS-C,Enterobacter kobei,Ampicillin,3,3.0,1.0,3,0.0
DRIAMS-C,Enterobacter kobei,Ceftazidime,3,1.0,0.3333333333333333,3,0.0
DRIAMS-C,Enterobacter kobei,Ceftriaxone,3,1.0,0.3333333333333333,3,0.0
DRIAMS-C,Enterobacter kobei,Cefuroxime,3,1.0,0.3333333333333333,3,0.0
DRIAMS-C,Enterobacter kobei,Ciprofloxacin,3,0.0,0.0,3,0.0
DRIAMS-C,Enterobacter kobei,Cotrimoxazole,3,0.0,0.0,3,0.0
DRIAMS-C,Enterobacter kobei,Gentamicin,3,0.0,0.0,3,0.0
DRIAMS-C,Enterobacter kobei,Polymyxin B,3,0.0,0.0,3,0.0
DRIAMS-C,Enterobacter ludwigii,Amikacin,3,0.0,0.0,4,0.25
DRIAMS-C,Enterobacter ludwigii,Cefepime,3,0.0,0.0,4,0.25
DRIAMS-C,Enterobacter ludwigii,Imipenem,3,0.0,0.0,4,0.25
DRIAMS-C,Enterobacter ludwigii,Piperacillin-Tazobactam,3,0.0,0.0,4,0.25
DRIAMS-C,Enterococcus faecalis,Clarithromycin,3,3.0,1.0,530,0.9943396226415094
DRIAMS-C,Enterococcus faecalis,Penicillin,3,1.0,0.3333333333333333,530,0.9943396226415094
DRIAMS-C,Enterococcus faecalis,Teicoplanin,3,0.0,0.0,530,0.9943396226415094
DRIAMS-C,Enterococcus faecium,Levofloxacin,3,0.0,0.0,93,0.967741935483871
DRIAMS-C,Enterococcus faecium,Ofloxacin,3,3.0,1.0,93,0.967741935483871
DRIAMS-C,Enterococcus faecium,Teicoplanin,3,0.0,0.0,93,0.967741935483871
DRIAMS-C,Enterococcus faecium,Tetracycline,3,0.0,0.0,93,0.967741935483871
DRIAMS-C,Escherichia coli,Meropenem,3,0.0,0.0,927,0.9967637540453075
DRIAMS-C,Lactobacillus gasseri,Amoxicillin-Clavulanic acid,3,0.0,0.0,3,0.0
DRIAMS-C,Lactobacillus gasseri,Ampicillin,3,0.0,0.0,3,0.0
DRIAMS-C,Lactobacillus gasseri,Clarithromycin,3,0.0,0.0,3,0.0
DRIAMS-C,Lactobacillus gasseri,Clindamycin,3,0.0,0.0,3,0.0
DRIAMS-C,Lactobacillus gasseri,Cotrimoxazole,3,0.0,0.0,3,0.0
DRIAMS-C,Lactobacillus gasseri,Doxycycline,3,0.0,0.0,3,0.0
DRIAMS-C,Lactobacillus gasseri,Gentamicin,3,0.0,0.0,3,0.0
DRIAMS-C,Lactobacillus gasseri,Moxifloxacin,3,0.0,0.0,3,0.0
DRIAMS-C,Lactobacillus gasseri,Oxacillin,3,3.0,1.0,3,0.0
DRIAMS-C,Lactobacillus gasseri,Penicillin,3,0.0,0.0,3,0.0
DRIAMS-C,Lactobacillus gasseri,Vancomycin,3,0.0,0.0,3,0.0
DRIAMS-C,Plesiomonas shigelloides,Amikacin,3,0.0,0.0,3,0.0
DRIAMS-C,Plesiomonas shigelloides,Amoxicillin-Clavulanic acid,3,3.0,1.0,3,0.0
DRIAMS-C,Plesiomonas shigelloides,Ampicillin,3,3.0,1.0,3,0.0
DRIAMS-C,Plesiomonas shigelloides,Cefepime,3,0.0,0.0,3,0.0
DRIAMS-C,Plesiomonas shigelloides,Ceftazidime,3,0.0,0.0,3,0.0
DRIAMS-C,Plesiomonas shigelloides,Ceftriaxone,3,0.0,0.0,3,0.0
DRIAMS-C,Plesiomonas shigelloides,Cefuroxime,3,3.0,1.0,3,0.0
DRIAMS-C,Plesiomonas shigelloides,Ciprofloxacin,3,0.0,0.0,3,0.0
DRIAMS-C,Plesiomonas shigelloides,Cotrimoxazole,3,0.0,0.0,3,0.0
DRIAMS-C,Plesiomonas shigelloides,Gentamicin,3,3.0,1.0,3,0.0
DRIAMS-C,Plesiomonas shigelloides,Imipenem,3,0.0,0.0,3,0.0
DRIAMS-C,Plesiomonas shigelloides,Piperacillin-Tazobactam,3,0.0,0.0,3,0.0
DRIAMS-C,Plesiomonas shigelloides,Polymyxin B,3,0.0,0.0,3,0.0
DRIAMS-C,Providencia stuartii,Fosfomycin,3,3.0,1.0,4,0.25
DRIAMS-C,Providencia stuartii,Nitrofurantoin,3,3.0,1.0,4,0.25
DRIAMS-C,Providencia stuartii,Norfloxacin,3,0.0,0.0,4,0.25
DRIAMS-C,Providencia stuartii,Piperacillin-Tazobactam,3,0.0,0.0,4,0.25
DRIAMS-C,Serratia liquefaciens,Amikacin,3,0.0,0.0,3,0.0
DRIAMS-C,Serratia liquefaciens,Amoxicillin-Clavulanic acid,3,3.0,1.0,3,0.0
DRIAMS-C,Serratia liquefaciens,Ampicillin,3,3.0,1.0,3,0.0
DRIAMS-C,Serratia liquefaciens,Cefepime,3,0.0,0.0,3,0.0
DRIAMS-C,Serratia liquefaciens,Ceftazidime,3,0.0,0.0,3,0.0
DRIAMS-C,Serratia liquefaciens,Ceftriaxone,3,0.0,0.0,3,0.0
DRIAMS-C,Serratia liquefaciens,Cefuroxime,3,3.0,1.0,3,0.0
DRIAMS-C,Serratia liquefaciens,Ciprofloxacin,3,0.0,0.0,3,0.0
DRIAMS-C,Serratia liquefaciens,Cotrimoxazole,3,0.0,0.0,3,0.0
DRIAMS-C,Serratia liquefaciens,Gentamicin,3,0.0,0.0,3,0.0
DRIAMS-C,Serratia liquefaciens,Imipenem,3,0.0,0.0,3,0.0
DRIAMS-C,Serratia liquefaciens,Piperacillin-Tazobactam,3,0.0,0.0,3,0.0
DRIAMS-C,Serratia liquefaciens,Polymyxin B,3,3.0,1.0,3,0.0
DRIAMS-C,Staphylococcus hominis,Amoxicillin-Clavulanic acid,3,0.0,0.0,3,0.0
DRIAMS-C,Staphylococcus hominis,Ampicillin,3,3.0,1.0,3,0.0
DRIAMS-C,Staphylococcus hominis,Ciprofloxacin,3,0.0,0.0,3,0.0
DRIAMS-C,Staphylococcus hominis,Clarithromycin,3,0.0,0.0,3,0.0
DRIAMS-C,Staphylococcus hominis,Clindamycin,3,0.0,0.0,3,0.0
DRIAMS-C,Staphylococcus hominis,Cotrimoxazole,3,0.0,0.0,3,0.0
DRIAMS-C,Staphylococcus hominis,Doxycycline,3,0.0,0.0,3,0.0
DRIAMS-C,Staphylococcus hominis,Fusidic acid,3,3.0,1.0,3,0.0
DRIAMS-C,Staphylococcus hominis,Gentamicin,3,0.0,0.0,3,0.0
DRIAMS-C,Staphylococcus hominis,Oxacillin,3,0.0,0.0,3,0.0
DRIAMS-C,Staphylococcus hominis,Penicillin,3,3.0,1.0,3,0.0
DRIAMS-C,Staphylococcus hominis,Rifampicin,3,0.0,0.0,3,0.0
DRIAMS-C,Staphylococcus hominis,Vancomycin,3,0.0,0.0,3,0.0
DRIAMS-C,Stenotrophomonas maltophilia,Ciprofloxacin,3,0.0,0.0,27,0.8888888888888888
DRIAMS-C,Stenotrophomonas maltophilia,Linezolid,3,0.0,0.0,27,0.8888888888888888
DRIAMS-C,Streptococcus oralis,Amoxicillin-Clavulanic acid,3,0.0,0.0,5,0.4
DRIAMS-C,Streptococcus oralis,Ampicillin,3,0.0,0.0,5,0.4
DRIAMS-C,Streptococcus oralis,Clarithromycin,3,0.0,0.0,5,0.4
DRIAMS-C,Streptococcus oralis,Clindamycin,3,0.0,0.0,5,0.4
DRIAMS-C,Streptococcus oralis,Cotrimoxazole,3,0.0,0.0,5,0.4
DRIAMS-C,Streptococcus oralis,Doxycycline,3,0.0,0.0,5,0.4
DRIAMS-C,Streptococcus oralis,Moxifloxacin,3,0.0,0.0,5,0.4
DRIAMS-C,Streptococcus oralis,Oxacillin,3,0.0,0.0,5,0.4
DRIAMS-C,Streptococcus oralis,Penicillin,3,0.0,0.0,5,0.4
DRIAMS-C,Streptococcus oralis,Vancomycin,3,0.0,0.0,5,0.4
DRIAMS-C,Streptococcus pneumoniae,Ceftriaxone,3,0.0,0.0,24,0.875
DRIAMS-C,Acinetobacter baumannii,Amikacin,2,0.0,0.0,5,0.6
DRIAMS-C,Acinetobacter baumannii,Ertapenem,2,0.0,0.0,5,0.6
DRIAMS-C,Acinetobacter baumannii,Imipenem,2,0.0,0.0,5,0.6
DRIAMS-C,Acinetobacter baumannii,Piperacillin-Tazobactam,2,0.0,0.0,5,0.6
DRIAMS-C,Acinetobacter junii,Amikacin,2,0.0,0.0,2,0.0
DRIAMS-C,Acinetobacter junii,Amoxicillin-Clavulanic acid,2,2.0,1.0,2,0.0
DRIAMS-C,Acinetobacter junii,Ampicillin,2,2.0,1.0,2,0.0
DRIAMS-C,Acinetobacter junii,Cefepime,2,0.0,0.0,2,0.0
DRIAMS-C,Acinetobacter junii,Ceftazidime,2,0.0,0.0,2,0.0
DRIAMS-C,Acinetobacter junii,Ceftriaxone,2,0.0,0.0,2,0.0
DRIAMS-C,Acinetobacter junii,Cefuroxime,2,2.0,1.0,2,0.0
DRIAMS-C,Acinetobacter junii,Ciprofloxacin,2,0.0,0.0,2,0.0
DRIAMS-C,Acinetobacter junii,Cotrimoxazole,2,0.0,0.0,2,0.0
DRIAMS-C,Acinetobacter junii,Gentamicin,2,0.0,0.0,2,0.0
DRIAMS-C,Acinetobacter junii,Imipenem,2,0.0,0.0,2,0.0
DRIAMS-C,Acinetobacter junii,Piperacillin-Tazobactam,2,0.0,0.0,2,0.0
DRIAMS-C,Acinetobacter junii,Polymyxin B,2,0.0,0.0,2,0.0
DRIAMS-C,Acinetobacter lwoffii,Amikacin,2,0.0,0.0,2,0.0
DRIAMS-C,Acinetobacter lwoffii,Amoxicillin-Clavulanic acid,2,2.0,1.0,2,0.0
DRIAMS-C,Acinetobacter lwoffii,Ampicillin,2,2.0,1.0,2,0.0
DRIAMS-C,Acinetobacter lwoffii,Cefepime,2,0.0,0.0,2,0.0
DRIAMS-C,Acinetobacter lwoffii,Ceftazidime,2,1.0,0.5,2,0.0
DRIAMS-C,Acinetobacter lwoffii,Ceftriaxone,2,2.0,1.0,2,0.0
DRIAMS-C,Acinetobacter lwoffii,Cefuroxime,2,2.0,1.0,2,0.0
DRIAMS-C,Acinetobacter lwoffii,Ciprofloxacin,2,0.0,0.0,2,0.0
DRIAMS-C,Acinetobacter lwoffii,Cotrimoxazole,2,0.0,0.0,2,0.0
DRIAMS-C,Acinetobacter lwoffii,Gentamicin,2,0.0,0.0,2,0.0
DRIAMS-C,Acinetobacter lwoffii,Imipenem,2,0.0,0.0,2,0.0
DRIAMS-C,Acinetobacter lwoffii,Piperacillin-Tazobactam,2,0.0,0.0,2,0.0
DRIAMS-C,Acinetobacter lwoffii,Polymyxin B,2,0.0,0.0,2,0.0
DRIAMS-C,Actinomyces meyeri,Ampicillin,2,0.0,0.0,2,0.0
DRIAMS-C,Actinomyces meyeri,Ceftriaxone,2,0.0,0.0,2,0.0
DRIAMS-C,Actinomyces meyeri,Doxycycline,2,0.0,0.0,2,0.0
DRIAMS-C,Actinomyces meyeri,Penicillin,2,0.0,0.0,2,0.0
DRIAMS-C,Actinomyces odontolyticus,Ceftriaxone,2,0.0,0.0,8,0.75
DRIAMS-C,Aerococcus urinae,Ceftriaxone,2,0.0,0.0,21,0.9047619047619048
DRIAMS-C,Aerococcus urinae,Doxycycline,2,0.0,0.0,21,0.9047619047619048
DRIAMS-C,Aerococcus urinae,Gentamicin,2,2.0,1.0,21,0.9047619047619048
DRIAMS-C,Aeromonas caviae,Amikacin,2,0.0,0.0,2,0.0
DRIAMS-C,Aeromonas caviae,Amoxicillin-Clavulanic acid,2,1.0,0.5,2,0.0
DRIAMS-C,Aeromonas caviae,Ampicillin,2,2.0,1.0,2,0.0
DRIAMS-C,Aeromonas caviae,Cefepime,2,0.0,0.0,2,0.0
DRIAMS-C,Aeromonas caviae,Ceftazidime,2,0.0,0.0,2,0.0
DRIAMS-C,Aeromonas caviae,Ceftriaxone,2,0.0,0.0,2,0.0
DRIAMS-C,Aeromonas caviae,Cefuroxime,2,0.0,0.0,2,0.0
DRIAMS-C,Aeromonas caviae,Ciprofloxacin,2,0.0,0.0,2,0.0
DRIAMS-C,Aeromonas caviae,Cotrimoxazole,2,0.0,0.0,2,0.0
DRIAMS-C,Aeromonas caviae,Gentamicin,2,0.0,0.0,2,0.0
DRIAMS-C,Aeromonas caviae,Imipenem,2,0.0,0.0,2,0.0
DRIAMS-C,Aeromonas caviae,Piperacillin-Tazobactam,2,0.0,0.0,2,0.0
DRIAMS-C,Aeromonas caviae,Polymyxin B,2,0.0,0.0,2,0.0
DRIAMS-C,Bacillus cereus,Ciprofloxacin,2,0.0,0.0,3,0.33333333333333337
DRIAMS-C,Brevibacterium casei,Ciprofloxacin,2,0.0,0.0,2,0.0
DRIAMS-C,Brevibacterium casei,Clindamycin,2,0.0,0.0,2,0.0
DRIAMS-C,Brevibacterium casei,Doxycycline,2,0.0,0.0,2,0.0
DRIAMS-C,Brevibacterium casei,Gentamicin,2,0.0,0.0,2,0.0
DRIAMS-C,Brevibacterium casei,Linezolid,2,0.0,0.0,2,0.0
DRIAMS-C,Brevibacterium casei,Penicillin,2,2.0,1.0,2,0.0
DRIAMS-C,Brevibacterium casei,Rifampicin,2,0.0,0.0,2,0.0
DRIAMS-C,Brevibacterium casei,Vancomycin,2,0.0,0.0,2,0.0
DRIAMS-C,Candida glabrata,5-Fluorocytosine,2,0.0,0.0,2,0.0
DRIAMS-C,Candida glabrata,Amphotericin B,2,0.0,0.0,2,0.0
DRIAMS-C,Candida glabrata,Caspofungin,2,0.0,0.0,2,0.0
DRIAMS-C,Candida glabrata,Fluconazole,2,0.0,0.0,2,0.0
DRIAMS-C,Candida glabrata,Voriconazole,2,0.0,0.0,2,0.0
DRIAMS-C,Candida tropicalis,5-Fluorocytosine,2,0.0,0.0,2,0.0
DRIAMS-C,Candida tropicalis,Amphotericin B,2,0.0,0.0,2,0.0
DRIAMS-C,Candida tropicalis,Caspofungin,2,0.0,0.0,2,0.0
DRIAMS-C,Candida tropicalis,Fluconazole,2,0.0,0.0,2,0.0
DRIAMS-C,Candida tropicalis,Voriconazole,2,0.0,0.0,2,0.0
DRIAMS-C,Citrobacter amalonaticus,Fosfomycin,2,0.0,0.0,5,0.6
DRIAMS-C,Citrobacter amalonaticus,Nitrofurantoin,2,2.0,1.0,5,0.6
DRIAMS-C,Citrobacter amalonaticus,Norfloxacin,2,0.0,0.0,5,0.6
DRIAMS-C,Citrobacter braakii,Fosfomycin,2,0.0,0.0,3,0.33333333333333337
DRIAMS-C,Citrobacter braakii,Nitrofurantoin,2,0.0,0.0,3,0.33333333333333337
DRIAMS-C,Citrobacter braakii,Norfloxacin,2,0.0,0.0,3,0.33333333333333337
DRIAMS-C,Citrobacter freundii,Oxacillin,2,0.0,0.0,57,0.9649122807017544
DRIAMS-C,Corynebacterium pseudodiphtheriticum,Ampicillin,2,0.0,0.0,2,0.0
DRIAMS-C,Corynebacterium pseudodiphtheriticum,Clindamycin,2,2.0,1.0,2,0.0
DRIAMS-C,Corynebacterium pseudodiphtheriticum,Doxycycline,2,0.0,0.0,2,0.0
DRIAMS-C,Corynebacterium pseudodiphtheriticum,Gentamicin,2,0.0,0.0,2,0.0
DRIAMS-C,Corynebacterium pseudodiphtheriticum,Linezolid,2,0.0,0.0,2,0.0
DRIAMS-C,Corynebacterium pseudodiphtheriticum,Penicillin,2,0.0,0.0,2,0.0
DRIAMS-C,Corynebacterium pseudodiphtheriticum,Rifampicin,2,0.0,0.0,2,0.0
DRIAMS-C,Corynebacterium pseudodiphtheriticum,Vancomycin,2,0.0,0.0,2,0.0
DRIAMS-C,Cronobacter sakazakii,Amoxicillin-Clavulanic acid,2,2.0,1.0,2,0.0
DRIAMS-C,Cronobacter sakazakii,Ampicillin,2,2.0,1.0,2,0.0
DRIAMS-C,Cronobacter sakazakii,Ceftazidime,2,0.0,0.0,2,0.0
DRIAMS-C,Cronobacter sakazakii,Ceftriaxone,2,0.0,0.0,2,0.0
DRIAMS-C,Cronobacter sakazakii,Cefuroxime,2,0.0,0.0,2,0.0
DRIAMS-C,Cronobacter sakazakii,Ciprofloxacin,2,0.0,0.0,2,0.0
DRIAMS-C,Cronobacter sakazakii,Cotrimoxazole,2,0.0,0.0,2,0.0
DRIAMS-C,Cronobacter sakazakii,Fosfomycin,2,2.0,1.0,2,0.0
DRIAMS-C,Cronobacter sakazakii,Gentamicin,2,0.0,0.0,2,0.0
DRIAMS-C,Cronobacter sakazakii,Nitrofurantoin,2,0.0,0.0,2,0.0
DRIAMS-C,Cronobacter sakazakii,Norfloxacin,2,0.0,0.0,2,0.0
DRIAMS-C,Cronobacter sakazakii,Polymyxin B,2,0.0,0.0,2,0.0
DRIAMS-C,Enterobacter kobei,Amikacin,2,0.0,0.0,3,0.33333333333333337
DRIAMS-C,Enterobacter kobei,Cefepime,2,0.0,0.0,3,0.33333333333333337
DRIAMS-C,Enterobacter kobei,Imipenem,2,0.0,0.0,3,0.33333333333333337
DRIAMS-C,Enterobacter kobei,Piperacillin-Tazobactam,2,0.0,0.0,3,0.33333333333333337
DRIAMS-C,Enterococcus avium,Imipenem,2,0.0,0.0,8,0.75
DRIAMS-C,Enterococcus avium,Meropenem,2,0.0,0.0,8,0.75
DRIAMS-C,Enterococcus durans,Amoxicillin-Clavulanic acid,2,0.0,0.0,2,0.0
DRIAMS-C,Enterococcus durans,Ampicillin,2,0.0,0.0,2,0.0
DRIAMS-C,Enterococcus durans,Clindamycin,2,2.0,1.0,2,0.0
DRIAMS-C,Enterococcus durans,Gentamicin,2,2.0,1.0,2,0.0
DRIAMS-C,Enterococcus durans,Linezolid,2,0.0,0.0,2,0.0
DRIAMS-C,Enterococcus durans,Mupirocin,2,2.0,1.0,2,0.0
DRIAMS-C,Enterococcus durans,Oxacillin,2,2.0,1.0,2,0.0
DRIAMS-C,Enterococcus durans,Piperacillin-Tazobactam,2,0.0,0.0,2,0.0
DRIAMS-C,Enterococcus durans,Vancomycin,2,0.0,0.0,2,0.0
DRIAMS-C,Enterococcus faecalis,Rifampicin,2,0.0,0.0,530,0.9962264150943396
DRIAMS-C,Kingella kingae,Ampicillin,2,2.0,1.0,2,0.0
DRIAMS-C,Kingella kingae,Ceftriaxone,2,0.0,0.0,2,0.0
DRIAMS-C,Kingella kingae,Erythromycin,2,2.0,1.0,2,0.0
DRIAMS-C,Kingella kingae,Meropenem,2,0.0,0.0,2,0.0
DRIAMS-C,Klebsiella pneumoniae,Ertapenem,2,0.0,0.0,366,0.994535519125683
DRIAMS-C,Kluyvera ascorbata,Amoxicillin-Clavulanic acid,2,0.0,0.0,2,0.0
DRIAMS-C,Kluyvera ascorbata,Ampicillin,2,0.0,0.0,2,0.0
DRIAMS-C,Kluyvera ascorbata,Ceftazidime,2,0.0,0.0,2,0.0
DRIAMS-C,Kluyvera ascorbata,Ceftriaxone,2,0.0,0.0,2,0.0
DRIAMS-C,Kluyvera ascorbata,Cefuroxime,2,0.0,0.0,2,0.0
DRIAMS-C,Kluyvera ascorbata,Ciprofloxacin,2,0.0,0.0,2,0.0
DRIAMS-C,Kluyvera ascorbata,Cotrimoxazole,2,0.0,0.0,2,0.0
DRIAMS-C,Kluyvera ascorbata,Fosfomycin,2,0.0,0.0,2,0.0
DRIAMS-C,Kluyvera ascorbata,Gentamicin,2,0.0,0.0,2,0.0
DRIAMS-C,Kluyvera ascorbata,Nitrofurantoin,2,0.0,0.0,2,0.0
DRIAMS-C,Kluyvera ascorbata,Norfloxacin,2,0.0,0.0,2,0.0
DRIAMS-C,Kluyvera ascorbata,Polymyxin B,2,0.0,0.0,2,0.0
DRIAMS-C,Neisseria gonorrhoeae,Azithromycin,2,0.0,0.0,2,0.0
DRIAMS-C,Neisseria gonorrhoeae,Ceftriaxone,2,0.0,0.0,2,0.0
DRIAMS-C,Neisseria gonorrhoeae,Ciprofloxacin,2,2.0,1.0,2,0.0
DRIAMS-C,Neisseria gonorrhoeae,Penicillin,2,2.0,1.0,2,0.0
DRIAMS-C,Neisseria gonorrhoeae,Tetracycline,2,0.0,0.0,2,0.0
DRIAMS-C,Neisseria meningitidis,Ampicillin,2,0.0,0.0,2,0.0
DRIAMS-C,Neisseria meningitidis,Ceftriaxone,2,0.0,0.0,2,0.0
DRIAMS-C,Neisseria meningitidis,Ciprofloxacin,2,0.0,0.0,2,0.0
DRIAMS-C,Neisseria meningitidis,Penicillin,2,1.0,0.5,2,0.0
DRIAMS-C,Neisseria meningitidis,Rifampicin,2,0.0,0.0,2,0.0
DRIAMS-C,Neisseria meningitidis,Tetracycline,2,0.0,0.0,2,0.0
DRIAMS-C,Ochrobactrum anthropi,Amikacin,2,0.0,0.0,2,0.0
DRIAMS-C,Ochrobactrum anthropi,Amoxicillin-Clavulanic acid,2,2.0,1.0,2,0.0
DRIAMS-C,Ochrobactrum anthropi,Ampicillin,2,2.0,1.0,2,0.0
DRIAMS-C,Ochrobactrum anthropi,Cefepime,2,2.0,1.0,2,0.0
DRIAMS-C,Ochrobactrum anthropi,Ceftazidime,2,2.0,1.0,2,0.0
DRIAMS-C,Ochrobactrum anthropi,Ceftriaxone,2,2.0,1.0,2,0.0
DRIAMS-C,Ochrobactrum anthropi,Cefuroxime,2,2.0,1.0,2,0.0
DRIAMS-C,Ochrobactrum anthropi,Ciprofloxacin,2,0.0,0.0,2,0.0
DRIAMS-C,Ochrobactrum anthropi,Cotrimoxazole,2,0.0,0.0,2,0.0
DRIAMS-C,Ochrobactrum anthropi,Gentamicin,2,0.0,0.0,2,0.0
DRIAMS-C,Ochrobactrum anthropi,Imipenem,2,0.0,0.0,2,0.0
DRIAMS-C,Ochrobactrum anthropi,Piperacillin-Tazobactam,2,2.0,1.0,2,0.0
DRIAMS-C,Ochrobactrum anthropi,Polymyxin B,2,0.0,0.0,2,0.0
DRIAMS-C,Parvimonas micra,Levofloxacin,2,0.0,0.0,9,0.7777777777777778
DRIAMS-C,Pasteurella multocida,Amoxicillin-Clavulanic acid,2,0.0,0.0,10,0.8
DRIAMS-C,Pasteurella multocida,Doxycycline,2,0.0,0.0,10,0.8
DRIAMS-C,Pseudomonas aeruginosa,Meropenem,2,2.0,1.0,357,0.9943977591036415
DRIAMS-C,Pseudomonas monteilii,Amikacin,2,0.0,0.0,2,0.0
DRIAMS-C,Pseudomonas monteilii,Amoxicillin-Clavulanic acid,2,2.0,1.0,2,0.0
DRIAMS-C,Pseudomonas monteilii,Ampicillin,2,2.0,1.0,2,0.0
DRIAMS-C,Pseudomonas monteilii,Cefepime,2,0.0,0.0,2,0.0
DRIAMS-C,Pseudomonas monteilii,Ceftazidime,2,0.0,0.0,2,0.0
DRIAMS-C,Pseudomonas monteilii,Ceftriaxone,2,2.0,1.0,2,0.0
DRIAMS-C,Pseudomonas monteilii,Cefuroxime,2,2.0,1.0,2,0.0
DRIAMS-C,Pseudomonas monteilii,Ciprofloxacin,2,0.0,0.0,2,0.0
DRIAMS-C,Pseudomonas monteilii,Cotrimoxazole,2,2.0,1.0,2,0.0
DRIAMS-C,Pseudomonas monteilii,Gentamicin,2,0.0,0.0,2,0.0
DRIAMS-C,Pseudomonas monteilii,Imipenem,2,0.0,0.0,2,0.0
DRIAMS-C,Pseudomonas monteilii,Piperacillin-Tazobactam,2,0.0,0.0,2,0.0
DRIAMS-C,Pseudomonas monteilii,Polymyxin B,2,0.0,0.0,2,0.0
DRIAMS-C,Pseudomonas stutzeri,Amikacin,2,0.0,0.0,2,0.0
DRIAMS-C,Pseudomonas stutzeri,Amoxicillin-Clavulanic acid,2,2.0,1.0,2,0.0
DRIAMS-C,Pseudomonas stutzeri,Ampicillin,2,2.0,1.0,2,0.0
DRIAMS-C,Pseudomonas stutzeri,Cefepime,2,0.0,0.0,2,0.0
DRIAMS-C,Pseudomonas stutzeri,Ceftazidime,2,0.0,0.0,2,0.0
DRIAMS-C,Pseudomonas stutzeri,Ceftriaxone,2,2.0,1.0,2,0.0
DRIAMS-C,Pseudomonas stutzeri,Cefuroxime,2,2.0,1.0,2,0.0
DRIAMS-C,Pseudomonas stutzeri,Ciprofloxacin,2,0.0,0.0,2,0.0
DRIAMS-C,Pseudomonas stutzeri,Cotrimoxazole,2,2.0,1.0,2,0.0
DRIAMS-C,Pseudomonas stutzeri,Gentamicin,2,0.0,0.0,2,0.0
DRIAMS-C,Pseudomonas stutzeri,Imipenem,2,0.0,0.0,2,0.0
DRIAMS-C,Pseudomonas stutzeri,Piperacillin-Tazobactam,2,0.0,0.0,2,0.0
DRIAMS-C,Pseudomonas stutzeri,Polymyxin B,2,0.0,0.0,2,0.0
DRIAMS-C,Rahnella aquatilis,Amikacin,2,0.0,0.0,2,0.0
DRIAMS-C,Rahnella aquatilis,Amoxicillin-Clavulanic acid,2,1.0,0.5,2,0.0
DRIAMS-C,Rahnella aquatilis,Ampicillin,2,2.0,1.0,2,0.0
DRIAMS-C,Rahnella aquatilis,Cefepime,2,0.0,0.0,2,0.0
DRIAMS-C,Rahnella aquatilis,Ceftazidime,2,0.0,0.0,2,0.0
DRIAMS-C,Rahnella aquatilis,Ceftriaxone,2,0.0,0.0,2,0.0
DRIAMS-C,Rahnella aquatilis,Cefuroxime,2,2.0,1.0,2,0.0
DRIAMS-C,Rahnella aquatilis,Ciprofloxacin,2,0.0,0.0,2,0.0
DRIAMS-C,Rahnella aquatilis,Cotrimoxazole,2,0.0,0.0,2,0.0
DRIAMS-C,Rahnella aquatilis,Gentamicin,2,0.0,0.0,2,0.0
DRIAMS-C,Rahnella aquatilis,Imipenem,2,0.0,0.0,2,0.0
DRIAMS-C,Rahnella aquatilis,Piperacillin-Tazobactam,2,0.0,0.0,2,0.0
DRIAMS-C,Rahnella aquatilis,Polymyxin B,2,0.0,0.0,2,0.0
DRIAMS-C,Raoultella planticola,Amikacin,2,0.0,0.0,2,0.0
DRIAMS-C,Raoultella planticola,Amoxicillin-Clavulanic acid,2,2.0,1.0,2,0.0
DRIAMS-C,Raoultella planticola,Ampicillin,2,2.0,1.0,2,0.0
DRIAMS-C,Raoultella planticola,Cefepime,2,0.0,0.0,2,0.0
DRIAMS-C,Raoultella planticola,Ceftazidime,2,2.0,1.0,2,0.0
DRIAMS-C,Raoultella planticola,Ceftriaxone,2,0.0,0.0,2,0.0
DRIAMS-C,Raoultella planticola,Cefuroxime,2,2.0,1.0,2,0.0
DRIAMS-C,Raoultella planticola,Ciprofloxacin,2,0.0,0.0,2,0.0
DRIAMS-C,Raoultella planticola,Cotrimoxazole,2,2.0,1.0,2,0.0
DRIAMS-C,Raoultella planticola,Gentamicin,2,0.0,0.0,2,0.0
DRIAMS-C,Raoultella planticola,Imipenem,2,0.0,0.0,2,0.0
DRIAMS-C,Raoultella planticola,Piperacillin-Tazobactam,2,0.0,0.0,2,0.0
DRIAMS-C,Raoultella planticola,Polymyxin B,2,0.0,0.0,2,0.0
DRIAMS-C,Staphylococcus aureus,Linezolid,2,0.0,0.0,738,0.997289972899729
DRIAMS-C,Staphylococcus aureus,Piperacillin-Tazobactam,2,0.0,0.0,738,0.997289972899729
DRIAMS-C,Streptococcus dysgalactiae,Amoxicillin-Clavulanic acid,2,0.0,0.0,2,0.0
DRIAMS-C,Streptococcus dysgalactiae,Ampicillin,2,0.0,0.0,2,0.0
DRIAMS-C,Streptococcus dysgalactiae,Clarithromycin,2,2.0,1.0,2,0.0
DRIAMS-C,Streptococcus dysgalactiae,Clindamycin,2,0.0,0.0,2,0.0
DRIAMS-C,Streptococcus dysgalactiae,Cotrimoxazole,2,0.0,0.0,2,0.0
DRIAMS-C,Streptococcus dysgalactiae,Doxycycline,2,0.0,0.0,2,0.0
DRIAMS-C,Streptococcus dysgalactiae,Gentamicin,2,2.0,1.0,2,0.0
DRIAMS-C,Streptococcus dysgalactiae,Moxifloxacin,2,0.0,0.0,2,0.0
DRIAMS-C,Streptococcus dysgalactiae,Oxacillin,2,0.0,0.0,2,0.0
DRIAMS-C,Streptococcus dysgalactiae,Penicillin,2,0.0,0.0,2,0.0
DRIAMS-C,Streptococcus dysgalactiae,Vancomycin,2,0.0,0.0,2,0.0
DRIAMS-C,Streptococcus gallolyticus,Ceftriaxone,2,0.0,0.0,5,0.6
DRIAMS-C,Turicella otitidis,Ciprofloxacin,2,0.0,0.0,2,0.0
DRIAMS-C,Turicella otitidis,Clindamycin,2,0.0,0.0,2,0.0
DRIAMS-C,Turicella otitidis,Gentamicin,2,0.0,0.0,2,0.0
DRIAMS-C,Turicella otitidis,Linezolid,2,0.0,0.0,2,0.0
DRIAMS-C,Turicella otitidis,Penicillin,2,0.0,0.0,2,0.0
DRIAMS-C,Turicella otitidis,Rifampicin,2,0.0,0.0,2,0.0
DRIAMS-C,Turicella otitidis,Vancomycin,2,0.0,0.0,2,0.0
DRIAMS-C,Vagococcus fluvialis,Amoxicillin-Clavulanic acid,2,0.0,0.0,2,0.0
DRIAMS-C,Vagococcus fluvialis,Ampicillin,2,0.0,0.0,2,0.0
DRIAMS-C,Vagococcus fluvialis,Clarithromycin,2,0.0,0.0,2,0.0
DRIAMS-C,Vagococcus fluvialis,Clindamycin,2,2.0,1.0,2,0.0
DRIAMS-C,Vagococcus fluvialis,Cotrimoxazole,2,0.0,0.0,2,0.0
DRIAMS-C,Vagococcus fluvialis,Doxycycline,2,2.0,1.0,2,0.0
DRIAMS-C,Vagococcus fluvialis,Gentamicin,2,2.0,1.0,2,0.0
DRIAMS-C,Vagococcus fluvialis,Moxifloxacin,2,2.0,1.0,2,0.0
DRIAMS-C,Vagococcus fluvialis,Oxacillin,2,2.0,1.0,2,0.0
DRIAMS-C,Vagococcus fluvialis,Penicillin,2,0.0,0.0,2,0.0
DRIAMS-C,Vagococcus fluvialis,Vancomycin,2,0.0,0.0,2,0.0
DRIAMS-C,Acinetobacter johnsonii,Amikacin,1,0.0,0.0,1,0.0
DRIAMS-C,Acinetobacter johnsonii,Amoxicillin-Clavulanic acid,1,1.0,1.0,1,0.0
DRIAMS-C,Acinetobacter johnsonii,Ampicillin,1,1.0,1.0,1,0.0
DRIAMS-C,Acinetobacter johnsonii,Cefepime,1,1.0,1.0,1,0.0
DRIAMS-C,Acinetobacter johnsonii,Ceftazidime,1,1.0,1.0,1,0.0
DRIAMS-C,Acinetobacter johnsonii,Ceftriaxone,1,1.0,1.0,1,0.0
DRIAMS-C,Acinetobacter johnsonii,Cefuroxime,1,1.0,1.0,1,0.0
DRIAMS-C,Acinetobacter johnsonii,Ciprofloxacin,1,0.0,0.0,1,0.0
DRIAMS-C,Acinetobacter johnsonii,Cotrimoxazole,1,0.0,0.0,1,0.0
DRIAMS-C,Acinetobacter johnsonii,Gentamicin,1,0.0,0.0,1,0.0
DRIAMS-C,Acinetobacter johnsonii,Imipenem,1,0.0,0.0,1,0.0
DRIAMS-C,Acinetobacter johnsonii,Piperacillin-Tazobactam,1,0.0,0.0,1,0.0
DRIAMS-C,Acinetobacter johnsonii,Polymyxin B,1,0.0,0.0,1,0.0
DRIAMS-C,Acinetobacter junii,Fosfomycin,1,1.0,1.0,2,0.5
DRIAMS-C,Acinetobacter junii,Nitrofurantoin,1,1.0,1.0,2,0.5
DRIAMS-C,Acinetobacter junii,Norfloxacin,1,0.0,0.0,2,0.5
DRIAMS-C,Acinetobacter ursingii,Fosfomycin,1,1.0,1.0,9,0.8888888888888888
DRIAMS-C,Acinetobacter ursingii,Nitrofurantoin,1,1.0,1.0,9,0.8888888888888888
DRIAMS-C,Acinetobacter ursingii,Norfloxacin,1,0.0,0.0,9,0.8888888888888888
DRIAMS-C,Actinomyces neuii,Ceftriaxone,1,0.0,0.0,3,0.6666666666666667
DRIAMS-C,Actinomyces turicensis,Ciprofloxacin,1,0.0,0.0,5,0.8
DRIAMS-C,Actinomyces turicensis,Metronidazole,1,0.0,0.0,5,0.8
DRIAMS-C,Aerococcus urinae,Clindamycin,1,0.0,0.0,21,0.9523809523809523
DRIAMS-C,Aerococcus viridans,Amoxicillin-Clavulanic acid,1,0.0,0.0,1,0.0
DRIAMS-C,Aerococcus viridans,Ampicillin,1,0.0,0.0,1,0.0
DRIAMS-C,Aerococcus viridans,Penicillin,1,0.0,0.0,1,0.0
DRIAMS-C,Aerococcus viridans,Rifampicin,1,0.0,0.0,1,0.0
DRIAMS-C,Aerococcus viridans,Vancomycin,1,0.0,0.0,1,0.0
DRIAMS-C,Aeromonas hydrophila,Amikacin,1,0.0,0.0,1,0.0
DRIAMS-C,Aeromonas hydrophila,Amoxicillin-Clavulanic acid,1,1.0,1.0,1,0.0
DRIAMS-C,Aeromonas hydrophila,Ampicillin,1,1.0,1.0,1,0.0
DRIAMS-C,Aeromonas hydrophila,Cefepime,1,0.0,0.0,1,0.0
DRIAMS-C,Aeromonas hydrophila,Ceftazidime,1,0.0,0.0,1,0.0
DRIAMS-C,Aeromonas hydrophila,Ceftriaxone,1,0.0,0.0,1,0.0
DRIAMS-C,Aeromonas hydrophila,Cefuroxime,1,0.0,0.0,1,0.0
DRIAMS-C,Aeromonas hydrophila,Ciprofloxacin,1,0.0,0.0,1,0.0
DRIAMS-C,Aeromonas hydrophila,Cotrimoxazole,1,1.0,1.0,1,0.0
DRIAMS-C,Aeromonas hydrophila,Gentamicin,1,0.0,0.0,1,0.0
DRIAMS-C,Aeromonas hydrophila,Imipenem,1,0.0,0.0,1,0.0
DRIAMS-C,Aeromonas hydrophila,Piperacillin-Tazobactam,1,0.0,0.0,1,0.0
DRIAMS-C,Aeromonas hydrophila,Polymyxin B,1,0.0,0.0,1,0.0
DRIAMS-C,Anaerococcus vaginalis,Amoxicillin-Clavulanic acid,1,0.0,0.0,1,0.0
DRIAMS-C,Anaerococcus vaginalis,Ampicillin,1,0.0,0.0,1,0.0
DRIAMS-C,Anaerococcus vaginalis,Clarithromycin,1,0.0,0.0,1,0.0
DRIAMS-C,Anaerococcus vaginalis,Clindamycin,1,0.0,0.0,1,0.0
DRIAMS-C,Anaerococcus vaginalis,Metronidazole,1,0.0,0.0,1,0.0
DRIAMS-C,Anaerococcus vaginalis,Penicillin,1,0.0,0.0,1,0.0
DRIAMS-C,Arthrobacter cumminsii,Tetracycline,1,0.0,0.0,6,0.8333333333333334
DRIAMS-C,Bacillus cereus,Fusidic acid,1,0.0,0.0,3,0.6666666666666667
DRIAMS-C,Bacillus cereus,Piperacillin-Tazobactam,1,1.0,1.0,3,0.6666666666666667
DRIAMS-C,Bacillus subtilis,Amoxicillin-Clavulanic acid,1,0.0,0.0,1,0.0
DRIAMS-C,Bacillus subtilis,Ampicillin,1,0.0,0.0,1,0.0
DRIAMS-C,Bacillus subtilis,Clarithromycin,1,0.0,0.0,1,0.0
DRIAMS-C,Bacillus subtilis,Clindamycin,1,0.0,0.0,1,0.0
DRIAMS-C,Bacillus subtilis,Cotrimoxazole,1,0.0,0.0,1,0.0
DRIAMS-C,Bacillus subtilis,Doxycycline,1,0.0,0.0,1,0.0
DRIAMS-C,Bacillus subtilis,Moxifloxacin,1,0.0,0.0,1,0.0
DRIAMS-C,Bacillus subtilis,Oxacillin,1,0.0,0.0,1,0.0
DRIAMS-C,Bacillus subtilis,Penicillin,1,0.0,0.0,1,0.0
DRIAMS-C,Bacillus subtilis,Vancomycin,1,0.0,0.0,1,0.0
DRIAMS-C,Bacteroides fragilis,Oxacillin,1,0.0,0.0,27,0.962962962962963
DRIAMS-C,Bacteroides fragilis,Piperacillin-Tazobactam,1,0.0,0.0,27,0.962962962962963
DRIAMS-C,Bacteroides pyogenes,Amoxicillin-Clavulanic acid,1,0.0,0.0,1,0.0
DRIAMS-C,Bacteroides pyogenes,Ampicillin,1,0.0,0.0,1,0.0
DRIAMS-C,Bacteroides pyogenes,Clarithromycin,1,0.0,0.0,1,0.0
DRIAMS-C,Bacteroides pyogenes,Clindamycin,1,0.0,0.0,1,0.0
DRIAMS-C,Bacteroides pyogenes,Metronidazole,1,0.0,0.0,1,0.0
DRIAMS-C,Bacteroides pyogenes,Penicillin,1,0.0,0.0,1,0.0
DRIAMS-C,Burkholderia gladioli,Amikacin,1,0.0,0.0,1,0.0
DRIAMS-C,Burkholderia gladioli,Amoxicillin-Clavulanic acid,1,0.0,0.0,1,0.0
DRIAMS-C,Burkholderia gladioli,Ampicillin,1,0.0,0.0,1,0.0
DRIAMS-C,Burkholderia gladioli,Cefepime,1,0.0,0.0,1,0.0
DRIAMS-C,Burkholderia gladioli,Ceftazidime,1,0.0,0.0,1,0.0
DRIAMS-C,Burkholderia gladioli,Ceftriaxone,1,0.0,0.0,1,0.0
DRIAMS-C,Burkholderia gladioli,Cefuroxime,1,0.0,0.0,1,0.0
DRIAMS-C,Burkholderia gladioli,Ciprofloxacin,1,0.0,0.0,1,0.0
DRIAMS-C,Burkholderia gladioli,Cotrimoxazole,1,0.0,0.0,1,0.0
DRIAMS-C,Burkholderia gladioli,Gentamicin,1,0.0,0.0,1,0.0
DRIAMS-C,Burkholderia gladioli,Imipenem,1,0.0,0.0,1,0.0
DRIAMS-C,Burkholderia gladioli,Piperacillin-Tazobactam,1,0.0,0.0,1,0.0
DRIAMS-C,Burkholderia gladioli,Polymyxin B,1,1.0,1.0,1,0.0
DRIAMS-C,Campylobacter jejuni,Gentamicin,1,0.0,0.0,52,0.9807692307692307
DRIAMS-C,Campylobacter jejuni,Imipenem,1,0.0,0.0,52,0.9807692307692307
DRIAMS-C,Citrobacter braakii,Amikacin,1,0.0,0.0,3,0.6666666666666667
DRIAMS-C,Citrobacter braakii,Cefepime,1,0.0,0.0,3,0.6666666666666667
DRIAMS-C,Citrobacter braakii,Imipenem,1,0.0,0.0,3,0.6666666666666667
DRIAMS-C,Citrobacter braakii,Penicillin,1,1.0,1.0,3,0.6666666666666667
DRIAMS-C,Citrobacter braakii,Piperacillin-Tazobactam,1,1.0,1.0,3,0.6666666666666667
DRIAMS-C,Clostridium cadaveris,Amoxicillin-Clavulanic acid,1,0.0,0.0,1,0.0
DRIAMS-C,Clostridium cadaveris,Ampicillin,1,0.0,0.0,1,0.0
DRIAMS-C,Clostridium cadaveris,Clarithromycin,1,0.0,0.0,1,0.0
DRIAMS-C,Clostridium cadaveris,Clindamycin,1,0.0,0.0,1,0.0
DRIAMS-C,Clostridium cadaveris,Metronidazole,1,0.0,0.0,1,0.0
DRIAMS-C,Clostridium cadaveris,Penicillin,1,0.0,0.0,1,0.0
DRIAMS-C,Clostridium innocuum,Amoxicillin-Clavulanic acid,1,0.0,0.0,1,0.0
DRIAMS-C,Clostridium innocuum,Ampicillin,1,0.0,0.0,1,0.0
DRIAMS-C,Clostridium innocuum,Clarithromycin,1,0.0,0.0,1,0.0
DRIAMS-C,Clostridium innocuum,Clindamycin,1,0.0,0.0,1,0.0
DRIAMS-C,Clostridium innocuum,Metronidazole,1,0.0,0.0,1,0.0
DRIAMS-C,Clostridium innocuum,Penicillin,1,1.0,1.0,1,0.0
DRIAMS-C,Corynebacterium amycolatum,Amoxicillin-Clavulanic acid,1,0.0,0.0,1,0.0
DRIAMS-C,Corynebacterium amycolatum,Ampicillin,1,0.0,0.0,1,0.0
DRIAMS-C,Corynebacterium amycolatum,Clarithromycin,1,1.0,1.0,1,0.0
DRIAMS-C,Corynebacterium amycolatum,Clindamycin,1,1.0,1.0,1,0.0
DRIAMS-C,Corynebacterium amycolatum,Cotrimoxazole,1,0.0,0.0,1,0.0
DRIAMS-C,Corynebacterium amycolatum,Doxycycline,1,0.0,0.0,1,0.0
DRIAMS-C,Corynebacterium amycolatum,Gentamicin,1,0.0,0.0,1,0.0
DRIAMS-C,Corynebacterium amycolatum,Moxifloxacin,1,0.0,0.0,1,0.0
DRIAMS-C,Corynebacterium amycolatum,Oxacillin,1,0.0,0.0,1,0.0
DRIAMS-C,Corynebacterium amycolatum,Penicillin,1,0.0,0.0,1,0.0
DRIAMS-C,Corynebacterium amycolatum,Vancomycin,1,0.0,0.0,1,0.0
DRIAMS-C,Corynebacterium diphtheriae,Ciprofloxacin,1,0.0,0.0,1,0.0
DRIAMS-C,Corynebacterium diphtheriae,Clindamycin,1,0.0,0.0,1,0.0
DRIAMS-C,Corynebacterium diphtheriae,Doxycycline,1,0.0,0.0,1,0.0
DRIAMS-C,Corynebacterium diphtheriae,Gentamicin,1,0.0,0.0,1,0.0
DRIAMS-C,Corynebacterium diphtheriae,Linezolid,1,0.0,0.0,1,0.0
DRIAMS-C,Corynebacterium diphtheriae,Penicillin,1,0.0,0.0,1,0.0
DRIAMS-C,Corynebacterium diphtheriae,Rifampicin,1,0.0,0.0,1,0.0
DRIAMS-C,Corynebacterium diphtheriae,Vancomycin,1,0.0,0.0,1,0.0
DRIAMS-C,Enterobacter aerogenes,Vancomycin,1,0.0,0.0,63,0.9841269841269842
DRIAMS-C,Enterobacter kobei,Fosfomycin,1,1.0,1.0,3,0.6666666666666667
DRIAMS-C,Enterobacter kobei,Nitrofurantoin,1,0.0,0.0,3,0.6666666666666667
DRIAMS-C,Enterobacter kobei,Norfloxacin,1,0.0,0.0,3,0.6666666666666667
DRIAMS-C,Enterobacter ludwigii,Fosfomycin,1,1.0,1.0,4,0.75
DRIAMS-C,Enterobacter ludwigii,Nitrofurantoin,1,0.0,0.0,4,0.75
DRIAMS-C,Enterobacter ludwigii,Norfloxacin,1,0.0,0.0,4,0.75
DRIAMS-C,Enterococcus faecalis,Doxycycline,1,0.0,0.0,530,0.9981132075471698
DRIAMS-C,Enterococcus faecalis,Fosfomycin,1,1.0,1.0,530,0.9981132075471698
DRIAMS-C,Enterococcus faecalis,Levofloxacin,1,0.0,0.0,530,0.9981132075471698
DRIAMS-C,Enterococcus faecalis,Norfloxacin,1,1.0,1.0,530,0.9981132075471698
DRIAMS-C,Enterococcus faecalis,Polymyxin B,1,1.0,1.0,530,0.9981132075471698
DRIAMS-C,Enterococcus faecium,Ceftriaxone,1,1.0,1.0,93,0.989247311827957
DRIAMS-C,Enterococcus faecium,Clarithromycin,1,0.0,0.0,93,0.989247311827957
DRIAMS-C,Enterococcus faecium,Penicillin,1,1.0,1.0,93,0.989247311827957
DRIAMS-C,Enterococcus hirae,Amoxicillin-Clavulanic acid,1,0.0,0.0,1,0.0
DRIAMS-C,Enterococcus hirae,Ampicillin,1,0.0,0.0,1,0.0
DRIAMS-C,Enterococcus hirae,Clindamycin,1,1.0,1.0,1,0.0
DRIAMS-C,Enterococcus hirae,Gentamicin,1,1.0,1.0,1,0.0
DRIAMS-C,Enterococcus hirae,Linezolid,1,0.0,0.0,1,0.0
DRIAMS-C,Enterococcus hirae,Mupirocin,1,1.0,1.0,1,0.0
DRIAMS-C,Enterococcus hirae,Oxacillin,1,1.0,1.0,1,0.0
DRIAMS-C,Enterococcus hirae,Piperacillin-Tazobactam,1,0.0,0.0,1,0.0
DRIAMS-C,Enterococcus hirae,Vancomycin,1,0.0,0.0,1,0.0
DRIAMS-C,Enterococcus malodoratus,Amoxicillin-Clavulanic acid,1,0.0,0.0,1,0.0
DRIAMS-C,Enterococcus malodoratus,Ampicillin,1,0.0,0.0,1,0.0
DRIAMS-C,Enterococcus malodoratus,Clindamycin,1,1.0,1.0,1,0.0
DRIAMS-C,Enterococcus malodoratus,Gentamicin,1,1.0,1.0,1,0.0
DRIAMS-C,Enterococcus malodoratus,Linezolid,1,0.0,0.0,1,0.0
DRIAMS-C,Enterococcus malodoratus,Mupirocin,1,0.0,0.0,1,0.0
DRIAMS-C,Enterococcus malodoratus,Oxacillin,1,1.0,1.0,1,0.0
DRIAMS-C,Enterococcus malodoratus,Piperacillin-Tazobactam,1,0.0,0.0,1,0.0
DRIAMS-C,Enterococcus malodoratus,Vancomycin,1,0.0,0.0,1,0.0
DRIAMS-C,Enterococcus raffinosus,Amoxicillin-Clavulanic acid,1,1.0,1.0,1,0.0
DRIAMS-C,Enterococcus raffinosus,Ampicillin,1,1.0,1.0,1,0.0
DRIAMS-C,Enterococcus raffinosus,Cotrimoxazole,1,1.0,1.0,1,0.0
DRIAMS-C,Enterococcus raffinosus,Mupirocin,1,0.0,0.0,1,0.0
DRIAMS-C,Enterococcus raffinosus,Nitrofurantoin,1,0.0,0.0,1,0.0
DRIAMS-C,Enterococcus raffinosus,Oxacillin,1,1.0,1.0,1,0.0
DRIAMS-C,Enterococcus raffinosus,Piperacillin-Tazobactam,1,1.0,1.0,1,0.0
DRIAMS-C,Haemophilus influenzae,Cotrimoxazole,1,0.0,0.0,60,0.9833333333333333
DRIAMS-C,Klebsiella oxytoca,Oxacillin,1,0.0,0.0,132,0.9924242424242424
DRIAMS-C,Klebsiella pneumoniae,Ceftolozane-Tazobactam,1,1.0,1.0,366,0.9972677595628415
DRIAMS-C,Klebsiella pneumoniae,Oxacillin,1,0.0,0.0,366,0.9972677595628415
DRIAMS-C,Lactococcus lactis,Amoxicillin-Clavulanic acid,1,0.0,0.0,1,0.0
DRIAMS-C,Lactococcus lactis,Ampicillin,1,0.0,0.0,1,0.0
DRIAMS-C,Lactococcus lactis,Ciprofloxacin,1,0.0,0.0,1,0.0
DRIAMS-C,Lactococcus lactis,Clarithromycin,1,0.0,0.0,1,0.0
DRIAMS-C,Lactococcus lactis,Clindamycin,1,0.0,0.0,1,0.0
DRIAMS-C,Lactococcus lactis,Cotrimoxazole,1,0.0,0.0,1,0.0
DRIAMS-C,Lactococcus lactis,Doxycycline,1,0.0,0.0,1,0.0
DRIAMS-C,Lactococcus lactis,Gentamicin,1,0.0,0.0,1,0.0
DRIAMS-C,Lactococcus lactis,Moxifloxacin,1,0.0,0.0,1,0.0
DRIAMS-C,Lactococcus lactis,Oxacillin,1,1.0,1.0,1,0.0
DRIAMS-C,Lactococcus lactis,Penicillin,1,0.0,0.0,1,0.0
DRIAMS-C,Lactococcus lactis,Vancomycin,1,0.0,0.0,1,0.0
DRIAMS-C,Morganella morganii,Levofloxacin,1,0.0,0.0,93,0.989247311827957
DRIAMS-C,Neisseria weaveri,Amoxicillin-Clavulanic acid,1,0.0,0.0,1,0.0
DRIAMS-C,Neisseria weaveri,Ampicillin,1,0.0,0.0,1,0.0
DRIAMS-C,Neisseria weaveri,Ceftriaxone,1,0.0,0.0,1,0.0
DRIAMS-C,Neisseria weaveri,Ciprofloxacin,1,0.0,0.0,1,0.0
DRIAMS-C,Neisseria weaveri,Doxycycline,1,0.0,0.0,1,0.0
DRIAMS-C,Neisseria weaveri,Penicillin,1,0.0,0.0,1,0.0
DRIAMS-C,Peptostreptococcus anaerobius,Amoxicillin-Clavulanic acid,1,0.0,0.0,1,0.0
DRIAMS-C,Peptostreptococcus anaerobius,Ampicillin,1,0.0,0.0,1,0.0
DRIAMS-C,Peptostreptococcus anaerobius,Clarithromycin,1,0.0,0.0,1,0.0
DRIAMS-C,Peptostreptococcus anaerobius,Clindamycin,1,0.0,0.0,1,0.0
DRIAMS-C,Peptostreptococcus anaerobius,Metronidazole,1,0.0,0.0,1,0.0
DRIAMS-C,Peptostreptococcus anaerobius,Penicillin,1,0.0,0.0,1,0.0
DRIAMS-C,Prevotella buccae,Amoxicillin-Clavulanic acid,1,0.0,0.0,1,0.0
DRIAMS-C,Prevotella buccae,Ampicillin,1,0.0,0.0,1,0.0
DRIAMS-C,Prevotella buccae,Clarithromycin,1,1.0,1.0,1,0.0
DRIAMS-C,Prevotella buccae,Clindamycin,1,1.0,1.0,1,0.0
DRIAMS-C,Prevotella buccae,Metronidazole,1,0.0,0.0,1,0.0
DRIAMS-C,Prevotella buccae,Penicillin,1,0.0,0.0,1,0.0
DRIAMS-C,Prevotella denticola,Amoxicillin-Clavulanic acid,1,0.0,0.0,1,0.0
DRIAMS-C,Prevotella denticola,Ampicillin,1,0.0,0.0,1,0.0
DRIAMS-C,Prevotella denticola,Clarithromycin,1,0.0,0.0,1,0.0
DRIAMS-C,Prevotella denticola,Clindamycin,1,0.0,0.0,1,0.0
DRIAMS-C,Prevotella denticola,Metronidazole,1,0.0,0.0,1,0.0
DRIAMS-C,Prevotella denticola,Penicillin,1,0.0,0.0,1,0.0
DRIAMS-C,Prevotella oralis,Amoxicillin-Clavulanic acid,1,0.0,0.0,1,0.0
DRIAMS-C,Prevotella oralis,Ampicillin,1,0.0,0.0,1,0.0
DRIAMS-C,Prevotella oralis,Clarithromycin,1,0.0,0.0,1,0.0
DRIAMS-C,Prevotella oralis,Clindamycin,1,0.0,0.0,1,0.0
DRIAMS-C,Prevotella oralis,Metronidazole,1,0.0,0.0,1,0.0
DRIAMS-C,Prevotella oralis,Penicillin,1,1.0,1.0,1,0.0
DRIAMS-C,Propionibacterium avidum,Amoxicillin-Clavulanic acid,1,0.0,0.0,1,0.0
DRIAMS-C,Propionibacterium avidum,Ampicillin,1,0.0,0.0,1,0.0
DRIAMS-C,Propionibacterium avidum,Clindamycin,1,0.0,0.0,1,0.0
DRIAMS-C,Propionibacterium avidum,Levofloxacin,1,0.0,0.0,1,0.0
DRIAMS-C,Propionibacterium avidum,Metronidazole,1,1.0,1.0,1,0.0
DRIAMS-C,Propionibacterium avidum,Rifampicin,1,0.0,0.0,1,0.0
DRIAMS-C,Proteus mirabilis,Ertapenem,1,0.0,0.0,220,0.9954545454545455
DRIAMS-C,Proteus penneri,Amoxicillin-Clavulanic acid,1,0.0,0.0,1,0.0
DRIAMS-C,Proteus penneri,Ampicillin,1,1.0,1.0,1,0.0
DRIAMS-C,Proteus penneri,Ceftazidime,1,0.0,0.0,1,0.0
DRIAMS-C,Proteus penneri,Ceftriaxone,1,0.0,0.0,1,0.0
DRIAMS-C,Proteus penneri,Cefuroxime,1,1.0,1.0,1,0.0
DRIAMS-C,Proteus penneri,Ciprofloxacin,1,0.0,0.0,1,0.0
DRIAMS-C,Proteus penneri,Cotrimoxazole,1,1.0,1.0,1,0.0
DRIAMS-C,Proteus penneri,Fosfomycin,1,1.0,1.0,1,0.0
DRIAMS-C,Proteus penneri,Gentamicin,1,0.0,0.0,1,0.0
DRIAMS-C,Proteus penneri,Nitrofurantoin,1,1.0,1.0,1,0.0
DRIAMS-C,Proteus penneri,Norfloxacin,1,0.0,0.0,1,0.0
DRIAMS-C,Proteus penneri,Polymyxin B,1,1.0,1.0,1,0.0
DRIAMS-C,Providencia stuartii,Amikacin,1,0.0,0.0,4,0.75
DRIAMS-C,Providencia stuartii,Cefepime,1,0.0,0.0,4,0.75
DRIAMS-C,Providencia stuartii,Imipenem,1,0.0,0.0,4,0.75
DRIAMS-C,Pseudomonas aeruginosa,Ceftolozane-Tazobactam,1,0.0,0.0,357,0.9971988795518207
DRIAMS-C,Pseudomonas aeruginosa,Tobramycin,1,0.0,0.0,357,0.9971988795518207
DRIAMS-C,Pseudomonas fluorescens,Amikacin,1,0.0,0.0,1,0.0
DRIAMS-C,Pseudomonas fluorescens,Amoxicillin-Clavulanic acid,1,1.0,1.0,1,0.0
DRIAMS-C,Pseudomonas fluorescens,Ampicillin,1,1.0,1.0,1,0.0
DRIAMS-C,Pseudomonas fluorescens,Cefepime,1,0.0,0.0,1,0.0
DRIAMS-C,Pseudomonas fluorescens,Ceftazidime,1,0.0,0.0,1,0.0
DRIAMS-C,Pseudomonas fluorescens,Ceftriaxone,1,1.0,1.0,1,0.0
DRIAMS-C,Pseudomonas fluorescens,Cefuroxime,1,1.0,1.0,1,0.0
DRIAMS-C,Pseudomonas fluorescens,Ciprofloxacin,1,0.0,0.0,1,0.0
DRIAMS-C,Pseudomonas fluorescens,Cotrimoxazole,1,1.0,1.0,1,0.0
DRIAMS-C,Pseudomonas fluorescens,Gentamicin,1,0.0,0.0,1,0.0
DRIAMS-C,Pseudomonas fluorescens,Imipenem,1,0.0,0.0,1,0.0
DRIAMS-C,Pseudomonas fluorescens,Piperacillin-Tazobactam,1,0.0,0.0,1,0.0
DRIAMS-C,Pseudomonas fluorescens,Polymyxin B,1,0.0,0.0,1,0.0
DRIAMS-C,Rhizobium radiobacter,Amikacin,1,0.0,0.0,1,0.0
DRIAMS-C,Rhizobium radiobacter,Amoxicillin-Clavulanic acid,1,1.0,1.0,1,0.0
DRIAMS-C,Rhizobium radiobacter,Ampicillin,1,1.0,1.0,1,0.0
DRIAMS-C,Rhizobium radiobacter,Cefepime,1,0.0,0.0,1,0.0
DRIAMS-C,Rhizobium radiobacter,Ceftazidime,1,1.0,1.0,1,0.0
DRIAMS-C,Rhizobium radiobacter,Ceftriaxone,1,1.0,1.0,1,0.0
DRIAMS-C,Rhizobium radiobacter,Cefuroxime,1,0.0,0.0,1,0.0
DRIAMS-C,Rhizobium radiobacter,Ciprofloxacin,1,0.0,0.0,1,0.0
DRIAMS-C,Rhizobium radiobacter,Cotrimoxazole,1,0.0,0.0,1,0.0
DRIAMS-C,Rhizobium radiobacter,Gentamicin,1,0.0,0.0,1,0.0
DRIAMS-C,Rhizobium radiobacter,Imipenem,1,0.0,0.0,1,0.0
DRIAMS-C,Rhizobium radiobacter,Piperacillin-Tazobactam,1,0.0,0.0,1,0.0
DRIAMS-C,Rhizobium radiobacter,Polymyxin B,1,0.0,0.0,1,0.0
DRIAMS-C,Staphylococcus epidermidis,Daptomycin,1,0.0,0.0,21,0.9523809523809523
DRIAMS-C,Staphylococcus haemolyticus,Amoxicillin-Clavulanic acid,1,0.0,0.0,1,0.0
DRIAMS-C,Staphylococcus haemolyticus,Ampicillin,1,1.0,1.0,1,0.0
DRIAMS-C,Staphylococcus haemolyticus,Ciprofloxacin,1,0.0,0.0,1,0.0
DRIAMS-C,Staphylococcus haemolyticus,Clarithromycin,1,0.0,0.0,1,0.0
DRIAMS-C,Staphylococcus haemolyticus,Clindamycin,1,1.0,1.0,1,0.0
DRIAMS-C,Staphylococcus haemolyticus,Cotrimoxazole,1,0.0,0.0,1,0.0
DRIAMS-C,Staphylococcus haemolyticus,Doxycycline,1,0.0,0.0,1,0.0
DRIAMS-C,Staphylococcus haemolyticus,Fusidic acid,1,0.0,0.0,1,0.0
DRIAMS-C,Staphylococcus haemolyticus,Gentamicin,1,0.0,0.0,1,0.0
DRIAMS-C,Staphylococcus haemolyticus,Oxacillin,1,0.0,0.0,1,0.0
DRIAMS-C,Staphylococcus haemolyticus,Penicillin,1,1.0,1.0,1,0.0
DRIAMS-C,Staphylococcus haemolyticus,Rifampicin,1,0.0,0.0,1,0.0
DRIAMS-C,Staphylococcus haemolyticus,Vancomycin,1,0.0,0.0,1,0.0
DRIAMS-C,Staphylococcus pettenkoferi,Amoxicillin-Clavulanic acid,1,1.0,1.0,1,0.0
DRIAMS-C,Staphylococcus pettenkoferi,Ampicillin,1,1.0,1.0,1,0.0
DRIAMS-C,Staphylococcus pettenkoferi,Ciprofloxacin,1,0.0,0.0,1,0.0
DRIAMS-C,Staphylococcus pettenkoferi,Clarithromycin,1,0.0,0.0,1,0.0
DRIAMS-C,Staphylococcus pettenkoferi,Clindamycin,1,0.0,0.0,1,0.0
DRIAMS-C,Staphylococcus pettenkoferi,Cotrimoxazole,1,0.0,0.0,1,0.0
DRIAMS-C,Staphylococcus pettenkoferi,Doxycycline,1,0.0,0.0,1,0.0
DRIAMS-C,Staphylococcus pettenkoferi,Fusidic acid,1,0.0,0.0,1,0.0
DRIAMS-C,Staphylococcus pettenkoferi,Gentamicin,1,0.0,0.0,1,0.0
DRIAMS-C,Staphylococcus pettenkoferi,Oxacillin,1,1.0,1.0,1,0.0
DRIAMS-C,Staphylococcus pettenkoferi,Penicillin,1,1.0,1.0,1,0.0
DRIAMS-C,Staphylococcus pettenkoferi,Rifampicin,1,0.0,0.0,1,0.0
DRIAMS-C,Staphylococcus pettenkoferi,Vancomycin,1,0.0,0.0,1,0.0
DRIAMS-C,Streptococcus gallolyticus,Azithromycin,1,1.0,1.0,5,0.8
DRIAMS-C,Trueperella bernardiae,Amoxicillin-Clavulanic acid,1,0.0,0.0,1,0.0
DRIAMS-C,Trueperella bernardiae,Ampicillin,1,0.0,0.0,1,0.0
DRIAMS-C,Trueperella bernardiae,Clarithromycin,1,0.0,0.0,1,0.0
DRIAMS-C,Trueperella bernardiae,Clindamycin,1,0.0,0.0,1,0.0
DRIAMS-C,Trueperella bernardiae,Cotrimoxazole,1,0.0,0.0,1,0.0
DRIAMS-C,Trueperella bernardiae,Doxycycline,1,0.0,0.0,1,0.0
DRIAMS-C,Trueperella bernardiae,Gentamicin,1,0.0,0.0,1,0.0
DRIAMS-C,Trueperella bernardiae,Moxifloxacin,1,0.0,0.0,1,0.0
DRIAMS-C,Trueperella bernardiae,Oxacillin,1,0.0,0.0,1,0.0
DRIAMS-C,Trueperella bernardiae,Penicillin,1,0.0,0.0,1,0.0
DRIAMS-C,Trueperella bernardiae,Vancomycin,1,0.0,0.0,1,0.0
DRIAMS-C,Turicella otitidis,Doxycycline,1,0.0,0.0,2,0.5
DRIAMS-C,Turicella otitidis,Tetracycline,1,0.0,0.0,2,0.5
DRIAMS-D,Staphylococcus aureus,Fosfomycin,2163,16.0,0.007397133610725843,2174,0.0050597976080957174
DRIAMS-D,Staphylococcus aureus,Linezolid,2163,2.0,0.0009246417013407304,2174,0.0050597976080957174
DRIAMS-D,Staphylococcus aureus,Tetracycline,2163,89.0,0.041146555709662504,2174,0.0050597976080957174
DRIAMS-D,Staphylococcus aureus,Gentamicin,2162,25.0,0.01156336725254394,2174,0.005519779208831621
DRIAMS-D,Staphylococcus aureus,Vancomycin,2162,3.0,0.0013876040703052729,2174,0.005519779208831621
DRIAMS-D,Staphylococcus aureus,Ciprofloxacin,2161,138.0,0.06385932438685793,2174,0.005979760809567636
DRIAMS-D,Staphylococcus aureus,Rifampicin,2160,2.0,0.000925925925925926,2174,0.0064397424103035394
DRIAMS-D,Klebsiella pneumoniae,Amoxicillin-Clavulanic acid,2151,142.0,0.06601580660158066,2151,0.0
DRIAMS-D,Klebsiella pneumoniae,Ampicillin,2151,2095.0,0.9739655973965597,2151,0.0
DRIAMS-D,Klebsiella pneumoniae,Cefepime,2151,109.0,0.050674105067410505,2151,0.0
DRIAMS-D,Klebsiella pneumoniae,Ceftazidime,2151,120.0,0.05578800557880056,2151,0.0
DRIAMS-D,Klebsiella pneumoniae,Ceftriaxone,2151,123.0,0.05718270571827057,2151,0.0
DRIAMS-D,Klebsiella pneumoniae,Ertapenem,2151,10.0,0.004649000464900047,2151,0.0
DRIAMS-D,Klebsiella pneumoniae,Fosfomycin,2151,432.0,0.200836820083682,2151,0.0
DRIAMS-D,Klebsiella pneumoniae,Gentamicin,2151,59.0,0.027429102742910275,2151,0.0
DRIAMS-D,Klebsiella pneumoniae,Piperacillin-Tazobactam,2148,223.0,0.10381750465549348,2151,0.001394700139469962
DRIAMS-D,Staphylococcus aureus,Tigecycline,2106,0.0,0.0,2174,0.031278748850046
DRIAMS-D,Klebsiella pneumoniae,Ciprofloxacin,2102,168.0,0.07992388201712655,2151,0.022780102278010195
DRIAMS-D,Klebsiella pneumoniae,Imipenem,2067,4.0,0.0019351717464925011,2151,0.03905160390516038
DRIAMS-D,Escherichia coli,Cefepime,1996,153.0,0.07665330661322645,2013,0.008445106805762492
DRIAMS-D,Escherichia coli,Gentamicin,1996,160.0,0.08016032064128256,2013,0.008445106805762492
DRIAMS-D,Escherichia coli,Ceftazidime,1995,186.0,0.09323308270676692,2013,0.008941877794336861
DRIAMS-D,Escherichia coli,Amoxicillin-Clavulanic acid,1994,332.0,0.16649949849548645,2013,0.009438648782911119
DRIAMS-D,Escherichia coli,Ceftriaxone,1994,198.0,0.09929789368104312,2013,0.009438648782911119
DRIAMS-D,Escherichia coli,Ertapenem,1994,8.0,0.004012036108324975,2013,0.009438648782911119
DRIAMS-D,Escherichia coli,Fosfomycin,1994,32.0,0.0160481444332999,2013,0.009438648782911119
DRIAMS-D,Escherichia coli,Ampicillin,1992,923.0,0.46335341365461846,2013,0.010432190760059634
DRIAMS-D,Escherichia coli,Piperacillin-Tazobactam,1968,90.0,0.04573170731707317,2013,0.02235469448584204
DRIAMS-D,Escherichia coli,Imipenem,1943,2.0,0.001029336078229542,2013,0.03477396920019871
DRIAMS-D,Escherichia coli,Ciprofloxacin,1939,371.0,0.19133574007220217,2013,0.03676105315449574
DRIAMS-D,Staphylococcus aureus,Erythromycin,1735,344.0,0.19827089337175793,2174,0.20193192272309113
DRIAMS-D,Staphylococcus aureus,Penicillin,1530,1344.0,0.8784313725490196,2174,0.29622815087396503
DRIAMS-D,Escherichia coli,Amikacin,726,17.0,0.023415977961432508,2013,0.639344262295082
DRIAMS-D,Escherichia coli,Meropenem,725,0.0,0.0,2013,0.6398410332836562
DRIAMS-D,Proteus mirabilis,Amoxicillin-Clavulanic acid,623,42.0,0.06741573033707865,623,0.0
DRIAMS-D,Proteus mirabilis,Ampicillin,623,182.0,0.29213483146067415,623,0.0
DRIAMS-D,Proteus mirabilis,Cefepime,623,10.0,0.016051364365971106,623,0.0
DRIAMS-D,Proteus mirabilis,Ceftazidime,623,9.0,0.014446227929373997,623,0.0
DRIAMS-D,Proteus mirabilis,Ceftriaxone,623,11.0,0.01765650080256822,623,0.0
DRIAMS-D,Proteus mirabilis,Ertapenem,623,31.0,0.04975922953451043,623,0.0
DRIAMS-D,Proteus mirabilis,Fosfomycin,623,80.0,0.12841091492776885,623,0.0
DRIAMS-D,Proteus mirabilis,Gentamicin,623,61.0,0.09791332263242375,623,0.0
DRIAMS-D,Proteus mirabilis,Ciprofloxacin,621,120.0,0.1932367149758454,623,0.0032102728731941976
DRIAMS-D,Proteus mirabilis,Piperacillin-Tazobactam,610,3.0,0.004918032786885246,623,0.020866773675762396
DRIAMS-D,Proteus mirabilis,Imipenem,594,210.0,0.35353535353535354,623,0.0465489566613162
DRIAMS-D,Escherichia coli,Cotrimoxazole,518,518.0,1.0,2013,0.7426726279185296
DRIAMS-D,Enterobacter cloacae,Amoxicillin-Clavulanic acid,426,354.0,0.8309859154929577,426,0.0
DRIAMS-D,Enterobacter cloacae,Cefepime,426,40.0,0.09389671361502347,426,0.0
DRIAMS-D,Enterobacter cloacae,Ceftazidime,426,93.0,0.21830985915492956,426,0.0
DRIAMS-D,Enterobacter cloacae,Ertapenem,426,47.0,0.11032863849765258,426,0.0
DRIAMS-D,Enterobacter cloacae,Fosfomycin,426,211.0,0.4953051643192488,426,0.0
DRIAMS-D,Enterobacter cloacae,Ampicillin,425,368.0,0.8658823529411764,426,0.0023474178403756207
DRIAMS-D,Enterobacter cloacae,Ceftriaxone,425,92.0,0.2164705882352941,426,0.0023474178403756207
DRIAMS-D,Enterobacter cloacae,Gentamicin,425,5.0,0.011764705882352941,426,0.0023474178403756207
DRIAMS-D,Enterobacter cloacae,Piperacillin-Tazobactam,425,94.0,0.2211764705882353,426,0.0023474178403756207
DRIAMS-D,Enterobacter cloacae,Ciprofloxacin,420,13.0,0.030952380952380953,426,0.014084507042253502
DRIAMS-D,Staphylococcus epidermidis,Fosfomycin,372,36.0,0.0967741935483871,374,0.005347593582887722
DRIAMS-D,Staphylococcus epidermidis,Rifampicin,372,15.0,0.04032258064516129,374,0.005347593582887722
DRIAMS-D,Staphylococcus epidermidis,Tetracycline,372,147.0,0.3951612903225806,374,0.005347593582887722
DRIAMS-D,Staphylococcus epidermidis,Ciprofloxacin,371,181.0,0.48787061994609165,374,0.008021390374331583
DRIAMS-D,Staphylococcus epidermidis,Gentamicin,371,122.0,0.3288409703504043,374,0.008021390374331583
DRIAMS-D,Staphylococcus epidermidis,Linezolid,371,0.0,0.0,374,0.008021390374331583
DRIAMS-D,Staphylococcus epidermidis,Vancomycin,371,5.0,0.013477088948787063,374,0.008021390374331583
DRIAMS-D,Citrobacter koseri,Amoxicillin-Clavulanic acid,349,4.0,0.011461318051575931,349,0.0
DRIAMS-D,Citrobacter koseri,Cefepime,349,3.0,0.008595988538681949,349,0.0
DRIAMS-D,Citrobacter koseri,Ceftazidime,349,5.0,0.014326647564469915,349,0.0
DRIAMS-D,Citrobacter koseri,Ertapenem,349,1.0,0.0028653295128939827,349,0.0
DRIAMS-D,Citrobacter koseri,Fosfomycin,349,2.0,0.0057306590257879654,349,0.0
DRIAMS-D,Citrobacter koseri,Gentamicin,349,0.0,0.0,349,0.0
DRIAMS-D,Citrobacter koseri,Ampicillin,348,346.0,0.9942528735632183,349,0.002865329512893977
DRIAMS-D,Citrobacter koseri,Ceftriaxone,348,4.0,0.011494252873563218,349,0.002865329512893977
DRIAMS-D,Citrobacter koseri,Piperacillin-Tazobactam,348,19.0,0.05459770114942529,349,0.002865329512893977
DRIAMS-D,Citrobacter koseri,Ciprofloxacin,347,1.0,0.002881844380403458,349,0.005730659025787954
DRIAMS-D,Citrobacter koseri,Imipenem,346,0.0,0.0,349,0.008595988538681931
DRIAMS-D,Klebsiella pneumoniae,Amikacin,339,3.0,0.008849557522123894,2151,0.8423988842398884
DRIAMS-D,Pseudomonas aeruginosa,Cefepime,338,13.0,0.038461538461538464,362,0.06629834254143652
DRIAMS-D,Klebsiella pneumoniae,Meropenem,337,0.0,0.0,2151,0.8433286843328685
DRIAMS-D,Staphylococcus epidermidis,Penicillin,336,287.0,0.8541666666666666,374,0.10160427807486627
DRIAMS-D,Pseudomonas aeruginosa,Gentamicin,329,16.0,0.0486322188449848,362,0.09116022099447518
DRIAMS-D,Pseudomonas aeruginosa,Ceftazidime,327,28.0,0.0856269113149847,362,0.09668508287292821
DRIAMS-D,Pseudomonas aeruginosa,Piperacillin-Tazobactam,314,34.0,0.10828025477707007,362,0.13259668508287292
DRIAMS-D,Pseudomonas aeruginosa,Ciprofloxacin,310,46.0,0.14838709677419354,362,0.14364640883977897
DRIAMS-D,Enterobacter cloacae,Imipenem,300,7.0,0.023333333333333334,426,0.295774647887324
DRIAMS-D,Pseudomonas aeruginosa,Imipenem,297,35.0,0.11784511784511785,362,0.1795580110497238
DRIAMS-D,Pseudomonas aeruginosa,Amikacin,277,9.0,0.032490974729241874,362,0.23480662983425415
DRIAMS-D,Staphylococcus aureus,Daptomycin,273,19.0,0.0695970695970696,2174,0.87442502299908
DRIAMS-D,Pseudomonas aeruginosa,Tobramycin,257,8.0,0.0311284046692607,362,0.2900552486187845
DRIAMS-D,Staphylococcus epidermidis,Erythromycin,257,176.0,0.6848249027237354,374,0.3128342245989305
DRIAMS-D,Pseudomonas aeruginosa,Colistin,247,14.0,0.05668016194331984,362,0.31767955801104975
DRIAMS-D,Pseudomonas aeruginosa,Piperacillin,247,33.0,0.13360323886639677,362,0.31767955801104975
DRIAMS-D,Staphylococcus epidermidis,Tigecycline,242,1.0,0.004132231404958678,374,0.3529411764705882
DRIAMS-D,Pseudomonas aeruginosa,Meropenem,240,27.0,0.1125,362,0.3370165745856354
DRIAMS-D,Enterobacter aerogenes,Amoxicillin-Clavulanic acid,239,197.0,0.8242677824267782,239,0.0
DRIAMS-D,Enterobacter aerogenes,Ampicillin,239,159.0,0.6652719665271967,239,0.0
DRIAMS-D,Enterobacter aerogenes,Cefepime,239,1.0,0.0041841004184100415,239,0.0
DRIAMS-D,Enterobacter aerogenes,Ceftazidime,239,42.0,0.17573221757322174,239,0.0
DRIAMS-D,Enterobacter aerogenes,Ceftriaxone,239,38.0,0.1589958158995816,239,0.0
DRIAMS-D,Enterobacter aerogenes,Ertapenem,239,6.0,0.02510460251046025,239,0.0
DRIAMS-D,Enterobacter aerogenes,Fosfomycin,239,37.0,0.15481171548117154,239,0.0
DRIAMS-D,Enterobacter aerogenes,Gentamicin,239,1.0,0.0041841004184100415,239,0.0
DRIAMS-D,Enterobacter aerogenes,Piperacillin-Tazobactam,239,49.0,0.20502092050209206,239,0.0
DRIAMS-D,Enterobacter aerogenes,Ciprofloxacin,237,8.0,0.03375527426160337,239,0.008368200836820106
DRIAMS-D,Klebsiella pneumoniae,Cotrimoxazole,233,233.0,1.0,2151,0.8916782891678289
DRIAMS-D,Pseudomonas aeruginosa,Ticarcillin-Clavulan acid,230,102.0,0.4434782608695652,362,0.3646408839779005
DRIAMS-D,Pseudomonas aeruginosa,Aztreonam,224,22.0,0.09821428571428571,362,0.3812154696132597
DRIAMS-D,Pseudomonas aeruginosa,Ticarcillin,224,158.0,0.7053571428571429,362,0.3812154696132597
DRIAMS-D,Enterobacter aerogenes,Imipenem,209,1.0,0.004784688995215311,239,0.12552301255230125
DRIAMS-D,Staphylococcus saprophyticus,Ciprofloxacin,200,1.0,0.005,200,0.0
DRIAMS-D,Staphylococcus saprophyticus,Fosfomycin,200,198.0,0.99,200,0.0
DRIAMS-D,Staphylococcus saprophyticus,Gentamicin,200,0.0,0.0,200,0.0
DRIAMS-D,Staphylococcus saprophyticus,Linezolid,200,2.0,0.01,200,0.0
DRIAMS-D,Staphylococcus saprophyticus,Tetracycline,200,24.0,0.12,200,0.0
DRIAMS-D,Staphylococcus saprophyticus,Vancomycin,200,0.0,0.0,200,0.0
DRIAMS-D,Citrobacter freundii,Cefepime,199,2.0,0.010050251256281407,200,0.0050000000000000044
DRIAMS-D,Citrobacter freundii,Ceftazidime,199,44.0,0.22110552763819097,200,0.0050000000000000044
DRIAMS-D,Citrobacter freundii,Ceftriaxone,199,43.0,0.21608040201005024,200,0.0050000000000000044
DRIAMS-D,Citrobacter freundii,Ertapenem,199,2.0,0.010050251256281407,200,0.0050000000000000044
DRIAMS-D,Citrobacter freundii,Fosfomycin,199,1.0,0.005025125628140704,200,0.0050000000000000044
DRIAMS-D,Citrobacter freundii,Gentamicin,199,1.0,0.005025125628140704,200,0.0050000000000000044
DRIAMS-D,Citrobacter freundii,Amoxicillin-Clavulanic acid,198,108.0,0.5454545454545454,200,0.010000000000000009
DRIAMS-D,Citrobacter freundii,Ampicillin,198,85.0,0.4292929292929293,200,0.010000000000000009
DRIAMS-D,Citrobacter freundii,Ciprofloxacin,198,8.0,0.04040404040404041,200,0.010000000000000009
DRIAMS-D,Citrobacter freundii,Piperacillin-Tazobactam,193,38.0,0.19689119170984457,200,0.03500000000000003
DRIAMS-D,Proteus mirabilis,Cotrimoxazole,193,193.0,1.0,623,0.6902086677367576
DRIAMS-D,Staphylococcus saprophyticus,Rifampicin,191,1.0,0.005235602094240838,200,0.04500000000000004
DRIAMS-D,Staphylococcus saprophyticus,Erythromycin,172,92.0,0.5348837209302325,200,0.14
DRIAMS-D,Enterococcus faecium,Ampicillin,171,141.0,0.8245614035087719,171,0.0
DRIAMS-D,Enterococcus faecium,Ampicillin-Sulbactam,171,139.0,0.8128654970760234,171,0.0
DRIAMS-D,Enterococcus faecium,Imipenem,171,152.0,0.8888888888888888,171,0.0
DRIAMS-D,Enterococcus faecium,Linezolid,171,0.0,0.0,171,0.0
DRIAMS-D,Enterococcus faecium,Teicoplanin,171,6.0,0.03508771929824561,171,0.0
DRIAMS-D,Enterococcus faecium,Vancomycin,171,8.0,0.04678362573099415,171,0.0
DRIAMS-D,Enterococcus faecium,Tigecycline,169,0.0,0.0,171,0.011695906432748537
DRIAMS-D,Staphylococcus saprophyticus,Tigecycline,169,0.0,0.0,200,0.15500000000000003
DRIAMS-D,Serratia marcescens,Amoxicillin-Clavulanic acid,168,140.0,0.8333333333333334,168,0.0
DRIAMS-D,Serratia marcescens,Ampicillin,168,146.0,0.8690476190476191,168,0.0
DRIAMS-D,Serratia marcescens,Cefepime,168,4.0,0.023809523809523808,168,0.0
DRIAMS-D,Serratia marcescens,Ceftriaxone,168,7.0,0.041666666666666664,168,0.0
DRIAMS-D,Serratia marcescens,Ertapenem,168,4.0,0.023809523809523808,168,0.0
DRIAMS-D,Serratia marcescens,Fosfomycin,168,19.0,0.1130952380952381,168,0.0
DRIAMS-D,Serratia marcescens,Gentamicin,168,3.0,0.017857142857142856,168,0.0
DRIAMS-D,Serratia marcescens,Ceftazidime,167,4.0,0.023952095808383235,168,0.005952380952380931
DRIAMS-D,Serratia marcescens,Ciprofloxacin,167,13.0,0.07784431137724551,168,0.005952380952380931
DRIAMS-D,Serratia marcescens,Piperacillin-Tazobactam,167,4.0,0.023952095808383235,168,0.005952380952380931
DRIAMS-D,Morganella morganii,Gentamicin,160,11.0,0.06875,160,0.0
DRIAMS-D,Morganella morganii,Amoxicillin-Clavulanic acid,159,149.0,0.9371069182389937,160,0.006249999999999978
DRIAMS-D,Morganella morganii,Ampicillin,159,154.0,0.9685534591194969,160,0.006249999999999978
DRIAMS-D,Morganella morganii,Cefepime,159,0.0,0.0,160,0.006249999999999978
DRIAMS-D,Morganella morganii,Ceftazidime,159,10.0,0.06289308176100629,160,0.006249999999999978
DRIAMS-D,Morganella morganii,Ceftriaxone,159,5.0,0.031446540880503145,160,0.006249999999999978
DRIAMS-D,Morganella morganii,Ciprofloxacin,159,18.0,0.11320754716981132,160,0.006249999999999978
DRIAMS-D,Morganella morganii,Ertapenem,159,2.0,0.012578616352201259,160,0.006249999999999978
DRIAMS-D,Morganella morganii,Fosfomycin,159,147.0,0.9245283018867925,160,0.006249999999999978
DRIAMS-D,Morganella morganii,Imipenem,158,39.0,0.2468354430379747,160,0.012499999999999956
DRIAMS-D,Morganella morganii,Piperacillin-Tazobactam,157,0.0,0.0,160,0.018750000000000044
DRIAMS-D,Citrobacter freundii,Imipenem,154,1.0,0.006493506493506494,200,0.22999999999999998
DRIAMS-D,Staphylococcus epidermidis,Cotrimoxazole,147,147.0,1.0,374,0.606951871657754
DRIAMS-D,Pseudomonas aeruginosa,Levofloxacin,133,40.0,0.3007518796992481,362,0.6325966850828729
DRIAMS-D,Enterobacter cloacae,Amikacin,131,1.0,0.007633587786259542,426,0.6924882629107981
DRIAMS-D,Enterobacter cloacae,Meropenem,127,1.0,0.007874015748031496,426,0.7018779342723005
DRIAMS-D,Proteus vulgaris,Amoxicillin-Clavulanic acid,117,4.0,0.03418803418803419,117,0.0
DRIAMS-D,Proteus vulgaris,Cefepime,117,1.0,0.008547008547008548,117,0.0
DRIAMS-D,Proteus vulgaris,Ertapenem,117,7.0,0.05982905982905983,117,0.0
DRIAMS-D,Proteus vulgaris,Ampicillin,116,110.0,0.9482758620689655,117,0.008547008547008517
DRIAMS-D,Proteus vulgaris,Ceftazidime,116,4.0,0.034482758620689655,117,0.008547008547008517
DRIAMS-D,Proteus vulgaris,Ceftriaxone,116,2.0,0.017241379310344827,117,0.008547008547008517
DRIAMS-D,Proteus vulgaris,Fosfomycin,116,15.0,0.12931034482758622,117,0.008547008547008517
DRIAMS-D,Proteus vulgaris,Gentamicin,116,10.0,0.08620689655172414,117,0.008547008547008517
DRIAMS-D,Proteus vulgaris,Ciprofloxacin,115,0.0,0.0,117,0.017094017094017144
DRIAMS-D,Proteus vulgaris,Piperacillin-Tazobactam,112,1.0,0.008928571428571428,117,0.042735042735042694
DRIAMS-D,Proteus vulgaris,Imipenem,110,89.0,0.8090909090909091,117,0.05982905982905984
DRIAMS-D,Serratia marcescens,Imipenem,110,1.0,0.00909090909090909,168,0.34523809523809523
DRIAMS-D,Staphylococcus lugdunensis,Ciprofloxacin,109,0.0,0.0,110,0.009090909090909038
DRIAMS-D,Staphylococcus lugdunensis,Fosfomycin,109,11.0,0.10091743119266056,110,0.009090909090909038
DRIAMS-D,Staphylococcus lugdunensis,Gentamicin,109,0.0,0.0,110,0.009090909090909038
DRIAMS-D,Staphylococcus lugdunensis,Linezolid,109,0.0,0.0,110,0.009090909090909038
DRIAMS-D,Staphylococcus lugdunensis,Rifampicin,109,0.0,0.0,110,0.009090909090909038
DRIAMS-D,Staphylococcus lugdunensis,Tetracycline,109,3.0,0.027522935779816515,110,0.009090909090909038
DRIAMS-D,Staphylococcus lugdunensis,Tigecycline,109,0.0,0.0,110,0.009090909090909038
DRIAMS-D,Staphylococcus lugdunensis,Vancomycin,109,0.0,0.0,110,0.009090909090909038
DRIAMS-D,Staphylococcus aureus,Clindamycin,108,40.0,0.37037037037037035,2174,0.9503219871205152
DRIAMS-D,Staphylococcus lugdunensis,Erythromycin,108,5.0,0.046296296296296294,110,0.018181818181818188
DRIAMS-D,Staphylococcus epidermidis,Clindamycin,104,69.0,0.6634615384615384,374,0.7219251336898396
DRIAMS-D,Proteus mirabilis,Amikacin,100,0.0,0.0,623,0.8394863563402889
DRIAMS-D,Proteus mirabilis,Meropenem,99,0.0,0.0,623,0.841091492776886
DRIAMS-D,Enterococcus faecalis,Tigecycline,85,0.0,0.0,86,0.011627906976744207
DRIAMS-D,Serratia marcescens,Amikacin,85,2.0,0.023529411764705882,168,0.49404761904761907
DRIAMS-D,Enterococcus faecalis,Ampicillin-Sulbactam,84,0.0,0.0,86,0.023255813953488413
DRIAMS-D,Enterococcus faecalis,Teicoplanin,84,1.0,0.011904761904761904,86,0.023255813953488413
DRIAMS-D,Serratia marcescens,Meropenem,84,0.0,0.0,168,0.5
DRIAMS-D,Enterococcus faecalis,Ampicillin,83,1.0,0.012048192771084338,86,0.03488372093023251
DRIAMS-D,Enterococcus faecalis,Imipenem,83,1.0,0.012048192771084338,86,0.03488372093023251
DRIAMS-D,Enterococcus faecalis,Linezolid,83,0.0,0.0,86,0.03488372093023251
DRIAMS-D,Enterococcus faecalis,Vancomycin,83,0.0,0.0,86,0.03488372093023251
DRIAMS-D,Staphylococcus haemolyticus,Ciprofloxacin,82,24.0,0.2926829268292683,82,0.0
DRIAMS-D,Staphylococcus haemolyticus,Fosfomycin,82,75.0,0.9146341463414634,82,0.0
DRIAMS-D,Staphylococcus haemolyticus,Gentamicin,82,11.0,0.13414634146341464,82,0.0
DRIAMS-D,Staphylococcus haemolyticus,Linezolid,82,0.0,0.0,82,0.0
DRIAMS-D,Staphylococcus haemolyticus,Rifampicin,82,1.0,0.012195121951219513,82,0.0
DRIAMS-D,Staphylococcus haemolyticus,Tetracycline,82,18.0,0.21951219512195122,82,0.0
DRIAMS-D,Staphylococcus haemolyticus,Vancomycin,82,0.0,0.0,82,0.0
DRIAMS-D,Staphylococcus saprophyticus,Penicillin,78,78.0,1.0,200,0.61
DRIAMS-D,Staphylococcus lugdunensis,Penicillin,75,33.0,0.44,110,0.31818181818181823
DRIAMS-D,Staphylococcus haemolyticus,Erythromycin,73,52.0,0.7123287671232876,82,0.1097560975609756
DRIAMS-D,Staphylococcus haemolyticus,Penicillin,73,31.0,0.4246575342465753,82,0.1097560975609756
DRIAMS-D,Staphylococcus aureus,Cotrimoxazole,71,71.0,1.0,2174,0.9673413063477461
DRIAMS-D,Staphylococcus haemolyticus,Tigecycline,70,1.0,0.014285714285714285,82,0.14634146341463417
DRIAMS-D,Staphylococcus lugdunensis,Clindamycin,69,3.0,0.043478260869565216,110,0.3727272727272727
DRIAMS-D,Enterobacter aerogenes,Amikacin,60,1.0,0.016666666666666666,239,0.7489539748953975
DRIAMS-D,Enterobacter aerogenes,Meropenem,59,0.0,0.0,239,0.7531380753138075
DRIAMS-D,Acinetobacter sp,Gentamicin,50,0.0,0.0,55,0.09090909090909094
DRIAMS-D,Citrobacter freundii,Amikacin,50,0.0,0.0,200,0.75
DRIAMS-D,Citrobacter freundii,Meropenem,50,0.0,0.0,200,0.75
DRIAMS-D,Raoultella ornithinolytica,Amoxicillin-Clavulanic acid,50,1.0,0.02,50,0.0
DRIAMS-D,Raoultella ornithinolytica,Ampicillin,50,48.0,0.96,50,0.0
DRIAMS-D,Raoultella ornithinolytica,Cefepime,50,0.0,0.0,50,0.0
DRIAMS-D,Raoultella ornithinolytica,Ceftazidime,50,0.0,0.0,50,0.0
DRIAMS-D,Raoultella ornithinolytica,Ceftriaxone,50,0.0,0.0,50,0.0
DRIAMS-D,Raoultella ornithinolytica,Ciprofloxacin,50,2.0,0.04,50,0.0
DRIAMS-D,Raoultella ornithinolytica,Ertapenem,50,0.0,0.0,50,0.0
DRIAMS-D,Raoultella ornithinolytica,Fosfomycin,50,25.0,0.5,50,0.0
DRIAMS-D,Raoultella ornithinolytica,Gentamicin,50,0.0,0.0,50,0.0
DRIAMS-D,Raoultella ornithinolytica,Piperacillin-Tazobactam,50,1.0,0.02,50,0.0
DRIAMS-D,Citrobacter koseri,Amikacin,49,0.0,0.0,349,0.8595988538681949
DRIAMS-D,Citrobacter koseri,Meropenem,49,0.0,0.0,349,0.8595988538681949
DRIAMS-D,Acinetobacter sp,Imipenem,47,1.0,0.02127659574468085,55,0.1454545454545455
DRIAMS-D,Acinetobacter sp,Amikacin,46,0.0,0.0,55,0.1636363636363637
DRIAMS-D,Acinetobacter sp,Tobramycin,45,1.0,0.022222222222222223,55,0.18181818181818177
DRIAMS-D,Morganella morganii,Amikacin,45,0.0,0.0,160,0.71875
DRIAMS-D,Acinetobacter sp,Colistin,44,4.0,0.09090909090909091,55,0.19999999999999996
DRIAMS-D,Staphylococcus epidermidis,Daptomycin,44,16.0,0.36363636363636365,374,0.8823529411764706
DRIAMS-D,Morganella morganii,Meropenem,43,0.0,0.0,160,0.73125
DRIAMS-D,Raoultella ornithinolytica,Imipenem,40,0.0,0.0,50,0.19999999999999996
DRIAMS-D,Acinetobacter sp,Meropenem,38,0.0,0.0,55,0.3090909090909091
DRIAMS-D,Staphylococcus hominis,Ciprofloxacin,35,7.0,0.2,35,0.0
DRIAMS-D,Staphylococcus hominis,Fosfomycin,35,33.0,0.9428571428571428,35,0.0
DRIAMS-D,Staphylococcus hominis,Gentamicin,35,2.0,0.05714285714285714,35,0.0
DRIAMS-D,Staphylococcus hominis,Linezolid,35,0.0,0.0,35,0.0
DRIAMS-D,Staphylococcus hominis,Rifampicin,35,0.0,0.0,35,0.0
DRIAMS-D,Staphylococcus hominis,Tetracycline,35,15.0,0.42857142857142855,35,0.0
DRIAMS-D,Staphylococcus hominis,Vancomycin,35,0.0,0.0,35,0.0
DRIAMS-D,Acinetobacter sp,Levofloxacin,32,3.0,0.09375,55,0.4181818181818182
DRIAMS-D,Enterococcus dispar,Ampicillin,32,6.0,0.1875,33,0.030303030303030276
DRIAMS-D,Enterococcus dispar,Ampicillin-Sulbactam,32,6.0,0.1875,33,0.030303030303030276
DRIAMS-D,Enterococcus dispar,Imipenem,32,7.0,0.21875,33,0.030303030303030276
DRIAMS-D,Enterococcus dispar,Linezolid,32,0.0,0.0,33,0.030303030303030276
DRIAMS-D,Enterococcus dispar,Teicoplanin,32,1.0,0.03125,33,0.030303030303030276
DRIAMS-D,Enterococcus dispar,Tigecycline,32,0.0,0.0,33,0.030303030303030276
DRIAMS-D,Enterococcus dispar,Vancomycin,32,0.0,0.0,33,0.030303030303030276
DRIAMS-D,Staphylococcus hominis,Tigecycline,32,0.0,0.0,35,0.08571428571428574
DRIAMS-D,Staphylococcus saprophyticus,Clindamycin,32,13.0,0.40625,200,0.84
DRIAMS-D,Staphylococcus capitis,Ciprofloxacin,30,2.0,0.06666666666666667,31,0.032258064516129004
DRIAMS-D,Staphylococcus capitis,Fosfomycin,30,30.0,1.0,31,0.032258064516129004
DRIAMS-D,Staphylococcus capitis,Gentamicin,30,0.0,0.0,31,0.032258064516129004
DRIAMS-D,Staphylococcus capitis,Linezolid,30,0.0,0.0,31,0.032258064516129004
DRIAMS-D,Staphylococcus capitis,Rifampicin,30,0.0,0.0,31,0.032258064516129004
DRIAMS-D,Staphylococcus capitis,Tetracycline,30,0.0,0.0,31,0.032258064516129004
DRIAMS-D,Staphylococcus capitis,Vancomycin,30,0.0,0.0,31,0.032258064516129004
DRIAMS-D,Staphylococcus hominis,Penicillin,30,23.0,0.7666666666666667,35,0.1428571428571429
DRIAMS-D,Staphylococcus capitis,Tigecycline,29,0.0,0.0,31,0.06451612903225812
DRIAMS-D,Staphylococcus capitis,Penicillin,28,15.0,0.5357142857142857,31,0.09677419354838712
DRIAMS-D,Streptococcus pneumoniae,Levofloxacin,27,0.0,0.0,34,0.20588235294117652
DRIAMS-D,Streptococcus pneumoniae,Linezolid,27,0.0,0.0,34,0.20588235294117652
DRIAMS-D,Streptococcus pneumoniae,Moxifloxacin,27,0.0,0.0,34,0.20588235294117652
DRIAMS-D,Streptococcus pneumoniae,Telithromycin,27,0.0,0.0,34,0.20588235294117652
DRIAMS-D,Streptococcus pneumoniae,Vancomycin,27,0.0,0.0,34,0.20588235294117652
DRIAMS-D,Klebsiella oxytoca,Amoxicillin-Clavulanic acid,26,2.0,0.07692307692307693,26,0.0
DRIAMS-D,Klebsiella oxytoca,Ampicillin,26,24.0,0.9230769230769231,26,0.0
DRIAMS-D,Klebsiella oxytoca,Cefepime,26,0.0,0.0,26,0.0
DRIAMS-D,Klebsiella oxytoca,Ceftazidime,26,1.0,0.038461538461538464,26,0.0
DRIAMS-D,Klebsiella oxytoca,Ceftriaxone,26,1.0,0.038461538461538464,26,0.0
DRIAMS-D,Klebsiella oxytoca,Ertapenem,26,0.0,0.0,26,0.0
DRIAMS-D,Klebsiella oxytoca,Fosfomycin,26,8.0,0.3076923076923077,26,0.0
DRIAMS-D,Klebsiella oxytoca,Gentamicin,26,0.0,0.0,26,0.0
DRIAMS-D,Klebsiella oxytoca,Piperacillin-Tazobactam,26,1.0,0.038461538461538464,26,0.0
DRIAMS-D,Streptococcus pneumoniae,Chloramphenicol,26,1.0,0.038461538461538464,34,0.23529411764705888
DRIAMS-D,Streptococcus pneumoniae,Erythromycin,26,4.0,0.15384615384615385,34,0.23529411764705888
DRIAMS-D,Streptococcus pneumoniae,Tetracycline,26,2.0,0.07692307692307693,34,0.23529411764705888
DRIAMS-D,Morganella morganii,Cotrimoxazole,25,25.0,1.0,160,0.84375
DRIAMS-D,Proteus vulgaris,Amikacin,25,0.0,0.0,117,0.7863247863247863
DRIAMS-D,Staphylococcus hominis,Erythromycin,25,15.0,0.6,35,0.2857142857142857
DRIAMS-D,Streptococcus pneumoniae,Cefotaxime,25,1.0,0.04,34,0.2647058823529411
DRIAMS-D,Streptococcus pneumoniae,Imipenem,25,0.0,0.0,34,0.2647058823529411
DRIAMS-D,Klebsiella oxytoca,Ciprofloxacin,24,0.0,0.0,26,0.07692307692307687
DRIAMS-D,Klebsiella oxytoca,Imipenem,24,0.0,0.0,26,0.07692307692307687
DRIAMS-D,Streptococcus pneumoniae,Ceftriaxone,24,0.0,0.0,34,0.2941176470588235
DRIAMS-D,Proteus vulgaris,Meropenem,23,0.0,0.0,117,0.8034188034188035
DRIAMS-D,Providencia rettgeri,Amoxicillin-Clavulanic acid,21,10.0,0.47619047619047616,21,0.0
DRIAMS-D,Providencia rettgeri,Ampicillin,21,7.0,0.3333333333333333,21,0.0
DRIAMS-D,Providencia rettgeri,Cefepime,21,1.0,0.047619047619047616,21,0.0
DRIAMS-D,Providencia rettgeri,Ceftazidime,21,1.0,0.047619047619047616,21,0.0
DRIAMS-D,Providencia rettgeri,Ceftriaxone,21,1.0,0.047619047619047616,21,0.0
DRIAMS-D,Providencia rettgeri,Ciprofloxacin,21,6.0,0.2857142857142857,21,0.0
DRIAMS-D,Providencia rettgeri,Ertapenem,21,1.0,0.047619047619047616,21,0.0
DRIAMS-D,Providencia rettgeri,Fosfomycin,21,5.0,0.23809523809523808,21,0.0
DRIAMS-D,Providencia rettgeri,Gentamicin,21,1.0,0.047619047619047616,21,0.0
DRIAMS-D,Providencia rettgeri,Piperacillin-Tazobactam,21,0.0,0.0,21,0.0
DRIAMS-D,Staphylococcus haemolyticus,Daptomycin,19,0.0,0.0,82,0.7682926829268293
DRIAMS-D,Enterobacter cloacae,Cotrimoxazole,18,18.0,1.0,426,0.9577464788732395
DRIAMS-D,Staphylococcus haemolyticus,Clindamycin,18,5.0,0.2777777777777778,82,0.7804878048780488
DRIAMS-D,Staphylococcus capitis,Erythromycin,17,5.0,0.29411764705882354,31,0.4516129032258065
DRIAMS-D,Staphylococcus saprophyticus,Daptomycin,17,2.0,0.11764705882352941,200,0.915
DRIAMS-D,Citrobacter freundii,Cotrimoxazole,16,16.0,1.0,200,0.92
DRIAMS-D,Proteus vulgaris,Cotrimoxazole,16,16.0,1.0,117,0.8632478632478633
DRIAMS-D,Providencia rettgeri,Imipenem,16,1.0,0.0625,21,0.23809523809523814
DRIAMS-D,Raoultella ornithinolytica,Amikacin,16,0.0,0.0,50,0.6799999999999999
DRIAMS-D,Raoultella ornithinolytica,Meropenem,16,0.0,0.0,50,0.6799999999999999
DRIAMS-D,Staphylococcus warneri,Ciprofloxacin,16,0.0,0.0,16,0.0
DRIAMS-D,Staphylococcus warneri,Fosfomycin,16,16.0,1.0,16,0.0
DRIAMS-D,Staphylococcus warneri,Gentamicin,16,1.0,0.0625,16,0.0
DRIAMS-D,Staphylococcus warneri,Linezolid,16,0.0,0.0,16,0.0
DRIAMS-D,Staphylococcus warneri,Rifampicin,16,0.0,0.0,16,0.0
DRIAMS-D,Staphylococcus warneri,Tetracycline,16,0.0,0.0,16,0.0
DRIAMS-D,Staphylococcus warneri,Vancomycin,16,0.0,0.0,16,0.0
DRIAMS-D,Acinetobacter baumannii,Gentamicin,14,3.0,0.21428571428571427,14,0.0
DRIAMS-D,Acinetobacter baumannii,Imipenem,14,1.0,0.07142857142857142,14,0.0
DRIAMS-D,Salmonella spp,Amoxicillin-Clavulanic acid,14,0.0,0.0,14,0.0
DRIAMS-D,Salmonella spp,Ampicillin,14,2.0,0.14285714285714285,14,0.0
DRIAMS-D,Salmonella spp,Ceftazidime,14,0.0,0.0,14,0.0
DRIAMS-D,Salmonella spp,Ceftriaxone,14,0.0,0.0,14,0.0
DRIAMS-D,Salmonella spp,Ertapenem,14,0.0,0.0,14,0.0
DRIAMS-D,Salmonella spp,Fosfomycin,14,0.0,0.0,14,0.0
DRIAMS-D,Salmonella spp,Gentamicin,14,0.0,0.0,14,0.0
DRIAMS-D,Salmonella spp,Imipenem,14,0.0,0.0,14,0.0
DRIAMS-D,Salmonella spp,Amikacin,13,0.0,0.0,14,0.0714285714285714
DRIAMS-D,Salmonella spp,Cefepime,13,0.0,0.0,14,0.0714285714285714
DRIAMS-D,Salmonella spp,Ciprofloxacin,13,0.0,0.0,14,0.0714285714285714
DRIAMS-D,Salmonella spp,Meropenem,13,0.0,0.0,14,0.0714285714285714
DRIAMS-D,Salmonella spp,Piperacillin-Tazobactam,13,0.0,0.0,14,0.0714285714285714
DRIAMS-D,Staphylococcus simulans,Ciprofloxacin,13,2.0,0.15384615384615385,13,0.0
DRIAMS-D,Staphylococcus simulans,Fosfomycin,13,2.0,0.15384615384615385,13,0.0
DRIAMS-D,Staphylococcus simulans,Gentamicin,13,0.0,0.0,13,0.0
DRIAMS-D,Staphylococcus simulans,Linezolid,13,0.0,0.0,13,0.0
DRIAMS-D,Staphylococcus simulans,Rifampicin,13,2.0,0.15384615384615385,13,0.0
DRIAMS-D,Staphylococcus simulans,Tetracycline,13,1.0,0.07692307692307693,13,0.0
DRIAMS-D,Staphylococcus simulans,Vancomycin,13,1.0,0.07692307692307693,13,0.0
DRIAMS-D,Staphylococcus warneri,Penicillin,13,9.0,0.6923076923076923,16,0.1875
DRIAMS-D,Staphylococcus warneri,Tigecycline,13,0.0,0.0,16,0.1875
DRIAMS-D,Acinetobacter baumannii,Amikacin,12,1.0,0.08333333333333333,14,0.1428571428571429
DRIAMS-D,Staphylococcus hominis,Daptomycin,12,1.0,0.08333333333333333,35,0.6571428571428571
DRIAMS-D,Staphylococcus simulans,Penicillin,12,6.0,0.5,13,0.07692307692307687
DRIAMS-D,Staphylococcus simulans,Tigecycline,12,0.0,0.0,13,0.07692307692307687
DRIAMS-D,Staphylococcus warneri,Erythromycin,12,5.0,0.4166666666666667,16,0.25
DRIAMS-D,Acinetobacter baumannii,Colistin,11,0.0,0.0,14,0.2142857142857143
DRIAMS-D,Acinetobacter baumannii,Tobramycin,11,1.0,0.09090909090909091,14,0.2142857142857143
DRIAMS-D,Enterobacter asburiae,Amoxicillin-Clavulanic acid,11,11.0,1.0,11,0.0
DRIAMS-D,Enterobacter asburiae,Ampicillin,11,11.0,1.0,11,0.0
DRIAMS-D,Enterobacter asburiae,Cefepime,11,0.0,0.0,11,0.0
DRIAMS-D,Enterobacter asburiae,Ceftazidime,11,2.0,0.18181818181818182,11,0.0
DRIAMS-D,Enterobacter asburiae,Ceftriaxone,11,1.0,0.09090909090909091,11,0.0
DRIAMS-D,Enterobacter asburiae,Ciprofloxacin,11,0.0,0.0,11,0.0
DRIAMS-D,Enterobacter asburiae,Ertapenem,11,0.0,0.0,11,0.0
DRIAMS-D,Enterobacter asburiae,Fosfomycin,11,10.0,0.9090909090909091,11,0.0
DRIAMS-D,Enterobacter asburiae,Gentamicin,11,0.0,0.0,11,0.0
DRIAMS-D,Enterobacter asburiae,Piperacillin-Tazobactam,11,2.0,0.18181818181818182,11,0.0
DRIAMS-D,Staphylococcus simulans,Clindamycin,11,3.0,0.2727272727272727,13,0.15384615384615385
DRIAMS-D,Acinetobacter baumannii,Levofloxacin,10,2.0,0.2,14,0.2857142857142857
DRIAMS-D,Acinetobacter baumannii,Meropenem,10,1.0,0.1,14,0.2857142857142857
DRIAMS-D,Citrobacter braakii,Amoxicillin-Clavulanic acid,10,5.0,0.5,11,0.09090909090909094
DRIAMS-D,Citrobacter braakii,Ampicillin,10,5.0,0.5,11,0.09090909090909094
DRIAMS-D,Citrobacter braakii,Cefepime,10,0.0,0.0,11,0.09090909090909094
DRIAMS-D,Citrobacter braakii,Ceftazidime,10,1.0,0.1,11,0.09090909090909094
DRIAMS-D,Citrobacter braakii,Ceftriaxone,10,1.0,0.1,11,0.09090909090909094
DRIAMS-D,Citrobacter braakii,Ciprofloxacin,10,0.0,0.0,11,0.09090909090909094
DRIAMS-D,Citrobacter braakii,Ertapenem,10,0.0,0.0,11,0.09090909090909094
DRIAMS-D,Citrobacter braakii,Fosfomycin,10,0.0,0.0,11,0.09090909090909094
DRIAMS-D,Citrobacter braakii,Gentamicin,10,0.0,0.0,11,0.09090909090909094
DRIAMS-D,Citrobacter braakii,Piperacillin-Tazobactam,10,1.0,0.1,11,0.09090909090909094
DRIAMS-D,Hafnia alvei,Amoxicillin-Clavulanic acid,10,10.0,1.0,10,0.0
DRIAMS-D,Hafnia alvei,Ampicillin,10,8.0,0.8,10,0.0
DRIAMS-D,Hafnia alvei,Cefepime,10,0.0,0.0,10,0.0
DRIAMS-D,Hafnia alvei,Ceftazidime,10,4.0,0.4,10,0.0
DRIAMS-D,Hafnia alvei,Ceftriaxone,10,1.0,0.1,10,0.0
DRIAMS-D,Hafnia alvei,Ciprofloxacin,10,0.0,0.0,10,0.0
DRIAMS-D,Hafnia alvei,Ertapenem,10,0.0,0.0,10,0.0
DRIAMS-D,Hafnia alvei,Fosfomycin,10,5.0,0.5,10,0.0
DRIAMS-D,Hafnia alvei,Gentamicin,10,0.0,0.0,10,0.0
DRIAMS-D,Pantoea agglomerans,Amoxicillin-Clavulanic acid,10,0.0,0.0,10,0.0
DRIAMS-D,Pantoea agglomerans,Ampicillin,10,4.0,0.4,10,0.0
DRIAMS-D,Pantoea agglomerans,Cefepime,10,0.0,0.0,10,0.0
DRIAMS-D,Pantoea agglomerans,Ceftazidime,10,0.0,0.0,10,0.0
DRIAMS-D,Pantoea agglomerans,Ceftriaxone,10,0.0,0.0,10,0.0
DRIAMS-D,Pantoea agglomerans,Ciprofloxacin,10,0.0,0.0,10,0.0
DRIAMS-D,Pantoea agglomerans,Ertapenem,10,0.0,0.0,10,0.0
DRIAMS-D,Pantoea agglomerans,Fosfomycin,10,10.0,1.0,10,0.0
DRIAMS-D,Pantoea agglomerans,Gentamicin,10,0.0,0.0,10,0.0
DRIAMS-D,Pantoea agglomerans,Piperacillin-Tazobactam,10,2.0,0.2,10,0.0
DRIAMS-D,Staphylococcus hominis,Cotrimoxazole,10,10.0,1.0,35,0.7142857142857143
DRIAMS-D,Hafnia alvei,Imipenem,9,0.0,0.0,10,0.09999999999999998
DRIAMS-D,Hafnia alvei,Piperacillin-Tazobactam,9,9.0,1.0,10,0.09999999999999998
DRIAMS-D,Staphylococcus hominis,Clindamycin,9,3.0,0.3333333333333333,35,0.7428571428571429
DRIAMS-D,Staphylococcus simulans,Daptomycin,9,1.0,0.1111111111111111,13,0.3076923076923077
DRIAMS-D,Citrobacter braakii,Imipenem,8,0.0,0.0,11,0.2727272727272727
DRIAMS-D,Pantoea agglomerans,Amikacin,7,0.0,0.0,10,0.30000000000000004
DRIAMS-D,Pantoea agglomerans,Imipenem,7,0.0,0.0,10,0.30000000000000004
DRIAMS-D,Pantoea agglomerans,Meropenem,7,0.0,0.0,10,0.30000000000000004
DRIAMS-D,Staphylococcus haemolyticus,Cotrimoxazole,7,7.0,1.0,82,0.9146341463414634
DRIAMS-D,Staphylococcus lugdunensis,Daptomycin,7,0.0,0.0,110,0.9363636363636364
DRIAMS-D,Enterobacter asburiae,Imipenem,6,0.0,0.0,11,0.4545454545454546
DRIAMS-D,Staphylococcus capitis,Daptomycin,6,2.0,0.3333333333333333,31,0.8064516129032258
DRIAMS-D,Staphylococcus simulans,Erythromycin,6,4.0,0.6666666666666666,13,0.5384615384615384
DRIAMS-D,Pseudomonas sp,Amikacin,5,0.0,0.0,8,0.375
DRIAMS-D,Pseudomonas sp,Cefepime,5,0.0,0.0,8,0.375
DRIAMS-D,Pseudomonas sp,Ceftazidime,5,1.0,0.2,8,0.375
DRIAMS-D,Pseudomonas sp,Ciprofloxacin,5,2.0,0.4,8,0.375
DRIAMS-D,Pseudomonas sp,Gentamicin,5,1.0,0.2,8,0.375
DRIAMS-D,Pseudomonas sp,Imipenem,5,0.0,0.0,8,0.375
DRIAMS-D,Pseudomonas sp,Piperacillin-Tazobactam,5,2.0,0.4,8,0.375
DRIAMS-D,Staphylococcus warneri,Daptomycin,5,3.0,0.6,16,0.6875
DRIAMS-D,Acinetobacter baumannii,Ciprofloxacin,4,4.0,1.0,14,0.7142857142857143
DRIAMS-D,Acinetobacter johnsonii,Gentamicin,4,1.0,0.25,5,0.19999999999999996
DRIAMS-D,Citrobacter amalonaticus,Amoxicillin-Clavulanic acid,4,2.0,0.5,4,0.0
DRIAMS-D,Citrobacter amalonaticus,Ampicillin,4,4.0,1.0,4,0.0
DRIAMS-D,Citrobacter amalonaticus,Cefepime,4,0.0,0.0,4,0.0
DRIAMS-D,Citrobacter amalonaticus,Ceftazidime,4,0.0,0.0,4,0.0
DRIAMS-D,Citrobacter amalonaticus,Ceftriaxone,4,0.0,0.0,4,0.0
DRIAMS-D,Citrobacter amalonaticus,Ciprofloxacin,4,0.0,0.0,4,0.0
DRIAMS-D,Citrobacter amalonaticus,Ertapenem,4,0.0,0.0,4,0.0
DRIAMS-D,Citrobacter amalonaticus,Fosfomycin,4,0.0,0.0,4,0.0
DRIAMS-D,Citrobacter amalonaticus,Gentamicin,4,0.0,0.0,4,0.0
DRIAMS-D,Citrobacter amalonaticus,Imipenem,4,0.0,0.0,4,0.0
DRIAMS-D,Citrobacter amalonaticus,Piperacillin-Tazobactam,4,0.0,0.0,4,0.0
DRIAMS-D,Citrobacter koseri,Cotrimoxazole,4,4.0,1.0,349,0.9885386819484241
DRIAMS-D,Enterobacter asburiae,Amikacin,4,0.0,0.0,11,0.6363636363636364
DRIAMS-D,Enterobacter asburiae,Meropenem,4,0.0,0.0,11,0.6363636363636364
DRIAMS-D,Hafnia alvei,Amikacin,4,0.0,0.0,10,0.6
DRIAMS-D,Hafnia alvei,Meropenem,4,0.0,0.0,10,0.6
DRIAMS-D,Pseudomonas sp,Colistin,4,1.0,0.25,8,0.5
DRIAMS-D,Pseudomonas sp,Levofloxacin,4,2.0,0.5,8,0.5
DRIAMS-D,Pseudomonas sp,Meropenem,4,1.0,0.25,8,0.5
DRIAMS-D,Pseudomonas sp,Piperacillin,4,0.0,0.0,8,0.5
DRIAMS-D,Pseudomonas sp,Ticarcillin,4,3.0,0.75,8,0.5
DRIAMS-D,Pseudomonas sp,Ticarcillin-Clavulan acid,4,2.0,0.5,8,0.5
DRIAMS-D,Pseudomonas sp,Tobramycin,4,2.0,0.5,8,0.5
DRIAMS-D,Serratia liquefaciens,Amoxicillin-Clavulanic acid,4,0.0,0.0,4,0.0
DRIAMS-D,Serratia liquefaciens,Ampicillin,4,2.0,0.5,4,0.0
DRIAMS-D,Serratia liquefaciens,Cefepime,4,0.0,0.0,4,0.0
DRIAMS-D,Serratia liquefaciens,Ceftazidime,4,0.0,0.0,4,0.0
DRIAMS-D,Serratia liquefaciens,Ceftriaxone,4,0.0,0.0,4,0.0
DRIAMS-D,Serratia liquefaciens,Ciprofloxacin,4,0.0,0.0,4,0.0
DRIAMS-D,Serratia liquefaciens,Ertapenem,4,0.0,0.0,4,0.0
DRIAMS-D,Serratia liquefaciens,Fosfomycin,4,0.0,0.0,4,0.0
DRIAMS-D,Serratia liquefaciens,Gentamicin,4,0.0,0.0,4,0.0
DRIAMS-D,Serratia liquefaciens,Piperacillin-Tazobactam,4,0.0,0.0,4,0.0
DRIAMS-D,Streptococcus pneumoniae,Cotrimoxazole,4,4.0,1.0,34,0.8823529411764706
DRIAMS-D,Acinetobacter johnsonii,Amikacin,3,0.0,0.0,5,0.4
DRIAMS-D,Acinetobacter johnsonii,Colistin,3,0.0,0.0,5,0.4
DRIAMS-D,Acinetobacter johnsonii,Imipenem,3,0.0,0.0,5,0.4
DRIAMS-D,Acinetobacter johnsonii,Tobramycin,3,0.0,0.0,5,0.4
DRIAMS-D,Acinetobacter pittii,Amikacin,3,0.0,0.0,3,0.0
DRIAMS-D,Acinetobacter pittii,Gentamicin,3,0.0,0.0,3,0.0
DRIAMS-D,Acinetobacter pittii,Imipenem,3,0.0,0.0,3,0.0
DRIAMS-D,Acinetobacter sp,Ciprofloxacin,3,3.0,1.0,55,0.9454545454545454
DRIAMS-D,Citrobacter farmeri,Amoxicillin-Clavulanic acid,3,1.0,0.3333333333333333,3,0.0
DRIAMS-D,Citrobacter farmeri,Ampicillin,3,2.0,0.6666666666666666,3,0.0
DRIAMS-D,Citrobacter farmeri,Cefepime,3,0.0,0.0,3,0.0
DRIAMS-D,Citrobacter farmeri,Ceftazidime,3,0.0,0.0,3,0.0
DRIAMS-D,Citrobacter farmeri,Ceftriaxone,3,1.0,0.3333333333333333,3,0.0
DRIAMS-D,Citrobacter farmeri,Ciprofloxacin,3,0.0,0.0,3,0.0
DRIAMS-D,Citrobacter farmeri,Ertapenem,3,0.0,0.0,3,0.0
DRIAMS-D,Citrobacter farmeri,Fosfomycin,3,0.0,0.0,3,0.0
DRIAMS-D,Citrobacter farmeri,Gentamicin,3,0.0,0.0,3,0.0
DRIAMS-D,Citrobacter farmeri,Imipenem,3,0.0,0.0,3,0.0
DRIAMS-D,Citrobacter farmeri,Piperacillin-Tazobactam,3,0.0,0.0,3,0.0
DRIAMS-D,Enterobacter aerogenes,Cotrimoxazole,3,3.0,1.0,239,0.9874476987447699
DRIAMS-D,Klebsiella oxytoca,Amikacin,3,0.0,0.0,26,0.8846153846153846
DRIAMS-D,Klebsiella oxytoca,Meropenem,3,0.0,0.0,26,0.8846153846153846
DRIAMS-D,Providencia rettgeri,Cotrimoxazole,3,3.0,1.0,21,0.8571428571428572
DRIAMS-D,Pseudomonas sp,Aztreonam,3,2.0,0.6666666666666666,8,0.625
DRIAMS-D,Raoultella ornithinolytica,Cotrimoxazole,3,3.0,1.0,50,0.94
DRIAMS-D,Staphylococcus saprophyticus,Cotrimoxazole,3,3.0,1.0,200,0.985
DRIAMS-D,Acinetobacter baumannii,Cotrimoxazole,2,2.0,1.0,14,0.8571428571428572
DRIAMS-D,Acinetobacter johnsonii,Levofloxacin,2,0.0,0.0,5,0.6
DRIAMS-D,Acinetobacter johnsonii,Meropenem,2,0.0,0.0,5,0.6
DRIAMS-D,Acinetobacter lwoffii,Gentamicin,2,0.0,0.0,4,0.5
DRIAMS-D,Acinetobacter pittii,Ciprofloxacin,2,2.0,1.0,3,0.33333333333333337
DRIAMS-D,Acinetobacter pittii,Colistin,2,0.0,0.0,3,0.33333333333333337
DRIAMS-D,Acinetobacter pittii,Meropenem,2,0.0,0.0,3,0.33333333333333337
DRIAMS-D,Acinetobacter pittii,Tobramycin,2,0.0,0.0,3,0.33333333333333337
DRIAMS-D,Kluyvera ascorbata,Amoxicillin-Clavulanic acid,2,0.0,0.0,2,0.0
DRIAMS-D,Kluyvera ascorbata,Ampicillin,2,2.0,1.0,2,0.0
DRIAMS-D,Kluyvera ascorbata,Cefepime,2,0.0,0.0,2,0.0
DRIAMS-D,Kluyvera ascorbata,Ceftazidime,2,0.0,0.0,2,0.0
DRIAMS-D,Kluyvera ascorbata,Ceftriaxone,2,0.0,0.0,2,0.0
DRIAMS-D,Kluyvera ascorbata,Ciprofloxacin,2,0.0,0.0,2,0.0
DRIAMS-D,Kluyvera ascorbata,Ertapenem,2,0.0,0.0,2,0.0
DRIAMS-D,Kluyvera ascorbata,Fosfomycin,2,0.0,0.0,2,0.0
DRIAMS-D,Kluyvera ascorbata,Gentamicin,2,0.0,0.0,2,0.0
DRIAMS-D,Kluyvera ascorbata,Imipenem,2,0.0,0.0,2,0.0
DRIAMS-D,Kluyvera ascorbata,Piperacillin-Tazobactam,2,0.0,0.0,2,0.0
DRIAMS-D,Providencia rettgeri,Amikacin,2,0.0,0.0,21,0.9047619047619048
DRIAMS-D,Providencia rettgeri,Meropenem,2,0.0,0.0,21,0.9047619047619048
DRIAMS-D,Providencia stuartii,Amoxicillin-Clavulanic acid,2,2.0,1.0,2,0.0
DRIAMS-D,Providencia stuartii,Ampicillin,2,2.0,1.0,2,0.0
DRIAMS-D,Providencia stuartii,Cefepime,2,0.0,0.0,2,0.0
DRIAMS-D,Providencia stuartii,Ceftazidime,2,0.0,0.0,2,0.0
DRIAMS-D,Providencia stuartii,Ceftriaxone,2,0.0,0.0,2,0.0
DRIAMS-D,Providencia stuartii,Ciprofloxacin,2,0.0,0.0,2,0.0
DRIAMS-D,Providencia stuartii,Ertapenem,2,0.0,0.0,2,0.0
DRIAMS-D,Providencia stuartii,Fosfomycin,2,1.0,0.5,2,0.0
DRIAMS-D,Providencia stuartii,Gentamicin,2,1.0,0.5,2,0.0
DRIAMS-D,Providencia stuartii,Imipenem,2,0.0,0.0,2,0.0
DRIAMS-D,Providencia stuartii,Piperacillin-Tazobactam,2,0.0,0.0,2,0.0
DRIAMS-D,Serratia liquefaciens,Amikacin,2,0.0,0.0,4,0.5
DRIAMS-D,Serratia liquefaciens,Meropenem,2,0.0,0.0,4,0.5
DRIAMS-D,Serratia marcescens,Cotrimoxazole,2,2.0,1.0,168,0.9880952380952381
DRIAMS-D,Staphylococcus capitis,Clindamycin,2,0.0,0.0,31,0.935483870967742
DRIAMS-D,Acinetobacter calcoaceticus,Gentamicin,1,0.0,0.0,1,0.0
DRIAMS-D,Acinetobacter calcoaceticus,Imipenem,1,0.0,0.0,1,0.0
DRIAMS-D,Acinetobacter johnsonii,Ciprofloxacin,1,1.0,1.0,5,0.8
DRIAMS-D,Acinetobacter lwoffii,Amikacin,1,0.0,0.0,4,0.75
DRIAMS-D,Acinetobacter lwoffii,Imipenem,1,0.0,0.0,4,0.75
DRIAMS-D,Acinetobacter lwoffii,Tobramycin,1,0.0,0.0,4,0.75
DRIAMS-D,Citrobacter amalonaticus,Amikacin,1,0.0,0.0,4,0.75
DRIAMS-D,Citrobacter amalonaticus,Meropenem,1,0.0,0.0,4,0.75
DRIAMS-D,Escherichia coli,Aztreonam,1,0.0,0.0,2013,0.9995032290114257
DRIAMS-D,Escherichia coli,Colistin,1,0.0,0.0,2013,0.9995032290114257
DRIAMS-D,Escherichia coli,Levofloxacin,1,0.0,0.0,2013,0.9995032290114257
DRIAMS-D,Escherichia coli,Piperacillin,1,0.0,0.0,2013,0.9995032290114257
DRIAMS-D,Escherichia coli,Ticarcillin,1,0.0,0.0,2013,0.9995032290114257
DRIAMS-D,Escherichia coli,Ticarcillin-Clavulan acid,1,0.0,0.0,2013,0.9995032290114257
DRIAMS-D,Escherichia coli,Tobramycin,1,0.0,0.0,2013,0.9995032290114257
DRIAMS-D,Klebsiella oxytoca,Cotrimoxazole,1,1.0,1.0,26,0.9615384615384616
DRIAMS-D,Leclercia adecarboxylata,Amikacin,1,0.0,0.0,1,0.0
DRIAMS-D,Leclercia adecarboxylata,Amoxicillin-Clavulanic acid,1,0.0,0.0,1,0.0
DRIAMS-D,Leclercia adecarboxylata,Ampicillin,1,0.0,0.0,1,0.0
DRIAMS-D,Leclercia adecarboxylata,Cefepime,1,0.0,0.0,1,0.0
DRIAMS-D,Leclercia adecarboxylata,Ceftazidime,1,0.0,0.0,1,0.0
DRIAMS-D,Leclercia adecarboxylata,Ceftriaxone,1,0.0,0.0,1,0.0
DRIAMS-D,Leclercia adecarboxylata,Ciprofloxacin,1,0.0,0.0,1,0.0
DRIAMS-D,Leclercia adecarboxylata,Ertapenem,1,0.0,0.0,1,0.0
DRIAMS-D,Leclercia adecarboxylata,Fosfomycin,1,1.0,1.0,1,0.0
DRIAMS-D,Leclercia adecarboxylata,Gentamicin,1,0.0,0.0,1,0.0
DRIAMS-D,Leclercia adecarboxylata,Imipenem,1,0.0,0.0,1,0.0
DRIAMS-D,Leclercia adecarboxylata,Meropenem,1,0.0,0.0,1,0.0
DRIAMS-D,Pantoea dispersa,Amikacin,1,0.0,0.0,1,0.0
DRIAMS-D,Pantoea dispersa,Amoxicillin-Clavulanic acid,1,0.0,0.0,1,0.0
DRIAMS-D,Pantoea dispersa,Ampicillin,1,1.0,1.0,1,0.0
DRIAMS-D,Pantoea dispersa,Cefepime,1,0.0,0.0,1,0.0
DRIAMS-D,Pantoea dispersa,Ceftazidime,1,0.0,0.0,1,0.0
DRIAMS-D,Pantoea dispersa,Ceftriaxone,1,0.0,0.0,1,0.0
DRIAMS-D,Pantoea dispersa,Ciprofloxacin,1,0.0,0.0,1,0.0
DRIAMS-D,Pantoea dispersa,Ertapenem,1,0.0,0.0,1,0.0
DRIAMS-D,Pantoea dispersa,Fosfomycin,1,1.0,1.0,1,0.0
DRIAMS-D,Pantoea dispersa,Gentamicin,1,0.0,0.0,1,0.0
DRIAMS-D,Pantoea dispersa,Imipenem,1,0.0,0.0,1,0.0
DRIAMS-D,Pantoea dispersa,Meropenem,1,0.0,0.0,1,0.0
DRIAMS-D,Pantoea dispersa,Piperacillin-Tazobactam,1,0.0,0.0,1,0.0
DRIAMS-D,Providencia alcalifaciens,Amoxicillin-Clavulanic acid,1,0.0,0.0,1,0.0
DRIAMS-D,Providencia alcalifaciens,Ampicillin,1,1.0,1.0,1,0.0
DRIAMS-D,Providencia alcalifaciens,Cefepime,1,0.0,0.0,1,0.0
DRIAMS-D,Providencia alcalifaciens,Ceftazidime,1,0.0,0.0,1,0.0
DRIAMS-D,Providencia alcalifaciens,Ceftriaxone,1,0.0,0.0,1,0.0
DRIAMS-D,Providencia alcalifaciens,Ciprofloxacin,1,0.0,0.0,1,0.0
DRIAMS-D,Providencia alcalifaciens,Ertapenem,1,0.0,0.0,1,0.0
DRIAMS-D,Providencia alcalifaciens,Fosfomycin,1,1.0,1.0,1,0.0
DRIAMS-D,Providencia alcalifaciens,Gentamicin,1,0.0,0.0,1,0.0
DRIAMS-D,Providencia alcalifaciens,Imipenem,1,0.0,0.0,1,0.0
DRIAMS-D,Providencia alcalifaciens,Piperacillin-Tazobactam,1,0.0,0.0,1,0.0
DRIAMS-D,Pseudomonas alcaligenes,Cefepime,1,0.0,0.0,1,0.0
DRIAMS-D,Pseudomonas oryzihabitans,Amikacin,1,0.0,0.0,1,0.0
DRIAMS-D,Pseudomonas oryzihabitans,Cefepime,1,0.0,0.0,1,0.0
DRIAMS-D,Pseudomonas oryzihabitans,Ceftazidime,1,0.0,0.0,1,0.0
DRIAMS-D,Pseudomonas oryzihabitans,Ciprofloxacin,1,0.0,0.0,1,0.0
DRIAMS-D,Pseudomonas oryzihabitans,Gentamicin,1,0.0,0.0,1,0.0
DRIAMS-D,Pseudomonas oryzihabitans,Imipenem,1,0.0,0.0,1,0.0
DRIAMS-D,Pseudomonas oryzihabitans,Meropenem,1,0.0,0.0,1,0.0
DRIAMS-D,Pseudomonas oryzihabitans,Piperacillin-Tazobactam,1,0.0,0.0,1,0.0
DRIAMS-D,Pseudomonas stutzeri,Amikacin,1,0.0,0.0,2,0.5
DRIAMS-D,Pseudomonas stutzeri,Cefepime,1,0.0,0.0,2,0.5
DRIAMS-D,Pseudomonas stutzeri,Ceftazidime,1,0.0,0.0,2,0.5
DRIAMS-D,Pseudomonas stutzeri,Colistin,1,0.0,0.0,2,0.5
DRIAMS-D,Pseudomonas stutzeri,Gentamicin,1,0.0,0.0,2,0.5
DRIAMS-D,Pseudomonas stutzeri,Levofloxacin,1,0.0,0.0,2,0.5
DRIAMS-D,Pseudomonas stutzeri,Piperacillin-Tazobactam,1,0.0,0.0,2,0.5
DRIAMS-D,Pseudomonas stutzeri,Tobramycin,1,0.0,0.0,2,0.5
DRIAMS-D,Salmonella spp,Cotrimoxazole,1,1.0,1.0,14,0.9285714285714286
DRIAMS-D,Serratia liquefaciens,Imipenem,1,0.0,0.0,4,0.75
DRIAMS-D,Serratia odorifera,Amikacin,1,0.0,0.0,1,0.0
DRIAMS-D,Serratia odorifera,Amoxicillin-Clavulanic acid,1,0.0,0.0,1,0.0
DRIAMS-D,Serratia odorifera,Ampicillin,1,0.0,0.0,1,0.0
DRIAMS-D,Serratia odorifera,Cefepime,1,0.0,0.0,1,0.0
DRIAMS-D,Serratia odorifera,Ceftazidime,1,0.0,0.0,1,0.0
DRIAMS-D,Serratia odorifera,Ceftriaxone,1,0.0,0.0,1,0.0
DRIAMS-D,Serratia odorifera,Ciprofloxacin,1,0.0,0.0,1,0.0
DRIAMS-D,Serratia odorifera,Ertapenem,1,0.0,0.0,1,0.0
DRIAMS-D,Serratia odorifera,Fosfomycin,1,0.0,0.0,1,0.0
DRIAMS-D,Serratia odorifera,Gentamicin,1,0.0,0.0,1,0.0
DRIAMS-D,Serratia odorifera,Imipenem,1,0.0,0.0,1,0.0
DRIAMS-D,Serratia odorifera,Meropenem,1,0.0,0.0,1,0.0
DRIAMS-D,Serratia odorifera,Piperacillin-Tazobactam,1,0.0,0.0,1,0.0
DRIAMS-D,Staphylococcus warneri,Clindamycin,1,0.0,0.0,16,0.9375
DRIAMS-D,Yersinia enterocolitica,Amikacin,1,0.0,0.0,1,0.0
DRIAMS-D,Yersinia enterocolitica,Amoxicillin-Clavulanic acid,1,0.0,0.0,1,0.0
DRIAMS-D,Yersinia enterocolitica,Ampicillin,1,1.0,1.0,1,0.0
DRIAMS-D,Yersinia enterocolitica,Cefepime,1,0.0,0.0,1,0.0
DRIAMS-D,Yersinia enterocolitica,Ceftazidime,1,0.0,0.0,1,0.0
DRIAMS-D,Yersinia enterocolitica,Ceftriaxone,1,0.0,0.0,1,0.0
DRIAMS-D,Yersinia enterocolitica,Ciprofloxacin,1,0.0,0.0,1,0.0
DRIAMS-D,Yersinia enterocolitica,Ertapenem,1,0.0,0.0,1,0.0
DRIAMS-D,Yersinia enterocolitica,Fosfomycin,1,0.0,0.0,1,0.0
DRIAMS-D,Yersinia enterocolitica,Gentamicin,1,0.0,0.0,1,0.0
DRIAMS-D,Yersinia enterocolitica,Imipenem,1,0.0,0.0,1,0.0
DRIAMS-D,Yersinia enterocolitica,Meropenem,1,0.0,0.0,1,0.0
DRIAMS-D,Yersinia enterocolitica,Piperacillin-Tazobactam,1,0.0,0.0,1,0.0
